competition_id,selling_season,selling_period,competitor_id,price_competitor,price,demand,competitor_has_capacity,calculation_duration,errors
38BbM6,1,1,CarrotHyrax,67.8,55.0,1,True,0.033,
38BbM6,1,2,CarrotHyrax,67.8,63.2,0,True,0.076,
38BbM6,1,3,CarrotHyrax,67.8,61.1,0,True,0.001,
38BbM6,1,4,CarrotHyrax,67.8,56.6,1,True,0.002,
38BbM6,1,5,CarrotHyrax,67.8,56.2,1,True,0.001,
38BbM6,1,6,CarrotHyrax,67.8,57.5,0,True,0.001,
38BbM6,1,7,CarrotHyrax,67.8,57.5,0,True,0.001,
38BbM6,1,8,CarrotHyrax,67.8,55.8,0,True,0.001,
38BbM6,1,9,CarrotHyrax,67.8,52.9,0,True,0.001,
38BbM6,1,10,CarrotHyrax,67.8,49.3,0,True,0.001,
38BbM6,1,11,CarrotHyrax,30.9,45.5,0,True,0.001,
38BbM6,1,12,CarrotHyrax,30.9,41.5,0,True,0.003,
38BbM6,1,13,CarrotHyrax,30.9,37.2,0,True,0.001,
38BbM6,1,14,CarrotHyrax,30.9,33.1,0,True,0.001,
38BbM6,1,15,CarrotHyrax,30.9,29.2,0,True,0.001,
38BbM6,1,16,CarrotHyrax,30.9,25.5,0,True,0.001,
38BbM6,1,17,CarrotHyrax,30.9,22.1,0,True,0.002,
38BbM6,1,18,CarrotHyrax,30.9,19.1,0,True,0.001,
38BbM6,1,19,CarrotHyrax,30.9,16.5,0,True,0.003,
38BbM6,1,20,CarrotHyrax,30.9,14.2,0,True,0.001,
38BbM6,1,21,CarrotHyrax,54.0,12.2,0,True,0.001,
38BbM6,1,22,CarrotHyrax,54.0,10.4,0,True,0.001,
38BbM6,1,23,CarrotHyrax,54.0,8.8,0,True,0.002,
38BbM6,1,24,CarrotHyrax,54.0,7.5,1,True,0.001,
38BbM6,1,25,CarrotHyrax,54.0,6.5,0,True,0.001,
38BbM6,1,26,CarrotHyrax,54.0,5.6,0,True,0.002,
38BbM6,1,27,CarrotHyrax,54.0,5.0,1,True,0.001,
38BbM6,1,28,CarrotHyrax,54.0,5.0,0,True,0.001,
38BbM6,1,29,CarrotHyrax,54.0,5.0,3,True,0.001,
38BbM6,1,30,CarrotHyrax,54.0,5.0,1,True,0.001,
38BbM6,1,31,CarrotHyrax,48.6,5.0,1,True,0.001,
38BbM6,1,32,CarrotHyrax,48.6,5.0,0,True,0.001,
38BbM6,1,33,CarrotHyrax,48.6,5.0,0,True,0.001,
38BbM6,1,34,CarrotHyrax,48.6,5.0,1,True,0.001,
38BbM6,1,35,CarrotHyrax,48.6,5.0,0,True,0.001,
38BbM6,1,36,CarrotHyrax,48.6,5.0,0,True,0.001,
38BbM6,1,37,CarrotHyrax,48.6,5.0,2,True,0.001,
38BbM6,1,38,CarrotHyrax,48.6,5.0,0,True,0.001,
38BbM6,1,39,CarrotHyrax,48.6,5.0,0,True,0.001,
38BbM6,1,40,CarrotHyrax,48.6,5.0,2,True,0.001,
38BbM6,1,41,CarrotHyrax,70.9,5.0,0,True,0.001,
38BbM6,1,42,CarrotHyrax,70.9,5.0,1,True,0.002,
38BbM6,1,43,CarrotHyrax,70.9,5.0,1,True,0.001,
38BbM6,1,44,CarrotHyrax,70.9,5.0,0,True,0.002,
38BbM6,1,45,CarrotHyrax,70.9,5.0,0,True,0.001,
38BbM6,1,46,CarrotHyrax,70.9,5.0,0,True,0.001,
38BbM6,1,47,CarrotHyrax,70.9,5.0,0,True,0.001,
38BbM6,1,48,CarrotHyrax,70.9,5.0,0,True,0.002,
38BbM6,1,49,CarrotHyrax,70.9,5.0,0,True,0.001,
38BbM6,1,50,CarrotHyrax,70.9,5.0,0,True,0.004,
38BbM6,1,51,CarrotHyrax,43.8,5.0,0,True,0.001,
38BbM6,1,52,CarrotHyrax,43.8,5.0,0,True,0.002,
38BbM6,1,53,CarrotHyrax,43.8,5.0,1,True,0.001,
38BbM6,1,54,CarrotHyrax,43.8,5.0,2,True,0.001,
38BbM6,1,55,CarrotHyrax,43.8,5.0,1,True,0.001,
38BbM6,1,56,CarrotHyrax,43.8,5.0,1,True,0.001,
38BbM6,1,57,CarrotHyrax,43.8,5.0,1,True,0.001,
38BbM6,1,58,CarrotHyrax,43.8,5.0,0,True,0.001,
38BbM6,1,59,CarrotHyrax,43.8,5.0,2,True,0.001,
38BbM6,1,60,CarrotHyrax,43.8,5.0,0,True,0.001,
38BbM6,1,61,CarrotHyrax,76.6,5.0,2,True,0.001,
38BbM6,1,62,CarrotHyrax,76.6,5.0,0,True,0.001,
38BbM6,1,63,CarrotHyrax,76.6,5.0,0,True,0.001,
38BbM6,1,64,CarrotHyrax,76.6,5.0,0,True,0.001,
38BbM6,1,65,CarrotHyrax,76.6,5.0,0,True,0.001,
38BbM6,1,66,CarrotHyrax,76.6,5.0,0,True,0.001,
38BbM6,1,67,CarrotHyrax,76.6,5.0,0,True,0.001,
38BbM6,1,68,CarrotHyrax,76.6,5.0,0,True,0.001,
38BbM6,1,69,CarrotHyrax,76.6,5.0,1,True,0.001,
38BbM6,1,70,CarrotHyrax,76.6,5.0,1,True,0.001,
38BbM6,1,71,CarrotHyrax,52.6,5.0,0,True,0.001,
38BbM6,1,72,CarrotHyrax,52.6,5.0,1,True,0.001,
38BbM6,1,73,CarrotHyrax,52.6,5.0,0,True,0.002,
38BbM6,1,74,CarrotHyrax,52.6,5.0,0,True,0.001,
38BbM6,1,75,CarrotHyrax,52.6,5.0,0,True,0.001,
38BbM6,1,76,CarrotHyrax,52.6,5.0,2,True,0.001,
38BbM6,1,77,CarrotHyrax,52.6,5.0,0,True,0.001,
38BbM6,1,78,CarrotHyrax,52.6,5.0,3,True,0.001,
38BbM6,1,79,CarrotHyrax,52.6,5.0,0,True,0.001,
38BbM6,1,80,CarrotHyrax,52.6,5.0,0,True,0.001,
38BbM6,1,81,CarrotHyrax,39.8,5.0,0,True,0.001,
38BbM6,1,82,CarrotHyrax,39.8,5.0,0,True,0.001,
38BbM6,1,83,CarrotHyrax,39.8,5.0,2,True,0.001,
38BbM6,1,84,CarrotHyrax,39.8,5.0,0,True,0.001,
38BbM6,1,85,CarrotHyrax,39.8,5.0,1,True,0.001,
38BbM6,1,86,CarrotHyrax,39.8,5.0,1,True,0.001,
38BbM6,1,87,CarrotHyrax,39.8,5.0,0,True,0.001,
38BbM6,1,88,CarrotHyrax,39.8,5.0,1,True,0.001,
38BbM6,1,89,CarrotHyrax,39.8,5.0,2,True,0.001,
38BbM6,1,90,CarrotHyrax,39.8,5.0,0,True,0.001,
38BbM6,1,91,CarrotHyrax,48.0,5.0,1,True,0.002,
38BbM6,1,92,CarrotHyrax,48.0,5.0,0,True,0.003,
38BbM6,1,93,CarrotHyrax,48.0,5.0,0,True,0.001,
38BbM6,1,94,CarrotHyrax,48.0,5.0,0,True,0.001,
38BbM6,1,95,CarrotHyrax,48.0,5.0,0,True,0.002,
38BbM6,1,96,CarrotHyrax,48.0,5.0,1,True,0.002,
38BbM6,1,97,CarrotHyrax,48.0,5.0,1,True,0.001,
38BbM6,1,98,CarrotHyrax,48.0,5.0,0,True,0.001,
38BbM6,1,99,CarrotHyrax,48.0,5.0,0,True,0.001,
38BbM6,1,100,CarrotHyrax,48.0,5.0,0,True,0.001,
38BbM6,2,1,CarrotHyrax,51.6,72.0,0,True,0.0,
38BbM6,2,2,CarrotHyrax,51.6,57.6,0,True,0.001,
38BbM6,2,3,CarrotHyrax,51.6,46.1,0,True,0.001,
38BbM6,2,4,CarrotHyrax,51.6,36.9,0,True,0.001,
38BbM6,2,5,CarrotHyrax,51.6,29.5,0,True,0.001,
38BbM6,2,6,CarrotHyrax,51.6,23.6,0,True,0.001,
38BbM6,2,7,CarrotHyrax,51.6,18.9,0,True,0.001,
38BbM6,2,8,CarrotHyrax,51.6,15.1,0,True,0.001,
38BbM6,2,9,CarrotHyrax,51.6,12.1,0,True,0.001,
38BbM6,2,10,CarrotHyrax,68.1,9.7,2,True,0.001,
38BbM6,2,11,CarrotHyrax,68.1,8.5,0,True,0.001,
38BbM6,2,12,CarrotHyrax,68.1,7.4,0,True,0.001,
38BbM6,2,13,CarrotHyrax,68.1,6.4,0,True,0.001,
38BbM6,2,14,CarrotHyrax,68.1,5.5,0,True,0.001,
38BbM6,2,15,CarrotHyrax,68.1,5.0,1,True,0.001,
38BbM6,2,16,CarrotHyrax,68.1,5.0,0,True,0.001,
38BbM6,2,17,CarrotHyrax,68.1,5.0,0,True,0.001,
38BbM6,2,18,CarrotHyrax,68.1,5.0,0,True,0.001,
38BbM6,2,19,CarrotHyrax,68.1,5.0,0,True,0.001,
38BbM6,2,20,CarrotHyrax,63.9,5.0,0,True,0.001,
38BbM6,2,21,CarrotHyrax,63.9,5.0,0,True,0.001,
38BbM6,2,22,CarrotHyrax,63.9,5.0,0,True,0.001,
38BbM6,2,23,CarrotHyrax,63.9,5.0,0,True,0.001,
38BbM6,2,24,CarrotHyrax,63.9,5.0,1,True,0.001,
38BbM6,2,25,CarrotHyrax,63.9,5.0,0,True,0.001,
38BbM6,2,26,CarrotHyrax,63.9,5.0,0,True,0.001,
38BbM6,2,27,CarrotHyrax,63.9,5.0,0,True,0.001,
38BbM6,2,28,CarrotHyrax,63.9,5.0,1,True,0.001,
38BbM6,2,29,CarrotHyrax,63.9,5.0,1,True,0.001,
38BbM6,2,30,CarrotHyrax,42.9,5.0,0,True,0.001,
38BbM6,2,31,CarrotHyrax,42.9,5.0,1,True,0.003,
38BbM6,2,32,CarrotHyrax,42.9,5.0,1,True,0.001,
38BbM6,2,33,CarrotHyrax,42.9,5.0,2,True,0.002,
38BbM6,2,34,CarrotHyrax,42.9,5.0,0,True,0.001,
38BbM6,2,35,CarrotHyrax,42.9,5.0,0,True,0.001,
38BbM6,2,36,CarrotHyrax,42.9,5.0,0,True,0.001,
38BbM6,2,37,CarrotHyrax,42.9,5.0,0,True,0.001,
38BbM6,2,38,CarrotHyrax,42.9,5.0,0,True,0.001,
38BbM6,2,39,CarrotHyrax,42.9,5.0,1,True,0.001,
38BbM6,2,40,CarrotHyrax,73.5,5.0,1,True,0.001,
38BbM6,2,41,CarrotHyrax,73.5,5.0,1,True,0.001,
38BbM6,2,42,CarrotHyrax,73.5,5.0,1,True,0.001,
38BbM6,2,43,CarrotHyrax,73.5,5.0,2,True,0.001,
38BbM6,2,44,CarrotHyrax,73.5,5.0,1,True,0.001,
38BbM6,2,45,CarrotHyrax,73.5,5.0,0,True,0.002,
38BbM6,2,46,CarrotHyrax,73.5,5.0,1,True,0.001,
38BbM6,2,47,CarrotHyrax,73.5,5.0,0,True,0.001,
38BbM6,2,48,CarrotHyrax,73.5,5.0,0,True,0.001,
38BbM6,2,49,CarrotHyrax,73.5,5.0,0,True,0.001,
38BbM6,2,50,CarrotHyrax,53.6,5.0,1,True,0.001,
38BbM6,2,51,CarrotHyrax,53.6,5.0,1,True,0.001,
38BbM6,2,52,CarrotHyrax,53.6,5.0,0,True,0.001,
38BbM6,2,53,CarrotHyrax,53.6,5.0,0,True,0.001,
38BbM6,2,54,CarrotHyrax,53.6,5.0,0,True,0.001,
38BbM6,2,55,CarrotHyrax,53.6,5.0,1,True,0.001,
38BbM6,2,56,CarrotHyrax,53.6,5.0,1,True,0.001,
38BbM6,2,57,CarrotHyrax,53.6,5.0,1,True,0.001,
38BbM6,2,58,CarrotHyrax,53.6,5.0,0,True,0.001,
38BbM6,2,59,CarrotHyrax,53.6,5.0,0,True,0.001,
38BbM6,2,60,CarrotHyrax,76.8,5.0,0,True,0.001,
38BbM6,2,61,CarrotHyrax,76.8,5.0,0,True,0.001,
38BbM6,2,62,CarrotHyrax,76.8,5.0,0,True,0.001,
38BbM6,2,63,CarrotHyrax,76.8,5.0,0,True,0.001,
38BbM6,2,64,CarrotHyrax,76.8,5.0,0,True,0.001,
38BbM6,2,65,CarrotHyrax,76.8,5.0,0,True,0.001,
38BbM6,2,66,CarrotHyrax,76.8,5.0,0,True,0.001,
38BbM6,2,67,CarrotHyrax,76.8,5.0,1,True,0.001,
38BbM6,2,68,CarrotHyrax,76.8,5.0,1,True,0.001,
38BbM6,2,69,CarrotHyrax,76.8,5.0,1,True,0.001,
38BbM6,2,70,CarrotHyrax,47.3,5.0,1,True,0.001,
38BbM6,2,71,CarrotHyrax,47.3,5.0,0,True,0.001,
38BbM6,2,72,CarrotHyrax,47.3,5.0,1,True,0.001,
38BbM6,2,73,CarrotHyrax,47.3,5.0,0,True,0.001,
38BbM6,2,74,CarrotHyrax,47.3,5.0,0,True,0.001,
38BbM6,2,75,CarrotHyrax,47.3,5.0,0,True,0.001,
38BbM6,2,76,CarrotHyrax,47.3,5.0,1,True,0.001,
38BbM6,2,77,CarrotHyrax,47.3,5.0,0,True,0.001,
38BbM6,2,78,CarrotHyrax,47.3,5.0,1,True,0.001,
38BbM6,2,79,CarrotHyrax,47.3,5.0,0,True,0.001,
38BbM6,2,80,CarrotHyrax,76.1,5.0,0,True,0.001,
38BbM6,2,81,CarrotHyrax,76.1,5.0,1,True,0.001,
38BbM6,2,82,CarrotHyrax,76.1,5.0,2,True,0.001,
38BbM6,2,83,CarrotHyrax,76.1,5.0,0,True,0.001,
38BbM6,2,84,CarrotHyrax,76.1,5.0,0,True,0.001,
38BbM6,2,85,CarrotHyrax,76.1,5.0,2,True,0.001,
38BbM6,2,86,CarrotHyrax,76.1,5.0,0,True,0.001,
38BbM6,2,87,CarrotHyrax,76.1,5.0,0,True,0.001,
38BbM6,2,88,CarrotHyrax,76.1,5.0,0,True,0.001,
38BbM6,2,89,CarrotHyrax,76.1,5.0,1,True,0.001,
38BbM6,2,90,CarrotHyrax,36.5,5.0,1,True,0.001,
38BbM6,2,91,CarrotHyrax,36.5,5.0,1,True,0.001,
38BbM6,2,92,CarrotHyrax,36.5,5.0,0,True,0.001,
38BbM6,2,93,CarrotHyrax,36.5,5.0,0,True,0.001,
38BbM6,2,94,CarrotHyrax,36.5,5.0,0,True,0.001,
38BbM6,2,95,CarrotHyrax,36.5,5.0,0,True,0.001,
38BbM6,2,96,CarrotHyrax,36.5,5.0,1,True,0.001,
38BbM6,2,97,CarrotHyrax,36.5,5.0,1,True,0.001,
38BbM6,2,98,CarrotHyrax,36.5,5.0,0,True,0.001,
38BbM6,2,99,CarrotHyrax,36.5,5.0,0,True,0.001,
38BbM6,2,100,CarrotHyrax,59.6,5.0,0,True,0.001,
38BbM6,3,1,CarrotHyrax,59.6,64.0,0,True,0.0,
38BbM6,3,2,CarrotHyrax,59.6,51.2,0,True,0.001,
38BbM6,3,3,CarrotHyrax,59.6,41.0,0,True,0.001,
38BbM6,3,4,CarrotHyrax,59.6,32.8,0,True,0.001,
38BbM6,3,5,CarrotHyrax,59.6,26.2,0,True,0.001,
38BbM6,3,6,CarrotHyrax,59.6,21.0,1,True,0.001,
38BbM6,3,7,CarrotHyrax,59.6,18.2,0,True,0.001,
38BbM6,3,8,CarrotHyrax,59.6,15.6,0,True,0.001,
38BbM6,3,9,CarrotHyrax,30.7,13.2,0,True,0.001,
38BbM6,3,10,CarrotHyrax,30.7,11.2,2,True,0.001,
38BbM6,3,11,CarrotHyrax,30.7,10.3,0,True,0.001,
38BbM6,3,12,CarrotHyrax,30.7,9.4,0,True,0.001,
38BbM6,3,13,CarrotHyrax,30.7,8.4,1,True,0.001,
38BbM6,3,14,CarrotHyrax,30.7,7.7,1,True,0.001,
38BbM6,3,15,CarrotHyrax,30.7,7.2,0,True,0.001,
38BbM6,3,16,CarrotHyrax,30.7,6.7,0,True,0.001,
38BbM6,3,17,CarrotHyrax,30.7,6.1,1,True,0.001,
38BbM6,3,18,CarrotHyrax,30.7,5.7,0,True,0.001,
38BbM6,3,19,CarrotHyrax,72.1,5.3,0,True,0.001,
38BbM6,3,20,CarrotHyrax,72.1,5.0,0,True,0.001,
38BbM6,3,21,CarrotHyrax,72.1,5.0,0,True,0.001,
38BbM6,3,22,CarrotHyrax,72.1,5.0,0,True,0.001,
38BbM6,3,23,CarrotHyrax,72.1,5.0,2,True,0.001,
38BbM6,3,24,CarrotHyrax,72.1,5.0,0,True,0.001,
38BbM6,3,25,CarrotHyrax,72.1,5.0,1,True,0.001,
38BbM6,3,26,CarrotHyrax,72.1,5.0,0,True,0.001,
38BbM6,3,27,CarrotHyrax,72.1,5.0,0,True,0.001,
38BbM6,3,28,CarrotHyrax,72.1,5.0,0,True,0.001,
38BbM6,3,29,CarrotHyrax,54.2,5.0,0,True,0.001,
38BbM6,3,30,CarrotHyrax,54.2,5.0,0,True,0.001,
38BbM6,3,31,CarrotHyrax,54.2,5.0,2,True,0.001,
38BbM6,3,32,CarrotHyrax,54.2,5.0,0,True,0.001,
38BbM6,3,33,CarrotHyrax,54.2,5.0,1,True,0.001,
38BbM6,3,34,CarrotHyrax,54.2,5.0,0,True,0.001,
38BbM6,3,35,CarrotHyrax,54.2,5.0,0,True,0.001,
38BbM6,3,36,CarrotHyrax,54.2,5.0,2,True,0.001,
38BbM6,3,37,CarrotHyrax,54.2,5.0,0,True,0.001,
38BbM6,3,38,CarrotHyrax,54.2,5.0,0,True,0.001,
38BbM6,3,39,CarrotHyrax,33.2,5.0,0,True,0.001,
38BbM6,3,40,CarrotHyrax,33.2,5.0,0,True,0.001,
38BbM6,3,41,CarrotHyrax,33.2,5.0,0,True,0.001,
38BbM6,3,42,CarrotHyrax,33.2,5.0,0,True,0.001,
38BbM6,3,43,CarrotHyrax,33.2,5.0,1,True,0.001,
38BbM6,3,44,CarrotHyrax,33.2,5.0,0,True,0.001,
38BbM6,3,45,CarrotHyrax,33.2,5.0,2,True,0.001,
38BbM6,3,46,CarrotHyrax,33.2,5.0,0,True,0.001,
38BbM6,3,47,CarrotHyrax,33.2,5.0,1,True,0.001,
38BbM6,3,48,CarrotHyrax,33.2,5.0,1,True,0.001,
38BbM6,3,49,CarrotHyrax,46.9,5.0,0,True,0.001,
38BbM6,3,50,CarrotHyrax,46.9,5.0,1,True,0.003,
38BbM6,3,51,CarrotHyrax,46.9,5.0,1,True,0.001,
38BbM6,3,52,CarrotHyrax,46.9,5.0,0,True,0.001,
38BbM6,3,53,CarrotHyrax,46.9,5.0,1,True,0.001,
38BbM6,3,54,CarrotHyrax,46.9,5.0,0,True,0.001,
38BbM6,3,55,CarrotHyrax,46.9,5.0,0,True,0.001,
38BbM6,3,56,CarrotHyrax,46.9,5.0,1,True,0.001,
38BbM6,3,57,CarrotHyrax,46.9,5.0,1,True,0.001,
38BbM6,3,58,CarrotHyrax,46.9,5.0,1,True,0.001,
38BbM6,3,59,CarrotHyrax,31.0,5.0,0,True,0.001,
38BbM6,3,60,CarrotHyrax,31.0,5.0,0,True,0.001,
38BbM6,3,61,CarrotHyrax,31.0,5.0,3,True,0.001,
38BbM6,3,62,CarrotHyrax,31.0,5.0,0,True,0.001,
38BbM6,3,63,CarrotHyrax,31.0,5.0,0,True,0.001,
38BbM6,3,64,CarrotHyrax,31.0,5.0,0,True,0.001,
38BbM6,3,65,CarrotHyrax,31.0,5.0,0,True,0.001,
38BbM6,3,66,CarrotHyrax,31.0,5.0,0,True,0.001,
38BbM6,3,67,CarrotHyrax,31.0,5.0,0,True,0.001,
38BbM6,3,68,CarrotHyrax,31.0,5.0,0,True,0.001,
38BbM6,3,69,CarrotHyrax,61.8,5.0,1,True,0.001,
38BbM6,3,70,CarrotHyrax,61.8,5.0,0,True,0.001,
38BbM6,3,71,CarrotHyrax,61.8,5.0,2,True,0.001,
38BbM6,3,72,CarrotHyrax,61.8,5.0,1,True,0.001,
38BbM6,3,73,CarrotHyrax,61.8,5.0,2,True,0.001,
38BbM6,3,74,CarrotHyrax,61.8,5.0,1,True,0.001,
38BbM6,3,75,CarrotHyrax,61.8,5.0,1,True,0.001,
38BbM6,3,76,CarrotHyrax,61.8,5.0,1,True,0.001,
38BbM6,3,77,CarrotHyrax,61.8,5.0,0,True,0.001,
38BbM6,3,78,CarrotHyrax,61.8,5.0,0,True,0.001,
38BbM6,3,79,CarrotHyrax,61.6,5.0,0,True,0.001,
38BbM6,3,80,CarrotHyrax,61.6,5.0,1,True,0.001,
38BbM6,3,81,CarrotHyrax,61.6,5.0,2,True,0.001,
38BbM6,3,82,CarrotHyrax,61.6,5.0,0,True,0.001,
38BbM6,3,83,CarrotHyrax,61.6,5.0,2,True,0.001,
38BbM6,3,84,CarrotHyrax,61.6,5.0,0,True,0.001,
38BbM6,3,85,CarrotHyrax,61.6,5.0,1,True,0.001,
38BbM6,3,86,CarrotHyrax,61.6,5.0,0,True,0.001,
38BbM6,3,87,CarrotHyrax,61.6,5.0,0,True,0.001,
38BbM6,3,88,CarrotHyrax,61.6,5.0,1,True,0.003,
38BbM6,3,89,CarrotHyrax,66.1,5.0,0,True,0.001,
38BbM6,3,90,CarrotHyrax,66.1,5.0,1,True,0.001,
38BbM6,3,91,CarrotHyrax,66.1,5.0,0,True,0.001,
38BbM6,3,92,CarrotHyrax,66.1,5.0,0,True,0.001,
38BbM6,3,93,CarrotHyrax,66.1,5.0,2,True,0.001,
38BbM6,3,94,CarrotHyrax,66.1,5.0,1,True,0.001,
38BbM6,3,95,CarrotHyrax,66.1,5.0,0,True,0.001,
38BbM6,3,96,CarrotHyrax,66.1,5.0,0,True,0.001,
38BbM6,3,97,CarrotHyrax,66.1,5.0,1,True,0.001,
38BbM6,3,98,CarrotHyrax,66.1,5.0,3,True,0.001,
38BbM6,3,99,CarrotHyrax,65.6,5.0,0,True,0.001,
38BbM6,3,100,CarrotHyrax,65.6,5.0,0,True,0.001,
38BbM6,4,1,CarrotHyrax,65.6,86.0,0,True,0.0,
38BbM6,4,2,CarrotHyrax,65.6,68.8,0,True,0.001,
38BbM6,4,3,CarrotHyrax,65.6,55.0,0,True,0.001,
38BbM6,4,4,CarrotHyrax,65.6,44.0,0,True,0.001,
38BbM6,4,5,CarrotHyrax,65.6,35.2,0,True,0.001,
38BbM6,4,6,CarrotHyrax,65.6,28.2,0,True,0.001,
38BbM6,4,7,CarrotHyrax,65.6,22.5,1,True,0.001,
38BbM6,4,8,CarrotHyrax,65.0,19.3,0,True,0.001,
38BbM6,4,9,CarrotHyrax,65.0,16.4,0,True,0.001,
38BbM6,4,10,CarrotHyrax,65.0,13.8,0,True,0.001,
38BbM6,4,11,CarrotHyrax,65.0,11.6,0,True,0.001,
38BbM6,4,12,CarrotHyrax,65.0,9.7,0,True,0.001,
38BbM6,4,13,CarrotHyrax,65.0,8.1,1,True,0.001,
38BbM6,4,14,CarrotHyrax,65.0,7.0,1,True,0.001,
38BbM6,4,15,CarrotHyrax,65.0,6.1,0,True,0.001,
38BbM6,4,16,CarrotHyrax,65.0,5.4,1,True,0.001,
38BbM6,4,17,CarrotHyrax,65.0,5.0,0,True,0.001,
38BbM6,4,18,CarrotHyrax,56.0,5.0,0,True,0.001,
38BbM6,4,19,CarrotHyrax,56.0,5.0,1,True,0.001,
38BbM6,4,20,CarrotHyrax,56.0,5.0,1,True,0.001,
38BbM6,4,21,CarrotHyrax,56.0,5.0,0,True,0.001,
38BbM6,4,22,CarrotHyrax,56.0,5.0,1,True,0.001,
38BbM6,4,23,CarrotHyrax,56.0,5.0,0,True,0.001,
38BbM6,4,24,CarrotHyrax,56.0,5.0,0,True,0.001,
38BbM6,4,25,CarrotHyrax,56.0,5.0,0,True,0.002,
38BbM6,4,26,CarrotHyrax,56.0,5.0,0,True,0.001,
38BbM6,4,27,CarrotHyrax,56.0,5.0,0,True,0.001,
38BbM6,4,28,CarrotHyrax,33.7,5.0,1,True,0.001,
38BbM6,4,29,CarrotHyrax,33.7,5.0,1,True,0.001,
38BbM6,4,30,CarrotHyrax,33.7,5.0,0,True,0.001,
38BbM6,4,31,CarrotHyrax,33.7,5.0,1,True,0.001,
38BbM6,4,32,CarrotHyrax,33.7,5.0,0,True,0.001,
38BbM6,4,33,CarrotHyrax,33.7,5.0,1,True,0.001,
38BbM6,4,34,CarrotHyrax,33.7,5.0,0,True,0.001,
38BbM6,4,35,CarrotHyrax,33.7,5.0,0,True,0.001,
38BbM6,4,36,CarrotHyrax,33.7,5.0,1,True,0.001,
38BbM6,4,37,CarrotHyrax,33.7,5.0,0,True,0.001,
38BbM6,4,38,CarrotHyrax,73.0,5.0,1,True,0.001,
38BbM6,4,39,CarrotHyrax,73.0,5.0,1,True,0.002,
38BbM6,4,40,CarrotHyrax,73.0,5.0,0,True,0.001,
38BbM6,4,41,CarrotHyrax,73.0,5.0,0,True,0.001,
38BbM6,4,42,CarrotHyrax,73.0,5.0,0,True,0.001,
38BbM6,4,43,CarrotHyrax,73.0,5.0,0,True,0.001,
38BbM6,4,44,CarrotHyrax,73.0,5.0,1,True,0.001,
38BbM6,4,45,CarrotHyrax,73.0,5.0,0,True,0.001,
38BbM6,4,46,CarrotHyrax,73.0,5.0,1,True,0.001,
38BbM6,4,47,CarrotHyrax,73.0,5.0,1,True,0.001,
38BbM6,4,48,CarrotHyrax,54.7,5.0,0,True,0.001,
38BbM6,4,49,CarrotHyrax,54.7,5.0,0,True,0.001,
38BbM6,4,50,CarrotHyrax,54.7,5.0,0,True,0.001,
38BbM6,4,51,CarrotHyrax,54.7,5.0,1,True,0.001,
38BbM6,4,52,CarrotHyrax,54.7,5.0,0,True,0.001,
38BbM6,4,53,CarrotHyrax,54.7,5.0,0,True,0.001,
38BbM6,4,54,CarrotHyrax,54.7,5.0,3,True,0.001,
38BbM6,4,55,CarrotHyrax,54.7,5.0,0,True,0.001,
38BbM6,4,56,CarrotHyrax,54.7,5.0,1,True,0.001,
38BbM6,4,57,CarrotHyrax,54.7,5.0,2,True,0.001,
38BbM6,4,58,CarrotHyrax,76.6,5.0,0,True,0.001,
38BbM6,4,59,CarrotHyrax,76.6,5.0,0,True,0.001,
38BbM6,4,60,CarrotHyrax,76.6,5.0,0,True,0.001,
38BbM6,4,61,CarrotHyrax,76.6,5.0,0,True,0.001,
38BbM6,4,62,CarrotHyrax,76.6,5.0,0,True,0.001,
38BbM6,4,63,CarrotHyrax,76.6,5.0,0,True,0.001,
38BbM6,4,64,CarrotHyrax,76.6,5.0,2,True,0.001,
38BbM6,4,65,CarrotHyrax,76.6,5.0,0,True,0.001,
38BbM6,4,66,CarrotHyrax,76.6,5.0,0,True,0.001,
38BbM6,4,67,CarrotHyrax,76.6,5.0,0,True,0.001,
38BbM6,4,68,CarrotHyrax,38.1,5.0,0,True,0.001,
38BbM6,4,69,CarrotHyrax,38.1,5.0,0,True,0.001,
38BbM6,4,70,CarrotHyrax,38.1,5.0,3,True,0.001,
38BbM6,4,71,CarrotHyrax,38.1,5.0,2,True,0.001,
38BbM6,4,72,CarrotHyrax,38.1,5.0,2,True,0.001,
38BbM6,4,73,CarrotHyrax,38.1,5.0,0,True,0.001,
38BbM6,4,74,CarrotHyrax,38.1,5.0,0,True,0.001,
38BbM6,4,75,CarrotHyrax,38.1,5.0,1,True,0.001,
38BbM6,4,76,CarrotHyrax,38.1,5.0,0,True,0.001,
38BbM6,4,77,CarrotHyrax,38.1,5.0,2,True,0.004,
38BbM6,4,78,CarrotHyrax,32.4,5.0,0,True,0.001,
38BbM6,4,79,CarrotHyrax,32.4,5.0,0,True,0.001,
38BbM6,4,80,CarrotHyrax,32.4,5.0,1,True,0.002,
38BbM6,4,81,CarrotHyrax,32.4,5.0,0,True,0.001,
38BbM6,4,82,CarrotHyrax,32.4,5.0,1,True,0.001,
38BbM6,4,83,CarrotHyrax,32.4,5.0,0,True,0.001,
38BbM6,4,84,CarrotHyrax,32.4,5.0,0,True,0.001,
38BbM6,4,85,CarrotHyrax,32.4,5.0,0,True,0.001,
38BbM6,4,86,CarrotHyrax,32.4,5.0,0,True,0.001,
38BbM6,4,87,CarrotHyrax,32.4,5.0,1,True,0.001,
38BbM6,4,88,CarrotHyrax,45.6,5.0,0,True,0.001,
38BbM6,4,89,CarrotHyrax,45.6,5.0,0,True,0.001,
38BbM6,4,90,CarrotHyrax,45.6,5.0,0,True,0.001,
38BbM6,4,91,CarrotHyrax,45.6,5.0,0,True,0.001,
38BbM6,4,92,CarrotHyrax,45.6,5.0,0,True,0.001,
38BbM6,4,93,CarrotHyrax,45.6,5.0,0,True,0.001,
38BbM6,4,94,CarrotHyrax,45.6,5.0,0,True,0.001,
38BbM6,4,95,CarrotHyrax,45.6,5.0,1,True,0.001,
38BbM6,4,96,CarrotHyrax,45.6,5.0,0,True,0.001,
38BbM6,4,97,CarrotHyrax,45.6,5.0,2,True,0.001,
38BbM6,4,98,CarrotHyrax,51.9,5.0,0,True,0.001,
38BbM6,4,99,CarrotHyrax,51.9,5.0,0,True,0.001,
38BbM6,4,100,CarrotHyrax,51.9,5.0,0,True,0.001,
38BbM6,5,1,CarrotHyrax,51.9,52.0,0,True,0.0,
38BbM6,5,2,CarrotHyrax,51.9,41.6,0,True,0.001,
38BbM6,5,3,CarrotHyrax,51.9,33.3,1,True,0.001,
38BbM6,5,4,CarrotHyrax,51.9,30.9,1,True,0.001,
38BbM6,5,5,CarrotHyrax,51.9,30.6,2,True,0.001,
38BbM6,5,6,CarrotHyrax,51.9,33.6,1,True,0.001,
38BbM6,5,7,CarrotHyrax,44.4,38.1,0,True,0.001,
38BbM6,5,8,CarrotHyrax,44.4,41.3,0,True,0.001,
38BbM6,5,9,CarrotHyrax,44.4,43.2,0,True,0.001,
38BbM6,5,10,CarrotHyrax,44.4,44.1,0,True,0.001,
38BbM6,5,11,CarrotHyrax,44.4,44.3,0,True,0.001,
38BbM6,5,12,CarrotHyrax,44.4,43.6,0,True,0.001,
38BbM6,5,13,CarrotHyrax,44.4,42.1,0,True,0.001,
38BbM6,5,14,CarrotHyrax,44.4,39.9,1,True,0.001,
38BbM6,5,15,CarrotHyrax,44.4,38.3,0,True,0.002,
38BbM6,5,16,CarrotHyrax,44.4,36.4,0,True,0.001,
38BbM6,5,17,CarrotHyrax,34.3,34.1,0,True,0.001,
38BbM6,5,18,CarrotHyrax,34.3,31.7,0,True,0.001,
38BbM6,5,19,CarrotHyrax,34.3,29.3,0,True,0.001,
38BbM6,5,20,CarrotHyrax,34.3,26.9,1,True,0.001,
38BbM6,5,21,CarrotHyrax,34.3,25.1,0,True,0.001,
38BbM6,5,22,CarrotHyrax,34.3,23.2,0,True,0.001,
38BbM6,5,23,CarrotHyrax,34.3,21.4,2,True,0.001,
38BbM6,5,24,CarrotHyrax,34.3,20.3,0,True,0.001,
38BbM6,5,25,CarrotHyrax,34.3,19.0,0,True,0.001,
38BbM6,5,26,CarrotHyrax,34.3,17.8,0,True,0.001,
38BbM6,5,27,CarrotHyrax,61.9,16.6,0,True,0.002,
38BbM6,5,28,CarrotHyrax,61.9,15.3,0,True,0.001,
38BbM6,5,29,CarrotHyrax,61.9,14.1,0,True,0.001,
38BbM6,5,30,CarrotHyrax,61.9,12.9,0,True,0.001,
38BbM6,5,31,CarrotHyrax,61.9,11.7,1,True,0.001,
38BbM6,5,32,CarrotHyrax,61.9,10.8,0,True,0.001,
38BbM6,5,33,CarrotHyrax,61.9,9.9,0,True,0.001,
38BbM6,5,34,CarrotHyrax,61.9,9.0,0,True,0.001,
38BbM6,5,35,CarrotHyrax,61.9,8.2,0,True,0.001,
38BbM6,5,36,CarrotHyrax,61.9,7.4,0,True,0.001,
38BbM6,5,37,CarrotHyrax,65.6,6.7,2,True,0.001,
38BbM6,5,38,CarrotHyrax,65.6,6.2,0,True,0.001,
38BbM6,5,39,CarrotHyrax,65.6,5.7,0,True,0.001,
38BbM6,5,40,CarrotHyrax,65.6,5.2,0,True,0.001,
38BbM6,5,41,CarrotHyrax,65.6,5.0,0,True,0.001,
38BbM6,5,42,CarrotHyrax,65.6,5.0,1,True,0.001,
38BbM6,5,43,CarrotHyrax,65.6,5.0,0,True,0.001,
38BbM6,5,44,CarrotHyrax,65.6,5.0,2,True,0.001,
38BbM6,5,45,CarrotHyrax,65.6,5.0,1,True,0.001,
38BbM6,5,46,CarrotHyrax,65.6,5.0,0,True,0.001,
38BbM6,5,47,CarrotHyrax,68.9,5.0,0,True,0.001,
38BbM6,5,48,CarrotHyrax,68.9,5.0,1,True,0.001,
38BbM6,5,49,CarrotHyrax,68.9,5.0,1,True,0.001,
38BbM6,5,50,CarrotHyrax,68.9,5.0,0,True,0.001,
38BbM6,5,51,CarrotHyrax,68.9,5.0,1,True,0.001,
38BbM6,5,52,CarrotHyrax,68.9,5.0,0,True,0.001,
38BbM6,5,53,CarrotHyrax,68.9,5.0,0,True,0.001,
38BbM6,5,54,CarrotHyrax,68.9,5.0,0,True,0.001,
38BbM6,5,55,CarrotHyrax,68.9,5.0,0,True,0.001,
38BbM6,5,56,CarrotHyrax,68.9,5.0,0,True,0.001,
38BbM6,5,57,CarrotHyrax,75.9,5.0,0,True,0.001,
38BbM6,5,58,CarrotHyrax,75.9,5.0,0,True,0.001,
38BbM6,5,59,CarrotHyrax,75.9,5.0,0,True,0.001,
38BbM6,5,60,CarrotHyrax,75.9,5.0,0,True,0.001,
38BbM6,5,61,CarrotHyrax,75.9,5.0,1,True,0.001,
38BbM6,5,62,CarrotHyrax,75.9,5.0,1,True,0.001,
38BbM6,5,63,CarrotHyrax,75.9,5.0,1,True,0.001,
38BbM6,5,64,CarrotHyrax,75.9,5.0,0,True,0.001,
38BbM6,5,65,CarrotHyrax,75.9,5.0,1,True,0.001,
38BbM6,5,66,CarrotHyrax,75.9,5.0,1,True,0.001,
38BbM6,5,67,CarrotHyrax,69.0,5.0,0,True,0.001,
38BbM6,5,68,CarrotHyrax,69.0,5.0,0,True,0.001,
38BbM6,5,69,CarrotHyrax,69.0,5.0,1,True,0.001,
38BbM6,5,70,CarrotHyrax,69.0,5.0,2,True,0.001,
38BbM6,5,71,CarrotHyrax,69.0,5.0,1,True,0.001,
38BbM6,5,72,CarrotHyrax,69.0,5.0,1,True,0.001,
38BbM6,5,73,CarrotHyrax,69.0,5.0,0,True,0.001,
38BbM6,5,74,CarrotHyrax,69.0,5.0,0,True,0.002,
38BbM6,5,75,CarrotHyrax,69.0,5.0,0,True,0.001,
38BbM6,5,76,CarrotHyrax,69.0,5.0,0,True,0.001,
38BbM6,5,77,CarrotHyrax,77.3,5.0,0,True,0.001,
38BbM6,5,78,CarrotHyrax,77.3,5.0,0,True,0.001,
38BbM6,5,79,CarrotHyrax,77.3,5.0,0,True,0.001,
38BbM6,5,80,CarrotHyrax,77.3,5.0,1,True,0.001,
38BbM6,5,81,CarrotHyrax,77.3,5.0,0,True,0.001,
38BbM6,5,82,CarrotHyrax,77.3,5.0,0,True,0.001,
38BbM6,5,83,CarrotHyrax,77.3,5.0,1,True,0.001,
38BbM6,5,84,CarrotHyrax,77.3,5.0,1,True,0.001,
38BbM6,5,85,CarrotHyrax,77.3,5.0,1,True,0.001,
38BbM6,5,86,CarrotHyrax,77.3,5.0,1,True,0.001,
38BbM6,5,87,CarrotHyrax,68.5,5.0,1,True,0.001,
38BbM6,5,88,CarrotHyrax,68.5,5.0,0,True,0.001,
38BbM6,5,89,CarrotHyrax,68.5,5.0,1,True,0.001,
38BbM6,5,90,CarrotHyrax,68.5,5.0,0,True,0.001,
38BbM6,5,91,CarrotHyrax,68.5,5.0,0,True,0.001,
38BbM6,5,92,CarrotHyrax,68.5,5.0,0,True,0.001,
38BbM6,5,93,CarrotHyrax,68.5,5.0,2,True,0.001,
38BbM6,5,94,CarrotHyrax,68.5,5.0,1,True,0.001,
38BbM6,5,95,CarrotHyrax,68.5,5.0,2,True,0.001,
38BbM6,5,96,CarrotHyrax,68.5,5.0,1,True,0.002,
38BbM6,5,97,CarrotHyrax,60.1,5.0,0,True,0.001,
38BbM6,5,98,CarrotHyrax,60.1,5.0,0,True,0.001,
38BbM6,5,99,CarrotHyrax,60.1,5.0,2,True,0.002,
38BbM6,5,100,CarrotHyrax,60.1,5.0,0,True,0.001,
38BbM6,6,1,CarrotHyrax,60.1,83.0,0,True,0.0,
38BbM6,6,2,CarrotHyrax,60.1,66.4,0,True,0.001,
38BbM6,6,3,CarrotHyrax,60.1,53.1,0,True,0.001,
38BbM6,6,4,CarrotHyrax,60.1,42.5,0,True,0.001,
38BbM6,6,5,CarrotHyrax,60.1,34.0,0,True,0.002,
38BbM6,6,6,CarrotHyrax,70.4,27.2,0,True,0.001,
38BbM6,6,7,CarrotHyrax,70.4,21.8,0,True,0.001,
38BbM6,6,8,CarrotHyrax,70.4,17.4,0,True,0.001,
38BbM6,6,9,CarrotHyrax,70.4,13.9,0,True,0.001,
38BbM6,6,10,CarrotHyrax,70.4,11.1,0,True,0.001,
38BbM6,6,11,CarrotHyrax,70.4,8.9,0,True,0.001,
38BbM6,6,12,CarrotHyrax,70.4,7.1,0,True,0.001,
38BbM6,6,13,CarrotHyrax,70.4,5.7,0,True,0.001,
38BbM6,6,14,CarrotHyrax,70.4,5.0,0,True,0.001,
38BbM6,6,15,CarrotHyrax,70.4,5.0,0,True,0.001,
38BbM6,6,16,CarrotHyrax,73.6,5.0,1,True,0.003,
38BbM6,6,17,CarrotHyrax,73.6,5.0,0,True,0.002,
38BbM6,6,18,CarrotHyrax,73.6,5.0,1,True,0.03,
38BbM6,6,19,CarrotHyrax,73.6,5.0,0,True,0.002,
38BbM6,6,20,CarrotHyrax,73.6,5.0,2,True,0.006,
38BbM6,6,21,CarrotHyrax,73.6,5.0,0,True,0.001,
38BbM6,6,22,CarrotHyrax,73.6,5.0,0,True,0.001,
38BbM6,6,23,CarrotHyrax,73.6,5.0,0,True,0.001,
38BbM6,6,24,CarrotHyrax,73.6,5.0,0,True,0.007,
38BbM6,6,25,CarrotHyrax,73.6,5.0,1,True,0.001,
38BbM6,6,26,CarrotHyrax,66.6,5.0,0,True,0.009,
38BbM6,6,27,CarrotHyrax,66.6,5.0,1,True,0.003,
38BbM6,6,28,CarrotHyrax,66.6,5.0,1,True,0.001,
38BbM6,6,29,CarrotHyrax,66.6,5.0,0,True,0.002,
38BbM6,6,30,CarrotHyrax,66.6,5.0,1,True,0.001,
38BbM6,6,31,CarrotHyrax,66.6,5.0,0,True,0.001,
38BbM6,6,32,CarrotHyrax,66.6,5.0,0,True,0.002,
38BbM6,6,33,CarrotHyrax,66.6,5.0,1,True,0.004,
38BbM6,6,34,CarrotHyrax,66.6,5.0,2,True,0.002,
38BbM6,6,35,CarrotHyrax,66.6,5.0,0,True,0.002,
38BbM6,6,36,CarrotHyrax,49.3,5.0,0,True,0.001,
38BbM6,6,37,CarrotHyrax,49.3,5.0,0,True,0.001,
38BbM6,6,38,CarrotHyrax,49.3,5.0,0,True,0.006,
38BbM6,6,39,CarrotHyrax,49.3,5.0,0,True,0.001,
38BbM6,6,40,CarrotHyrax,49.3,5.0,2,True,0.001,
38BbM6,6,41,CarrotHyrax,49.3,5.0,0,True,0.011,
38BbM6,6,42,CarrotHyrax,49.3,5.0,0,True,0.029,
38BbM6,6,43,CarrotHyrax,49.3,5.0,0,True,0.002,
38BbM6,6,44,CarrotHyrax,49.3,5.0,1,True,0.003,
38BbM6,6,45,CarrotHyrax,49.3,5.0,2,True,0.002,
38BbM6,6,46,CarrotHyrax,57.4,5.0,1,True,0.014,
38BbM6,6,47,CarrotHyrax,57.4,5.0,0,True,0.003,
38BbM6,6,48,CarrotHyrax,57.4,5.0,1,True,0.003,
38BbM6,6,49,CarrotHyrax,57.4,5.0,0,True,0.013,
38BbM6,6,50,CarrotHyrax,57.4,5.0,0,True,0.004,
38BbM6,6,51,CarrotHyrax,57.4,5.0,1,True,0.003,
38BbM6,6,52,CarrotHyrax,57.4,5.0,0,True,0.002,
38BbM6,6,53,CarrotHyrax,57.4,5.0,0,True,0.002,
38BbM6,6,54,CarrotHyrax,57.4,5.0,1,True,0.002,
38BbM6,6,55,CarrotHyrax,57.4,5.0,1,True,0.004,
38BbM6,6,56,CarrotHyrax,61.3,5.0,1,True,0.003,
38BbM6,6,57,CarrotHyrax,61.3,5.0,1,True,0.003,
38BbM6,6,58,CarrotHyrax,61.3,5.0,0,True,0.001,
38BbM6,6,59,CarrotHyrax,61.3,5.0,1,True,0.001,
38BbM6,6,60,CarrotHyrax,61.3,5.0,0,True,0.002,
38BbM6,6,61,CarrotHyrax,61.3,5.0,0,True,0.002,
38BbM6,6,62,CarrotHyrax,61.3,5.0,3,True,0.002,
38BbM6,6,63,CarrotHyrax,61.3,5.0,1,True,0.001,
38BbM6,6,64,CarrotHyrax,61.3,5.0,0,True,0.001,
38BbM6,6,65,CarrotHyrax,61.3,5.0,0,True,0.002,
38BbM6,6,66,CarrotHyrax,67.1,5.0,2,True,0.001,
38BbM6,6,67,CarrotHyrax,67.1,5.0,0,True,0.001,
38BbM6,6,68,CarrotHyrax,67.1,5.0,2,True,0.001,
38BbM6,6,69,CarrotHyrax,67.1,5.0,2,True,0.001,
38BbM6,6,70,CarrotHyrax,67.1,5.0,0,True,0.001,
38BbM6,6,71,CarrotHyrax,67.1,5.0,0,True,0.001,
38BbM6,6,72,CarrotHyrax,67.1,5.0,0,True,0.001,
38BbM6,6,73,CarrotHyrax,67.1,5.0,1,True,0.001,
38BbM6,6,74,CarrotHyrax,67.1,5.0,1,True,0.001,
38BbM6,6,75,CarrotHyrax,67.1,5.0,1,True,0.003,
38BbM6,6,76,CarrotHyrax,65.2,5.0,0,True,0.003,
38BbM6,6,77,CarrotHyrax,65.2,5.0,1,True,0.001,
38BbM6,6,78,CarrotHyrax,65.2,5.0,0,True,0.001,
38BbM6,6,79,CarrotHyrax,65.2,5.0,0,True,0.003,
38BbM6,6,80,CarrotHyrax,65.2,5.0,0,True,0.001,
38BbM6,6,81,CarrotHyrax,65.2,5.0,2,True,0.001,
38BbM6,6,82,CarrotHyrax,65.2,5.0,1,True,0.001,
38BbM6,6,83,CarrotHyrax,65.2,5.0,1,True,0.002,
38BbM6,6,84,CarrotHyrax,65.2,5.0,0,True,0.001,
38BbM6,6,85,CarrotHyrax,65.2,5.0,0,True,0.001,
38BbM6,6,86,CarrotHyrax,75.0,5.0,2,True,0.001,
38BbM6,6,87,CarrotHyrax,75.0,5.0,0,True,0.001,
38BbM6,6,88,CarrotHyrax,75.0,5.0,2,True,0.001,
38BbM6,6,89,CarrotHyrax,75.0,5.0,0,True,0.001,
38BbM6,6,90,CarrotHyrax,75.0,5.0,0,True,0.001,
38BbM6,6,91,CarrotHyrax,75.0,5.0,0,True,0.001,
38BbM6,6,92,CarrotHyrax,75.0,5.0,2,True,0.001,
38BbM6,6,93,CarrotHyrax,75.0,5.0,0,True,0.001,
38BbM6,6,94,CarrotHyrax,75.0,5.0,1,True,0.001,
38BbM6,6,95,CarrotHyrax,75.0,5.0,1,True,0.001,
38BbM6,6,96,CarrotHyrax,73.7,5.0,1,True,0.001,
38BbM6,6,97,CarrotHyrax,73.7,5.0,0,True,0.001,
38BbM6,6,98,CarrotHyrax,73.7,5.0,1,True,0.001,
38BbM6,6,99,CarrotHyrax,73.7,5.0,0,True,0.001,
38BbM6,6,100,CarrotHyrax,73.7,5.0,0,True,0.001,
38BbM6,7,1,CarrotHyrax,73.7,57.0,0,True,0.001,
38BbM6,7,2,CarrotHyrax,73.7,45.6,0,True,0.001,
38BbM6,7,3,CarrotHyrax,73.7,36.5,0,True,0.001,
38BbM6,7,4,CarrotHyrax,73.7,29.2,0,True,0.001,
38BbM6,7,5,CarrotHyrax,66.5,23.3,0,True,0.002,
38BbM6,7,6,CarrotHyrax,66.5,18.7,0,True,0.001,
38BbM6,7,7,CarrotHyrax,66.5,14.9,0,True,0.001,
38BbM6,7,8,CarrotHyrax,66.5,12.0,0,True,0.001,
38BbM6,7,9,CarrotHyrax,66.5,9.6,0,True,0.001,
38BbM6,7,10,CarrotHyrax,66.5,7.7,0,True,0.001,
38BbM6,7,11,CarrotHyrax,66.5,6.1,1,True,0.001,
38BbM6,7,12,CarrotHyrax,66.5,5.1,0,True,0.001,
38BbM6,7,13,CarrotHyrax,66.5,5.0,0,True,0.001,
38BbM6,7,14,CarrotHyrax,66.5,5.0,0,True,0.001,
38BbM6,7,15,CarrotHyrax,76.9,5.0,1,True,0.001,
38BbM6,7,16,CarrotHyrax,76.9,5.0,2,True,0.001,
38BbM6,7,17,CarrotHyrax,76.9,5.0,0,True,0.001,
38BbM6,7,18,CarrotHyrax,76.9,5.0,0,True,0.001,
38BbM6,7,19,CarrotHyrax,76.9,5.0,0,True,0.001,
38BbM6,7,20,CarrotHyrax,76.9,5.0,1,True,0.001,
38BbM6,7,21,CarrotHyrax,76.9,5.0,0,True,0.001,
38BbM6,7,22,CarrotHyrax,76.9,5.0,2,True,0.001,
38BbM6,7,23,CarrotHyrax,76.9,5.0,0,True,0.001,
38BbM6,7,24,CarrotHyrax,76.9,5.0,2,True,0.001,
38BbM6,7,25,CarrotHyrax,64.0,5.0,1,True,0.001,
38BbM6,7,26,CarrotHyrax,64.0,5.0,0,True,0.001,
38BbM6,7,27,CarrotHyrax,64.0,5.0,0,True,0.001,
38BbM6,7,28,CarrotHyrax,64.0,5.0,0,True,0.001,
38BbM6,7,29,CarrotHyrax,64.0,5.0,0,True,0.001,
38BbM6,7,30,CarrotHyrax,64.0,5.0,0,True,0.001,
38BbM6,7,31,CarrotHyrax,64.0,5.0,1,True,0.001,
38BbM6,7,32,CarrotHyrax,64.0,5.0,1,True,0.001,
38BbM6,7,33,CarrotHyrax,64.0,5.0,2,True,0.001,
38BbM6,7,34,CarrotHyrax,64.0,5.0,1,True,0.001,
38BbM6,7,35,CarrotHyrax,44.7,5.0,0,True,0.001,
38BbM6,7,36,CarrotHyrax,44.7,5.0,1,True,0.001,
38BbM6,7,37,CarrotHyrax,44.7,5.0,0,True,0.001,
38BbM6,7,38,CarrotHyrax,44.7,5.0,0,True,0.001,
38BbM6,7,39,CarrotHyrax,44.7,5.0,0,True,0.001,
38BbM6,7,40,CarrotHyrax,44.7,5.0,2,True,0.001,
38BbM6,7,41,CarrotHyrax,44.7,5.0,1,True,0.001,
38BbM6,7,42,CarrotHyrax,44.7,5.0,0,True,0.001,
38BbM6,7,43,CarrotHyrax,44.7,5.0,0,True,0.001,
38BbM6,7,44,CarrotHyrax,44.7,5.0,0,True,0.001,
38BbM6,7,45,CarrotHyrax,38.3,5.0,1,True,0.001,
38BbM6,7,46,CarrotHyrax,38.3,5.0,0,True,0.001,
38BbM6,7,47,CarrotHyrax,38.3,5.0,0,True,0.001,
38BbM6,7,48,CarrotHyrax,38.3,5.0,0,True,0.001,
38BbM6,7,49,CarrotHyrax,38.3,5.0,0,True,0.001,
38BbM6,7,50,CarrotHyrax,38.3,5.0,0,True,0.001,
38BbM6,7,51,CarrotHyrax,38.3,5.0,0,True,0.001,
38BbM6,7,52,CarrotHyrax,38.3,5.0,0,True,0.001,
38BbM6,7,53,CarrotHyrax,38.3,5.0,1,True,0.001,
38BbM6,7,54,CarrotHyrax,38.3,5.0,0,True,0.001,
38BbM6,7,55,CarrotHyrax,53.6,5.0,0,True,0.001,
38BbM6,7,56,CarrotHyrax,53.6,5.0,0,True,0.001,
38BbM6,7,57,CarrotHyrax,53.6,5.0,0,True,0.001,
38BbM6,7,58,CarrotHyrax,53.6,5.0,0,True,0.001,
38BbM6,7,59,CarrotHyrax,53.6,5.0,0,True,0.001,
38BbM6,7,60,CarrotHyrax,53.6,5.0,0,True,0.001,
38BbM6,7,61,CarrotHyrax,53.6,5.0,2,True,0.001,
38BbM6,7,62,CarrotHyrax,53.6,5.0,0,True,0.001,
38BbM6,7,63,CarrotHyrax,53.6,5.0,1,True,0.001,
38BbM6,7,64,CarrotHyrax,53.6,5.0,0,True,0.001,
38BbM6,7,65,CarrotHyrax,45.4,5.0,0,True,0.001,
38BbM6,7,66,CarrotHyrax,45.4,5.0,0,True,0.001,
38BbM6,7,67,CarrotHyrax,45.4,5.0,1,True,0.001,
38BbM6,7,68,CarrotHyrax,45.4,5.0,0,True,0.001,
38BbM6,7,69,CarrotHyrax,45.4,5.0,1,True,0.001,
38BbM6,7,70,CarrotHyrax,45.4,5.0,0,True,0.001,
38BbM6,7,71,CarrotHyrax,45.4,5.0,0,True,0.001,
38BbM6,7,72,CarrotHyrax,45.4,5.0,0,True,0.001,
38BbM6,7,73,CarrotHyrax,45.4,5.0,0,True,0.001,
38BbM6,7,74,CarrotHyrax,45.4,5.0,1,True,0.001,
38BbM6,7,75,CarrotHyrax,48.3,5.0,2,True,0.001,
38BbM6,7,76,CarrotHyrax,48.3,5.0,1,True,0.001,
38BbM6,7,77,CarrotHyrax,48.3,5.0,0,True,0.001,
38BbM6,7,78,CarrotHyrax,48.3,5.0,0,True,0.001,
38BbM6,7,79,CarrotHyrax,48.3,5.0,0,True,0.001,
38BbM6,7,80,CarrotHyrax,48.3,5.0,0,True,0.001,
38BbM6,7,81,CarrotHyrax,48.3,5.0,0,True,0.001,
38BbM6,7,82,CarrotHyrax,48.3,5.0,1,True,0.001,
38BbM6,7,83,CarrotHyrax,48.3,5.0,0,True,0.001,
38BbM6,7,84,CarrotHyrax,48.3,5.0,2,True,0.001,
38BbM6,7,85,CarrotHyrax,55.3,5.0,1,True,0.001,
38BbM6,7,86,CarrotHyrax,55.3,5.0,0,True,0.001,
38BbM6,7,87,CarrotHyrax,55.3,5.0,0,True,0.001,
38BbM6,7,88,CarrotHyrax,55.3,5.0,1,True,0.001,
38BbM6,7,89,CarrotHyrax,55.3,5.0,0,True,0.001,
38BbM6,7,90,CarrotHyrax,55.3,5.0,0,True,0.001,
38BbM6,7,91,CarrotHyrax,55.3,5.0,0,True,0.001,
38BbM6,7,92,CarrotHyrax,55.3,5.0,1,True,0.001,
38BbM6,7,93,CarrotHyrax,55.3,5.0,2,True,0.001,
38BbM6,7,94,CarrotHyrax,55.3,5.0,1,True,0.001,
38BbM6,7,95,CarrotHyrax,37.4,5.0,1,True,0.001,
38BbM6,7,96,CarrotHyrax,37.4,5.0,0,True,0.001,
38BbM6,7,97,CarrotHyrax,37.4,5.0,2,True,0.001,
38BbM6,7,98,CarrotHyrax,37.4,5.0,0,True,0.001,
38BbM6,7,99,CarrotHyrax,37.4,5.0,0,True,0.001,
38BbM6,7,100,CarrotHyrax,37.4,5.0,2,True,0.001,
38BbM6,8,1,CarrotHyrax,37.4,63.0,0,True,0.0,
38BbM6,8,2,CarrotHyrax,37.4,50.4,0,True,0.001,
38BbM6,8,3,CarrotHyrax,37.4,40.3,0,True,0.001,
38BbM6,8,4,CarrotHyrax,72.5,32.3,0,True,0.001,
38BbM6,8,5,CarrotHyrax,72.5,25.8,0,True,0.001,
38BbM6,8,6,CarrotHyrax,72.5,20.6,0,True,0.001,
38BbM6,8,7,CarrotHyrax,72.5,16.5,1,True,0.002,
38BbM6,8,8,CarrotHyrax,72.5,14.2,0,True,0.001,
38BbM6,8,9,CarrotHyrax,72.5,12.0,1,True,0.001,
38BbM6,8,10,CarrotHyrax,72.5,10.7,0,True,0.001,
38BbM6,8,11,CarrotHyrax,72.5,9.4,0,True,0.001,
38BbM6,8,12,CarrotHyrax,72.5,8.2,1,True,0.001,
38BbM6,8,13,CarrotHyrax,72.5,7.4,0,True,0.002,
38BbM6,8,14,CarrotHyrax,72.5,6.6,0,True,0.001,
38BbM6,8,15,CarrotHyrax,72.5,5.8,0,True,0.001,
38BbM6,8,16,CarrotHyrax,72.5,5.1,0,True,0.001,
38BbM6,8,17,CarrotHyrax,72.5,5.0,1,True,0.001,
38BbM6,8,18,CarrotHyrax,72.5,5.0,3,True,0.001,
38BbM6,8,19,CarrotHyrax,72.5,5.0,0,True,0.001,
38BbM6,8,20,CarrotHyrax,72.5,5.0,0,True,0.001,
38BbM6,8,21,CarrotHyrax,72.5,5.0,0,True,0.001,
38BbM6,8,22,CarrotHyrax,72.5,5.0,0,True,0.001,
38BbM6,8,23,CarrotHyrax,72.5,5.0,0,True,0.001,
38BbM6,8,24,CarrotHyrax,37.3,5.0,0,True,0.001,
38BbM6,8,25,CarrotHyrax,37.3,5.0,0,True,0.001,
38BbM6,8,26,CarrotHyrax,37.3,5.0,0,True,0.001,
38BbM6,8,27,CarrotHyrax,37.3,5.0,1,True,0.001,
38BbM6,8,28,CarrotHyrax,37.3,5.0,1,True,0.001,
38BbM6,8,29,CarrotHyrax,37.3,5.0,0,True,0.001,
38BbM6,8,30,CarrotHyrax,37.3,5.0,1,True,0.001,
38BbM6,8,31,CarrotHyrax,37.3,5.0,0,True,0.001,
38BbM6,8,32,CarrotHyrax,37.3,5.0,0,True,0.001,
38BbM6,8,33,CarrotHyrax,37.3,5.0,1,True,0.001,
38BbM6,8,34,CarrotHyrax,32.6,5.0,0,True,0.001,
38BbM6,8,35,CarrotHyrax,32.6,5.0,0,True,0.001,
38BbM6,8,36,CarrotHyrax,32.6,5.0,0,True,0.001,
38BbM6,8,37,CarrotHyrax,32.6,5.0,0,True,0.002,
38BbM6,8,38,CarrotHyrax,32.6,5.0,0,True,0.001,
38BbM6,8,39,CarrotHyrax,32.6,5.0,1,True,0.001,
38BbM6,8,40,CarrotHyrax,32.6,5.0,0,True,0.001,
38BbM6,8,41,CarrotHyrax,32.6,5.0,0,True,0.001,
38BbM6,8,42,CarrotHyrax,32.6,5.0,0,True,0.001,
38BbM6,8,43,CarrotHyrax,32.6,5.0,0,True,0.001,
38BbM6,8,44,CarrotHyrax,77.3,5.0,0,True,0.003,
38BbM6,8,45,CarrotHyrax,77.3,5.0,0,True,0.002,
38BbM6,8,46,CarrotHyrax,77.3,5.0,0,True,0.001,
38BbM6,8,47,CarrotHyrax,77.3,5.0,0,True,0.001,
38BbM6,8,48,CarrotHyrax,77.3,5.0,0,True,0.001,
38BbM6,8,49,CarrotHyrax,77.3,5.0,0,True,0.001,
38BbM6,8,50,CarrotHyrax,77.3,5.0,1,True,0.001,
38BbM6,8,51,CarrotHyrax,77.3,5.0,0,True,0.001,
38BbM6,8,52,CarrotHyrax,77.3,5.0,1,True,0.001,
38BbM6,8,53,CarrotHyrax,77.3,5.0,0,True,0.001,
38BbM6,8,54,CarrotHyrax,30.4,5.0,0,True,0.001,
38BbM6,8,55,CarrotHyrax,30.4,5.0,1,True,0.001,
38BbM6,8,56,CarrotHyrax,30.4,5.0,0,True,0.001,
38BbM6,8,57,CarrotHyrax,30.4,5.0,1,True,0.001,
38BbM6,8,58,CarrotHyrax,30.4,5.0,2,True,0.001,
38BbM6,8,59,CarrotHyrax,30.4,5.0,1,True,0.001,
38BbM6,8,60,CarrotHyrax,30.4,5.0,2,True,0.001,
38BbM6,8,61,CarrotHyrax,30.4,5.0,0,True,0.001,
38BbM6,8,62,CarrotHyrax,30.4,5.0,4,True,0.001,
38BbM6,8,63,CarrotHyrax,30.4,5.0,0,True,0.001,
38BbM6,8,64,CarrotHyrax,31.1,5.0,0,True,0.001,
38BbM6,8,65,CarrotHyrax,31.1,5.0,0,True,0.001,
38BbM6,8,66,CarrotHyrax,31.1,5.0,1,True,0.001,
38BbM6,8,67,CarrotHyrax,31.1,5.0,0,True,0.001,
38BbM6,8,68,CarrotHyrax,31.1,5.0,1,True,0.001,
38BbM6,8,69,CarrotHyrax,31.1,5.0,1,True,0.001,
38BbM6,8,70,CarrotHyrax,31.1,5.0,0,True,0.001,
38BbM6,8,71,CarrotHyrax,31.1,5.0,0,True,0.001,
38BbM6,8,72,CarrotHyrax,31.1,5.0,0,True,0.001,
38BbM6,8,73,CarrotHyrax,31.1,5.0,1,True,0.001,
38BbM6,8,74,CarrotHyrax,65.7,5.0,1,True,0.001,
38BbM6,8,75,CarrotHyrax,65.7,5.0,0,True,0.001,
38BbM6,8,76,CarrotHyrax,65.7,5.0,1,True,0.001,
38BbM6,8,77,CarrotHyrax,65.7,5.0,1,True,0.001,
38BbM6,8,78,CarrotHyrax,65.7,5.0,0,True,0.001,
38BbM6,8,79,CarrotHyrax,65.7,5.0,1,True,0.001,
38BbM6,8,80,CarrotHyrax,65.7,5.0,0,True,0.001,
38BbM6,8,81,CarrotHyrax,65.7,5.0,0,True,0.001,
38BbM6,8,82,CarrotHyrax,65.7,5.0,0,True,0.001,
38BbM6,8,83,CarrotHyrax,65.7,5.0,0,True,0.001,
38BbM6,8,84,CarrotHyrax,52.2,5.0,1,True,0.001,
38BbM6,8,85,CarrotHyrax,52.2,5.0,1,True,0.001,
38BbM6,8,86,CarrotHyrax,52.2,5.0,1,True,0.001,
38BbM6,8,87,CarrotHyrax,52.2,5.0,3,True,0.001,
38BbM6,8,88,CarrotHyrax,52.2,5.0,1,True,0.001,
38BbM6,8,89,CarrotHyrax,52.2,5.0,2,True,0.001,
38BbM6,8,90,CarrotHyrax,52.2,5.0,0,True,0.001,
38BbM6,8,91,CarrotHyrax,52.2,5.0,0,True,0.001,
38BbM6,8,92,CarrotHyrax,52.2,5.0,0,True,0.001,
38BbM6,8,93,CarrotHyrax,52.2,5.0,0,True,0.001,
38BbM6,8,94,CarrotHyrax,77.2,5.0,2,True,0.001,
38BbM6,8,95,CarrotHyrax,77.2,5.0,1,True,0.001,
38BbM6,8,96,CarrotHyrax,77.2,5.0,0,True,0.001,
38BbM6,8,97,CarrotHyrax,77.2,5.0,0,True,0.001,
38BbM6,8,98,CarrotHyrax,77.2,5.0,1,True,0.001,
38BbM6,8,99,CarrotHyrax,77.2,5.0,1,True,0.001,
38BbM6,8,100,CarrotHyrax,77.2,5.0,0,True,0.001,
38BbM6,9,1,CarrotHyrax,77.2,72.0,0,True,0.0,
38BbM6,9,2,CarrotHyrax,77.2,57.6,0,True,0.001,
38BbM6,9,3,CarrotHyrax,33.8,46.1,0,True,0.001,
38BbM6,9,4,CarrotHyrax,33.8,36.9,1,True,0.001,
38BbM6,9,5,CarrotHyrax,33.8,33.0,0,True,0.001,
38BbM6,9,6,CarrotHyrax,33.8,28.9,0,True,0.001,
38BbM6,9,7,CarrotHyrax,33.8,25.0,1,True,0.001,
38BbM6,9,8,CarrotHyrax,33.8,22.9,0,True,0.001,
38BbM6,9,9,CarrotHyrax,33.8,20.6,0,True,0.001,
38BbM6,9,10,CarrotHyrax,33.8,18.3,0,True,0.001,
38BbM6,9,11,CarrotHyrax,33.8,16.1,1,True,0.001,
38BbM6,9,12,CarrotHyrax,33.8,14.7,1,True,0.001,
38BbM6,9,13,CarrotHyrax,62.2,13.7,0,True,0.001,
38BbM6,9,14,CarrotHyrax,62.2,12.5,0,True,0.001,
38BbM6,9,15,CarrotHyrax,62.2,11.4,0,True,0.001,
38BbM6,9,16,CarrotHyrax,62.2,10.2,0,True,0.001,
38BbM6,9,17,CarrotHyrax,62.2,9.1,1,True,0.001,
38BbM6,9,18,CarrotHyrax,62.2,8.3,1,True,0.001,
38BbM6,9,19,CarrotHyrax,62.2,7.7,0,True,0.001,
38BbM6,9,20,CarrotHyrax,62.2,7.0,0,True,0.001,
38BbM6,9,21,CarrotHyrax,62.2,6.4,0,True,0.001,
38BbM6,9,22,CarrotHyrax,62.2,5.8,1,True,0.001,
38BbM6,9,23,CarrotHyrax,57.9,5.4,0,True,0.001,
38BbM6,9,24,CarrotHyrax,57.9,5.0,1,True,0.001,
38BbM6,9,25,CarrotHyrax,57.9,5.0,0,True,0.001,
38BbM6,9,26,CarrotHyrax,57.9,5.0,0,True,0.001,
38BbM6,9,27,CarrotHyrax,57.9,5.0,1,True,0.001,
38BbM6,9,28,CarrotHyrax,57.9,5.0,0,True,0.001,
38BbM6,9,29,CarrotHyrax,57.9,5.0,0,True,0.001,
38BbM6,9,30,CarrotHyrax,57.9,5.0,0,True,0.001,
38BbM6,9,31,CarrotHyrax,57.9,5.0,2,True,0.001,
38BbM6,9,32,CarrotHyrax,57.9,5.0,0,True,0.001,
38BbM6,9,33,CarrotHyrax,47.9,5.0,1,True,0.001,
38BbM6,9,34,CarrotHyrax,47.9,5.0,1,True,0.001,
38BbM6,9,35,CarrotHyrax,47.9,5.0,0,True,0.001,
38BbM6,9,36,CarrotHyrax,47.9,5.0,2,True,0.001,
38BbM6,9,37,CarrotHyrax,47.9,5.0,2,True,0.001,
38BbM6,9,38,CarrotHyrax,47.9,5.0,0,True,0.001,
38BbM6,9,39,CarrotHyrax,47.9,5.0,1,True,0.001,
38BbM6,9,40,CarrotHyrax,47.9,5.0,0,True,0.001,
38BbM6,9,41,CarrotHyrax,47.9,5.0,2,True,0.001,
38BbM6,9,42,CarrotHyrax,47.9,5.0,1,True,0.001,
38BbM6,9,43,CarrotHyrax,44.3,5.0,1,True,0.001,
38BbM6,9,44,CarrotHyrax,44.3,5.0,0,True,0.001,
38BbM6,9,45,CarrotHyrax,44.3,5.0,0,True,0.001,
38BbM6,9,46,CarrotHyrax,44.3,5.0,0,True,0.001,
38BbM6,9,47,CarrotHyrax,44.3,5.0,0,True,0.001,
38BbM6,9,48,CarrotHyrax,44.3,5.0,0,True,0.001,
38BbM6,9,49,CarrotHyrax,44.3,5.0,1,True,0.002,
38BbM6,9,50,CarrotHyrax,44.3,5.0,0,True,0.001,
38BbM6,9,51,CarrotHyrax,44.3,5.0,1,True,0.002,
38BbM6,9,52,CarrotHyrax,44.3,5.0,0,True,0.001,
38BbM6,9,53,CarrotHyrax,76.4,5.0,0,True,0.001,
38BbM6,9,54,CarrotHyrax,76.4,5.0,0,True,0.001,
38BbM6,9,55,CarrotHyrax,76.4,5.0,2,True,0.001,
38BbM6,9,56,CarrotHyrax,76.4,5.0,1,True,0.001,
38BbM6,9,57,CarrotHyrax,76.4,5.0,0,True,0.001,
38BbM6,9,58,CarrotHyrax,76.4,5.0,1,True,0.001,
38BbM6,9,59,CarrotHyrax,76.4,5.0,2,True,0.001,
38BbM6,9,60,CarrotHyrax,76.4,5.0,1,True,0.001,
38BbM6,9,61,CarrotHyrax,76.4,5.0,0,True,0.001,
38BbM6,9,62,CarrotHyrax,76.4,5.0,1,True,0.001,
38BbM6,9,63,CarrotHyrax,63.3,5.0,1,True,0.001,
38BbM6,9,64,CarrotHyrax,63.3,5.0,0,True,0.001,
38BbM6,9,65,CarrotHyrax,63.3,5.0,1,True,0.001,
38BbM6,9,66,CarrotHyrax,63.3,5.0,1,True,0.001,
38BbM6,9,67,CarrotHyrax,63.3,5.0,1,True,0.001,
38BbM6,9,68,CarrotHyrax,63.3,5.0,0,True,0.001,
38BbM6,9,69,CarrotHyrax,63.3,5.0,1,True,0.001,
38BbM6,9,70,CarrotHyrax,63.3,5.0,1,True,0.001,
38BbM6,9,71,CarrotHyrax,63.3,5.0,0,True,0.001,
38BbM6,9,72,CarrotHyrax,63.3,5.0,0,True,0.001,
38BbM6,9,73,CarrotHyrax,69.7,5.0,0,True,0.002,
38BbM6,9,74,CarrotHyrax,69.7,5.0,0,True,0.001,
38BbM6,9,75,CarrotHyrax,69.7,5.0,1,True,0.001,
38BbM6,9,76,CarrotHyrax,69.7,5.0,0,True,0.001,
38BbM6,9,77,CarrotHyrax,69.7,5.0,0,True,0.001,
38BbM6,9,78,CarrotHyrax,69.7,5.0,0,True,0.001,
38BbM6,9,79,CarrotHyrax,69.7,5.0,0,True,0.001,
38BbM6,9,80,CarrotHyrax,69.7,5.0,0,True,0.001,
38BbM6,9,81,CarrotHyrax,69.7,5.0,1,True,0.001,
38BbM6,9,82,CarrotHyrax,69.7,5.0,1,True,0.001,
38BbM6,9,83,CarrotHyrax,67.3,5.0,0,True,0.001,
38BbM6,9,84,CarrotHyrax,67.3,5.0,2,True,0.001,
38BbM6,9,85,CarrotHyrax,67.3,5.0,0,True,0.001,
38BbM6,9,86,CarrotHyrax,67.3,5.0,3,True,0.001,
38BbM6,9,87,CarrotHyrax,67.3,5.0,0,True,0.001,
38BbM6,9,88,CarrotHyrax,67.3,5.0,2,True,0.001,
38BbM6,9,89,CarrotHyrax,67.3,5.0,1,True,0.001,
38BbM6,9,90,CarrotHyrax,67.3,5.0,1,True,0.001,
38BbM6,9,91,CarrotHyrax,67.3,5.0,0,True,0.001,
38BbM6,9,92,CarrotHyrax,67.3,5.0,1,True,0.001,
38BbM6,9,93,CarrotHyrax,36.7,5.0,0,True,0.001,
38BbM6,9,94,CarrotHyrax,36.7,5.0,0,True,0.001,
38BbM6,9,95,CarrotHyrax,36.7,5.0,0,True,0.001,
38BbM6,9,96,CarrotHyrax,36.7,5.0,0,True,0.001,
38BbM6,9,97,CarrotHyrax,36.7,5.0,0,True,0.001,
38BbM6,9,98,CarrotHyrax,36.7,5.0,0,True,0.001,
38BbM6,9,99,CarrotHyrax,36.7,5.0,2,True,0.001,
38BbM6,9,100,CarrotHyrax,36.7,5.0,0,True,0.001,
38BbM6,10,1,CarrotHyrax,36.7,58.0,1,True,0.0,
38BbM6,10,2,CarrotHyrax,46.4,66.6,0,True,0.001,
38BbM6,10,3,CarrotHyrax,46.4,64.4,0,True,0.001,
38BbM6,10,4,CarrotHyrax,46.4,59.7,0,True,0.001,
38BbM6,10,5,CarrotHyrax,46.4,53.5,0,True,0.001,
38BbM6,10,6,CarrotHyrax,46.4,46.8,0,True,0.001,
38BbM6,10,7,CarrotHyrax,46.4,40.6,0,True,0.001,
38BbM6,10,8,CarrotHyrax,46.4,34.8,0,True,0.001,
38BbM6,10,9,CarrotHyrax,46.4,29.5,1,True,0.001,
38BbM6,10,10,CarrotHyrax,46.4,26.2,0,True,0.001,
38BbM6,10,11,CarrotHyrax,46.4,23.1,0,True,0.001,
38BbM6,10,12,CarrotHyrax,30.3,20.2,0,True,0.001,
38BbM6,10,13,CarrotHyrax,30.3,17.5,0,True,0.001,
38BbM6,10,14,CarrotHyrax,30.3,15.0,0,True,0.001,
38BbM6,10,15,CarrotHyrax,30.3,12.8,0,True,0.001,
38BbM6,10,16,CarrotHyrax,30.3,10.9,0,True,0.001,
38BbM6,10,17,CarrotHyrax,30.3,9.2,0,True,0.001,
38BbM6,10,18,CarrotHyrax,30.3,7.8,0,True,0.001,
38BbM6,10,19,CarrotHyrax,30.3,6.5,1,True,0.001,
38BbM6,10,20,CarrotHyrax,30.3,5.6,0,True,0.001,
38BbM6,10,21,CarrotHyrax,30.3,5.0,1,True,0.001,
38BbM6,10,22,CarrotHyrax,73.3,5.0,0,True,0.001,
38BbM6,10,23,CarrotHyrax,73.3,5.0,0,True,0.001,
38BbM6,10,24,CarrotHyrax,73.3,5.0,0,True,0.001,
38BbM6,10,25,CarrotHyrax,73.3,5.0,0,True,0.001,
38BbM6,10,26,CarrotHyrax,73.3,5.0,1,True,0.001,
38BbM6,10,27,CarrotHyrax,73.3,5.0,1,True,0.001,
38BbM6,10,28,CarrotHyrax,73.3,5.0,0,True,0.001,
38BbM6,10,29,CarrotHyrax,73.3,5.0,0,True,0.001,
38BbM6,10,30,CarrotHyrax,73.3,5.0,0,True,0.002,
38BbM6,10,31,CarrotHyrax,73.3,5.0,1,True,0.001,
38BbM6,10,32,CarrotHyrax,30.3,5.0,0,True,0.001,
38BbM6,10,33,CarrotHyrax,30.3,5.0,2,True,0.001,
38BbM6,10,34,CarrotHyrax,30.3,5.0,0,True,0.001,
38BbM6,10,35,CarrotHyrax,30.3,5.0,0,True,0.001,
38BbM6,10,36,CarrotHyrax,30.3,5.0,0,True,0.001,
38BbM6,10,37,CarrotHyrax,30.3,5.0,0,True,0.001,
38BbM6,10,38,CarrotHyrax,30.3,5.0,0,True,0.001,
38BbM6,10,39,CarrotHyrax,30.3,5.0,0,True,0.001,
38BbM6,10,40,CarrotHyrax,30.3,5.0,0,True,0.001,
38BbM6,10,41,CarrotHyrax,30.3,5.0,0,True,0.001,
38BbM6,10,42,CarrotHyrax,33.5,5.0,0,True,0.001,
38BbM6,10,43,CarrotHyrax,33.5,5.0,0,True,0.001,
38BbM6,10,44,CarrotHyrax,33.5,5.0,1,True,0.001,
38BbM6,10,45,CarrotHyrax,33.5,5.0,1,True,0.001,
38BbM6,10,46,CarrotHyrax,33.5,5.0,1,True,0.001,
38BbM6,10,47,CarrotHyrax,33.5,5.0,1,True,0.001,
38BbM6,10,48,CarrotHyrax,33.5,5.0,1,True,0.001,
38BbM6,10,49,CarrotHyrax,33.5,5.0,1,True,0.001,
38BbM6,10,50,CarrotHyrax,33.5,5.0,0,True,0.001,
38BbM6,10,51,CarrotHyrax,33.5,5.0,0,True,0.002,
38BbM6,10,52,CarrotHyrax,47.0,5.0,0,True,0.001,
38BbM6,10,53,CarrotHyrax,47.0,5.0,0,True,0.001,
38BbM6,10,54,CarrotHyrax,47.0,5.0,0,True,0.001,
38BbM6,10,55,CarrotHyrax,47.0,5.0,0,True,0.001,
38BbM6,10,56,CarrotHyrax,47.0,5.0,0,True,0.001,
38BbM6,10,57,CarrotHyrax,47.0,5.0,0,True,0.001,
38BbM6,10,58,CarrotHyrax,47.0,5.0,1,True,0.001,
38BbM6,10,59,CarrotHyrax,47.0,5.0,0,True,0.001,
38BbM6,10,60,CarrotHyrax,47.0,5.0,1,True,0.001,
38BbM6,10,61,CarrotHyrax,47.0,5.0,0,True,0.001,
38BbM6,10,62,CarrotHyrax,39.3,5.0,0,True,0.001,
38BbM6,10,63,CarrotHyrax,39.3,5.0,0,True,0.001,
38BbM6,10,64,CarrotHyrax,39.3,5.0,0,True,0.001,
38BbM6,10,65,CarrotHyrax,39.3,5.0,0,True,0.001,
38BbM6,10,66,CarrotHyrax,39.3,5.0,0,True,0.001,
38BbM6,10,67,CarrotHyrax,39.3,5.0,1,True,0.004,
38BbM6,10,68,CarrotHyrax,39.3,5.0,1,True,0.001,
38BbM6,10,69,CarrotHyrax,39.3,5.0,0,True,0.001,
38BbM6,10,70,CarrotHyrax,39.3,5.0,0,True,0.001,
38BbM6,10,71,CarrotHyrax,39.3,5.0,0,True,0.001,
38BbM6,10,72,CarrotHyrax,59.3,5.0,1,True,0.001,
38BbM6,10,73,CarrotHyrax,59.3,5.0,0,True,0.001,
38BbM6,10,74,CarrotHyrax,59.3,5.0,3,True,0.001,
38BbM6,10,75,CarrotHyrax,59.3,5.0,0,True,0.001,
38BbM6,10,76,CarrotHyrax,59.3,5.0,0,True,0.002,
38BbM6,10,77,CarrotHyrax,59.3,5.0,0,True,0.001,
38BbM6,10,78,CarrotHyrax,59.3,5.0,1,True,0.001,
38BbM6,10,79,CarrotHyrax,59.3,5.0,1,True,0.001,
38BbM6,10,80,CarrotHyrax,59.3,5.0,2,True,0.001,
38BbM6,10,81,CarrotHyrax,59.3,5.0,0,True,0.001,
38BbM6,10,82,CarrotHyrax,48.2,5.0,1,True,0.001,
38BbM6,10,83,CarrotHyrax,48.2,5.0,1,True,0.001,
38BbM6,10,84,CarrotHyrax,48.2,5.0,0,True,0.001,
38BbM6,10,85,CarrotHyrax,48.2,5.0,0,True,0.002,
38BbM6,10,86,CarrotHyrax,48.2,5.0,0,True,0.001,
38BbM6,10,87,CarrotHyrax,48.2,5.0,0,True,0.001,
38BbM6,10,88,CarrotHyrax,48.2,5.0,1,True,0.001,
38BbM6,10,89,CarrotHyrax,48.2,5.0,0,True,0.001,
38BbM6,10,90,CarrotHyrax,48.2,5.0,4,True,0.001,
38BbM6,10,91,CarrotHyrax,48.2,5.0,1,True,0.001,
38BbM6,10,92,CarrotHyrax,70.1,5.0,1,True,0.001,
38BbM6,10,93,CarrotHyrax,70.1,5.0,0,True,0.001,
38BbM6,10,94,CarrotHyrax,70.1,5.0,0,True,0.001,
38BbM6,10,95,CarrotHyrax,70.1,5.0,0,True,0.001,
38BbM6,10,96,CarrotHyrax,70.1,5.0,1,True,0.001,
38BbM6,10,97,CarrotHyrax,70.1,5.0,1,True,0.001,
38BbM6,10,98,CarrotHyrax,70.1,5.0,0,True,0.001,
38BbM6,10,99,CarrotHyrax,70.1,5.0,0,True,0.001,
38BbM6,10,100,CarrotHyrax,70.1,5.0,0,True,0.001,
38BbM6,11,1,CarrotHyrax,40.0,60.0,0,True,0.0,
38BbM6,11,2,CarrotHyrax,40.0,48.0,0,True,0.001,
38BbM6,11,3,CarrotHyrax,40.0,38.4,0,True,0.001,
38BbM6,11,4,CarrotHyrax,40.0,30.7,0,True,0.001,
38BbM6,11,5,CarrotHyrax,40.0,24.6,0,True,0.001,
38BbM6,11,6,CarrotHyrax,40.0,19.7,0,True,0.001,
38BbM6,11,7,CarrotHyrax,40.0,15.7,0,True,0.001,
38BbM6,11,8,CarrotHyrax,40.0,12.6,1,True,0.001,
38BbM6,11,9,CarrotHyrax,40.0,10.7,0,True,0.001,
38BbM6,11,10,CarrotHyrax,40.0,9.0,0,True,0.001,
38BbM6,11,11,CarrotHyrax,63.1,7.6,0,True,0.001,
38BbM6,11,12,CarrotHyrax,63.1,6.3,0,True,0.001,
38BbM6,11,13,CarrotHyrax,63.1,5.3,0,True,0.001,
38BbM6,11,14,CarrotHyrax,63.1,5.0,1,True,0.001,
38BbM6,11,15,CarrotHyrax,63.1,5.0,0,True,0.001,
38BbM6,11,16,CarrotHyrax,63.1,5.0,0,True,0.001,
38BbM6,11,17,CarrotHyrax,63.1,5.0,0,True,0.001,
38BbM6,11,18,CarrotHyrax,63.1,5.0,1,True,0.001,
38BbM6,11,19,CarrotHyrax,63.1,5.0,1,True,0.001,
38BbM6,11,20,CarrotHyrax,63.1,5.0,0,True,0.001,
38BbM6,11,21,CarrotHyrax,65.7,5.0,2,True,0.001,
38BbM6,11,22,CarrotHyrax,65.7,5.0,0,True,0.001,
38BbM6,11,23,CarrotHyrax,65.7,5.0,0,True,0.001,
38BbM6,11,24,CarrotHyrax,65.7,5.0,0,True,0.001,
38BbM6,11,25,CarrotHyrax,65.7,5.0,0,True,0.001,
38BbM6,11,26,CarrotHyrax,65.7,5.0,1,True,0.001,
38BbM6,11,27,CarrotHyrax,65.7,5.0,0,True,0.001,
38BbM6,11,28,CarrotHyrax,65.7,5.0,0,True,0.001,
38BbM6,11,29,CarrotHyrax,65.7,5.0,0,True,0.001,
38BbM6,11,30,CarrotHyrax,65.7,5.0,2,True,0.001,
38BbM6,11,31,CarrotHyrax,74.7,5.0,2,True,0.001,
38BbM6,11,32,CarrotHyrax,74.7,5.0,1,True,0.001,
38BbM6,11,33,CarrotHyrax,74.7,5.0,0,True,0.001,
38BbM6,11,34,CarrotHyrax,74.7,5.0,0,True,0.001,
38BbM6,11,35,CarrotHyrax,74.7,5.0,1,True,0.001,
38BbM6,11,36,CarrotHyrax,74.7,5.0,0,True,0.001,
38BbM6,11,37,CarrotHyrax,74.7,5.0,1,True,0.002,
38BbM6,11,38,CarrotHyrax,74.7,5.0,0,True,0.002,
38BbM6,11,39,CarrotHyrax,74.7,5.0,0,True,0.006,
38BbM6,11,40,CarrotHyrax,74.7,5.0,3,True,0.001,
38BbM6,11,41,CarrotHyrax,48.6,5.0,0,True,0.001,
38BbM6,11,42,CarrotHyrax,48.6,5.0,0,True,0.001,
38BbM6,11,43,CarrotHyrax,48.6,5.0,0,True,0.003,
38BbM6,11,44,CarrotHyrax,48.6,5.0,1,True,0.001,
38BbM6,11,45,CarrotHyrax,48.6,5.0,1,True,0.001,
38BbM6,11,46,CarrotHyrax,48.6,5.0,0,True,0.001,
38BbM6,11,47,CarrotHyrax,48.6,5.0,0,True,0.001,
38BbM6,11,48,CarrotHyrax,48.6,5.0,1,True,0.001,
38BbM6,11,49,CarrotHyrax,48.6,5.0,0,True,0.001,
38BbM6,11,50,CarrotHyrax,48.6,5.0,0,True,0.001,
38BbM6,11,51,CarrotHyrax,35.7,5.0,0,True,0.001,
38BbM6,11,52,CarrotHyrax,35.7,5.0,0,True,0.001,
38BbM6,11,53,CarrotHyrax,35.7,5.0,0,True,0.001,
38BbM6,11,54,CarrotHyrax,35.7,5.0,0,True,0.001,
38BbM6,11,55,CarrotHyrax,35.7,5.0,0,True,0.001,
38BbM6,11,56,CarrotHyrax,35.7,5.0,1,True,0.001,
38BbM6,11,57,CarrotHyrax,35.7,5.0,0,True,0.001,
38BbM6,11,58,CarrotHyrax,35.7,5.0,0,True,0.001,
38BbM6,11,59,CarrotHyrax,35.7,5.0,1,True,0.001,
38BbM6,11,60,CarrotHyrax,35.7,5.0,1,True,0.002,
38BbM6,11,61,CarrotHyrax,74.0,5.0,1,True,0.001,
38BbM6,11,62,CarrotHyrax,74.0,5.0,0,True,0.001,
38BbM6,11,63,CarrotHyrax,74.0,5.0,0,True,0.001,
38BbM6,11,64,CarrotHyrax,74.0,5.0,2,True,0.001,
38BbM6,11,65,CarrotHyrax,74.0,5.0,1,True,0.001,
38BbM6,11,66,CarrotHyrax,74.0,5.0,0,True,0.001,
38BbM6,11,67,CarrotHyrax,74.0,5.0,1,True,0.001,
38BbM6,11,68,CarrotHyrax,74.0,5.0,0,True,0.001,
38BbM6,11,69,CarrotHyrax,74.0,5.0,0,True,0.001,
38BbM6,11,70,CarrotHyrax,74.0,5.0,1,True,0.001,
38BbM6,11,71,CarrotHyrax,36.8,5.0,2,True,0.001,
38BbM6,11,72,CarrotHyrax,36.8,5.0,0,True,0.001,
38BbM6,11,73,CarrotHyrax,36.8,5.0,0,True,0.002,
38BbM6,11,74,CarrotHyrax,36.8,5.0,0,True,0.001,
38BbM6,11,75,CarrotHyrax,36.8,5.0,1,True,0.001,
38BbM6,11,76,CarrotHyrax,36.8,5.0,1,True,0.001,
38BbM6,11,77,CarrotHyrax,36.8,5.0,1,True,0.001,
38BbM6,11,78,CarrotHyrax,36.8,5.0,0,True,0.001,
38BbM6,11,79,CarrotHyrax,36.8,5.0,1,True,0.001,
38BbM6,11,80,CarrotHyrax,36.8,5.0,1,True,0.001,
38BbM6,11,81,CarrotHyrax,30.9,5.0,0,True,0.001,
38BbM6,11,82,CarrotHyrax,30.9,5.0,0,True,0.001,
38BbM6,11,83,CarrotHyrax,30.9,5.0,1,True,0.001,
38BbM6,11,84,CarrotHyrax,30.9,5.0,0,True,0.001,
38BbM6,11,85,CarrotHyrax,30.9,5.0,1,True,0.001,
38BbM6,11,86,CarrotHyrax,30.9,5.0,0,True,0.001,
38BbM6,11,87,CarrotHyrax,30.9,5.0,0,True,0.001,
38BbM6,11,88,CarrotHyrax,30.9,5.0,1,True,0.001,
38BbM6,11,89,CarrotHyrax,30.9,5.0,0,True,0.001,
38BbM6,11,90,CarrotHyrax,30.9,5.0,0,True,0.001,
38BbM6,11,91,CarrotHyrax,71.5,5.0,0,True,0.001,
38BbM6,11,92,CarrotHyrax,71.5,5.0,1,True,0.001,
38BbM6,11,93,CarrotHyrax,71.5,5.0,0,True,0.001,
38BbM6,11,94,CarrotHyrax,71.5,5.0,0,True,0.001,
38BbM6,11,95,CarrotHyrax,71.5,5.0,0,True,0.001,
38BbM6,11,96,CarrotHyrax,71.5,5.0,0,True,0.001,
38BbM6,11,97,CarrotHyrax,71.5,5.0,0,True,0.001,
38BbM6,11,98,CarrotHyrax,71.5,5.0,0,True,0.001,
38BbM6,11,99,CarrotHyrax,71.5,5.0,1,True,0.001,
38BbM6,11,100,CarrotHyrax,71.5,5.0,2,True,0.001,
38BbM6,12,1,CarrotHyrax,38.1,89.0,0,True,0.0,
38BbM6,12,2,CarrotHyrax,38.1,71.2,0,True,0.001,
38BbM6,12,3,CarrotHyrax,38.1,57.0,0,True,0.001,
38BbM6,12,4,CarrotHyrax,38.1,45.6,0,True,0.001,
38BbM6,12,5,CarrotHyrax,38.1,36.5,0,True,0.001,
38BbM6,12,6,CarrotHyrax,38.1,29.2,0,True,0.001,
38BbM6,12,7,CarrotHyrax,38.1,23.3,0,True,0.001,
38BbM6,12,8,CarrotHyrax,38.1,18.7,1,True,0.001,
38BbM6,12,9,CarrotHyrax,38.1,15.8,0,True,0.001,
38BbM6,12,10,CarrotHyrax,74.2,13.4,0,True,0.001,
38BbM6,12,11,CarrotHyrax,74.2,11.2,1,True,0.001,
38BbM6,12,12,CarrotHyrax,74.2,9.8,0,True,0.001,
38BbM6,12,13,CarrotHyrax,74.2,8.5,1,True,0.001,
38BbM6,12,14,CarrotHyrax,74.2,7.6,0,True,0.001,
38BbM6,12,15,CarrotHyrax,74.2,6.7,0,True,0.001,
38BbM6,12,16,CarrotHyrax,74.2,5.8,0,True,0.001,
38BbM6,12,17,CarrotHyrax,74.2,5.1,0,True,0.001,
38BbM6,12,18,CarrotHyrax,74.2,5.0,0,True,0.001,
38BbM6,12,19,CarrotHyrax,74.2,5.0,1,True,0.001,
38BbM6,12,20,CarrotHyrax,30.5,5.0,0,True,0.001,
38BbM6,12,21,CarrotHyrax,30.5,5.0,0,True,0.001,
38BbM6,12,22,CarrotHyrax,30.5,5.0,0,True,0.001,
38BbM6,12,23,CarrotHyrax,30.5,5.0,0,True,0.001,
38BbM6,12,24,CarrotHyrax,30.5,5.0,0,True,0.002,
38BbM6,12,25,CarrotHyrax,30.5,5.0,1,True,0.001,
38BbM6,12,26,CarrotHyrax,30.5,5.0,2,True,0.001,
38BbM6,12,27,CarrotHyrax,30.5,5.0,0,True,0.001,
38BbM6,12,28,CarrotHyrax,30.5,5.0,0,True,0.001,
38BbM6,12,29,CarrotHyrax,30.5,5.0,0,True,0.001,
38BbM6,12,30,CarrotHyrax,78.7,5.0,0,True,0.001,
38BbM6,12,31,CarrotHyrax,78.7,5.0,1,True,0.001,
38BbM6,12,32,CarrotHyrax,78.7,5.0,0,True,0.002,
38BbM6,12,33,CarrotHyrax,78.7,5.0,0,True,0.001,
38BbM6,12,34,CarrotHyrax,78.7,5.0,1,True,0.001,
38BbM6,12,35,CarrotHyrax,78.7,5.0,0,True,0.001,
38BbM6,12,36,CarrotHyrax,78.7,5.0,0,True,0.001,
38BbM6,12,37,CarrotHyrax,78.7,5.0,0,True,0.002,
38BbM6,12,38,CarrotHyrax,78.7,5.0,0,True,0.001,
38BbM6,12,39,CarrotHyrax,78.7,5.0,1,True,0.001,
38BbM6,12,40,CarrotHyrax,41.7,5.0,1,True,0.002,
38BbM6,12,41,CarrotHyrax,41.7,5.0,1,True,0.001,
38BbM6,12,42,CarrotHyrax,41.7,5.0,0,True,0.001,
38BbM6,12,43,CarrotHyrax,41.7,5.0,1,True,0.001,
38BbM6,12,44,CarrotHyrax,41.7,5.0,0,True,0.001,
38BbM6,12,45,CarrotHyrax,41.7,5.0,0,True,0.001,
38BbM6,12,46,CarrotHyrax,41.7,5.0,0,True,0.001,
38BbM6,12,47,CarrotHyrax,41.7,5.0,1,True,0.001,
38BbM6,12,48,CarrotHyrax,41.7,5.0,0,True,0.001,
38BbM6,12,49,CarrotHyrax,41.7,5.0,0,True,0.001,
38BbM6,12,50,CarrotHyrax,31.2,5.0,2,True,0.001,
38BbM6,12,51,CarrotHyrax,31.2,5.0,0,True,0.001,
38BbM6,12,52,CarrotHyrax,31.2,5.0,3,True,0.002,
38BbM6,12,53,CarrotHyrax,31.2,5.0,0,True,0.001,
38BbM6,12,54,CarrotHyrax,31.2,5.0,0,True,0.001,
38BbM6,12,55,CarrotHyrax,31.2,5.0,2,True,0.001,
38BbM6,12,56,CarrotHyrax,31.2,5.0,0,True,0.001,
38BbM6,12,57,CarrotHyrax,31.2,5.0,1,True,0.001,
38BbM6,12,58,CarrotHyrax,31.2,5.0,0,True,0.001,
38BbM6,12,59,CarrotHyrax,31.2,5.0,0,True,0.001,
38BbM6,12,60,CarrotHyrax,57.5,5.0,0,True,0.001,
38BbM6,12,61,CarrotHyrax,57.5,5.0,1,True,0.001,
38BbM6,12,62,CarrotHyrax,57.5,5.0,0,True,0.001,
38BbM6,12,63,CarrotHyrax,57.5,5.0,1,True,0.001,
38BbM6,12,64,CarrotHyrax,57.5,5.0,0,True,0.001,
38BbM6,12,65,CarrotHyrax,57.5,5.0,0,True,0.001,
38BbM6,12,66,CarrotHyrax,57.5,5.0,0,True,0.001,
38BbM6,12,67,CarrotHyrax,57.5,5.0,1,True,0.001,
38BbM6,12,68,CarrotHyrax,57.5,5.0,1,True,0.001,
38BbM6,12,69,CarrotHyrax,57.5,5.0,1,True,0.001,
38BbM6,12,70,CarrotHyrax,59.4,5.0,0,True,0.001,
38BbM6,12,71,CarrotHyrax,59.4,5.0,1,True,0.001,
38BbM6,12,72,CarrotHyrax,59.4,5.0,2,True,0.001,
38BbM6,12,73,CarrotHyrax,59.4,5.0,1,True,0.001,
38BbM6,12,74,CarrotHyrax,59.4,5.0,0,True,0.001,
38BbM6,12,75,CarrotHyrax,59.4,5.0,0,True,0.001,
38BbM6,12,76,CarrotHyrax,59.4,5.0,0,True,0.001,
38BbM6,12,77,CarrotHyrax,59.4,5.0,0,True,0.001,
38BbM6,12,78,CarrotHyrax,59.4,5.0,0,True,0.001,
38BbM6,12,79,CarrotHyrax,59.4,5.0,1,True,0.001,
38BbM6,12,80,CarrotHyrax,77.7,5.0,2,True,0.001,
38BbM6,12,81,CarrotHyrax,77.7,5.0,0,True,0.001,
38BbM6,12,82,CarrotHyrax,77.7,5.0,1,True,0.001,
38BbM6,12,83,CarrotHyrax,77.7,5.0,0,True,0.001,
38BbM6,12,84,CarrotHyrax,77.7,5.0,0,True,0.001,
38BbM6,12,85,CarrotHyrax,77.7,5.0,0,True,0.001,
38BbM6,12,86,CarrotHyrax,77.7,5.0,0,True,0.001,
38BbM6,12,87,CarrotHyrax,77.7,5.0,0,True,0.001,
38BbM6,12,88,CarrotHyrax,77.7,5.0,0,True,0.001,
38BbM6,12,89,CarrotHyrax,77.7,5.0,1,True,0.001,
38BbM6,12,90,CarrotHyrax,71.7,5.0,1,True,0.001,
38BbM6,12,91,CarrotHyrax,71.7,5.0,0,True,0.019,
38BbM6,12,92,CarrotHyrax,71.7,5.0,0,True,0.001,
38BbM6,12,93,CarrotHyrax,71.7,5.0,1,True,0.001,
38BbM6,12,94,CarrotHyrax,71.7,5.0,0,True,0.001,
38BbM6,12,95,CarrotHyrax,71.7,5.0,2,True,0.001,
38BbM6,12,96,CarrotHyrax,71.7,5.0,1,True,0.001,
38BbM6,12,97,CarrotHyrax,71.7,5.0,0,True,0.001,
38BbM6,12,98,CarrotHyrax,71.7,5.0,2,True,0.001,
38BbM6,12,99,CarrotHyrax,71.7,5.0,1,True,0.001,
38BbM6,12,100,CarrotHyrax,49.4,5.0,3,True,0.001,
38BbM6,13,1,CarrotHyrax,49.4,31.0,1,True,0.0,
38BbM6,13,2,CarrotHyrax,49.4,35.6,0,True,0.001,
38BbM6,13,3,CarrotHyrax,49.4,34.4,1,True,0.006,
38BbM6,13,4,CarrotHyrax,49.4,36.3,1,True,0.017,
38BbM6,13,5,CarrotHyrax,49.4,39.5,2,True,0.001,
38BbM6,13,6,CarrotHyrax,49.4,46.3,0,True,0.01,
38BbM6,13,7,CarrotHyrax,49.4,52.5,0,True,0.003,
38BbM6,13,8,CarrotHyrax,49.4,56.9,0,True,0.006,
38BbM6,13,9,CarrotHyrax,70.8,59.5,1,True,0.025,
38BbM6,13,10,CarrotHyrax,70.8,63.4,2,True,0.102,
38BbM6,13,11,CarrotHyrax,70.8,71.3,0,True,0.022,
38BbM6,13,12,CarrotHyrax,70.8,78.3,0,True,0.004,
38BbM6,13,13,CarrotHyrax,70.8,83.2,0,True,0.002,
38BbM6,13,14,CarrotHyrax,70.8,86.3,0,True,0.005,
38BbM6,13,15,CarrotHyrax,70.8,87.6,0,True,0.003,
38BbM6,13,16,CarrotHyrax,70.8,87.4,0,True,0.006,
38BbM6,13,17,CarrotHyrax,70.8,85.8,0,True,0.003,
38BbM6,13,18,CarrotHyrax,70.8,83.5,0,True,0.004,
38BbM6,13,19,CarrotHyrax,37.3,80.7,0,True,0.004,
38BbM6,13,20,CarrotHyrax,37.3,77.3,0,True,0.011,
38BbM6,13,21,CarrotHyrax,37.3,73.6,0,True,0.009,
38BbM6,13,22,CarrotHyrax,37.3,69.5,0,True,0.001,
38BbM6,13,23,CarrotHyrax,37.3,65.2,0,True,0.002,
38BbM6,13,24,CarrotHyrax,37.3,60.7,0,True,0.001,
38BbM6,13,25,CarrotHyrax,37.3,56.1,0,True,0.014,
38BbM6,13,26,CarrotHyrax,37.3,51.6,0,True,0.001,
38BbM6,13,27,CarrotHyrax,37.3,47.3,0,True,0.001,
38BbM6,13,28,CarrotHyrax,37.3,43.0,0,True,0.001,
38BbM6,13,29,CarrotHyrax,62.2,39.0,0,True,0.002,
38BbM6,13,30,CarrotHyrax,62.2,35.2,1,True,0.002,
38BbM6,13,31,CarrotHyrax,62.2,32.0,0,True,0.001,
38BbM6,13,32,CarrotHyrax,62.2,29.1,1,True,0.002,
38BbM6,13,33,CarrotHyrax,62.2,26.6,0,True,0.001,
38BbM6,13,34,CarrotHyrax,62.2,24.3,0,True,0.001,
38BbM6,13,35,CarrotHyrax,62.2,22.1,0,True,0.002,
38BbM6,13,36,CarrotHyrax,62.2,20.1,0,True,0.008,
38BbM6,13,37,CarrotHyrax,62.2,18.1,1,True,0.002,
38BbM6,13,38,CarrotHyrax,62.2,16.5,0,True,0.001,
38BbM6,13,39,CarrotHyrax,69.0,15.0,1,True,0.002,
38BbM6,13,40,CarrotHyrax,69.0,13.8,1,True,0.001,
38BbM6,13,41,CarrotHyrax,69.0,12.7,1,True,0.001,
38BbM6,13,42,CarrotHyrax,69.0,11.8,1,True,0.002,
38BbM6,13,43,CarrotHyrax,69.0,11.0,0,True,0.001,
38BbM6,13,44,CarrotHyrax,69.0,10.3,2,True,0.002,
38BbM6,13,45,CarrotHyrax,69.0,9.8,2,True,0.001,
38BbM6,13,46,CarrotHyrax,69.0,9.4,1,True,0.001,
38BbM6,13,47,CarrotHyrax,69.0,9.0,0,True,0.001,
38BbM6,13,48,CarrotHyrax,69.0,8.7,1,True,0.001,
38BbM6,13,49,CarrotHyrax,56.5,8.4,2,True,0.001,
38BbM6,13,50,CarrotHyrax,56.5,8.3,0,True,0.001,
38BbM6,13,51,CarrotHyrax,56.5,8.1,1,True,0.001,
38BbM6,13,52,CarrotHyrax,56.5,7.9,1,True,0.001,
38BbM6,13,53,CarrotHyrax,56.5,7.7,1,True,0.001,
38BbM6,13,54,CarrotHyrax,56.5,7.6,1,True,0.001,
38BbM6,13,55,CarrotHyrax,56.5,7.5,0,True,0.001,
38BbM6,13,56,CarrotHyrax,56.5,7.3,1,True,0.001,
38BbM6,13,57,CarrotHyrax,56.5,7.2,0,True,0.001,
38BbM6,13,58,CarrotHyrax,56.5,7.1,1,True,0.002,
38BbM6,13,59,CarrotHyrax,68.4,6.9,0,True,0.001,
38BbM6,13,60,CarrotHyrax,68.4,6.8,2,True,0.001,
38BbM6,13,61,CarrotHyrax,68.4,6.7,0,True,0.001,
38BbM6,13,62,CarrotHyrax,68.4,6.5,1,True,0.001,
38BbM6,13,63,CarrotHyrax,68.4,6.4,0,True,0.001,
38BbM6,13,64,CarrotHyrax,68.4,6.3,0,True,0.001,
38BbM6,13,65,CarrotHyrax,68.4,6.1,0,True,0.001,
38BbM6,13,66,CarrotHyrax,68.4,5.9,0,True,0.001,
38BbM6,13,67,CarrotHyrax,68.4,5.7,1,True,0.001,
38BbM6,13,68,CarrotHyrax,68.4,5.4,0,True,0.001,
38BbM6,13,69,CarrotHyrax,44.6,5.2,1,True,0.001,
38BbM6,13,70,CarrotHyrax,44.6,5.0,0,True,0.001,
38BbM6,13,71,CarrotHyrax,44.6,5.0,1,True,0.002,
38BbM6,13,72,CarrotHyrax,44.6,5.0,0,True,0.002,
38BbM6,13,73,CarrotHyrax,44.6,5.0,0,True,0.001,
38BbM6,13,74,CarrotHyrax,44.6,5.0,1,True,0.001,
38BbM6,13,75,CarrotHyrax,44.6,5.0,0,True,0.002,
38BbM6,13,76,CarrotHyrax,44.6,5.0,1,True,0.001,
38BbM6,13,77,CarrotHyrax,44.6,5.0,0,True,0.003,
38BbM6,13,78,CarrotHyrax,44.6,5.0,0,True,0.001,
38BbM6,13,79,CarrotHyrax,36.6,5.0,0,True,0.002,
38BbM6,13,80,CarrotHyrax,36.6,5.0,1,True,0.001,
38BbM6,13,81,CarrotHyrax,36.6,5.0,2,True,0.001,
38BbM6,13,82,CarrotHyrax,36.6,5.0,2,True,0.001,
38BbM6,13,83,CarrotHyrax,36.6,5.0,0,True,0.001,
38BbM6,13,84,CarrotHyrax,36.6,5.0,0,True,0.001,
38BbM6,13,85,CarrotHyrax,36.6,5.0,0,True,0.001,
38BbM6,13,86,CarrotHyrax,36.6,5.0,1,True,0.001,
38BbM6,13,87,CarrotHyrax,36.6,5.0,0,True,0.001,
38BbM6,13,88,CarrotHyrax,36.6,5.0,1,True,0.001,
38BbM6,13,89,CarrotHyrax,37.0,5.0,0,True,0.001,
38BbM6,13,90,CarrotHyrax,37.0,5.0,0,True,0.001,
38BbM6,13,91,CarrotHyrax,37.0,5.0,1,True,0.001,
38BbM6,13,92,CarrotHyrax,37.0,5.0,1,True,0.001,
38BbM6,13,93,CarrotHyrax,37.0,5.0,0,True,0.001,
38BbM6,13,94,CarrotHyrax,37.0,5.0,0,True,0.001,
38BbM6,13,95,CarrotHyrax,37.0,5.0,0,True,0.001,
38BbM6,13,96,CarrotHyrax,37.0,5.0,1,True,0.001,
38BbM6,13,97,CarrotHyrax,37.0,5.0,1,True,0.001,
38BbM6,13,98,CarrotHyrax,37.0,5.0,0,True,0.003,
38BbM6,13,99,CarrotHyrax,58.5,5.0,2,True,0.001,
38BbM6,13,100,CarrotHyrax,58.5,5.0,0,True,0.001,
38BbM6,14,1,CarrotHyrax,58.5,62.0,0,True,0.0,
38BbM6,14,2,CarrotHyrax,58.5,49.6,0,True,0.001,
38BbM6,14,3,CarrotHyrax,58.5,39.7,0,True,0.001,
38BbM6,14,4,CarrotHyrax,58.5,31.7,0,True,0.001,
38BbM6,14,5,CarrotHyrax,58.5,25.4,0,True,0.001,
38BbM6,14,6,CarrotHyrax,58.5,20.3,0,True,0.001,
38BbM6,14,7,CarrotHyrax,58.5,16.3,0,True,0.001,
38BbM6,14,8,CarrotHyrax,71.0,13.0,1,True,0.001,
38BbM6,14,9,CarrotHyrax,71.0,11.0,0,True,0.001,
38BbM6,14,10,CarrotHyrax,71.0,9.3,1,True,0.001,
38BbM6,14,11,CarrotHyrax,71.0,8.2,1,True,0.001,
38BbM6,14,12,CarrotHyrax,71.0,7.5,1,True,0.001,
38BbM6,14,13,CarrotHyrax,71.0,7.0,0,True,0.001,
38BbM6,14,14,CarrotHyrax,71.0,6.4,0,True,0.001,
38BbM6,14,15,CarrotHyrax,71.0,5.8,1,True,0.001,
38BbM6,14,16,CarrotHyrax,71.0,5.4,0,True,0.001,
38BbM6,14,17,CarrotHyrax,71.0,5.0,0,True,0.001,
38BbM6,14,18,CarrotHyrax,45.3,5.0,1,True,0.001,
38BbM6,14,19,CarrotHyrax,45.3,5.0,1,True,0.001,
38BbM6,14,20,CarrotHyrax,45.3,5.0,0,True,0.001,
38BbM6,14,21,CarrotHyrax,45.3,5.0,0,True,0.001,
38BbM6,14,22,CarrotHyrax,45.3,5.0,0,True,0.001,
38BbM6,14,23,CarrotHyrax,45.3,5.0,1,True,0.001,
38BbM6,14,24,CarrotHyrax,45.3,5.0,0,True,0.001,
38BbM6,14,25,CarrotHyrax,45.3,5.0,0,True,0.001,
38BbM6,14,26,CarrotHyrax,45.3,5.0,0,True,0.001,
38BbM6,14,27,CarrotHyrax,45.3,5.0,0,True,0.001,
38BbM6,14,28,CarrotHyrax,60.3,5.0,0,True,0.001,
38BbM6,14,29,CarrotHyrax,60.3,5.0,0,True,0.001,
38BbM6,14,30,CarrotHyrax,60.3,5.0,0,True,0.001,
38BbM6,14,31,CarrotHyrax,60.3,5.0,1,True,0.001,
38BbM6,14,32,CarrotHyrax,60.3,5.0,2,True,0.001,
38BbM6,14,33,CarrotHyrax,60.3,5.0,0,True,0.001,
38BbM6,14,34,CarrotHyrax,60.3,5.0,1,True,0.001,
38BbM6,14,35,CarrotHyrax,60.3,5.0,0,True,0.001,
38BbM6,14,36,CarrotHyrax,60.3,5.0,0,True,0.001,
38BbM6,14,37,CarrotHyrax,60.3,5.0,1,True,0.001,
38BbM6,14,38,CarrotHyrax,73.6,5.0,0,True,0.001,
38BbM6,14,39,CarrotHyrax,73.6,5.0,0,True,0.001,
38BbM6,14,40,CarrotHyrax,73.6,5.0,1,True,0.001,
38BbM6,14,41,CarrotHyrax,73.6,5.0,0,True,0.001,
38BbM6,14,42,CarrotHyrax,73.6,5.0,3,True,0.001,
38BbM6,14,43,CarrotHyrax,73.6,5.0,0,True,0.001,
38BbM6,14,44,CarrotHyrax,73.6,5.0,0,True,0.001,
38BbM6,14,45,CarrotHyrax,73.6,5.0,0,True,0.001,
38BbM6,14,46,CarrotHyrax,73.6,5.0,1,True,0.001,
38BbM6,14,47,CarrotHyrax,73.6,5.0,0,True,0.001,
38BbM6,14,48,CarrotHyrax,55.5,5.0,0,True,0.001,
38BbM6,14,49,CarrotHyrax,55.5,5.0,0,True,0.001,
38BbM6,14,50,CarrotHyrax,55.5,5.0,0,True,0.001,
38BbM6,14,51,CarrotHyrax,55.5,5.0,0,True,0.001,
38BbM6,14,52,CarrotHyrax,55.5,5.0,1,True,0.001,
38BbM6,14,53,CarrotHyrax,55.5,5.0,0,True,0.001,
38BbM6,14,54,CarrotHyrax,55.5,5.0,0,True,0.001,
38BbM6,14,55,CarrotHyrax,55.5,5.0,1,True,0.001,
38BbM6,14,56,CarrotHyrax,55.5,5.0,0,True,0.001,
38BbM6,14,57,CarrotHyrax,55.5,5.0,1,True,0.001,
38BbM6,14,58,CarrotHyrax,30.1,5.0,1,True,0.001,
38BbM6,14,59,CarrotHyrax,30.1,5.0,0,True,0.001,
38BbM6,14,60,CarrotHyrax,30.1,5.0,1,True,0.001,
38BbM6,14,61,CarrotHyrax,30.1,5.0,0,True,0.001,
38BbM6,14,62,CarrotHyrax,30.1,5.0,0,True,0.001,
38BbM6,14,63,CarrotHyrax,30.1,5.0,0,True,0.001,
38BbM6,14,64,CarrotHyrax,30.1,5.0,0,True,0.001,
38BbM6,14,65,CarrotHyrax,30.1,5.0,0,True,0.001,
38BbM6,14,66,CarrotHyrax,30.1,5.0,1,True,0.001,
38BbM6,14,67,CarrotHyrax,30.1,5.0,0,True,0.001,
38BbM6,14,68,CarrotHyrax,34.0,5.0,1,True,0.001,
38BbM6,14,69,CarrotHyrax,34.0,5.0,0,True,0.001,
38BbM6,14,70,CarrotHyrax,34.0,5.0,0,True,0.001,
38BbM6,14,71,CarrotHyrax,34.0,5.0,1,True,0.001,
38BbM6,14,72,CarrotHyrax,34.0,5.0,1,True,0.002,
38BbM6,14,73,CarrotHyrax,34.0,5.0,1,True,0.001,
38BbM6,14,74,CarrotHyrax,34.0,5.0,1,True,0.001,
38BbM6,14,75,CarrotHyrax,34.0,5.0,0,True,0.001,
38BbM6,14,76,CarrotHyrax,34.0,5.0,1,True,0.001,
38BbM6,14,77,CarrotHyrax,34.0,5.0,1,True,0.001,
38BbM6,14,78,CarrotHyrax,32.5,5.0,0,True,0.001,
38BbM6,14,79,CarrotHyrax,32.5,5.0,1,True,0.001,
38BbM6,14,80,CarrotHyrax,32.5,5.0,1,True,0.001,
38BbM6,14,81,CarrotHyrax,32.5,5.0,1,True,0.001,
38BbM6,14,82,CarrotHyrax,32.5,5.0,0,True,0.001,
38BbM6,14,83,CarrotHyrax,32.5,5.0,2,True,0.001,
38BbM6,14,84,CarrotHyrax,32.5,5.0,0,True,0.001,
38BbM6,14,85,CarrotHyrax,32.5,5.0,0,True,0.003,
38BbM6,14,86,CarrotHyrax,32.5,5.0,0,True,0.001,
38BbM6,14,87,CarrotHyrax,32.5,5.0,1,True,0.002,
38BbM6,14,88,CarrotHyrax,65.0,5.0,0,True,0.001,
38BbM6,14,89,CarrotHyrax,65.0,5.0,3,True,0.004,
38BbM6,14,90,CarrotHyrax,65.0,5.0,0,True,0.001,
38BbM6,14,91,CarrotHyrax,65.0,5.0,0,True,0.001,
38BbM6,14,92,CarrotHyrax,65.0,5.0,1,True,0.001,
38BbM6,14,93,CarrotHyrax,65.0,5.0,2,True,0.003,
38BbM6,14,94,CarrotHyrax,65.0,5.0,3,True,0.001,
38BbM6,14,95,CarrotHyrax,65.0,5.0,1,True,0.001,
38BbM6,14,96,CarrotHyrax,65.0,5.0,0,True,0.001,
38BbM6,14,97,CarrotHyrax,65.0,5.0,1,True,0.001,
38BbM6,14,98,CarrotHyrax,30.3,5.0,0,True,0.001,
38BbM6,14,99,CarrotHyrax,30.3,5.0,0,True,0.001,
38BbM6,14,100,CarrotHyrax,30.3,5.0,1,True,0.001,
38BbM6,15,1,CarrotHyrax,30.3,71.0,0,True,0.0,
38BbM6,15,2,CarrotHyrax,30.3,56.8,0,True,0.001,
38BbM6,15,3,CarrotHyrax,30.3,45.4,0,True,0.001,
38BbM6,15,4,CarrotHyrax,30.3,36.4,0,True,0.001,
38BbM6,15,5,CarrotHyrax,30.3,29.1,1,True,0.001,
38BbM6,15,6,CarrotHyrax,30.3,25.4,0,True,0.001,
38BbM6,15,7,CarrotHyrax,79.4,22.0,1,True,0.001,
38BbM6,15,8,CarrotHyrax,79.4,20.1,1,True,0.001,
38BbM6,15,9,CarrotHyrax,79.4,19.1,0,True,0.001,
38BbM6,15,10,CarrotHyrax,79.4,17.8,0,True,0.001,
38BbM6,15,11,CarrotHyrax,79.4,16.4,1,True,0.001,
38BbM6,15,12,CarrotHyrax,79.4,15.6,0,True,0.001,
38BbM6,15,13,CarrotHyrax,79.4,14.5,0,True,0.001,
38BbM6,15,14,CarrotHyrax,79.4,13.3,0,True,0.001,
38BbM6,15,15,CarrotHyrax,79.4,12.1,0,True,0.001,
38BbM6,15,16,CarrotHyrax,79.4,10.9,0,True,0.001,
38BbM6,15,17,CarrotHyrax,65.1,9.7,0,True,0.001,
38BbM6,15,18,CarrotHyrax,65.1,8.6,0,True,0.001,
38BbM6,15,19,CarrotHyrax,65.1,7.6,0,True,0.001,
38BbM6,15,20,CarrotHyrax,65.1,6.7,0,True,0.001,
38BbM6,15,21,CarrotHyrax,65.1,5.8,0,True,0.001,
38BbM6,15,22,CarrotHyrax,65.1,5.1,1,True,0.001,
38BbM6,15,23,CarrotHyrax,65.1,5.0,1,True,0.001,
38BbM6,15,24,CarrotHyrax,65.1,5.0,0,True,0.001,
38BbM6,15,25,CarrotHyrax,65.1,5.0,0,True,0.001,
38BbM6,15,26,CarrotHyrax,65.1,5.0,0,True,0.001,
38BbM6,15,27,CarrotHyrax,60.2,5.0,0,True,0.001,
38BbM6,15,28,CarrotHyrax,60.2,5.0,0,True,0.001,
38BbM6,15,29,CarrotHyrax,60.2,5.0,0,True,0.001,
38BbM6,15,30,CarrotHyrax,60.2,5.0,0,True,0.001,
38BbM6,15,31,CarrotHyrax,60.2,5.0,0,True,0.001,
38BbM6,15,32,CarrotHyrax,60.2,5.0,1,True,0.001,
38BbM6,15,33,CarrotHyrax,60.2,5.0,0,True,0.001,
38BbM6,15,34,CarrotHyrax,60.2,5.0,1,True,0.001,
38BbM6,15,35,CarrotHyrax,60.2,5.0,0,True,0.001,
38BbM6,15,36,CarrotHyrax,60.2,5.0,0,True,0.002,
38BbM6,15,37,CarrotHyrax,65.3,5.0,0,True,0.001,
38BbM6,15,38,CarrotHyrax,65.3,5.0,0,True,0.001,
38BbM6,15,39,CarrotHyrax,65.3,5.0,0,True,0.001,
38BbM6,15,40,CarrotHyrax,65.3,5.0,4,True,0.001,
38BbM6,15,41,CarrotHyrax,65.3,5.0,0,True,0.001,
38BbM6,15,42,CarrotHyrax,65.3,5.0,2,True,0.001,
38BbM6,15,43,CarrotHyrax,65.3,5.0,0,True,0.001,
38BbM6,15,44,CarrotHyrax,65.3,5.0,1,True,0.001,
38BbM6,15,45,CarrotHyrax,65.3,5.0,1,True,0.001,
38BbM6,15,46,CarrotHyrax,65.3,5.0,1,True,0.001,
38BbM6,15,47,CarrotHyrax,79.7,5.0,1,True,0.001,
38BbM6,15,48,CarrotHyrax,79.7,5.0,0,True,0.002,
38BbM6,15,49,CarrotHyrax,79.7,5.0,0,True,0.001,
38BbM6,15,50,CarrotHyrax,79.7,5.0,0,True,0.001,
38BbM6,15,51,CarrotHyrax,79.7,5.0,0,True,0.001,
38BbM6,15,52,CarrotHyrax,79.7,5.0,0,True,0.001,
38BbM6,15,53,CarrotHyrax,79.7,5.0,1,True,0.001,
38BbM6,15,54,CarrotHyrax,79.7,5.0,0,True,0.001,
38BbM6,15,55,CarrotHyrax,79.7,5.0,0,True,0.001,
38BbM6,15,56,CarrotHyrax,79.7,5.0,1,True,0.001,
38BbM6,15,57,CarrotHyrax,45.6,5.0,0,True,0.002,
38BbM6,15,58,CarrotHyrax,45.6,5.0,1,True,0.001,
38BbM6,15,59,CarrotHyrax,45.6,5.0,1,True,0.001,
38BbM6,15,60,CarrotHyrax,45.6,5.0,1,True,0.001,
38BbM6,15,61,CarrotHyrax,45.6,5.0,3,True,0.001,
38BbM6,15,62,CarrotHyrax,45.6,5.0,0,True,0.001,
38BbM6,15,63,CarrotHyrax,45.6,5.0,0,True,0.001,
38BbM6,15,64,CarrotHyrax,45.6,5.0,0,True,0.001,
38BbM6,15,65,CarrotHyrax,45.6,5.0,1,True,0.001,
38BbM6,15,66,CarrotHyrax,45.6,5.0,1,True,0.001,
38BbM6,15,67,CarrotHyrax,69.6,5.0,2,True,0.001,
38BbM6,15,68,CarrotHyrax,69.6,5.0,1,True,0.001,
38BbM6,15,69,CarrotHyrax,69.6,5.0,1,True,0.001,
38BbM6,15,70,CarrotHyrax,69.6,5.0,0,True,0.001,
38BbM6,15,71,CarrotHyrax,69.6,5.0,1,True,0.001,
38BbM6,15,72,CarrotHyrax,69.6,5.0,1,True,0.001,
38BbM6,15,73,CarrotHyrax,69.6,5.0,1,True,0.001,
38BbM6,15,74,CarrotHyrax,69.6,5.0,2,True,0.001,
38BbM6,15,75,CarrotHyrax,69.6,5.0,1,True,0.001,
38BbM6,15,76,CarrotHyrax,69.6,5.0,0,True,0.001,
38BbM6,15,77,CarrotHyrax,75.7,5.0,0,True,0.001,
38BbM6,15,78,CarrotHyrax,75.7,5.0,0,True,0.001,
38BbM6,15,79,CarrotHyrax,75.7,5.0,0,True,0.001,
38BbM6,15,80,CarrotHyrax,75.7,5.0,1,True,0.001,
38BbM6,15,81,CarrotHyrax,75.7,5.0,2,True,0.001,
38BbM6,15,82,CarrotHyrax,75.7,5.0,0,True,0.001,
38BbM6,15,83,CarrotHyrax,75.7,5.0,1,True,0.001,
38BbM6,15,84,CarrotHyrax,75.7,5.0,1,True,0.001,
38BbM6,15,85,CarrotHyrax,75.7,5.0,0,True,0.001,
38BbM6,15,86,CarrotHyrax,75.7,5.0,0,True,0.001,
38BbM6,15,87,CarrotHyrax,40.6,5.0,1,True,0.001,
38BbM6,15,88,CarrotHyrax,40.6,5.0,2,True,0.001,
38BbM6,15,89,CarrotHyrax,40.6,5.0,3,True,0.001,
38BbM6,15,90,CarrotHyrax,40.6,5.0,2,True,0.001,
38BbM6,15,91,CarrotHyrax,40.6,5.0,0,True,0.001,
38BbM6,15,92,CarrotHyrax,40.6,5.0,0,True,0.001,
38BbM6,15,93,CarrotHyrax,40.6,5.0,1,True,0.001,
38BbM6,15,94,CarrotHyrax,40.6,5.0,1,True,0.001,
38BbM6,15,95,CarrotHyrax,40.6,5.0,1,True,0.001,
38BbM6,15,96,CarrotHyrax,40.6,5.0,1,True,0.001,
38BbM6,15,97,CarrotHyrax,69.2,5.0,1,True,0.001,
38BbM6,15,98,CarrotHyrax,69.2,5.0,0,True,0.001,
38BbM6,15,99,CarrotHyrax,69.2,5.0,1,True,0.002,
38BbM6,15,100,CarrotHyrax,69.2,5.0,0,True,0.001,
38BbM6,16,1,CarrotHyrax,69.2,80.0,0,True,0.0,
38BbM6,16,2,CarrotHyrax,69.2,64.0,0,True,0.001,
38BbM6,16,3,CarrotHyrax,69.2,51.2,0,True,0.001,
38BbM6,16,4,CarrotHyrax,69.2,41.0,0,True,0.001,
38BbM6,16,5,CarrotHyrax,69.2,32.8,0,True,0.001,
38BbM6,16,6,CarrotHyrax,32.8,26.2,0,True,0.001,
38BbM6,16,7,CarrotHyrax,32.8,21.0,0,True,0.001,
38BbM6,16,8,CarrotHyrax,32.8,16.8,0,True,0.001,
38BbM6,16,9,CarrotHyrax,32.8,13.4,0,True,0.001,
38BbM6,16,10,CarrotHyrax,32.8,10.7,0,True,0.001,
38BbM6,16,11,CarrotHyrax,32.8,8.6,0,True,0.001,
38BbM6,16,12,CarrotHyrax,32.8,6.9,2,True,0.001,
38BbM6,16,13,CarrotHyrax,32.8,5.9,0,True,0.001,
38BbM6,16,14,CarrotHyrax,32.8,5.1,0,True,0.001,
38BbM6,16,15,CarrotHyrax,32.8,5.0,0,True,0.001,
38BbM6,16,16,CarrotHyrax,55.6,5.0,3,True,0.001,
38BbM6,16,17,CarrotHyrax,55.6,5.0,0,True,0.001,
38BbM6,16,18,CarrotHyrax,55.6,5.0,0,True,0.002,
38BbM6,16,19,CarrotHyrax,55.6,5.0,0,True,0.001,
38BbM6,16,20,CarrotHyrax,55.6,5.0,0,True,0.001,
38BbM6,16,21,CarrotHyrax,55.6,5.0,0,True,0.001,
38BbM6,16,22,CarrotHyrax,55.6,5.0,0,True,0.001,
38BbM6,16,23,CarrotHyrax,55.6,5.0,0,True,0.001,
38BbM6,16,24,CarrotHyrax,55.6,5.0,0,True,0.001,
38BbM6,16,25,CarrotHyrax,55.6,5.0,0,True,0.001,
38BbM6,16,26,CarrotHyrax,79.3,5.0,0,True,0.001,
38BbM6,16,27,CarrotHyrax,79.3,5.0,0,True,0.001,
38BbM6,16,28,CarrotHyrax,79.3,5.0,0,True,0.001,
38BbM6,16,29,CarrotHyrax,79.3,5.0,1,True,0.001,
38BbM6,16,30,CarrotHyrax,79.3,5.0,0,True,0.001,
38BbM6,16,31,CarrotHyrax,79.3,5.0,0,True,0.001,
38BbM6,16,32,CarrotHyrax,79.3,5.0,0,True,0.001,
38BbM6,16,33,CarrotHyrax,79.3,5.0,0,True,0.001,
38BbM6,16,34,CarrotHyrax,79.3,5.0,1,True,0.001,
38BbM6,16,35,CarrotHyrax,79.3,5.0,0,True,0.002,
38BbM6,16,36,CarrotHyrax,41.0,5.0,1,True,0.001,
38BbM6,16,37,CarrotHyrax,41.0,5.0,1,True,0.001,
38BbM6,16,38,CarrotHyrax,41.0,5.0,1,True,0.001,
38BbM6,16,39,CarrotHyrax,41.0,5.0,1,True,0.001,
38BbM6,16,40,CarrotHyrax,41.0,5.0,0,True,0.001,
38BbM6,16,41,CarrotHyrax,41.0,5.0,0,True,0.001,
38BbM6,16,42,CarrotHyrax,41.0,5.0,1,True,0.001,
38BbM6,16,43,CarrotHyrax,41.0,5.0,0,True,0.001,
38BbM6,16,44,CarrotHyrax,41.0,5.0,0,True,0.001,
38BbM6,16,45,CarrotHyrax,41.0,5.0,0,True,0.001,
38BbM6,16,46,CarrotHyrax,55.5,5.0,0,True,0.001,
38BbM6,16,47,CarrotHyrax,55.5,5.0,1,True,0.001,
38BbM6,16,48,CarrotHyrax,55.5,5.0,0,True,0.001,
38BbM6,16,49,CarrotHyrax,55.5,5.0,1,True,0.001,
38BbM6,16,50,CarrotHyrax,55.5,5.0,0,True,0.001,
38BbM6,16,51,CarrotHyrax,55.5,5.0,0,True,0.001,
38BbM6,16,52,CarrotHyrax,55.5,5.0,0,True,0.001,
38BbM6,16,53,CarrotHyrax,55.5,5.0,0,True,0.001,
38BbM6,16,54,CarrotHyrax,55.5,5.0,0,True,0.001,
38BbM6,16,55,CarrotHyrax,55.5,5.0,0,True,0.001,
38BbM6,16,56,CarrotHyrax,67.5,5.0,0,True,0.001,
38BbM6,16,57,CarrotHyrax,67.5,5.0,0,True,0.001,
38BbM6,16,58,CarrotHyrax,67.5,5.0,0,True,0.001,
38BbM6,16,59,CarrotHyrax,67.5,5.0,0,True,0.001,
38BbM6,16,60,CarrotHyrax,67.5,5.0,0,True,0.001,
38BbM6,16,61,CarrotHyrax,67.5,5.0,1,True,0.001,
38BbM6,16,62,CarrotHyrax,67.5,5.0,0,True,0.001,
38BbM6,16,63,CarrotHyrax,67.5,5.0,1,True,0.001,
38BbM6,16,64,CarrotHyrax,67.5,5.0,1,True,0.001,
38BbM6,16,65,CarrotHyrax,67.5,5.0,0,True,0.001,
38BbM6,16,66,CarrotHyrax,53.4,5.0,1,True,0.001,
38BbM6,16,67,CarrotHyrax,53.4,5.0,1,True,0.001,
38BbM6,16,68,CarrotHyrax,53.4,5.0,2,True,0.001,
38BbM6,16,69,CarrotHyrax,53.4,5.0,1,True,0.001,
38BbM6,16,70,CarrotHyrax,53.4,5.0,0,True,0.001,
38BbM6,16,71,CarrotHyrax,53.4,5.0,0,True,0.001,
38BbM6,16,72,CarrotHyrax,53.4,5.0,0,True,0.001,
38BbM6,16,73,CarrotHyrax,53.4,5.0,0,True,0.001,
38BbM6,16,74,CarrotHyrax,53.4,5.0,1,True,0.001,
38BbM6,16,75,CarrotHyrax,53.4,5.0,1,True,0.001,
38BbM6,16,76,CarrotHyrax,59.9,5.0,1,True,0.001,
38BbM6,16,77,CarrotHyrax,59.9,5.0,0,True,0.001,
38BbM6,16,78,CarrotHyrax,59.9,5.0,0,True,0.001,
38BbM6,16,79,CarrotHyrax,59.9,5.0,1,True,0.001,
38BbM6,16,80,CarrotHyrax,59.9,5.0,1,True,0.001,
38BbM6,16,81,CarrotHyrax,59.9,5.0,0,True,0.001,
38BbM6,16,82,CarrotHyrax,59.9,5.0,0,True,0.001,
38BbM6,16,83,CarrotHyrax,59.9,5.0,0,True,0.001,
38BbM6,16,84,CarrotHyrax,59.9,5.0,0,True,0.001,
38BbM6,16,85,CarrotHyrax,59.9,5.0,0,True,0.001,
38BbM6,16,86,CarrotHyrax,52.0,5.0,1,True,0.001,
38BbM6,16,87,CarrotHyrax,52.0,5.0,0,True,0.001,
38BbM6,16,88,CarrotHyrax,52.0,5.0,1,True,0.001,
38BbM6,16,89,CarrotHyrax,52.0,5.0,0,True,0.001,
38BbM6,16,90,CarrotHyrax,52.0,5.0,0,True,0.001,
38BbM6,16,91,CarrotHyrax,52.0,5.0,0,True,0.001,
38BbM6,16,92,CarrotHyrax,52.0,5.0,1,True,0.001,
38BbM6,16,93,CarrotHyrax,52.0,5.0,1,True,0.001,
38BbM6,16,94,CarrotHyrax,52.0,5.0,0,True,0.001,
38BbM6,16,95,CarrotHyrax,52.0,5.0,0,True,0.001,
38BbM6,16,96,CarrotHyrax,72.5,5.0,1,True,0.001,
38BbM6,16,97,CarrotHyrax,72.5,5.0,1,True,0.001,
38BbM6,16,98,CarrotHyrax,72.5,5.0,3,True,0.001,
38BbM6,16,99,CarrotHyrax,72.5,5.0,0,True,0.001,
38BbM6,16,100,CarrotHyrax,72.5,5.0,2,True,0.001,
38BbM6,17,1,CarrotHyrax,72.5,44.0,1,True,0.0,
38BbM6,17,2,CarrotHyrax,72.5,50.5,0,True,0.001,
38BbM6,17,3,CarrotHyrax,72.5,48.9,0,True,0.001,
38BbM6,17,4,CarrotHyrax,72.5,45.3,1,True,0.001,
38BbM6,17,5,CarrotHyrax,73.2,45.0,0,True,0.001,
38BbM6,17,6,CarrotHyrax,73.2,42.6,0,True,0.001,
38BbM6,17,7,CarrotHyrax,73.2,39.8,1,True,0.001,
38BbM6,17,8,CarrotHyrax,73.2,38.6,1,True,0.001,
38BbM6,17,9,CarrotHyrax,73.2,38.5,0,True,0.001,
38BbM6,17,10,CarrotHyrax,73.2,37.6,1,True,0.001,
38BbM6,17,11,CarrotHyrax,73.2,37.7,2,True,0.001,
38BbM6,17,12,CarrotHyrax,73.2,40.0,1,True,0.001,
38BbM6,17,13,CarrotHyrax,73.2,42.5,0,True,0.001,
38BbM6,17,14,CarrotHyrax,73.2,44.1,0,True,0.001,
38BbM6,17,15,CarrotHyrax,30.2,44.8,0,True,0.002,
38BbM6,17,16,CarrotHyrax,30.2,44.7,0,True,0.001,
38BbM6,17,17,CarrotHyrax,30.2,43.9,0,True,0.001,
38BbM6,17,18,CarrotHyrax,30.2,42.7,0,True,0.001,
38BbM6,17,19,CarrotHyrax,30.2,41.2,0,True,0.001,
38BbM6,17,20,CarrotHyrax,30.2,39.5,0,True,0.001,
38BbM6,17,21,CarrotHyrax,30.2,37.6,0,True,0.001,
38BbM6,17,22,CarrotHyrax,30.2,35.5,0,True,0.001,
38BbM6,17,23,CarrotHyrax,30.2,33.3,0,True,0.001,
38BbM6,17,24,CarrotHyrax,30.2,31.0,0,True,0.001,
38BbM6,17,25,CarrotHyrax,75.2,28.7,0,True,0.001,
38BbM6,17,26,CarrotHyrax,75.2,26.4,0,True,0.001,
38BbM6,17,27,CarrotHyrax,75.2,24.2,0,True,0.001,
38BbM6,17,28,CarrotHyrax,75.2,22.0,1,True,0.001,
38BbM6,17,29,CarrotHyrax,75.2,20.2,2,True,0.001,
38BbM6,17,30,CarrotHyrax,75.2,19.0,1,True,0.001,
38BbM6,17,31,CarrotHyrax,75.2,18.0,1,True,0.001,
38BbM6,17,32,CarrotHyrax,75.2,17.2,0,True,0.001,
38BbM6,17,33,CarrotHyrax,75.2,16.4,2,True,0.001,
38BbM6,17,34,CarrotHyrax,75.2,15.9,1,True,0.001,
38BbM6,17,35,CarrotHyrax,76.0,15.5,1,True,0.001,
38BbM6,17,36,CarrotHyrax,76.0,15.2,0,True,0.001,
38BbM6,17,37,CarrotHyrax,76.0,14.8,1,True,0.002,
38BbM6,17,38,CarrotHyrax,76.0,14.6,1,True,0.001,
38BbM6,17,39,CarrotHyrax,76.0,14.4,0,True,0.001,
38BbM6,17,40,CarrotHyrax,76.0,14.2,2,True,0.001,
38BbM6,17,41,CarrotHyrax,76.0,14.2,0,True,0.001,
38BbM6,17,42,CarrotHyrax,76.0,14.1,1,True,0.001,
38BbM6,17,43,CarrotHyrax,76.0,14.1,0,True,0.001,
38BbM6,17,44,CarrotHyrax,76.0,14.0,2,True,0.001,
38BbM6,17,45,CarrotHyrax,49.2,14.1,0,True,0.001,
38BbM6,17,46,CarrotHyrax,49.2,14.1,0,True,0.001,
38BbM6,17,47,CarrotHyrax,49.2,14.1,1,True,0.001,
38BbM6,17,48,CarrotHyrax,49.2,14.2,0,True,0.001,
38BbM6,17,49,CarrotHyrax,49.2,14.2,1,True,0.001,
38BbM6,17,50,CarrotHyrax,49.2,14.2,0,True,0.001,
38BbM6,17,51,CarrotHyrax,49.2,14.2,0,True,0.001,
38BbM6,17,52,CarrotHyrax,49.2,14.1,0,True,0.001,
38BbM6,17,53,CarrotHyrax,49.2,13.9,0,True,0.001,
38BbM6,17,54,CarrotHyrax,49.2,13.7,2,True,0.001,
38BbM6,17,55,CarrotHyrax,43.3,13.5,0,True,0.001,
38BbM6,17,56,CarrotHyrax,43.3,13.4,0,True,0.001,
38BbM6,17,57,CarrotHyrax,43.3,13.1,0,True,0.001,
38BbM6,17,58,CarrotHyrax,43.3,12.9,1,True,0.001,
38BbM6,17,59,CarrotHyrax,43.3,12.6,1,True,0.001,
38BbM6,17,60,CarrotHyrax,43.3,12.4,1,True,0.001,
38BbM6,17,61,CarrotHyrax,43.3,12.2,0,True,0.001,
38BbM6,17,62,CarrotHyrax,43.3,12.0,2,True,0.001,
38BbM6,17,63,CarrotHyrax,43.3,11.9,1,True,0.001,
38BbM6,17,64,CarrotHyrax,43.3,11.7,0,True,0.001,
38BbM6,17,65,CarrotHyrax,67.9,11.5,0,True,0.001,
38BbM6,17,66,CarrotHyrax,67.9,11.2,1,True,0.001,
38BbM6,17,67,CarrotHyrax,67.9,11.0,2,True,0.001,
38BbM6,17,68,CarrotHyrax,67.9,10.7,0,True,0.002,
38BbM6,17,69,CarrotHyrax,67.9,10.5,0,True,0.001,
38BbM6,17,70,CarrotHyrax,67.9,10.2,1,True,0.001,
38BbM6,17,71,CarrotHyrax,67.9,9.9,0,True,0.001,
38BbM6,17,72,CarrotHyrax,67.9,9.6,0,True,0.001,
38BbM6,17,73,CarrotHyrax,67.9,9.2,0,True,0.001,
38BbM6,17,74,CarrotHyrax,67.9,8.9,1,True,0.001,
38BbM6,17,75,CarrotHyrax,70.1,8.5,1,True,0.001,
38BbM6,17,76,CarrotHyrax,70.1,8.1,0,True,0.001,
38BbM6,17,77,CarrotHyrax,70.1,7.7,0,True,0.001,
38BbM6,17,78,CarrotHyrax,70.1,7.3,3,True,0.001,
38BbM6,17,79,CarrotHyrax,70.1,7.0,0,True,0.001,
38BbM6,17,80,CarrotHyrax,70.1,6.7,0,True,0.001,
38BbM6,17,81,CarrotHyrax,70.1,6.4,0,True,0.002,
38BbM6,17,82,CarrotHyrax,70.1,6.0,0,True,0.002,
38BbM6,17,83,CarrotHyrax,70.1,5.7,0,True,0.001,
38BbM6,17,84,CarrotHyrax,70.1,5.3,1,True,0.001,
38BbM6,17,85,CarrotHyrax,40.6,5.0,0,True,0.001,
38BbM6,17,86,CarrotHyrax,40.6,5.0,0,True,0.001,
38BbM6,17,87,CarrotHyrax,40.6,5.0,1,True,0.001,
38BbM6,17,88,CarrotHyrax,40.6,5.0,0,True,0.001,
38BbM6,17,89,CarrotHyrax,40.6,5.0,0,True,0.001,
38BbM6,17,90,CarrotHyrax,40.6,5.0,0,True,0.001,
38BbM6,17,91,CarrotHyrax,40.6,5.0,1,True,0.001,
38BbM6,17,92,CarrotHyrax,40.6,5.0,0,True,0.001,
38BbM6,17,93,CarrotHyrax,40.6,5.0,1,True,0.001,
38BbM6,17,94,CarrotHyrax,40.6,5.0,0,True,0.002,
38BbM6,17,95,CarrotHyrax,30.3,5.0,0,True,0.001,
38BbM6,17,96,CarrotHyrax,30.3,5.0,1,True,0.001,
38BbM6,17,97,CarrotHyrax,30.3,5.0,0,True,0.001,
38BbM6,17,98,CarrotHyrax,30.3,5.0,0,True,0.001,
38BbM6,17,99,CarrotHyrax,30.3,5.0,2,True,0.001,
38BbM6,17,100,CarrotHyrax,30.3,5.0,0,True,0.001,
38BbM6,18,1,CarrotHyrax,30.3,45.0,0,True,0.0,
38BbM6,18,2,CarrotHyrax,30.3,36.0,0,True,0.001,
38BbM6,18,3,CarrotHyrax,30.3,28.8,0,True,0.001,
38BbM6,18,4,CarrotHyrax,39.5,23.0,1,True,0.001,
38BbM6,18,5,CarrotHyrax,39.5,20.6,2,True,0.001,
38BbM6,18,6,CarrotHyrax,39.5,21.1,0,True,0.001,
38BbM6,18,7,CarrotHyrax,39.5,21.1,1,True,0.001,
38BbM6,18,8,CarrotHyrax,39.5,21.7,1,True,0.002,
38BbM6,18,9,CarrotHyrax,39.5,22.7,0,True,0.002,
38BbM6,18,10,CarrotHyrax,39.5,23.2,0,True,0.001,
38BbM6,18,11,CarrotHyrax,39.5,23.3,0,True,0.001,
38BbM6,18,12,CarrotHyrax,39.5,22.9,0,True,0.001,
38BbM6,18,13,CarrotHyrax,39.5,22.1,0,True,0.001,
38BbM6,18,14,CarrotHyrax,70.2,21.0,0,True,0.001,
38BbM6,18,15,CarrotHyrax,70.2,19.6,0,True,0.001,
38BbM6,18,16,CarrotHyrax,70.2,18.1,2,True,0.001,
38BbM6,18,17,CarrotHyrax,70.2,17.4,0,True,0.001,
38BbM6,18,18,CarrotHyrax,70.2,16.5,1,True,0.001,
38BbM6,18,19,CarrotHyrax,70.2,16.0,0,True,0.001,
38BbM6,18,20,CarrotHyrax,70.2,15.3,0,True,0.001,
38BbM6,18,21,CarrotHyrax,70.2,14.5,0,True,0.001,
38BbM6,18,22,CarrotHyrax,70.2,13.7,0,True,0.001,
38BbM6,18,23,CarrotHyrax,70.2,12.9,0,True,0.001,
38BbM6,18,24,CarrotHyrax,75.3,12.0,0,True,0.001,
38BbM6,18,25,CarrotHyrax,75.3,11.1,0,True,0.001,
38BbM6,18,26,CarrotHyrax,75.3,10.2,0,True,0.001,
38BbM6,18,27,CarrotHyrax,75.3,9.3,0,True,0.001,
38BbM6,18,28,CarrotHyrax,75.3,8.5,0,True,0.001,
38BbM6,18,29,CarrotHyrax,75.3,7.7,0,True,0.001,
38BbM6,18,30,CarrotHyrax,75.3,7.0,0,True,0.001,
38BbM6,18,31,CarrotHyrax,75.3,6.2,1,True,0.001,
38BbM6,18,32,CarrotHyrax,75.3,5.7,0,True,0.002,
38BbM6,18,33,CarrotHyrax,75.3,5.1,1,True,0.001,
38BbM6,18,34,CarrotHyrax,68.5,5.0,0,True,0.001,
38BbM6,18,35,CarrotHyrax,68.5,5.0,1,True,0.001,
38BbM6,18,36,CarrotHyrax,68.5,5.0,0,True,0.001,
38BbM6,18,37,CarrotHyrax,68.5,5.0,0,True,0.001,
38BbM6,18,38,CarrotHyrax,68.5,5.0,0,True,0.001,
38BbM6,18,39,CarrotHyrax,68.5,5.0,0,True,0.001,
38BbM6,18,40,CarrotHyrax,68.5,5.0,2,True,0.001,
38BbM6,18,41,CarrotHyrax,68.5,5.0,0,True,0.001,
38BbM6,18,42,CarrotHyrax,68.5,5.0,0,True,0.001,
38BbM6,18,43,CarrotHyrax,68.5,5.0,0,True,0.001,
38BbM6,18,44,CarrotHyrax,53.9,5.0,2,True,0.001,
38BbM6,18,45,CarrotHyrax,53.9,5.0,0,True,0.001,
38BbM6,18,46,CarrotHyrax,53.9,5.0,0,True,0.001,
38BbM6,18,47,CarrotHyrax,53.9,5.0,0,True,0.001,
38BbM6,18,48,CarrotHyrax,53.9,5.0,1,True,0.001,
38BbM6,18,49,CarrotHyrax,53.9,5.0,0,True,0.001,
38BbM6,18,50,CarrotHyrax,53.9,5.0,0,True,0.002,
38BbM6,18,51,CarrotHyrax,53.9,5.0,0,True,0.001,
38BbM6,18,52,CarrotHyrax,53.9,5.0,0,True,0.001,
38BbM6,18,53,CarrotHyrax,53.9,5.0,1,True,0.001,
38BbM6,18,54,CarrotHyrax,44.3,5.0,0,True,0.001,
38BbM6,18,55,CarrotHyrax,44.3,5.0,2,True,0.001,
38BbM6,18,56,CarrotHyrax,44.3,5.0,1,True,0.001,
38BbM6,18,57,CarrotHyrax,44.3,5.0,1,True,0.001,
38BbM6,18,58,CarrotHyrax,44.3,5.0,0,True,0.001,
38BbM6,18,59,CarrotHyrax,44.3,5.0,0,True,0.001,
38BbM6,18,60,CarrotHyrax,44.3,5.0,0,True,0.001,
38BbM6,18,61,CarrotHyrax,44.3,5.0,0,True,0.001,
38BbM6,18,62,CarrotHyrax,44.3,5.0,2,True,0.001,
38BbM6,18,63,CarrotHyrax,44.3,5.0,0,True,0.001,
38BbM6,18,64,CarrotHyrax,45.5,5.0,1,True,0.001,
38BbM6,18,65,CarrotHyrax,45.5,5.0,4,True,0.001,
38BbM6,18,66,CarrotHyrax,45.5,5.0,1,True,0.001,
38BbM6,18,67,CarrotHyrax,45.5,5.0,0,True,0.001,
38BbM6,18,68,CarrotHyrax,45.5,5.0,0,True,0.001,
38BbM6,18,69,CarrotHyrax,45.5,5.0,0,True,0.001,
38BbM6,18,70,CarrotHyrax,45.5,5.0,0,True,0.001,
38BbM6,18,71,CarrotHyrax,45.5,5.0,0,True,0.001,
38BbM6,18,72,CarrotHyrax,45.5,5.0,1,True,0.001,
38BbM6,18,73,CarrotHyrax,45.5,5.0,1,True,0.001,
38BbM6,18,74,CarrotHyrax,58.1,5.0,0,True,0.001,
38BbM6,18,75,CarrotHyrax,58.1,5.0,1,True,0.001,
38BbM6,18,76,CarrotHyrax,58.1,5.0,0,True,0.001,
38BbM6,18,77,CarrotHyrax,58.1,5.0,0,True,0.001,
38BbM6,18,78,CarrotHyrax,58.1,5.0,1,True,0.001,
38BbM6,18,79,CarrotHyrax,58.1,5.0,2,True,0.001,
38BbM6,18,80,CarrotHyrax,58.1,5.0,0,True,0.001,
38BbM6,18,81,CarrotHyrax,58.1,5.0,0,True,0.001,
38BbM6,18,82,CarrotHyrax,58.1,5.0,0,True,0.001,
38BbM6,18,83,CarrotHyrax,58.1,5.0,0,True,0.001,
38BbM6,18,84,CarrotHyrax,77.1,5.0,2,True,0.001,
38BbM6,18,85,CarrotHyrax,77.1,5.0,1,True,0.001,
38BbM6,18,86,CarrotHyrax,77.1,5.0,0,True,0.001,
38BbM6,18,87,CarrotHyrax,77.1,5.0,0,True,0.001,
38BbM6,18,88,CarrotHyrax,77.1,5.0,1,True,0.002,
38BbM6,18,89,CarrotHyrax,77.1,5.0,0,True,0.002,
38BbM6,18,90,CarrotHyrax,77.1,5.0,0,True,0.001,
38BbM6,18,91,CarrotHyrax,77.1,5.0,0,True,0.001,
38BbM6,18,92,CarrotHyrax,77.1,5.0,0,True,0.001,
38BbM6,18,93,CarrotHyrax,77.1,5.0,1,True,0.001,
38BbM6,18,94,CarrotHyrax,71.5,5.0,0,True,0.001,
38BbM6,18,95,CarrotHyrax,71.5,5.0,2,True,0.001,
38BbM6,18,96,CarrotHyrax,71.5,5.0,0,True,0.001,
38BbM6,18,97,CarrotHyrax,71.5,5.0,1,True,0.001,
38BbM6,18,98,CarrotHyrax,71.5,5.0,2,True,0.001,
38BbM6,18,99,CarrotHyrax,71.5,5.0,1,True,0.001,
38BbM6,18,100,CarrotHyrax,71.5,5.0,2,True,0.001,
38BbM6,19,1,CarrotHyrax,71.5,55.0,0,True,0.0,
38BbM6,19,2,CarrotHyrax,71.5,44.0,1,True,0.001,
38BbM6,19,3,CarrotHyrax,31.3,42.5,1,True,0.001,
38BbM6,19,4,CarrotHyrax,31.3,44.8,0,True,0.001,
38BbM6,19,5,CarrotHyrax,31.3,44.5,0,True,0.001,
38BbM6,19,6,CarrotHyrax,31.3,42.2,0,True,0.001,
38BbM6,19,7,CarrotHyrax,31.3,39.4,0,True,0.001,
38BbM6,19,8,CarrotHyrax,31.3,36.0,0,True,0.001,
38BbM6,19,9,CarrotHyrax,31.3,32.4,0,True,0.001,
38BbM6,19,10,CarrotHyrax,31.3,28.7,1,True,0.001,
38BbM6,19,11,CarrotHyrax,31.3,26.5,0,True,0.001,
38BbM6,19,12,CarrotHyrax,31.3,24.2,0,True,0.001,
38BbM6,19,13,CarrotHyrax,58.1,21.7,0,True,0.002,
38BbM6,19,14,CarrotHyrax,58.1,19.3,0,True,0.001,
38BbM6,19,15,CarrotHyrax,58.1,17.0,1,True,0.001,
38BbM6,19,16,CarrotHyrax,58.1,15.3,0,True,0.001,
38BbM6,19,17,CarrotHyrax,58.1,13.6,0,True,0.001,
38BbM6,19,18,CarrotHyrax,58.1,12.1,0,True,0.001,
38BbM6,19,19,CarrotHyrax,58.1,10.7,0,True,0.001,
38BbM6,19,20,CarrotHyrax,58.1,9.4,1,True,0.002,
38BbM6,19,21,CarrotHyrax,58.1,8.4,0,True,0.002,
38BbM6,19,22,CarrotHyrax,58.1,7.5,1,True,0.001,
38BbM6,19,23,CarrotHyrax,54.1,6.7,0,True,0.001,
38BbM6,19,24,CarrotHyrax,54.1,6.1,0,True,0.001,
38BbM6,19,25,CarrotHyrax,54.1,5.4,0,True,0.001,
38BbM6,19,26,CarrotHyrax,54.1,5.0,1,True,0.001,
38BbM6,19,27,CarrotHyrax,54.1,5.0,1,True,0.001,
38BbM6,19,28,CarrotHyrax,54.1,5.0,0,True,0.001,
38BbM6,19,29,CarrotHyrax,54.1,5.0,1,True,0.001,
38BbM6,19,30,CarrotHyrax,54.1,5.0,0,True,0.001,
38BbM6,19,31,CarrotHyrax,54.1,5.0,0,True,0.001,
38BbM6,19,32,CarrotHyrax,54.1,5.0,0,True,0.001,
38BbM6,19,33,CarrotHyrax,67.9,5.0,0,True,0.001,
38BbM6,19,34,CarrotHyrax,67.9,5.0,0,True,0.001,
38BbM6,19,35,CarrotHyrax,67.9,5.0,0,True,0.001,
38BbM6,19,36,CarrotHyrax,67.9,5.0,0,True,0.001,
38BbM6,19,37,CarrotHyrax,67.9,5.0,0,True,0.001,
38BbM6,19,38,CarrotHyrax,67.9,5.0,0,True,0.001,
38BbM6,19,39,CarrotHyrax,67.9,5.0,1,True,0.001,
38BbM6,19,40,CarrotHyrax,67.9,5.0,0,True,0.001,
38BbM6,19,41,CarrotHyrax,67.9,5.0,0,True,0.001,
38BbM6,19,42,CarrotHyrax,67.9,5.0,0,True,0.001,
38BbM6,19,43,CarrotHyrax,66.2,5.0,1,True,0.001,
38BbM6,19,44,CarrotHyrax,66.2,5.0,0,True,0.001,
38BbM6,19,45,CarrotHyrax,66.2,5.0,1,True,0.001,
38BbM6,19,46,CarrotHyrax,66.2,5.0,1,True,0.001,
38BbM6,19,47,CarrotHyrax,66.2,5.0,2,True,0.002,
38BbM6,19,48,CarrotHyrax,66.2,5.0,0,True,0.001,
38BbM6,19,49,CarrotHyrax,66.2,5.0,1,True,0.001,
38BbM6,19,50,CarrotHyrax,66.2,5.0,1,True,0.001,
38BbM6,19,51,CarrotHyrax,66.2,5.0,3,True,0.002,
38BbM6,19,52,CarrotHyrax,66.2,5.0,2,True,0.001,
38BbM6,19,53,CarrotHyrax,32.8,5.0,1,True,0.001,
38BbM6,19,54,CarrotHyrax,32.8,5.0,0,True,0.001,
38BbM6,19,55,CarrotHyrax,32.8,5.0,1,True,0.001,
38BbM6,19,56,CarrotHyrax,32.8,5.0,0,True,0.001,
38BbM6,19,57,CarrotHyrax,32.8,5.0,0,True,0.001,
38BbM6,19,58,CarrotHyrax,32.8,5.0,1,True,0.001,
38BbM6,19,59,CarrotHyrax,32.8,5.0,0,True,0.002,
38BbM6,19,60,CarrotHyrax,32.8,5.0,2,True,0.001,
38BbM6,19,61,CarrotHyrax,32.8,5.0,0,True,0.001,
38BbM6,19,62,CarrotHyrax,32.8,5.0,1,True,0.001,
38BbM6,19,63,CarrotHyrax,43.7,5.0,0,True,0.001,
38BbM6,19,64,CarrotHyrax,43.7,5.0,0,True,0.001,
38BbM6,19,65,CarrotHyrax,43.7,5.0,0,True,0.001,
38BbM6,19,66,CarrotHyrax,43.7,5.0,1,True,0.001,
38BbM6,19,67,CarrotHyrax,43.7,5.0,1,True,0.001,
38BbM6,19,68,CarrotHyrax,43.7,5.0,1,True,0.001,
38BbM6,19,69,CarrotHyrax,43.7,5.0,1,True,0.001,
38BbM6,19,70,CarrotHyrax,43.7,5.0,0,True,0.001,
38BbM6,19,71,CarrotHyrax,43.7,5.0,0,True,0.001,
38BbM6,19,72,CarrotHyrax,43.7,5.0,0,True,0.001,
38BbM6,19,73,CarrotHyrax,34.8,5.0,1,True,0.001,
38BbM6,19,74,CarrotHyrax,34.8,5.0,0,True,0.001,
38BbM6,19,75,CarrotHyrax,34.8,5.0,0,True,0.001,
38BbM6,19,76,CarrotHyrax,34.8,5.0,0,True,0.001,
38BbM6,19,77,CarrotHyrax,34.8,5.0,0,True,0.001,
38BbM6,19,78,CarrotHyrax,34.8,5.0,0,True,0.001,
38BbM6,19,79,CarrotHyrax,34.8,5.0,0,True,0.011,
38BbM6,19,80,CarrotHyrax,34.8,5.0,3,True,0.004,
38BbM6,19,81,CarrotHyrax,34.8,5.0,1,True,0.001,
38BbM6,19,82,CarrotHyrax,34.8,5.0,1,True,0.001,
38BbM6,19,83,CarrotHyrax,60.3,5.0,1,True,0.001,
38BbM6,19,84,CarrotHyrax,60.3,5.0,0,True,0.001,
38BbM6,19,85,CarrotHyrax,60.3,5.0,0,True,0.001,
38BbM6,19,86,CarrotHyrax,60.3,5.0,0,True,0.001,
38BbM6,19,87,CarrotHyrax,60.3,5.0,0,True,0.001,
38BbM6,19,88,CarrotHyrax,60.3,5.0,1,True,0.001,
38BbM6,19,89,CarrotHyrax,60.3,5.0,1,True,0.001,
38BbM6,19,90,CarrotHyrax,60.3,5.0,1,True,0.001,
38BbM6,19,91,CarrotHyrax,60.3,5.0,1,True,0.002,
38BbM6,19,92,CarrotHyrax,60.3,5.0,0,True,0.003,
38BbM6,19,93,CarrotHyrax,68.9,5.0,1,True,0.001,
38BbM6,19,94,CarrotHyrax,68.9,5.0,0,True,0.001,
38BbM6,19,95,CarrotHyrax,68.9,5.0,0,True,0.001,
38BbM6,19,96,CarrotHyrax,68.9,5.0,0,True,0.001,
38BbM6,19,97,CarrotHyrax,68.9,5.0,0,True,0.001,
38BbM6,19,98,CarrotHyrax,68.9,5.0,1,True,0.001,
38BbM6,19,99,CarrotHyrax,68.9,5.0,2,True,0.001,
38BbM6,19,100,CarrotHyrax,68.9,5.0,2,True,0.001,
38BbM6,20,1,CarrotHyrax,68.9,79.0,0,True,0.0,
38BbM6,20,2,CarrotHyrax,39.0,63.2,0,True,0.001,
38BbM6,20,3,CarrotHyrax,39.0,50.6,0,True,0.001,
38BbM6,20,4,CarrotHyrax,39.0,40.4,0,True,0.003,
38BbM6,20,5,CarrotHyrax,39.0,32.4,0,True,0.002,
38BbM6,20,6,CarrotHyrax,39.0,25.9,0,True,0.001,
38BbM6,20,7,CarrotHyrax,39.0,20.7,1,True,0.001,
38BbM6,20,8,CarrotHyrax,39.0,17.7,0,True,0.001,
38BbM6,20,9,CarrotHyrax,39.0,15.1,1,True,0.001,
38BbM6,20,10,CarrotHyrax,39.0,13.4,0,True,0.002,
38BbM6,20,11,CarrotHyrax,39.0,11.8,0,True,0.001,
38BbM6,20,12,CarrotHyrax,59.5,10.3,0,True,0.001,
38BbM6,20,13,CarrotHyrax,59.5,8.9,0,True,0.005,
38BbM6,20,14,CarrotHyrax,59.5,7.7,2,True,0.001,
38BbM6,20,15,CarrotHyrax,59.5,7.0,0,True,0.001,
38BbM6,20,16,CarrotHyrax,59.5,6.3,1,True,0.001,
38BbM6,20,17,CarrotHyrax,59.5,5.7,0,True,0.001,
38BbM6,20,18,CarrotHyrax,59.5,5.2,1,True,0.001,
38BbM6,20,19,CarrotHyrax,59.5,5.0,0,True,0.001,
38BbM6,20,20,CarrotHyrax,59.5,5.0,0,True,0.001,
38BbM6,20,21,CarrotHyrax,59.5,5.0,3,True,0.001,
38BbM6,20,22,CarrotHyrax,61.4,5.0,2,True,0.001,
38BbM6,20,23,CarrotHyrax,61.4,5.0,0,True,0.001,
38BbM6,20,24,CarrotHyrax,61.4,5.0,0,True,0.001,
38BbM6,20,25,CarrotHyrax,61.4,5.0,1,True,0.001,
38BbM6,20,26,CarrotHyrax,61.4,5.0,1,True,0.001,
38BbM6,20,27,CarrotHyrax,61.4,5.0,2,True,0.004,
38BbM6,20,28,CarrotHyrax,61.4,5.0,0,True,0.01,
38BbM6,20,29,CarrotHyrax,61.4,5.0,0,True,0.037,
38BbM6,20,30,CarrotHyrax,61.4,5.0,0,True,0.001,
38BbM6,20,31,CarrotHyrax,61.4,5.0,1,True,0.002,
38BbM6,20,32,CarrotHyrax,68.5,5.0,0,True,0.005,
38BbM6,20,33,CarrotHyrax,68.5,5.0,0,True,0.001,
38BbM6,20,34,CarrotHyrax,68.5,5.0,0,True,0.018,
38BbM6,20,35,CarrotHyrax,68.5,5.0,1,True,0.001,
38BbM6,20,36,CarrotHyrax,68.5,5.0,0,True,0.001,
38BbM6,20,37,CarrotHyrax,68.5,5.0,0,True,0.001,
38BbM6,20,38,CarrotHyrax,68.5,5.0,1,True,0.001,
38BbM6,20,39,CarrotHyrax,68.5,5.0,0,True,0.001,
38BbM6,20,40,CarrotHyrax,68.5,5.0,0,True,0.001,
38BbM6,20,41,CarrotHyrax,68.5,5.0,0,True,0.001,
38BbM6,20,42,CarrotHyrax,38.3,5.0,1,True,0.001,
38BbM6,20,43,CarrotHyrax,38.3,5.0,0,True,0.001,
38BbM6,20,44,CarrotHyrax,38.3,5.0,0,True,0.001,
38BbM6,20,45,CarrotHyrax,38.3,5.0,0,True,0.001,
38BbM6,20,46,CarrotHyrax,38.3,5.0,0,True,0.001,
38BbM6,20,47,CarrotHyrax,38.3,5.0,0,True,0.001,
38BbM6,20,48,CarrotHyrax,38.3,5.0,0,True,0.001,
38BbM6,20,49,CarrotHyrax,38.3,5.0,0,True,0.001,
38BbM6,20,50,CarrotHyrax,38.3,5.0,0,True,0.001,
38BbM6,20,51,CarrotHyrax,38.3,5.0,0,True,0.001,
38BbM6,20,52,CarrotHyrax,31.4,5.0,1,True,0.001,
38BbM6,20,53,CarrotHyrax,31.4,5.0,0,True,0.001,
38BbM6,20,54,CarrotHyrax,31.4,5.0,1,True,0.001,
38BbM6,20,55,CarrotHyrax,31.4,5.0,1,True,0.001,
38BbM6,20,56,CarrotHyrax,31.4,5.0,0,True,0.001,
38BbM6,20,57,CarrotHyrax,31.4,5.0,1,True,0.001,
38BbM6,20,58,CarrotHyrax,31.4,5.0,0,True,0.001,
38BbM6,20,59,CarrotHyrax,31.4,5.0,0,True,0.001,
38BbM6,20,60,CarrotHyrax,31.4,5.0,0,True,0.001,
38BbM6,20,61,CarrotHyrax,31.4,5.0,0,True,0.001,
38BbM6,20,62,CarrotHyrax,36.8,5.0,0,True,0.001,
38BbM6,20,63,CarrotHyrax,36.8,5.0,0,True,0.001,
38BbM6,20,64,CarrotHyrax,36.8,5.0,0,True,0.001,
38BbM6,20,65,CarrotHyrax,36.8,5.0,0,True,0.001,
38BbM6,20,66,CarrotHyrax,36.8,5.0,1,True,0.001,
38BbM6,20,67,CarrotHyrax,36.8,5.0,1,True,0.001,
38BbM6,20,68,CarrotHyrax,36.8,5.0,1,True,0.001,
38BbM6,20,69,CarrotHyrax,36.8,5.0,0,True,0.001,
38BbM6,20,70,CarrotHyrax,36.8,5.0,0,True,0.001,
38BbM6,20,71,CarrotHyrax,36.8,5.0,1,True,0.001,
38BbM6,20,72,CarrotHyrax,41.5,5.0,0,True,0.001,
38BbM6,20,73,CarrotHyrax,41.5,5.0,1,True,0.001,
38BbM6,20,74,CarrotHyrax,41.5,5.0,0,True,0.001,
38BbM6,20,75,CarrotHyrax,41.5,5.0,1,True,0.001,
38BbM6,20,76,CarrotHyrax,41.5,5.0,1,True,0.001,
38BbM6,20,77,CarrotHyrax,41.5,5.0,0,True,0.001,
38BbM6,20,78,CarrotHyrax,41.5,5.0,1,True,0.001,
38BbM6,20,79,CarrotHyrax,41.5,5.0,1,True,0.001,
38BbM6,20,80,CarrotHyrax,41.5,5.0,0,True,0.001,
38BbM6,20,81,CarrotHyrax,41.5,5.0,1,True,0.001,
38BbM6,20,82,CarrotHyrax,32.3,5.0,0,True,0.001,
38BbM6,20,83,CarrotHyrax,32.3,5.0,1,True,0.001,
38BbM6,20,84,CarrotHyrax,32.3,5.0,0,True,0.001,
38BbM6,20,85,CarrotHyrax,32.3,5.0,1,True,0.001,
38BbM6,20,86,CarrotHyrax,32.3,5.0,1,True,0.001,
38BbM6,20,87,CarrotHyrax,32.3,5.0,2,True,0.002,
38BbM6,20,88,CarrotHyrax,32.3,5.0,0,True,0.001,
38BbM6,20,89,CarrotHyrax,32.3,5.0,0,True,0.001,
38BbM6,20,90,CarrotHyrax,32.3,5.0,0,True,0.001,
38BbM6,20,91,CarrotHyrax,32.3,5.0,0,True,0.001,
38BbM6,20,92,CarrotHyrax,72.3,5.0,1,True,0.001,
38BbM6,20,93,CarrotHyrax,72.3,5.0,0,True,0.001,
38BbM6,20,94,CarrotHyrax,72.3,5.0,0,True,0.001,
38BbM6,20,95,CarrotHyrax,72.3,5.0,1,True,0.001,
38BbM6,20,96,CarrotHyrax,72.3,5.0,0,True,0.001,
38BbM6,20,97,CarrotHyrax,72.3,5.0,2,True,0.001,
38BbM6,20,98,CarrotHyrax,72.3,5.0,1,True,0.001,
38BbM6,20,99,CarrotHyrax,72.3,5.0,0,True,0.001,
38BbM6,20,100,CarrotHyrax,72.3,5.0,2,True,0.001,
38BbM6,21,1,CarrotHyrax,77.7,69.0,1,True,0.0,
38BbM6,21,2,CarrotHyrax,77.7,79.3,0,True,0.001,
38BbM6,21,3,CarrotHyrax,77.7,76.6,0,True,0.001,
38BbM6,21,4,CarrotHyrax,77.7,71.0,0,True,0.001,
38BbM6,21,5,CarrotHyrax,77.7,63.7,0,True,0.001,
38BbM6,21,6,CarrotHyrax,77.7,55.7,1,True,0.001,
38BbM6,21,7,CarrotHyrax,77.7,52.0,0,True,0.001,
38BbM6,21,8,CarrotHyrax,77.7,47.5,0,True,0.001,
38BbM6,21,9,CarrotHyrax,77.7,42.7,1,True,0.001,
38BbM6,21,10,CarrotHyrax,77.7,39.8,0,True,0.001,
38BbM6,21,11,CarrotHyrax,37.7,36.7,1,True,0.001,
38BbM6,21,12,CarrotHyrax,37.7,34.8,0,True,0.001,
38BbM6,21,13,CarrotHyrax,37.7,32.4,0,True,0.001,
38BbM6,21,14,CarrotHyrax,37.7,29.8,0,True,0.001,
38BbM6,21,15,CarrotHyrax,37.7,27.0,0,True,0.001,
38BbM6,21,16,CarrotHyrax,37.7,24.3,3,True,0.001,
38BbM6,21,17,CarrotHyrax,37.7,23.3,0,True,0.001,
38BbM6,21,18,CarrotHyrax,37.7,22.2,0,True,0.001,
38BbM6,21,19,CarrotHyrax,37.7,21.0,0,True,0.001,
38BbM6,21,20,CarrotHyrax,37.7,19.7,0,True,0.001,
38BbM6,21,21,CarrotHyrax,67.2,18.3,1,True,0.001,
38BbM6,21,22,CarrotHyrax,67.2,17.3,1,True,0.001,
38BbM6,21,23,CarrotHyrax,67.2,16.6,0,True,0.001,
38BbM6,21,24,CarrotHyrax,67.2,15.7,2,True,0.001,
38BbM6,21,25,CarrotHyrax,67.2,15.2,1,True,0.001,
38BbM6,21,26,CarrotHyrax,67.2,14.9,0,True,0.001,
38BbM6,21,27,CarrotHyrax,67.2,14.5,0,True,0.001,
38BbM6,21,28,CarrotHyrax,67.2,14.0,0,True,0.001,
38BbM6,21,29,CarrotHyrax,67.2,13.5,2,True,0.001,
38BbM6,21,30,CarrotHyrax,67.2,13.2,0,True,0.001,
38BbM6,21,31,CarrotHyrax,45.2,12.8,0,True,0.001,
38BbM6,21,32,CarrotHyrax,45.2,12.4,0,True,0.001,
38BbM6,21,33,CarrotHyrax,45.2,11.9,0,True,0.001,
38BbM6,21,34,CarrotHyrax,45.2,11.4,0,True,0.001,
38BbM6,21,35,CarrotHyrax,45.2,10.9,0,True,0.001,
38BbM6,21,36,CarrotHyrax,45.2,10.3,0,True,0.001,
38BbM6,21,37,CarrotHyrax,45.2,9.8,0,True,0.001,
38BbM6,21,38,CarrotHyrax,45.2,9.2,2,True,0.001,
38BbM6,21,39,CarrotHyrax,45.2,8.8,1,True,0.001,
38BbM6,21,40,CarrotHyrax,45.2,8.5,1,True,0.001,
38BbM6,21,41,CarrotHyrax,52.9,8.3,0,True,0.001,
38BbM6,21,42,CarrotHyrax,52.9,8.0,0,True,0.001,
38BbM6,21,43,CarrotHyrax,52.9,7.7,0,True,0.001,
38BbM6,21,44,CarrotHyrax,52.9,7.4,0,True,0.001,
38BbM6,21,45,CarrotHyrax,52.9,7.0,0,True,0.001,
38BbM6,21,46,CarrotHyrax,52.9,6.7,1,True,0.001,
38BbM6,21,47,CarrotHyrax,52.9,6.4,0,True,0.001,
38BbM6,21,48,CarrotHyrax,52.9,6.1,1,True,0.002,
38BbM6,21,49,CarrotHyrax,52.9,5.9,1,True,0.001,
38BbM6,21,50,CarrotHyrax,52.9,5.7,1,True,0.001,
38BbM6,21,51,CarrotHyrax,45.8,5.5,0,True,0.001,
38BbM6,21,52,CarrotHyrax,45.8,5.3,0,True,0.001,
38BbM6,21,53,CarrotHyrax,45.8,5.1,0,True,0.001,
38BbM6,21,54,CarrotHyrax,45.8,5.0,0,True,0.001,
38BbM6,21,55,CarrotHyrax,45.8,5.0,0,True,0.001,
38BbM6,21,56,CarrotHyrax,45.8,5.0,1,True,0.001,
38BbM6,21,57,CarrotHyrax,45.8,5.0,0,True,0.001,
38BbM6,21,58,CarrotHyrax,45.8,5.0,1,True,0.001,
38BbM6,21,59,CarrotHyrax,45.8,5.0,0,True,0.001,
38BbM6,21,60,CarrotHyrax,45.8,5.0,0,True,0.001,
38BbM6,21,61,CarrotHyrax,74.1,5.0,1,True,0.001,
38BbM6,21,62,CarrotHyrax,74.1,5.0,0,True,0.001,
38BbM6,21,63,CarrotHyrax,74.1,5.0,0,True,0.001,
38BbM6,21,64,CarrotHyrax,74.1,5.0,1,True,0.001,
38BbM6,21,65,CarrotHyrax,74.1,5.0,2,True,0.001,
38BbM6,21,66,CarrotHyrax,74.1,5.0,1,True,0.001,
38BbM6,21,67,CarrotHyrax,74.1,5.0,0,True,0.001,
38BbM6,21,68,CarrotHyrax,74.1,5.0,0,True,0.001,
38BbM6,21,69,CarrotHyrax,74.1,5.0,1,True,0.001,
38BbM6,21,70,CarrotHyrax,74.1,5.0,0,True,0.001,
38BbM6,21,71,CarrotHyrax,43.0,5.0,1,True,0.001,
38BbM6,21,72,CarrotHyrax,43.0,5.0,1,True,0.001,
38BbM6,21,73,CarrotHyrax,43.0,5.0,0,True,0.001,
38BbM6,21,74,CarrotHyrax,43.0,5.0,2,True,0.001,
38BbM6,21,75,CarrotHyrax,43.0,5.0,1,True,0.001,
38BbM6,21,76,CarrotHyrax,43.0,5.0,0,True,0.002,
38BbM6,21,77,CarrotHyrax,43.0,5.0,0,True,0.001,
38BbM6,21,78,CarrotHyrax,43.0,5.0,1,True,0.001,
38BbM6,21,79,CarrotHyrax,43.0,5.0,0,True,0.001,
38BbM6,21,80,CarrotHyrax,43.0,5.0,1,True,0.001,
38BbM6,21,81,CarrotHyrax,45.5,5.0,0,True,0.001,
38BbM6,21,82,CarrotHyrax,45.5,5.0,1,True,0.001,
38BbM6,21,83,CarrotHyrax,45.5,5.0,1,True,0.001,
38BbM6,21,84,CarrotHyrax,45.5,5.0,1,True,0.001,
38BbM6,21,85,CarrotHyrax,45.5,5.0,0,True,0.001,
38BbM6,21,86,CarrotHyrax,45.5,5.0,0,True,0.001,
38BbM6,21,87,CarrotHyrax,45.5,5.0,0,True,0.001,
38BbM6,21,88,CarrotHyrax,45.5,5.0,0,True,0.001,
38BbM6,21,89,CarrotHyrax,45.5,5.0,2,True,0.001,
38BbM6,21,90,CarrotHyrax,45.5,5.0,0,True,0.001,
38BbM6,21,91,CarrotHyrax,61.4,5.0,0,True,0.001,
38BbM6,21,92,CarrotHyrax,61.4,5.0,1,True,0.001,
38BbM6,21,93,CarrotHyrax,61.4,5.0,0,True,0.001,
38BbM6,21,94,CarrotHyrax,61.4,5.0,0,True,0.001,
38BbM6,21,95,CarrotHyrax,61.4,5.0,0,True,0.001,
38BbM6,21,96,CarrotHyrax,61.4,5.0,0,True,0.001,
38BbM6,21,97,CarrotHyrax,61.4,5.0,0,True,0.001,
38BbM6,21,98,CarrotHyrax,61.4,5.0,1,True,0.001,
38BbM6,21,99,CarrotHyrax,61.4,5.0,1,True,0.001,
38BbM6,21,100,CarrotHyrax,61.4,5.0,0,True,0.001,
38BbM6,22,1,CarrotHyrax,33.0,74.0,0,True,0.0,
38BbM6,22,2,CarrotHyrax,33.0,59.2,0,True,0.001,
38BbM6,22,3,CarrotHyrax,33.0,47.4,1,True,0.001,
38BbM6,22,4,CarrotHyrax,33.0,43.9,0,True,0.001,
38BbM6,22,5,CarrotHyrax,33.0,39.3,0,True,0.001,
38BbM6,22,6,CarrotHyrax,33.0,34.4,0,True,0.001,
38BbM6,22,7,CarrotHyrax,33.0,29.8,0,True,0.001,
38BbM6,22,8,CarrotHyrax,33.0,25.6,0,True,0.001,
38BbM6,22,9,CarrotHyrax,33.0,21.7,1,True,0.001,
38BbM6,22,10,CarrotHyrax,48.0,19.3,1,True,0.001,
38BbM6,22,11,CarrotHyrax,48.0,17.8,0,True,0.001,
38BbM6,22,12,CarrotHyrax,48.0,16.2,0,True,0.001,
38BbM6,22,13,CarrotHyrax,48.0,14.6,0,True,0.001,
38BbM6,22,14,CarrotHyrax,48.0,12.9,0,True,0.001,
38BbM6,22,15,CarrotHyrax,48.0,11.4,0,True,0.001,
38BbM6,22,16,CarrotHyrax,48.0,10.0,1,True,0.001,
38BbM6,22,17,CarrotHyrax,48.0,8.9,0,True,0.001,
38BbM6,22,18,CarrotHyrax,48.0,7.9,0,True,0.001,
38BbM6,22,19,CarrotHyrax,48.0,6.9,0,True,0.001,
38BbM6,22,20,CarrotHyrax,61.8,6.1,0,True,0.001,
38BbM6,22,21,CarrotHyrax,61.8,5.3,0,True,0.009,
38BbM6,22,22,CarrotHyrax,61.8,5.0,1,True,0.001,
38BbM6,22,23,CarrotHyrax,61.8,5.0,0,True,0.001,
38BbM6,22,24,CarrotHyrax,61.8,5.0,0,True,0.001,
38BbM6,22,25,CarrotHyrax,61.8,5.0,0,True,0.001,
38BbM6,22,26,CarrotHyrax,61.8,5.0,0,True,0.001,
38BbM6,22,27,CarrotHyrax,61.8,5.0,0,True,0.001,
38BbM6,22,28,CarrotHyrax,61.8,5.0,0,True,0.001,
38BbM6,22,29,CarrotHyrax,61.8,5.0,2,True,0.001,
38BbM6,22,30,CarrotHyrax,34.9,5.0,0,True,0.001,
38BbM6,22,31,CarrotHyrax,34.9,5.0,2,True,0.001,
38BbM6,22,32,CarrotHyrax,34.9,5.0,1,True,0.001,
38BbM6,22,33,CarrotHyrax,34.9,5.0,0,True,0.001,
38BbM6,22,34,CarrotHyrax,34.9,5.0,1,True,0.001,
38BbM6,22,35,CarrotHyrax,34.9,5.0,1,True,0.001,
38BbM6,22,36,CarrotHyrax,34.9,5.0,0,True,0.001,
38BbM6,22,37,CarrotHyrax,34.9,5.0,0,True,0.001,
38BbM6,22,38,CarrotHyrax,34.9,5.0,1,True,0.001,
38BbM6,22,39,CarrotHyrax,34.9,5.0,0,True,0.001,
38BbM6,22,40,CarrotHyrax,63.0,5.0,0,True,0.001,
38BbM6,22,41,CarrotHyrax,63.0,5.0,2,True,0.001,
38BbM6,22,42,CarrotHyrax,63.0,5.0,0,True,0.001,
38BbM6,22,43,CarrotHyrax,63.0,5.0,0,True,0.001,
38BbM6,22,44,CarrotHyrax,63.0,5.0,1,True,0.001,
38BbM6,22,45,CarrotHyrax,63.0,5.0,0,True,0.001,
38BbM6,22,46,CarrotHyrax,63.0,5.0,1,True,0.001,
38BbM6,22,47,CarrotHyrax,63.0,5.0,1,True,0.001,
38BbM6,22,48,CarrotHyrax,63.0,5.0,0,True,0.001,
38BbM6,22,49,CarrotHyrax,63.0,5.0,0,True,0.001,
38BbM6,22,50,CarrotHyrax,50.5,5.0,1,True,0.001,
38BbM6,22,51,CarrotHyrax,50.5,5.0,1,True,0.001,
38BbM6,22,52,CarrotHyrax,50.5,5.0,2,True,0.001,
38BbM6,22,53,CarrotHyrax,50.5,5.0,0,True,0.001,
38BbM6,22,54,CarrotHyrax,50.5,5.0,0,True,0.001,
38BbM6,22,55,CarrotHyrax,50.5,5.0,0,True,0.001,
38BbM6,22,56,CarrotHyrax,50.5,5.0,0,True,0.001,
38BbM6,22,57,CarrotHyrax,50.5,5.0,0,True,0.001,
38BbM6,22,58,CarrotHyrax,50.5,5.0,0,True,0.001,
38BbM6,22,59,CarrotHyrax,50.5,5.0,1,True,0.001,
38BbM6,22,60,CarrotHyrax,73.0,5.0,2,True,0.001,
38BbM6,22,61,CarrotHyrax,73.0,5.0,1,True,0.001,
38BbM6,22,62,CarrotHyrax,73.0,5.0,0,True,0.001,
38BbM6,22,63,CarrotHyrax,73.0,5.0,1,True,0.001,
38BbM6,22,64,CarrotHyrax,73.0,5.0,0,True,0.001,
38BbM6,22,65,CarrotHyrax,73.0,5.0,0,True,0.001,
38BbM6,22,66,CarrotHyrax,73.0,5.0,1,True,0.001,
38BbM6,22,67,CarrotHyrax,73.0,5.0,1,True,0.001,
38BbM6,22,68,CarrotHyrax,73.0,5.0,0,True,0.001,
38BbM6,22,69,CarrotHyrax,73.0,5.0,1,True,0.002,
38BbM6,22,70,CarrotHyrax,43.7,5.0,0,True,0.001,
38BbM6,22,71,CarrotHyrax,43.7,5.0,1,True,0.001,
38BbM6,22,72,CarrotHyrax,43.7,5.0,0,True,0.001,
38BbM6,22,73,CarrotHyrax,43.7,5.0,2,True,0.001,
38BbM6,22,74,CarrotHyrax,43.7,5.0,0,True,0.002,
38BbM6,22,75,CarrotHyrax,43.7,5.0,0,True,0.001,
38BbM6,22,76,CarrotHyrax,43.7,5.0,1,True,0.001,
38BbM6,22,77,CarrotHyrax,43.7,5.0,1,True,0.001,
38BbM6,22,78,CarrotHyrax,43.7,5.0,0,True,0.001,
38BbM6,22,79,CarrotHyrax,43.7,5.0,2,True,0.001,
38BbM6,22,80,CarrotHyrax,53.8,5.0,1,True,0.002,
38BbM6,22,81,CarrotHyrax,53.8,5.0,0,True,0.001,
38BbM6,22,82,CarrotHyrax,53.8,5.0,1,True,0.001,
38BbM6,22,83,CarrotHyrax,53.8,5.0,0,True,0.002,
38BbM6,22,84,CarrotHyrax,53.8,5.0,0,True,0.001,
38BbM6,22,85,CarrotHyrax,53.8,5.0,1,True,0.001,
38BbM6,22,86,CarrotHyrax,53.8,5.0,0,True,0.001,
38BbM6,22,87,CarrotHyrax,53.8,5.0,0,True,0.001,
38BbM6,22,88,CarrotHyrax,53.8,5.0,0,True,0.001,
38BbM6,22,89,CarrotHyrax,53.8,5.0,0,True,0.001,
38BbM6,22,90,CarrotHyrax,62.8,5.0,1,True,0.001,
38BbM6,22,91,CarrotHyrax,62.8,5.0,0,True,0.001,
38BbM6,22,92,CarrotHyrax,62.8,5.0,1,True,0.002,
38BbM6,22,93,CarrotHyrax,62.8,5.0,0,True,0.001,
38BbM6,22,94,CarrotHyrax,62.8,5.0,1,True,0.001,
38BbM6,22,95,CarrotHyrax,62.8,5.0,0,True,0.001,
38BbM6,22,96,CarrotHyrax,62.8,5.0,0,True,0.001,
38BbM6,22,97,CarrotHyrax,62.8,5.0,0,True,0.001,
38BbM6,22,98,CarrotHyrax,62.8,5.0,1,True,0.001,
38BbM6,22,99,CarrotHyrax,62.8,5.0,1,True,0.001,
38BbM6,22,100,CarrotHyrax,47.1,5.0,0,True,0.001,
38BbM6,23,1,CarrotHyrax,47.1,39.0,0,True,0.0,
38BbM6,23,2,CarrotHyrax,47.1,31.2,1,True,0.001,
38BbM6,23,3,CarrotHyrax,47.1,30.2,1,True,0.001,
38BbM6,23,4,CarrotHyrax,47.1,31.8,0,True,0.001,
38BbM6,23,5,CarrotHyrax,47.1,31.6,0,True,0.001,
38BbM6,23,6,CarrotHyrax,47.1,29.9,0,True,0.001,
38BbM6,23,7,CarrotHyrax,47.1,27.9,1,True,0.001,
38BbM6,23,8,CarrotHyrax,47.1,27.1,1,True,0.001,
38BbM6,23,9,CarrotHyrax,47.6,27.0,1,True,0.001,
38BbM6,23,10,CarrotHyrax,47.6,27.6,0,True,0.001,
38BbM6,23,11,CarrotHyrax,47.6,27.7,0,True,0.001,
38BbM6,23,12,CarrotHyrax,47.6,27.3,1,True,0.001,
38BbM6,23,13,CarrotHyrax,47.6,27.2,0,True,0.001,
38BbM6,23,14,CarrotHyrax,47.6,26.6,0,True,0.002,
38BbM6,23,15,CarrotHyrax,47.6,25.6,1,True,0.001,
38BbM6,23,16,CarrotHyrax,47.6,24.9,1,True,0.001,
38BbM6,23,17,CarrotHyrax,47.6,24.4,0,True,0.001,
38BbM6,23,18,CarrotHyrax,47.6,23.8,0,True,0.001,
38BbM6,23,19,CarrotHyrax,55.4,23.0,1,True,0.001,
38BbM6,23,20,CarrotHyrax,55.4,22.5,0,True,0.001,
38BbM6,23,21,CarrotHyrax,55.4,21.8,0,True,0.001,
38BbM6,23,22,CarrotHyrax,55.4,21.0,0,True,0.002,
38BbM6,23,23,CarrotHyrax,55.4,20.1,0,True,0.001,
38BbM6,23,24,CarrotHyrax,55.4,19.0,0,True,0.001,
38BbM6,23,25,CarrotHyrax,55.4,17.9,0,True,0.001,
38BbM6,23,26,CarrotHyrax,55.4,16.7,0,True,0.001,
38BbM6,23,27,CarrotHyrax,55.4,15.5,0,True,0.001,
38BbM6,23,28,CarrotHyrax,55.4,14.4,0,True,0.001,
38BbM6,23,29,CarrotHyrax,48.2,13.2,0,True,0.001,
38BbM6,23,30,CarrotHyrax,48.2,12.1,1,True,0.001,
38BbM6,23,31,CarrotHyrax,48.2,11.1,0,True,0.001,
38BbM6,23,32,CarrotHyrax,48.2,10.2,0,True,0.001,
38BbM6,23,33,CarrotHyrax,48.2,9.4,0,True,0.001,
38BbM6,23,34,CarrotHyrax,48.2,8.6,1,True,0.001,
38BbM6,23,35,CarrotHyrax,48.2,7.9,0,True,0.001,
38BbM6,23,36,CarrotHyrax,48.2,7.2,1,True,0.001,
38BbM6,23,37,CarrotHyrax,48.2,6.7,0,True,0.001,
38BbM6,23,38,CarrotHyrax,48.2,6.2,0,True,0.001,
38BbM6,23,39,CarrotHyrax,36.4,5.7,0,True,0.001,
38BbM6,23,40,CarrotHyrax,36.4,5.2,1,True,0.001,
38BbM6,23,41,CarrotHyrax,36.4,5.0,1,True,0.001,
38BbM6,23,42,CarrotHyrax,36.4,5.0,0,True,0.001,
38BbM6,23,43,CarrotHyrax,36.4,5.0,0,True,0.001,
38BbM6,23,44,CarrotHyrax,36.4,5.0,1,True,0.001,
38BbM6,23,45,CarrotHyrax,36.4,5.0,0,True,0.001,
38BbM6,23,46,CarrotHyrax,36.4,5.0,0,True,0.001,
38BbM6,23,47,CarrotHyrax,36.4,5.0,0,True,0.001,
38BbM6,23,48,CarrotHyrax,36.4,5.0,0,True,0.001,
38BbM6,23,49,CarrotHyrax,72.0,5.0,1,True,0.001,
38BbM6,23,50,CarrotHyrax,72.0,5.0,1,True,0.001,
38BbM6,23,51,CarrotHyrax,72.0,5.0,0,True,0.001,
38BbM6,23,52,CarrotHyrax,72.0,5.0,1,True,0.001,
38BbM6,23,53,CarrotHyrax,72.0,5.0,0,True,0.001,
38BbM6,23,54,CarrotHyrax,72.0,5.0,1,True,0.001,
38BbM6,23,55,CarrotHyrax,72.0,5.0,2,True,0.001,
38BbM6,23,56,CarrotHyrax,72.0,5.0,0,True,0.001,
38BbM6,23,57,CarrotHyrax,72.0,5.0,0,True,0.001,
38BbM6,23,58,CarrotHyrax,72.0,5.0,0,True,0.001,
38BbM6,23,59,CarrotHyrax,39.4,5.0,0,True,0.001,
38BbM6,23,60,CarrotHyrax,39.4,5.0,1,True,0.001,
38BbM6,23,61,CarrotHyrax,39.4,5.0,2,True,0.001,
38BbM6,23,62,CarrotHyrax,39.4,5.0,2,True,0.001,
38BbM6,23,63,CarrotHyrax,39.4,5.0,1,True,0.001,
38BbM6,23,64,CarrotHyrax,39.4,5.0,2,True,0.001,
38BbM6,23,65,CarrotHyrax,39.4,5.0,0,True,0.001,
38BbM6,23,66,CarrotHyrax,39.4,5.0,1,True,0.001,
38BbM6,23,67,CarrotHyrax,39.4,5.0,1,True,0.001,
38BbM6,23,68,CarrotHyrax,39.4,5.0,1,True,0.001,
38BbM6,23,69,CarrotHyrax,55.5,5.0,0,True,0.001,
38BbM6,23,70,CarrotHyrax,55.5,5.0,1,True,0.001,
38BbM6,23,71,CarrotHyrax,55.5,5.0,0,True,0.001,
38BbM6,23,72,CarrotHyrax,55.5,5.0,3,True,0.001,
38BbM6,23,73,CarrotHyrax,55.5,5.0,1,True,0.001,
38BbM6,23,74,CarrotHyrax,55.5,5.0,0,True,0.001,
38BbM6,23,75,CarrotHyrax,55.5,5.0,2,True,0.001,
38BbM6,23,76,CarrotHyrax,55.5,5.0,0,True,0.001,
38BbM6,23,77,CarrotHyrax,55.5,5.0,1,True,0.001,
38BbM6,23,78,CarrotHyrax,55.5,5.0,2,True,0.001,
38BbM6,23,79,CarrotHyrax,65.3,5.0,1,True,0.001,
38BbM6,23,80,CarrotHyrax,65.3,5.0,0,True,0.001,
38BbM6,23,81,CarrotHyrax,65.3,5.0,2,True,0.001,
38BbM6,23,82,CarrotHyrax,65.3,5.0,0,True,0.001,
38BbM6,23,83,CarrotHyrax,65.3,5.0,0,True,0.001,
38BbM6,23,84,CarrotHyrax,65.3,5.0,1,True,0.001,
38BbM6,23,85,CarrotHyrax,65.3,5.0,1,True,0.001,
38BbM6,23,86,CarrotHyrax,65.3,5.0,0,True,0.001,
38BbM6,23,87,CarrotHyrax,65.3,5.0,1,True,0.001,
38BbM6,23,88,CarrotHyrax,65.3,5.0,1,True,0.001,
38BbM6,23,89,CarrotHyrax,79.4,5.0,1,True,0.001,
38BbM6,23,90,CarrotHyrax,79.4,5.0,2,True,0.001,
38BbM6,23,91,CarrotHyrax,79.4,5.0,0,True,0.001,
38BbM6,23,92,CarrotHyrax,79.4,5.0,0,True,0.001,
38BbM6,23,93,CarrotHyrax,79.4,5.0,0,True,0.001,
38BbM6,23,94,CarrotHyrax,79.4,5.0,1,True,0.001,
38BbM6,23,95,CarrotHyrax,79.4,5.0,0,True,0.001,
38BbM6,23,96,CarrotHyrax,79.4,5.0,1,True,0.001,
38BbM6,23,97,CarrotHyrax,79.4,5.0,1,True,0.001,
38BbM6,23,98,CarrotHyrax,79.4,5.0,0,True,0.001,
38BbM6,23,99,CarrotHyrax,33.7,5.0,0,True,0.001,
38BbM6,23,100,CarrotHyrax,33.7,5.0,2,True,0.002,
38BbM6,24,1,CarrotHyrax,33.7,61.0,0,True,0.0,
38BbM6,24,2,CarrotHyrax,33.7,48.8,0,True,0.003,
38BbM6,24,3,CarrotHyrax,33.7,39.0,0,True,0.001,
38BbM6,24,4,CarrotHyrax,33.7,31.2,1,True,0.003,
38BbM6,24,5,CarrotHyrax,33.7,28.0,0,True,0.001,
38BbM6,24,6,CarrotHyrax,33.7,24.5,0,True,0.001,
38BbM6,24,7,CarrotHyrax,33.7,21.2,1,True,0.001,
38BbM6,24,8,CarrotHyrax,60.4,19.4,1,True,0.001,
38BbM6,24,9,CarrotHyrax,60.4,18.4,0,True,0.001,
38BbM6,24,10,CarrotHyrax,60.4,17.1,0,True,0.001,
38BbM6,24,11,CarrotHyrax,60.4,15.8,2,True,0.001,
38BbM6,24,12,CarrotHyrax,60.4,15.6,0,True,0.001,
38BbM6,24,13,CarrotHyrax,60.4,15.0,0,True,0.001,
38BbM6,24,14,CarrotHyrax,60.4,14.2,1,True,0.001,
38BbM6,24,15,CarrotHyrax,60.4,13.7,1,True,0.001,
38BbM6,24,16,CarrotHyrax,60.4,13.3,1,True,0.001,
38BbM6,24,17,CarrotHyrax,60.4,13.1,1,True,0.001,
38BbM6,24,18,CarrotHyrax,77.8,13.0,0,True,0.001,
38BbM6,24,19,CarrotHyrax,77.8,12.8,1,True,0.001,
38BbM6,24,20,CarrotHyrax,77.8,12.8,0,True,0.001,
38BbM6,24,21,CarrotHyrax,77.8,12.7,0,True,0.001,
38BbM6,24,22,CarrotHyrax,77.8,12.4,0,True,0.001,
38BbM6,24,23,CarrotHyrax,77.8,12.1,1,True,0.001,
38BbM6,24,24,CarrotHyrax,77.8,11.8,0,True,0.001,
38BbM6,24,25,CarrotHyrax,77.8,11.5,0,True,0.001,
38BbM6,24,26,CarrotHyrax,77.8,11.1,1,True,0.001,
38BbM6,24,27,CarrotHyrax,77.8,10.8,0,True,0.001,
38BbM6,24,28,CarrotHyrax,62.6,10.4,1,True,0.002,
38BbM6,24,29,CarrotHyrax,62.6,10.1,1,True,0.001,
38BbM6,24,30,CarrotHyrax,62.6,9.9,0,True,0.001,
38BbM6,24,31,CarrotHyrax,62.6,9.6,0,True,0.001,
38BbM6,24,32,CarrotHyrax,62.6,9.3,0,True,0.001,
38BbM6,24,33,CarrotHyrax,62.6,9.0,0,True,0.002,
38BbM6,24,34,CarrotHyrax,62.6,8.6,2,True,0.001,
38BbM6,24,35,CarrotHyrax,62.6,8.4,1,True,0.001,
38BbM6,24,36,CarrotHyrax,62.6,8.2,0,True,0.001,
38BbM6,24,37,CarrotHyrax,62.6,8.1,1,True,0.001,
38BbM6,24,38,CarrotHyrax,39.4,7.9,0,True,0.001,
38BbM6,24,39,CarrotHyrax,39.4,7.7,2,True,0.002,
38BbM6,24,40,CarrotHyrax,39.4,7.7,0,True,0.001,
38BbM6,24,41,CarrotHyrax,39.4,7.6,1,True,0.001,
38BbM6,24,42,CarrotHyrax,39.4,7.6,0,True,0.001,
38BbM6,24,43,CarrotHyrax,39.4,7.5,0,True,0.001,
38BbM6,24,44,CarrotHyrax,39.4,7.4,1,True,0.001,
38BbM6,24,45,CarrotHyrax,39.4,7.3,1,True,0.001,
38BbM6,24,46,CarrotHyrax,39.4,7.3,0,True,0.001,
38BbM6,24,47,CarrotHyrax,39.4,7.2,0,True,0.001,
38BbM6,24,48,CarrotHyrax,31.9,7.1,1,True,0.001,
38BbM6,24,49,CarrotHyrax,31.9,7.0,0,True,0.001,
38BbM6,24,50,CarrotHyrax,31.9,7.0,0,True,0.001,
38BbM6,24,51,CarrotHyrax,31.9,6.8,0,True,0.001,
38BbM6,24,52,CarrotHyrax,31.9,6.7,0,True,0.002,
38BbM6,24,53,CarrotHyrax,31.9,6.5,0,True,0.002,
38BbM6,24,54,CarrotHyrax,31.9,6.3,0,True,0.001,
38BbM6,24,55,CarrotHyrax,31.9,6.1,1,True,0.001,
38BbM6,24,56,CarrotHyrax,31.9,5.9,0,True,0.001,
38BbM6,24,57,CarrotHyrax,31.9,5.7,0,True,0.001,
38BbM6,24,58,CarrotHyrax,53.5,5.4,0,True,0.001,
38BbM6,24,59,CarrotHyrax,53.5,5.2,1,True,0.001,
38BbM6,24,60,CarrotHyrax,53.5,5.0,0,True,0.001,
38BbM6,24,61,CarrotHyrax,53.5,5.0,1,True,0.001,
38BbM6,24,62,CarrotHyrax,53.5,5.0,2,True,0.001,
38BbM6,24,63,CarrotHyrax,53.5,5.0,0,True,0.001,
38BbM6,24,64,CarrotHyrax,53.5,5.0,0,True,0.001,
38BbM6,24,65,CarrotHyrax,53.5,5.0,1,True,0.001,
38BbM6,24,66,CarrotHyrax,53.5,5.0,0,True,0.001,
38BbM6,24,67,CarrotHyrax,53.5,5.0,0,True,0.001,
38BbM6,24,68,CarrotHyrax,75.4,5.0,0,True,0.001,
38BbM6,24,69,CarrotHyrax,75.4,5.0,0,True,0.001,
38BbM6,24,70,CarrotHyrax,75.4,5.0,1,True,0.001,
38BbM6,24,71,CarrotHyrax,75.4,5.0,0,True,0.001,
38BbM6,24,72,CarrotHyrax,75.4,5.0,1,True,0.001,
38BbM6,24,73,CarrotHyrax,75.4,5.0,0,True,0.001,
38BbM6,24,74,CarrotHyrax,75.4,5.0,2,True,0.001,
38BbM6,24,75,CarrotHyrax,75.4,5.0,0,True,0.001,
38BbM6,24,76,CarrotHyrax,75.4,5.0,0,True,0.001,
38BbM6,24,77,CarrotHyrax,75.4,5.0,0,True,0.001,
38BbM6,24,78,CarrotHyrax,47.0,5.0,0,True,0.001,
38BbM6,24,79,CarrotHyrax,47.0,5.0,0,True,0.001,
38BbM6,24,80,CarrotHyrax,47.0,5.0,0,True,0.001,
38BbM6,24,81,CarrotHyrax,47.0,5.0,0,True,0.001,
38BbM6,24,82,CarrotHyrax,47.0,5.0,1,True,0.001,
38BbM6,24,83,CarrotHyrax,47.0,5.0,0,True,0.001,
38BbM6,24,84,CarrotHyrax,47.0,5.0,1,True,0.001,
38BbM6,24,85,CarrotHyrax,47.0,5.0,0,True,0.001,
38BbM6,24,86,CarrotHyrax,47.0,5.0,0,True,0.001,
38BbM6,24,87,CarrotHyrax,47.0,5.0,0,True,0.001,
38BbM6,24,88,CarrotHyrax,38.3,5.0,1,True,0.001,
38BbM6,24,89,CarrotHyrax,38.3,5.0,0,True,0.001,
38BbM6,24,90,CarrotHyrax,38.3,5.0,1,True,0.001,
38BbM6,24,91,CarrotHyrax,38.3,5.0,1,True,0.001,
38BbM6,24,92,CarrotHyrax,38.3,5.0,2,True,0.001,
38BbM6,24,93,CarrotHyrax,38.3,5.0,0,True,0.001,
38BbM6,24,94,CarrotHyrax,38.3,5.0,1,True,0.001,
38BbM6,24,95,CarrotHyrax,38.3,5.0,0,True,0.001,
38BbM6,24,96,CarrotHyrax,38.3,5.0,1,True,0.001,
38BbM6,24,97,CarrotHyrax,38.3,5.0,1,True,0.001,
38BbM6,24,98,CarrotHyrax,49.1,5.0,1,True,0.001,
38BbM6,24,99,CarrotHyrax,49.1,5.0,0,True,0.002,
38BbM6,24,100,CarrotHyrax,49.1,5.0,1,True,0.001,
38BbM6,25,1,CarrotHyrax,49.1,74.0,0,True,0.0,
38BbM6,25,2,CarrotHyrax,49.1,59.2,2,True,0.002,
38BbM6,25,3,CarrotHyrax,49.1,67.1,0,True,0.001,
38BbM6,25,4,CarrotHyrax,49.1,70.7,0,True,0.002,
38BbM6,25,5,CarrotHyrax,49.1,70.2,0,True,0.001,
38BbM6,25,6,CarrotHyrax,49.1,66.6,0,True,0.001,
38BbM6,25,7,CarrotHyrax,35.1,62.2,0,True,0.001,
38BbM6,25,8,CarrotHyrax,35.1,56.8,0,True,0.001,
38BbM6,25,9,CarrotHyrax,35.1,51.0,0,True,0.001,
38BbM6,25,10,CarrotHyrax,35.1,45.3,0,True,0.001,
38BbM6,25,11,CarrotHyrax,35.1,39.9,0,True,0.001,
38BbM6,25,12,CarrotHyrax,35.1,34.9,1,True,0.001,
38BbM6,25,13,CarrotHyrax,35.1,31.4,0,True,0.001,
38BbM6,25,14,CarrotHyrax,35.1,27.9,0,True,0.002,
38BbM6,25,15,CarrotHyrax,35.1,24.6,0,True,0.001,
38BbM6,25,16,CarrotHyrax,35.1,21.5,0,True,0.001,
38BbM6,25,17,CarrotHyrax,74.2,18.6,0,True,0.001,
38BbM6,25,18,CarrotHyrax,74.2,16.1,1,True,0.001,
38BbM6,25,19,CarrotHyrax,74.2,14.2,0,True,0.001,
38BbM6,25,20,CarrotHyrax,74.2,12.5,0,True,0.002,
38BbM6,25,21,CarrotHyrax,74.2,11.0,1,True,0.001,
38BbM6,25,22,CarrotHyrax,74.2,9.8,3,True,0.001,
38BbM6,25,23,CarrotHyrax,74.2,9.2,0,True,0.001,
38BbM6,25,24,CarrotHyrax,74.2,8.5,0,True,0.001,
38BbM6,25,25,CarrotHyrax,74.2,7.9,0,True,0.001,
38BbM6,25,26,CarrotHyrax,74.2,7.3,0,True,0.001,
38BbM6,25,27,CarrotHyrax,59.7,6.6,0,True,0.001,
38BbM6,25,28,CarrotHyrax,59.7,6.0,0,True,0.001,
38BbM6,25,29,CarrotHyrax,59.7,5.5,0,True,0.002,
38BbM6,25,30,CarrotHyrax,59.7,5.0,1,True,0.002,
38BbM6,25,31,CarrotHyrax,59.7,5.0,0,True,0.001,
38BbM6,25,32,CarrotHyrax,59.7,5.0,1,True,0.002,
38BbM6,25,33,CarrotHyrax,59.7,5.0,1,True,0.001,
38BbM6,25,34,CarrotHyrax,59.7,5.0,0,True,0.002,
38BbM6,25,35,CarrotHyrax,59.7,5.0,0,True,0.002,
38BbM6,25,36,CarrotHyrax,59.7,5.0,1,True,0.001,
38BbM6,25,37,CarrotHyrax,35.8,5.0,1,True,0.001,
38BbM6,25,38,CarrotHyrax,35.8,5.0,0,True,0.001,
38BbM6,25,39,CarrotHyrax,35.8,5.0,1,True,0.001,
38BbM6,25,40,CarrotHyrax,35.8,5.0,1,True,0.001,
38BbM6,25,41,CarrotHyrax,35.8,5.0,0,True,0.001,
38BbM6,25,42,CarrotHyrax,35.8,5.0,1,True,0.001,
38BbM6,25,43,CarrotHyrax,35.8,5.0,0,True,0.001,
38BbM6,25,44,CarrotHyrax,35.8,5.0,0,True,0.001,
38BbM6,25,45,CarrotHyrax,35.8,5.0,0,True,0.001,
38BbM6,25,46,CarrotHyrax,35.8,5.0,0,True,0.001,
38BbM6,25,47,CarrotHyrax,63.2,5.0,0,True,0.001,
38BbM6,25,48,CarrotHyrax,63.2,5.0,0,True,0.001,
38BbM6,25,49,CarrotHyrax,63.2,5.0,2,True,0.001,
38BbM6,25,50,CarrotHyrax,63.2,5.0,0,True,0.001,
38BbM6,25,51,CarrotHyrax,63.2,5.0,0,True,0.001,
38BbM6,25,52,CarrotHyrax,63.2,5.0,1,True,0.001,
38BbM6,25,53,CarrotHyrax,63.2,5.0,0,True,0.001,
38BbM6,25,54,CarrotHyrax,63.2,5.0,0,True,0.001,
38BbM6,25,55,CarrotHyrax,63.2,5.0,0,True,0.002,
38BbM6,25,56,CarrotHyrax,63.2,5.0,1,True,0.001,
38BbM6,25,57,CarrotHyrax,33.2,5.0,0,True,0.001,
38BbM6,25,58,CarrotHyrax,33.2,5.0,1,True,0.001,
38BbM6,25,59,CarrotHyrax,33.2,5.0,0,True,0.001,
38BbM6,25,60,CarrotHyrax,33.2,5.0,1,True,0.001,
38BbM6,25,61,CarrotHyrax,33.2,5.0,1,True,0.001,
38BbM6,25,62,CarrotHyrax,33.2,5.0,2,True,0.003,
38BbM6,25,63,CarrotHyrax,33.2,5.0,0,True,0.001,
38BbM6,25,64,CarrotHyrax,33.2,5.0,0,True,0.001,
38BbM6,25,65,CarrotHyrax,33.2,5.0,0,True,0.001,
38BbM6,25,66,CarrotHyrax,33.2,5.0,1,True,0.001,
38BbM6,25,67,CarrotHyrax,62.4,5.0,1,True,0.001,
38BbM6,25,68,CarrotHyrax,62.4,5.0,1,True,0.001,
38BbM6,25,69,CarrotHyrax,62.4,5.0,1,True,0.001,
38BbM6,25,70,CarrotHyrax,62.4,5.0,0,True,0.001,
38BbM6,25,71,CarrotHyrax,62.4,5.0,0,True,0.001,
38BbM6,25,72,CarrotHyrax,62.4,5.0,1,True,0.002,
38BbM6,25,73,CarrotHyrax,62.4,5.0,0,True,0.001,
38BbM6,25,74,CarrotHyrax,62.4,5.0,0,True,0.001,
38BbM6,25,75,CarrotHyrax,62.4,5.0,0,True,0.001,
38BbM6,25,76,CarrotHyrax,62.4,5.0,2,True,0.001,
38BbM6,25,77,CarrotHyrax,43.8,5.0,1,True,0.001,
38BbM6,25,78,CarrotHyrax,43.8,5.0,1,True,0.001,
38BbM6,25,79,CarrotHyrax,43.8,5.0,0,True,0.001,
38BbM6,25,80,CarrotHyrax,43.8,5.0,0,True,0.001,
38BbM6,25,81,CarrotHyrax,43.8,5.0,0,True,0.001,
38BbM6,25,82,CarrotHyrax,43.8,5.0,2,True,0.001,
38BbM6,25,83,CarrotHyrax,43.8,5.0,0,True,0.001,
38BbM6,25,84,CarrotHyrax,43.8,5.0,1,True,0.001,
38BbM6,25,85,CarrotHyrax,43.8,5.0,1,True,0.001,
38BbM6,25,86,CarrotHyrax,43.8,5.0,1,True,0.001,
38BbM6,25,87,CarrotHyrax,51.0,5.0,0,True,0.001,
38BbM6,25,88,CarrotHyrax,51.0,5.0,0,True,0.002,
38BbM6,25,89,CarrotHyrax,51.0,5.0,0,True,0.001,
38BbM6,25,90,CarrotHyrax,51.0,5.0,0,True,0.001,
38BbM6,25,91,CarrotHyrax,51.0,5.0,0,True,0.001,
38BbM6,25,92,CarrotHyrax,51.0,5.0,1,True,0.001,
38BbM6,25,93,CarrotHyrax,51.0,5.0,0,True,0.001,
38BbM6,25,94,CarrotHyrax,51.0,5.0,0,True,0.001,
38BbM6,25,95,CarrotHyrax,51.0,5.0,0,True,0.001,
38BbM6,25,96,CarrotHyrax,51.0,5.0,2,True,0.001,
38BbM6,25,97,CarrotHyrax,73.3,5.0,0,True,0.001,
38BbM6,25,98,CarrotHyrax,73.3,5.0,1,True,0.001,
38BbM6,25,99,CarrotHyrax,73.3,5.0,0,True,0.001,
38BbM6,25,100,CarrotHyrax,73.3,5.0,0,True,0.001,
38BbM6,26,1,CarrotHyrax,73.3,88.0,0,True,0.0,
38BbM6,26,2,CarrotHyrax,73.3,70.4,0,True,0.0,
38BbM6,26,3,CarrotHyrax,73.3,56.3,1,True,0.0,
38BbM6,26,4,CarrotHyrax,73.3,52.2,0,True,0.0,
38BbM6,26,5,CarrotHyrax,73.3,46.8,1,True,0.0,
38BbM6,26,6,CarrotHyrax,76.2,44.4,0,True,0.0,
38BbM6,26,7,CarrotHyrax,76.2,41.5,0,True,0.0,
38BbM6,26,8,CarrotHyrax,76.2,37.9,0,True,0.0,
38BbM6,26,9,CarrotHyrax,76.2,34.0,0,True,0.0,
38BbM6,26,10,CarrotHyrax,76.2,30.2,0,True,0.0,
38BbM6,26,11,CarrotHyrax,76.2,26.6,0,True,0.0,
38BbM6,26,12,CarrotHyrax,76.2,23.3,1,True,0.0,
38BbM6,26,13,CarrotHyrax,76.2,20.9,0,True,0.0,
38BbM6,26,14,CarrotHyrax,76.2,18.6,0,True,0.0,
38BbM6,26,15,CarrotHyrax,76.2,16.4,0,True,0.0,
38BbM6,26,16,CarrotHyrax,71.1,14.3,1,True,0.0,
38BbM6,26,17,CarrotHyrax,71.1,12.8,2,True,0.0,
38BbM6,26,18,CarrotHyrax,71.1,11.9,0,True,0.0,
38BbM6,26,19,CarrotHyrax,71.1,11.0,0,True,0.0,
38BbM6,26,20,CarrotHyrax,71.1,10.1,0,True,0.0,
38BbM6,26,21,CarrotHyrax,71.1,9.2,0,True,0.0,
38BbM6,26,22,CarrotHyrax,71.1,8.4,0,True,0.0,
38BbM6,26,23,CarrotHyrax,71.1,7.6,1,True,0.0,
38BbM6,26,24,CarrotHyrax,71.1,6.9,0,True,0.0,
38BbM6,26,25,CarrotHyrax,71.1,6.3,0,True,0.0,
38BbM6,26,26,CarrotHyrax,68.7,5.7,0,True,0.0,
38BbM6,26,27,CarrotHyrax,68.7,5.1,0,True,0.0,
38BbM6,26,28,CarrotHyrax,68.7,5.0,0,True,0.0,
38BbM6,26,29,CarrotHyrax,68.7,5.0,2,True,0.0,
38BbM6,26,30,CarrotHyrax,68.7,5.0,0,True,0.0,
38BbM6,26,31,CarrotHyrax,68.7,5.0,0,True,0.0,
38BbM6,26,32,CarrotHyrax,68.7,5.0,0,True,0.0,
38BbM6,26,33,CarrotHyrax,68.7,5.0,1,True,0.0,
38BbM6,26,34,CarrotHyrax,68.7,5.0,0,True,0.0,
38BbM6,26,35,CarrotHyrax,68.7,5.0,0,True,0.0,
38BbM6,26,36,CarrotHyrax,42.1,5.0,0,True,0.0,
38BbM6,26,37,CarrotHyrax,42.1,5.0,1,True,0.0,
38BbM6,26,38,CarrotHyrax,42.1,5.0,0,True,0.0,
38BbM6,26,39,CarrotHyrax,42.1,5.0,2,True,0.0,
38BbM6,26,40,CarrotHyrax,42.1,5.0,2,True,0.0,
38BbM6,26,41,CarrotHyrax,42.1,5.0,0,True,0.0,
38BbM6,26,42,CarrotHyrax,42.1,5.0,0,True,0.0,
38BbM6,26,43,CarrotHyrax,42.1,5.0,0,True,0.0,
38BbM6,26,44,CarrotHyrax,42.1,5.0,0,True,0.0,
38BbM6,26,45,CarrotHyrax,42.1,5.0,0,True,0.0,
38BbM6,26,46,CarrotHyrax,33.9,5.0,0,True,0.0,
38BbM6,26,47,CarrotHyrax,33.9,5.0,0,True,0.0,
38BbM6,26,48,CarrotHyrax,33.9,5.0,0,True,0.0,
38BbM6,26,49,CarrotHyrax,33.9,5.0,0,True,0.0,
38BbM6,26,50,CarrotHyrax,33.9,5.0,1,True,0.0,
38BbM6,26,51,CarrotHyrax,33.9,5.0,0,True,0.0,
38BbM6,26,52,CarrotHyrax,33.9,5.0,0,True,0.0,
38BbM6,26,53,CarrotHyrax,33.9,5.0,0,True,0.0,
38BbM6,26,54,CarrotHyrax,33.9,5.0,0,True,0.0,
38BbM6,26,55,CarrotHyrax,33.9,5.0,0,True,0.0,
38BbM6,26,56,CarrotHyrax,32.5,5.0,0,True,0.0,
38BbM6,26,57,CarrotHyrax,32.5,5.0,0,True,0.0,
38BbM6,26,58,CarrotHyrax,32.5,5.0,2,True,0.0,
38BbM6,26,59,CarrotHyrax,32.5,5.0,1,True,0.0,
38BbM6,26,60,CarrotHyrax,32.5,5.0,0,True,0.0,
38BbM6,26,61,CarrotHyrax,32.5,5.0,0,True,0.0,
38BbM6,26,62,CarrotHyrax,32.5,5.0,0,True,0.0,
38BbM6,26,63,CarrotHyrax,32.5,5.0,1,True,0.0,
38BbM6,26,64,CarrotHyrax,32.5,5.0,1,True,0.0,
38BbM6,26,65,CarrotHyrax,32.5,5.0,1,True,0.0,
38BbM6,26,66,CarrotHyrax,54.0,5.0,0,True,0.0,
38BbM6,26,67,CarrotHyrax,54.0,5.0,2,True,0.0,
38BbM6,26,68,CarrotHyrax,54.0,5.0,0,True,0.0,
38BbM6,26,69,CarrotHyrax,54.0,5.0,0,True,0.0,
38BbM6,26,70,CarrotHyrax,54.0,5.0,0,True,0.001,
38BbM6,26,71,CarrotHyrax,54.0,5.0,0,True,0.0,
38BbM6,26,72,CarrotHyrax,54.0,5.0,0,True,0.0,
38BbM6,26,73,CarrotHyrax,54.0,5.0,0,True,0.0,
38BbM6,26,74,CarrotHyrax,54.0,5.0,0,True,0.0,
38BbM6,26,75,CarrotHyrax,54.0,5.0,0,True,0.0,
38BbM6,26,76,CarrotHyrax,55.4,5.0,0,True,0.0,
38BbM6,26,77,CarrotHyrax,55.4,5.0,2,True,0.0,
38BbM6,26,78,CarrotHyrax,55.4,5.0,0,True,0.0,
38BbM6,26,79,CarrotHyrax,55.4,5.0,0,True,0.0,
38BbM6,26,80,CarrotHyrax,55.4,5.0,0,True,0.001,
38BbM6,26,81,CarrotHyrax,55.4,5.0,1,True,0.0,
38BbM6,26,82,CarrotHyrax,55.4,5.0,0,True,0.0,
38BbM6,26,83,CarrotHyrax,55.4,5.0,2,True,0.0,
38BbM6,26,84,CarrotHyrax,55.4,5.0,0,True,0.001,
38BbM6,26,85,CarrotHyrax,55.4,5.0,2,True,0.006,
38BbM6,26,86,CarrotHyrax,32.0,5.0,0,True,0.001,
38BbM6,26,87,CarrotHyrax,32.0,5.0,0,True,0.001,
38BbM6,26,88,CarrotHyrax,32.0,5.0,2,True,0.002,
38BbM6,26,89,CarrotHyrax,32.0,5.0,1,True,0.0,
38BbM6,26,90,CarrotHyrax,32.0,5.0,1,True,0.0,
38BbM6,26,91,CarrotHyrax,32.0,5.0,0,True,0.0,
38BbM6,26,92,CarrotHyrax,32.0,5.0,0,True,0.0,
38BbM6,26,93,CarrotHyrax,32.0,5.0,0,True,0.0,
38BbM6,26,94,CarrotHyrax,32.0,5.0,0,True,0.031,
38BbM6,26,95,CarrotHyrax,32.0,5.0,0,True,0.0,
38BbM6,26,96,CarrotHyrax,37.8,5.0,2,True,0.0,
38BbM6,26,97,CarrotHyrax,37.8,5.0,1,True,0.009,
38BbM6,26,98,CarrotHyrax,37.8,5.0,1,True,0.0,
38BbM6,26,99,CarrotHyrax,37.8,5.0,2,True,0.001,
38BbM6,26,100,CarrotHyrax,37.8,5.0,1,True,0.0,
38BbM6,27,1,CarrotHyrax,37.8,56.0,0,True,0.0,
38BbM6,27,2,CarrotHyrax,37.8,44.8,0,True,0.003,
38BbM6,27,3,CarrotHyrax,37.8,35.8,0,True,0.001,
38BbM6,27,4,CarrotHyrax,37.8,28.7,0,True,0.0,
38BbM6,27,5,CarrotHyrax,40.1,22.9,0,True,0.0,
38BbM6,27,6,CarrotHyrax,40.1,18.4,0,True,0.0,
38BbM6,27,7,CarrotHyrax,40.1,14.7,1,True,0.003,
38BbM6,27,8,CarrotHyrax,40.1,12.6,0,True,0.0,
38BbM6,27,9,CarrotHyrax,40.1,10.7,0,True,0.0,
38BbM6,27,10,CarrotHyrax,40.1,9.0,0,True,0.0,
38BbM6,27,11,CarrotHyrax,40.1,7.6,0,True,0.0,
38BbM6,27,12,CarrotHyrax,40.1,6.3,0,True,0.0,
38BbM6,27,13,CarrotHyrax,40.1,5.3,0,True,0.0,
38BbM6,27,14,CarrotHyrax,40.1,5.0,0,True,0.0,
38BbM6,27,15,CarrotHyrax,39.7,5.0,0,True,0.0,
38BbM6,27,16,CarrotHyrax,39.7,5.0,1,True,0.0,
38BbM6,27,17,CarrotHyrax,39.7,5.0,1,True,0.0,
38BbM6,27,18,CarrotHyrax,39.7,5.0,1,True,0.0,
38BbM6,27,19,CarrotHyrax,39.7,5.0,0,True,0.0,
38BbM6,27,20,CarrotHyrax,39.7,5.0,1,True,0.0,
38BbM6,27,21,CarrotHyrax,39.7,5.0,0,True,0.0,
38BbM6,27,22,CarrotHyrax,39.7,5.0,0,True,0.0,
38BbM6,27,23,CarrotHyrax,39.7,5.0,1,True,0.0,
38BbM6,27,24,CarrotHyrax,39.7,5.0,0,True,0.0,
38BbM6,27,25,CarrotHyrax,73.2,5.0,1,True,0.0,
38BbM6,27,26,CarrotHyrax,73.2,5.0,0,True,0.0,
38BbM6,27,27,CarrotHyrax,73.2,5.0,1,True,0.0,
38BbM6,27,28,CarrotHyrax,73.2,5.0,0,True,0.0,
38BbM6,27,29,CarrotHyrax,73.2,5.0,0,True,0.0,
38BbM6,27,30,CarrotHyrax,73.2,5.0,0,True,0.0,
38BbM6,27,31,CarrotHyrax,73.2,5.0,2,True,0.0,
38BbM6,27,32,CarrotHyrax,73.2,5.0,0,True,0.0,
38BbM6,27,33,CarrotHyrax,73.2,5.0,0,True,0.0,
38BbM6,27,34,CarrotHyrax,73.2,5.0,2,True,0.0,
38BbM6,27,35,CarrotHyrax,46.3,5.0,0,True,0.0,
38BbM6,27,36,CarrotHyrax,46.3,5.0,1,True,0.0,
38BbM6,27,37,CarrotHyrax,46.3,5.0,1,True,0.0,
38BbM6,27,38,CarrotHyrax,46.3,5.0,1,True,0.0,
38BbM6,27,39,CarrotHyrax,46.3,5.0,3,True,0.0,
38BbM6,27,40,CarrotHyrax,46.3,5.0,0,True,0.0,
38BbM6,27,41,CarrotHyrax,46.3,5.0,0,True,0.0,
38BbM6,27,42,CarrotHyrax,46.3,5.0,0,True,0.0,
38BbM6,27,43,CarrotHyrax,46.3,5.0,0,True,0.0,
38BbM6,27,44,CarrotHyrax,46.3,5.0,0,True,0.0,
38BbM6,27,45,CarrotHyrax,50.5,5.0,0,True,0.0,
38BbM6,27,46,CarrotHyrax,50.5,5.0,1,True,0.0,
38BbM6,27,47,CarrotHyrax,50.5,5.0,0,True,0.0,
38BbM6,27,48,CarrotHyrax,50.5,5.0,0,True,0.0,
38BbM6,27,49,CarrotHyrax,50.5,5.0,2,True,0.0,
38BbM6,27,50,CarrotHyrax,50.5,5.0,0,True,0.0,
38BbM6,27,51,CarrotHyrax,50.5,5.0,1,True,0.0,
38BbM6,27,52,CarrotHyrax,50.5,5.0,1,True,0.001,
38BbM6,27,53,CarrotHyrax,50.5,5.0,0,True,0.0,
38BbM6,27,54,CarrotHyrax,50.5,5.0,1,True,0.0,
38BbM6,27,55,CarrotHyrax,48.2,5.0,0,True,0.0,
38BbM6,27,56,CarrotHyrax,48.2,5.0,1,True,0.0,
38BbM6,27,57,CarrotHyrax,48.2,5.0,1,True,0.0,
38BbM6,27,58,CarrotHyrax,48.2,5.0,0,True,0.0,
38BbM6,27,59,CarrotHyrax,48.2,5.0,0,True,0.0,
38BbM6,27,60,CarrotHyrax,48.2,5.0,1,True,0.0,
38BbM6,27,61,CarrotHyrax,48.2,5.0,2,True,0.0,
38BbM6,27,62,CarrotHyrax,48.2,5.0,0,True,0.0,
38BbM6,27,63,CarrotHyrax,48.2,5.0,0,True,0.0,
38BbM6,27,64,CarrotHyrax,48.2,5.0,1,True,0.0,
38BbM6,27,65,CarrotHyrax,31.8,5.0,4,True,0.0,
38BbM6,27,66,CarrotHyrax,31.8,5.0,4,True,0.0,
38BbM6,27,67,CarrotHyrax,31.8,5.0,1,True,0.0,
38BbM6,27,68,CarrotHyrax,31.8,5.0,1,True,0.0,
38BbM6,27,69,CarrotHyrax,31.8,5.0,0,True,0.0,
38BbM6,27,70,CarrotHyrax,31.8,5.0,1,True,0.0,
38BbM6,27,71,CarrotHyrax,31.8,5.0,2,True,0.0,
38BbM6,27,72,CarrotHyrax,31.8,5.0,0,True,0.0,
38BbM6,27,73,CarrotHyrax,31.8,5.0,2,True,0.0,
38BbM6,27,74,CarrotHyrax,31.8,5.0,0,True,0.0,
38BbM6,27,75,CarrotHyrax,71.0,5.0,0,True,0.0,
38BbM6,27,76,CarrotHyrax,71.0,5.0,0,True,0.0,
38BbM6,27,77,CarrotHyrax,71.0,5.0,1,True,0.0,
38BbM6,27,78,CarrotHyrax,71.0,5.0,1,True,0.0,
38BbM6,27,79,CarrotHyrax,71.0,5.0,2,True,0.0,
38BbM6,27,80,CarrotHyrax,71.0,5.0,0,True,0.001,
38BbM6,27,81,CarrotHyrax,71.0,5.0,3,True,0.0,
38BbM6,27,82,CarrotHyrax,71.0,5.0,1,True,0.0,
38BbM6,27,83,CarrotHyrax,71.0,5.0,0,True,0.0,
38BbM6,27,84,CarrotHyrax,71.0,5.0,1,True,0.0,
38BbM6,27,85,CarrotHyrax,54.7,5.0,1,True,0.0,
38BbM6,27,86,CarrotHyrax,54.7,5.0,2,True,0.0,
38BbM6,27,87,CarrotHyrax,54.7,5.0,0,True,0.0,
38BbM6,27,88,CarrotHyrax,54.7,5.0,2,True,0.0,
38BbM6,27,89,CarrotHyrax,54.7,5.0,1,True,0.0,
38BbM6,27,90,CarrotHyrax,54.7,5.0,0,True,0.0,
38BbM6,27,91,CarrotHyrax,54.7,5.0,1,True,0.0,
38BbM6,27,92,CarrotHyrax,54.7,5.0,1,True,0.0,
38BbM6,27,93,CarrotHyrax,54.7,5.0,0,True,0.0,
38BbM6,27,94,CarrotHyrax,54.7,5.0,1,True,0.0,
38BbM6,27,95,CarrotHyrax,71.2,5.0,0,True,0.0,
38BbM6,27,96,CarrotHyrax,71.2,5.0,0,True,0.0,
38BbM6,27,97,CarrotHyrax,71.2,5.0,2,True,0.0,
38BbM6,27,98,CarrotHyrax,71.2,5.0,0,True,0.0,
38BbM6,27,99,CarrotHyrax,71.2,5.0,1,True,0.0,
38BbM6,27,100,CarrotHyrax,71.2,5.0,1,True,0.0,
38BbM6,28,1,CarrotHyrax,71.2,78.0,0,True,0.0,
38BbM6,28,2,CarrotHyrax,71.2,62.4,1,True,0.0,
38BbM6,28,3,CarrotHyrax,71.2,60.3,0,True,0.0,
38BbM6,28,4,CarrotHyrax,51.6,55.9,0,True,0.0,
38BbM6,28,5,CarrotHyrax,51.6,50.1,0,True,0.0,
38BbM6,28,6,CarrotHyrax,51.6,43.8,0,True,0.0,
38BbM6,28,7,CarrotHyrax,51.6,38.0,0,True,0.0,
38BbM6,28,8,CarrotHyrax,51.6,32.5,0,True,0.0,
38BbM6,28,9,CarrotHyrax,51.6,27.6,0,True,0.0,
38BbM6,28,10,CarrotHyrax,51.6,23.3,0,True,0.0,
38BbM6,28,11,CarrotHyrax,51.6,19.6,1,True,0.0,
38BbM6,28,12,CarrotHyrax,51.6,17.1,0,True,0.0,
38BbM6,28,13,CarrotHyrax,51.6,14.8,0,True,0.0,
38BbM6,28,14,CarrotHyrax,35.9,12.8,1,True,0.0,
38BbM6,28,15,CarrotHyrax,35.9,11.2,0,True,0.0,
38BbM6,28,16,CarrotHyrax,35.9,9.8,0,True,0.0,
38BbM6,28,17,CarrotHyrax,35.9,8.5,1,True,0.0,
38BbM6,28,18,CarrotHyrax,35.9,7.6,0,True,0.0,
38BbM6,28,19,CarrotHyrax,35.9,6.7,1,True,0.0,
38BbM6,28,20,CarrotHyrax,35.9,6.0,0,True,0.0,
38BbM6,28,21,CarrotHyrax,35.9,5.4,0,True,0.0,
38BbM6,28,22,CarrotHyrax,35.9,5.0,0,True,0.0,
38BbM6,28,23,CarrotHyrax,35.9,5.0,0,True,0.0,
38BbM6,28,24,CarrotHyrax,61.9,5.0,0,True,0.0,
38BbM6,28,25,CarrotHyrax,61.9,5.0,1,True,0.0,
38BbM6,28,26,CarrotHyrax,61.9,5.0,0,True,0.0,
38BbM6,28,27,CarrotHyrax,61.9,5.0,1,True,0.0,
38BbM6,28,28,CarrotHyrax,61.9,5.0,0,True,0.0,
38BbM6,28,29,CarrotHyrax,61.9,5.0,1,True,0.0,
38BbM6,28,30,CarrotHyrax,61.9,5.0,0,True,0.0,
38BbM6,28,31,CarrotHyrax,61.9,5.0,0,True,0.0,
38BbM6,28,32,CarrotHyrax,61.9,5.0,0,True,0.0,
38BbM6,28,33,CarrotHyrax,61.9,5.0,0,True,0.0,
38BbM6,28,34,CarrotHyrax,67.3,5.0,1,True,0.0,
38BbM6,28,35,CarrotHyrax,67.3,5.0,0,True,0.0,
38BbM6,28,36,CarrotHyrax,67.3,5.0,1,True,0.0,
38BbM6,28,37,CarrotHyrax,67.3,5.0,0,True,0.0,
38BbM6,28,38,CarrotHyrax,67.3,5.0,0,True,0.0,
38BbM6,28,39,CarrotHyrax,67.3,5.0,0,True,0.0,
38BbM6,28,40,CarrotHyrax,67.3,5.0,0,True,0.0,
38BbM6,28,41,CarrotHyrax,67.3,5.0,0,True,0.0,
38BbM6,28,42,CarrotHyrax,67.3,5.0,0,True,0.0,
38BbM6,28,43,CarrotHyrax,67.3,5.0,0,True,0.0,
38BbM6,28,44,CarrotHyrax,67.2,5.0,0,True,0.0,
38BbM6,28,45,CarrotHyrax,67.2,5.0,0,True,0.0,
38BbM6,28,46,CarrotHyrax,67.2,5.0,0,True,0.0,
38BbM6,28,47,CarrotHyrax,67.2,5.0,3,True,0.0,
38BbM6,28,48,CarrotHyrax,67.2,5.0,0,True,0.0,
38BbM6,28,49,CarrotHyrax,67.2,5.0,0,True,0.0,
38BbM6,28,50,CarrotHyrax,67.2,5.0,2,True,0.0,
38BbM6,28,51,CarrotHyrax,67.2,5.0,1,True,0.001,
38BbM6,28,52,CarrotHyrax,67.2,5.0,0,True,0.0,
38BbM6,28,53,CarrotHyrax,67.2,5.0,0,True,0.0,
38BbM6,28,54,CarrotHyrax,44.4,5.0,0,True,0.0,
38BbM6,28,55,CarrotHyrax,44.4,5.0,0,True,0.0,
38BbM6,28,56,CarrotHyrax,44.4,5.0,0,True,0.0,
38BbM6,28,57,CarrotHyrax,44.4,5.0,0,True,0.0,
38BbM6,28,58,CarrotHyrax,44.4,5.0,1,True,0.0,
38BbM6,28,59,CarrotHyrax,44.4,5.0,0,True,0.0,
38BbM6,28,60,CarrotHyrax,44.4,5.0,0,True,0.0,
38BbM6,28,61,CarrotHyrax,44.4,5.0,0,True,0.001,
38BbM6,28,62,CarrotHyrax,44.4,5.0,1,True,0.0,
38BbM6,28,63,CarrotHyrax,44.4,5.0,0,True,0.0,
38BbM6,28,64,CarrotHyrax,61.2,5.0,1,True,0.0,
38BbM6,28,65,CarrotHyrax,61.2,5.0,0,True,0.0,
38BbM6,28,66,CarrotHyrax,61.2,5.0,2,True,0.0,
38BbM6,28,67,CarrotHyrax,61.2,5.0,0,True,0.0,
38BbM6,28,68,CarrotHyrax,61.2,5.0,2,True,0.0,
38BbM6,28,69,CarrotHyrax,61.2,5.0,1,True,0.001,
38BbM6,28,70,CarrotHyrax,61.2,5.0,0,True,0.0,
38BbM6,28,71,CarrotHyrax,61.2,5.0,1,True,0.0,
38BbM6,28,72,CarrotHyrax,61.2,5.0,0,True,0.0,
38BbM6,28,73,CarrotHyrax,61.2,5.0,0,True,0.0,
38BbM6,28,74,CarrotHyrax,71.3,5.0,0,True,0.0,
38BbM6,28,75,CarrotHyrax,71.3,5.0,0,True,0.0,
38BbM6,28,76,CarrotHyrax,71.3,5.0,0,True,0.0,
38BbM6,28,77,CarrotHyrax,71.3,5.0,1,True,0.0,
38BbM6,28,78,CarrotHyrax,71.3,5.0,0,True,0.0,
38BbM6,28,79,CarrotHyrax,71.3,5.0,0,True,0.0,
38BbM6,28,80,CarrotHyrax,71.3,5.0,0,True,0.0,
38BbM6,28,81,CarrotHyrax,71.3,5.0,1,True,0.0,
38BbM6,28,82,CarrotHyrax,71.3,5.0,0,True,0.0,
38BbM6,28,83,CarrotHyrax,71.3,5.0,0,True,0.0,
38BbM6,28,84,CarrotHyrax,59.5,5.0,1,True,0.0,
38BbM6,28,85,CarrotHyrax,59.5,5.0,1,True,0.0,
38BbM6,28,86,CarrotHyrax,59.5,5.0,0,True,0.0,
38BbM6,28,87,CarrotHyrax,59.5,5.0,1,True,0.0,
38BbM6,28,88,CarrotHyrax,59.5,5.0,0,True,0.0,
38BbM6,28,89,CarrotHyrax,59.5,5.0,0,True,0.0,
38BbM6,28,90,CarrotHyrax,59.5,5.0,0,True,0.0,
38BbM6,28,91,CarrotHyrax,59.5,5.0,0,True,0.0,
38BbM6,28,92,CarrotHyrax,59.5,5.0,1,True,0.0,
38BbM6,28,93,CarrotHyrax,59.5,5.0,0,True,0.0,
38BbM6,28,94,CarrotHyrax,53.3,5.0,1,True,0.0,
38BbM6,28,95,CarrotHyrax,53.3,5.0,0,True,0.0,
38BbM6,28,96,CarrotHyrax,53.3,5.0,1,True,0.0,
38BbM6,28,97,CarrotHyrax,53.3,5.0,2,True,0.0,
38BbM6,28,98,CarrotHyrax,53.3,5.0,0,True,0.0,
38BbM6,28,99,CarrotHyrax,53.3,5.0,0,True,0.0,
38BbM6,28,100,CarrotHyrax,53.3,5.0,0,True,0.0,
38BbM6,29,1,CarrotHyrax,53.3,54.0,0,True,0.0,
38BbM6,29,2,CarrotHyrax,53.3,43.2,0,True,0.0,
38BbM6,29,3,CarrotHyrax,67.9,34.6,2,True,0.0,
38BbM6,29,4,CarrotHyrax,67.9,36.4,0,True,0.0,
38BbM6,29,5,CarrotHyrax,67.9,36.2,0,True,0.0,
38BbM6,29,6,CarrotHyrax,67.9,34.3,1,True,0.0,
38BbM6,29,7,CarrotHyrax,67.9,34.3,0,True,0.0,
38BbM6,29,8,CarrotHyrax,67.9,33.3,0,True,0.0,
38BbM6,29,9,CarrotHyrax,67.9,31.6,0,True,0.0,
38BbM6,29,10,CarrotHyrax,67.9,29.4,0,True,0.0,
38BbM6,29,11,CarrotHyrax,67.9,27.1,0,True,0.0,
38BbM6,29,12,CarrotHyrax,67.9,24.7,0,True,0.0,
38BbM6,29,13,CarrotHyrax,51.5,22.2,0,True,0.0,
38BbM6,29,14,CarrotHyrax,51.5,19.8,1,True,0.0,
38BbM6,29,15,CarrotHyrax,51.5,17.9,0,True,0.0,
38BbM6,29,16,CarrotHyrax,51.5,16.1,1,True,0.0,
38BbM6,29,17,CarrotHyrax,51.5,14.7,0,True,0.0,
38BbM6,29,18,CarrotHyrax,51.5,13.4,1,True,0.0,
38BbM6,29,19,CarrotHyrax,51.5,12.4,0,True,0.0,
38BbM6,29,20,CarrotHyrax,51.5,11.4,0,True,0.0,
38BbM6,29,21,CarrotHyrax,51.5,10.4,2,True,0.0,
38BbM6,29,22,CarrotHyrax,51.5,9.8,0,True,0.0,
38BbM6,29,23,CarrotHyrax,46.0,9.2,0,True,0.0,
38BbM6,29,24,CarrotHyrax,46.0,8.6,1,True,0.0,
38BbM6,29,25,CarrotHyrax,46.0,8.0,0,True,0.0,
38BbM6,29,26,CarrotHyrax,46.0,7.5,0,True,0.0,
38BbM6,29,27,CarrotHyrax,46.0,7.0,0,True,0.0,
38BbM6,29,28,CarrotHyrax,46.0,6.5,0,True,0.0,
38BbM6,29,29,CarrotHyrax,46.0,5.9,0,True,0.0,
38BbM6,29,30,CarrotHyrax,46.0,5.4,0,True,0.0,
38BbM6,29,31,CarrotHyrax,46.0,5.0,1,True,0.0,
38BbM6,29,32,CarrotHyrax,46.0,5.0,2,True,0.0,
38BbM6,29,33,CarrotHyrax,46.7,5.0,0,True,0.0,
38BbM6,29,34,CarrotHyrax,46.7,5.0,0,True,0.0,
38BbM6,29,35,CarrotHyrax,46.7,5.0,0,True,0.0,
38BbM6,29,36,CarrotHyrax,46.7,5.0,0,True,0.0,
38BbM6,29,37,CarrotHyrax,46.7,5.0,1,True,0.0,
38BbM6,29,38,CarrotHyrax,46.7,5.0,0,True,0.0,
38BbM6,29,39,CarrotHyrax,46.7,5.0,1,True,0.0,
38BbM6,29,40,CarrotHyrax,46.7,5.0,0,True,0.0,
38BbM6,29,41,CarrotHyrax,46.7,5.0,0,True,0.0,
38BbM6,29,42,CarrotHyrax,46.7,5.0,1,True,0.0,
38BbM6,29,43,CarrotHyrax,67.0,5.0,1,True,0.0,
38BbM6,29,44,CarrotHyrax,67.0,5.0,1,True,0.0,
38BbM6,29,45,CarrotHyrax,67.0,5.0,0,True,0.0,
38BbM6,29,46,CarrotHyrax,67.0,5.0,1,True,0.0,
38BbM6,29,47,CarrotHyrax,67.0,5.0,0,True,0.0,
38BbM6,29,48,CarrotHyrax,67.0,5.0,1,True,0.0,
38BbM6,29,49,CarrotHyrax,67.0,5.0,0,True,0.0,
38BbM6,29,50,CarrotHyrax,67.0,5.0,1,True,0.0,
38BbM6,29,51,CarrotHyrax,67.0,5.0,1,True,0.0,
38BbM6,29,52,CarrotHyrax,67.0,5.0,0,True,0.0,
38BbM6,29,53,CarrotHyrax,34.6,5.0,0,True,0.0,
38BbM6,29,54,CarrotHyrax,34.6,5.0,0,True,0.0,
38BbM6,29,55,CarrotHyrax,34.6,5.0,0,True,0.0,
38BbM6,29,56,CarrotHyrax,34.6,5.0,0,True,0.0,
38BbM6,29,57,CarrotHyrax,34.6,5.0,1,True,0.0,
38BbM6,29,58,CarrotHyrax,34.6,5.0,0,True,0.0,
38BbM6,29,59,CarrotHyrax,34.6,5.0,0,True,0.0,
38BbM6,29,60,CarrotHyrax,34.6,5.0,0,True,0.0,
38BbM6,29,61,CarrotHyrax,34.6,5.0,0,True,0.0,
38BbM6,29,62,CarrotHyrax,34.6,5.0,0,True,0.0,
38BbM6,29,63,CarrotHyrax,66.4,5.0,0,True,0.0,
38BbM6,29,64,CarrotHyrax,66.4,5.0,0,True,0.0,
38BbM6,29,65,CarrotHyrax,66.4,5.0,0,True,0.0,
38BbM6,29,66,CarrotHyrax,66.4,5.0,1,True,0.0,
38BbM6,29,67,CarrotHyrax,66.4,5.0,1,True,0.0,
38BbM6,29,68,CarrotHyrax,66.4,5.0,0,True,0.0,
38BbM6,29,69,CarrotHyrax,66.4,5.0,0,True,0.0,
38BbM6,29,70,CarrotHyrax,66.4,5.0,1,True,0.0,
38BbM6,29,71,CarrotHyrax,66.4,5.0,0,True,0.0,
38BbM6,29,72,CarrotHyrax,66.4,5.0,0,True,0.0,
38BbM6,29,73,CarrotHyrax,41.9,5.0,2,True,0.0,
38BbM6,29,74,CarrotHyrax,41.9,5.0,2,True,0.0,
38BbM6,29,75,CarrotHyrax,41.9,5.0,0,True,0.0,
38BbM6,29,76,CarrotHyrax,41.9,5.0,2,True,0.0,
38BbM6,29,77,CarrotHyrax,41.9,5.0,1,True,0.0,
38BbM6,29,78,CarrotHyrax,41.9,5.0,0,True,0.0,
38BbM6,29,79,CarrotHyrax,41.9,5.0,0,True,0.0,
38BbM6,29,80,CarrotHyrax,41.9,5.0,1,True,0.0,
38BbM6,29,81,CarrotHyrax,41.9,5.0,0,True,0.0,
38BbM6,29,82,CarrotHyrax,41.9,5.0,0,True,0.0,
38BbM6,29,83,CarrotHyrax,71.2,5.0,0,True,0.0,
38BbM6,29,84,CarrotHyrax,71.2,5.0,0,True,0.0,
38BbM6,29,85,CarrotHyrax,71.2,5.0,0,True,0.0,
38BbM6,29,86,CarrotHyrax,71.2,5.0,0,True,0.0,
38BbM6,29,87,CarrotHyrax,71.2,5.0,2,True,0.0,
38BbM6,29,88,CarrotHyrax,71.2,5.0,0,True,0.0,
38BbM6,29,89,CarrotHyrax,71.2,5.0,1,True,0.0,
38BbM6,29,90,CarrotHyrax,71.2,5.0,1,True,0.0,
38BbM6,29,91,CarrotHyrax,71.2,5.0,3,True,0.0,
38BbM6,29,92,CarrotHyrax,71.2,5.0,1,True,0.0,
38BbM6,29,93,CarrotHyrax,70.4,5.0,0,True,0.0,
38BbM6,29,94,CarrotHyrax,70.4,5.0,1,True,0.0,
38BbM6,29,95,CarrotHyrax,70.4,5.0,1,True,0.0,
38BbM6,29,96,CarrotHyrax,70.4,5.0,0,True,0.0,
38BbM6,29,97,CarrotHyrax,70.4,5.0,0,True,0.001,
38BbM6,29,98,CarrotHyrax,70.4,5.0,0,True,0.0,
38BbM6,29,99,CarrotHyrax,70.4,5.0,1,True,0.0,
38BbM6,29,100,CarrotHyrax,70.4,5.0,4,True,0.0,
38BbM6,30,1,CarrotHyrax,70.4,87.0,0,True,0.0,
38BbM6,30,2,CarrotHyrax,49.9,69.6,0,True,0.0,
38BbM6,30,3,CarrotHyrax,49.9,55.7,0,True,0.0,
38BbM6,30,4,CarrotHyrax,49.9,44.5,0,True,0.0,
38BbM6,30,5,CarrotHyrax,49.9,35.6,0,True,0.0,
38BbM6,30,6,CarrotHyrax,49.9,28.5,1,True,0.0,
38BbM6,30,7,CarrotHyrax,49.9,24.7,1,True,0.0,
38BbM6,30,8,CarrotHyrax,49.9,22.6,0,True,0.0,
38BbM6,30,9,CarrotHyrax,49.9,20.3,0,True,0.0,
38BbM6,30,10,CarrotHyrax,49.9,18.0,1,True,0.0,
38BbM6,30,11,CarrotHyrax,49.9,16.6,1,True,0.0,
38BbM6,30,12,CarrotHyrax,33.9,15.8,0,True,0.0,
38BbM6,30,13,CarrotHyrax,33.9,14.7,0,True,0.0,
38BbM6,30,14,CarrotHyrax,33.9,13.5,1,True,0.0,
38BbM6,30,15,CarrotHyrax,33.9,12.6,0,True,0.0,
38BbM6,30,16,CarrotHyrax,33.9,11.6,0,True,0.0,
38BbM6,30,17,CarrotHyrax,33.9,10.6,0,True,0.0,
38BbM6,30,18,CarrotHyrax,33.9,9.7,1,True,0.0,
38BbM6,30,19,CarrotHyrax,33.9,8.9,1,True,0.0,
38BbM6,30,20,CarrotHyrax,33.9,8.4,1,True,0.0,
38BbM6,30,21,CarrotHyrax,33.9,8.0,1,True,0.0,
38BbM6,30,22,CarrotHyrax,33.1,7.7,1,True,0.0,
38BbM6,30,23,CarrotHyrax,33.1,7.5,0,True,0.0,
38BbM6,30,24,CarrotHyrax,33.1,7.2,0,True,0.0,
38BbM6,30,25,CarrotHyrax,33.1,6.9,0,True,0.001,
38BbM6,30,26,CarrotHyrax,33.1,6.5,1,True,0.0,
38BbM6,30,27,CarrotHyrax,33.1,6.3,0,True,0.0,
38BbM6,30,28,CarrotHyrax,33.1,6.0,1,True,0.0,
38BbM6,30,29,CarrotHyrax,33.1,5.7,0,True,0.0,
38BbM6,30,30,CarrotHyrax,33.1,5.4,1,True,0.0,
38BbM6,30,31,CarrotHyrax,33.1,5.2,1,True,0.0,
38BbM6,30,32,CarrotHyrax,34.0,5.1,1,True,0.0,
38BbM6,30,33,CarrotHyrax,34.0,5.0,0,True,0.0,
38BbM6,30,34,CarrotHyrax,34.0,5.0,0,True,0.0,
38BbM6,30,35,CarrotHyrax,34.0,5.0,0,True,0.0,
38BbM6,30,36,CarrotHyrax,34.0,5.0,1,True,0.0,
38BbM6,30,37,CarrotHyrax,34.0,5.0,1,True,0.0,
38BbM6,30,38,CarrotHyrax,34.0,5.0,0,True,0.0,
38BbM6,30,39,CarrotHyrax,34.0,5.0,0,True,0.0,
38BbM6,30,40,CarrotHyrax,34.0,5.0,0,True,0.0,
38BbM6,30,41,CarrotHyrax,34.0,5.0,1,True,0.0,
38BbM6,30,42,CarrotHyrax,63.9,5.0,1,True,0.0,
38BbM6,30,43,CarrotHyrax,63.9,5.0,0,True,0.0,
38BbM6,30,44,CarrotHyrax,63.9,5.0,0,True,0.0,
38BbM6,30,45,CarrotHyrax,63.9,5.0,0,True,0.0,
38BbM6,30,46,CarrotHyrax,63.9,5.0,0,True,0.0,
38BbM6,30,47,CarrotHyrax,63.9,5.0,2,True,0.0,
38BbM6,30,48,CarrotHyrax,63.9,5.0,0,True,0.0,
38BbM6,30,49,CarrotHyrax,63.9,5.0,1,True,0.0,
38BbM6,30,50,CarrotHyrax,63.9,5.0,0,True,0.0,
38BbM6,30,51,CarrotHyrax,63.9,5.0,1,True,0.0,
38BbM6,30,52,CarrotHyrax,42.6,5.0,0,True,0.0,
38BbM6,30,53,CarrotHyrax,42.6,5.0,1,True,0.0,
38BbM6,30,54,CarrotHyrax,42.6,5.0,0,True,0.0,
38BbM6,30,55,CarrotHyrax,42.6,5.0,0,True,0.0,
38BbM6,30,56,CarrotHyrax,42.6,5.0,1,True,0.0,
38BbM6,30,57,CarrotHyrax,42.6,5.0,1,True,0.0,
38BbM6,30,58,CarrotHyrax,42.6,5.0,0,True,0.0,
38BbM6,30,59,CarrotHyrax,42.6,5.0,0,True,0.0,
38BbM6,30,60,CarrotHyrax,42.6,5.0,0,True,0.0,
38BbM6,30,61,CarrotHyrax,42.6,5.0,0,True,0.0,
38BbM6,30,62,CarrotHyrax,52.7,5.0,0,True,0.0,
38BbM6,30,63,CarrotHyrax,52.7,5.0,1,True,0.0,
38BbM6,30,64,CarrotHyrax,52.7,5.0,2,True,0.0,
38BbM6,30,65,CarrotHyrax,52.7,5.0,1,True,0.0,
38BbM6,30,66,CarrotHyrax,52.7,5.0,0,True,0.0,
38BbM6,30,67,CarrotHyrax,52.7,5.0,0,True,0.0,
38BbM6,30,68,CarrotHyrax,52.7,5.0,0,True,0.0,
38BbM6,30,69,CarrotHyrax,52.7,5.0,2,True,0.0,
38BbM6,30,70,CarrotHyrax,52.7,5.0,0,True,0.0,
38BbM6,30,71,CarrotHyrax,52.7,5.0,1,True,0.0,
38BbM6,30,72,CarrotHyrax,46.4,5.0,0,True,0.0,
38BbM6,30,73,CarrotHyrax,46.4,5.0,2,True,0.001,
38BbM6,30,74,CarrotHyrax,46.4,5.0,0,True,0.0,
38BbM6,30,75,CarrotHyrax,46.4,5.0,2,True,0.0,
38BbM6,30,76,CarrotHyrax,46.4,5.0,0,True,0.0,
38BbM6,30,77,CarrotHyrax,46.4,5.0,1,True,0.0,
38BbM6,30,78,CarrotHyrax,46.4,5.0,1,True,0.0,
38BbM6,30,79,CarrotHyrax,46.4,5.0,0,True,0.0,
38BbM6,30,80,CarrotHyrax,46.4,5.0,0,True,0.0,
38BbM6,30,81,CarrotHyrax,46.4,5.0,0,True,0.0,
38BbM6,30,82,CarrotHyrax,58.3,5.0,1,True,0.0,
38BbM6,30,83,CarrotHyrax,58.3,5.0,1,True,0.0,
38BbM6,30,84,CarrotHyrax,58.3,5.0,1,True,0.0,
38BbM6,30,85,CarrotHyrax,58.3,5.0,0,True,0.0,
38BbM6,30,86,CarrotHyrax,58.3,5.0,0,True,0.0,
38BbM6,30,87,CarrotHyrax,58.3,5.0,0,True,0.0,
38BbM6,30,88,CarrotHyrax,58.3,5.0,0,True,0.0,
38BbM6,30,89,CarrotHyrax,58.3,5.0,0,True,0.0,
38BbM6,30,90,CarrotHyrax,58.3,5.0,0,True,0.0,
38BbM6,30,91,CarrotHyrax,58.3,5.0,1,True,0.0,
38BbM6,30,92,CarrotHyrax,56.9,5.0,0,True,0.0,
38BbM6,30,93,CarrotHyrax,56.9,5.0,0,True,0.0,
38BbM6,30,94,CarrotHyrax,56.9,5.0,0,True,0.0,
38BbM6,30,95,CarrotHyrax,56.9,5.0,0,True,0.0,
38BbM6,30,96,CarrotHyrax,56.9,5.0,0,True,0.0,
38BbM6,30,97,CarrotHyrax,56.9,5.0,1,True,0.0,
38BbM6,30,98,CarrotHyrax,56.9,5.0,0,True,0.0,
38BbM6,30,99,CarrotHyrax,56.9,5.0,0,True,0.0,
38BbM6,30,100,CarrotHyrax,56.9,5.0,1,True,0.0,
38BbM6,31,1,CarrotHyrax,36.1,88.0,0,True,0.0,
38BbM6,31,2,CarrotHyrax,36.1,70.4,0,True,0.0,
38BbM6,31,3,CarrotHyrax,36.1,56.3,0,True,0.0,
38BbM6,31,4,CarrotHyrax,36.1,45.1,0,True,0.0,
38BbM6,31,5,CarrotHyrax,36.1,36.0,0,True,0.0,
38BbM6,31,6,CarrotHyrax,36.1,28.8,1,True,0.0,
38BbM6,31,7,CarrotHyrax,36.1,25.0,0,True,0.0,
38BbM6,31,8,CarrotHyrax,36.1,21.4,0,True,0.001,
38BbM6,31,9,CarrotHyrax,36.1,18.2,1,True,0.0,
38BbM6,31,10,CarrotHyrax,36.1,16.2,1,True,0.0,
38BbM6,31,11,CarrotHyrax,34.9,14.9,0,True,0.0,
38BbM6,31,12,CarrotHyrax,34.9,13.6,0,True,0.0,
38BbM6,31,13,CarrotHyrax,34.9,12.2,0,True,0.0,
38BbM6,31,14,CarrotHyrax,34.9,10.8,0,True,0.0,
38BbM6,31,15,CarrotHyrax,34.9,9.6,1,True,0.0,
38BbM6,31,16,CarrotHyrax,34.9,8.6,2,True,0.0,
38BbM6,31,17,CarrotHyrax,34.9,8.0,0,True,0.0,
38BbM6,31,18,CarrotHyrax,34.9,7.5,0,True,0.0,
38BbM6,31,19,CarrotHyrax,34.9,6.9,0,True,0.0,
38BbM6,31,20,CarrotHyrax,34.9,6.3,0,True,0.0,
38BbM6,31,21,CarrotHyrax,36.5,5.8,0,True,0.0,
38BbM6,31,22,CarrotHyrax,36.5,5.3,0,True,0.0,
38BbM6,31,23,CarrotHyrax,36.5,5.0,0,True,0.0,
38BbM6,31,24,CarrotHyrax,36.5,5.0,0,True,0.0,
38BbM6,31,25,CarrotHyrax,36.5,5.0,0,True,0.0,
38BbM6,31,26,CarrotHyrax,36.5,5.0,0,True,0.0,
38BbM6,31,27,CarrotHyrax,36.5,5.0,1,True,0.0,
38BbM6,31,28,CarrotHyrax,36.5,5.0,0,True,0.0,
38BbM6,31,29,CarrotHyrax,36.5,5.0,0,True,0.0,
38BbM6,31,30,CarrotHyrax,36.5,5.0,1,True,0.001,
38BbM6,31,31,CarrotHyrax,37.5,5.0,1,True,0.0,
38BbM6,31,32,CarrotHyrax,37.5,5.0,0,True,0.0,
38BbM6,31,33,CarrotHyrax,37.5,5.0,0,True,0.0,
38BbM6,31,34,CarrotHyrax,37.5,5.0,0,True,0.0,
38BbM6,31,35,CarrotHyrax,37.5,5.0,0,True,0.0,
38BbM6,31,36,CarrotHyrax,37.5,5.0,2,True,0.0,
38BbM6,31,37,CarrotHyrax,37.5,5.0,1,True,0.0,
38BbM6,31,38,CarrotHyrax,37.5,5.0,1,True,0.0,
38BbM6,31,39,CarrotHyrax,37.5,5.0,0,True,0.0,
38BbM6,31,40,CarrotHyrax,37.5,5.0,0,True,0.0,
38BbM6,31,41,CarrotHyrax,79.2,5.0,0,True,0.0,
38BbM6,31,42,CarrotHyrax,79.2,5.0,0,True,0.0,
38BbM6,31,43,CarrotHyrax,79.2,5.0,0,True,0.0,
38BbM6,31,44,CarrotHyrax,79.2,5.0,1,True,0.0,
38BbM6,31,45,CarrotHyrax,79.2,5.0,0,True,0.0,
38BbM6,31,46,CarrotHyrax,79.2,5.0,0,True,0.0,
38BbM6,31,47,CarrotHyrax,79.2,5.0,0,True,0.0,
38BbM6,31,48,CarrotHyrax,79.2,5.0,0,True,0.0,
38BbM6,31,49,CarrotHyrax,79.2,5.0,1,True,0.0,
38BbM6,31,50,CarrotHyrax,79.2,5.0,0,True,0.0,
38BbM6,31,51,CarrotHyrax,71.9,5.0,2,True,0.001,
38BbM6,31,52,CarrotHyrax,71.9,5.0,3,True,0.0,
38BbM6,31,53,CarrotHyrax,71.9,5.0,1,True,0.0,
38BbM6,31,54,CarrotHyrax,71.9,5.0,0,True,0.0,
38BbM6,31,55,CarrotHyrax,71.9,5.0,2,True,0.0,
38BbM6,31,56,CarrotHyrax,71.9,5.0,1,True,0.0,
38BbM6,31,57,CarrotHyrax,71.9,5.0,1,True,0.0,
38BbM6,31,58,CarrotHyrax,71.9,5.0,0,True,0.0,
38BbM6,31,59,CarrotHyrax,71.9,5.0,0,True,0.0,
38BbM6,31,60,CarrotHyrax,71.9,5.0,0,True,0.0,
38BbM6,31,61,CarrotHyrax,49.0,5.0,1,True,0.0,
38BbM6,31,62,CarrotHyrax,49.0,5.0,0,True,0.0,
38BbM6,31,63,CarrotHyrax,49.0,5.0,0,True,0.0,
38BbM6,31,64,CarrotHyrax,49.0,5.0,1,True,0.0,
38BbM6,31,65,CarrotHyrax,49.0,5.0,0,True,0.0,
38BbM6,31,66,CarrotHyrax,49.0,5.0,0,True,0.0,
38BbM6,31,67,CarrotHyrax,49.0,5.0,0,True,0.0,
38BbM6,31,68,CarrotHyrax,49.0,5.0,1,True,0.0,
38BbM6,31,69,CarrotHyrax,49.0,5.0,2,True,0.0,
38BbM6,31,70,CarrotHyrax,49.0,5.0,0,True,0.0,
38BbM6,31,71,CarrotHyrax,73.7,5.0,0,True,0.0,
38BbM6,31,72,CarrotHyrax,73.7,5.0,1,True,0.0,
38BbM6,31,73,CarrotHyrax,73.7,5.0,1,True,0.0,
38BbM6,31,74,CarrotHyrax,73.7,5.0,2,True,0.0,
38BbM6,31,75,CarrotHyrax,73.7,5.0,0,True,0.0,
38BbM6,31,76,CarrotHyrax,73.7,5.0,4,True,0.0,
38BbM6,31,77,CarrotHyrax,73.7,5.0,2,True,0.0,
38BbM6,31,78,CarrotHyrax,73.7,5.0,0,True,0.0,
38BbM6,31,79,CarrotHyrax,73.7,5.0,0,True,0.0,
38BbM6,31,80,CarrotHyrax,73.7,5.0,2,True,0.0,
38BbM6,31,81,CarrotHyrax,30.3,5.0,0,True,0.0,
38BbM6,31,82,CarrotHyrax,30.3,5.0,2,True,0.0,
38BbM6,31,83,CarrotHyrax,30.3,5.0,1,True,0.0,
38BbM6,31,84,CarrotHyrax,30.3,5.0,1,True,0.0,
38BbM6,31,85,CarrotHyrax,30.3,5.0,1,True,0.0,
38BbM6,31,86,CarrotHyrax,30.3,5.0,0,True,0.0,
38BbM6,31,87,CarrotHyrax,30.3,5.0,1,True,0.0,
38BbM6,31,88,CarrotHyrax,30.3,5.0,0,True,0.0,
38BbM6,31,89,CarrotHyrax,30.3,5.0,0,True,0.0,
38BbM6,31,90,CarrotHyrax,30.3,5.0,1,True,0.0,
38BbM6,31,91,CarrotHyrax,52.2,5.0,1,True,0.0,
38BbM6,31,92,CarrotHyrax,52.2,5.0,0,True,0.0,
38BbM6,31,93,CarrotHyrax,52.2,5.0,1,True,0.0,
38BbM6,31,94,CarrotHyrax,52.2,5.0,0,True,0.0,
38BbM6,31,95,CarrotHyrax,52.2,5.0,0,True,0.0,
38BbM6,31,96,CarrotHyrax,52.2,5.0,1,True,0.0,
38BbM6,31,97,CarrotHyrax,52.2,5.0,1,True,0.0,
38BbM6,31,98,CarrotHyrax,52.2,5.0,1,True,0.0,
38BbM6,31,99,CarrotHyrax,52.2,5.0,0,True,0.0,
38BbM6,31,100,CarrotHyrax,52.2,5.0,2,True,0.0,
38BbM6,32,1,CarrotHyrax,35.1,81.0,0,True,0.0,
38BbM6,32,2,CarrotHyrax,35.1,64.8,0,True,0.0,
38BbM6,32,3,CarrotHyrax,35.1,51.8,0,True,0.0,
38BbM6,32,4,CarrotHyrax,35.1,41.5,0,True,0.0,
38BbM6,32,5,CarrotHyrax,35.1,33.2,0,True,0.0,
38BbM6,32,6,CarrotHyrax,35.1,26.5,0,True,0.001,
38BbM6,32,7,CarrotHyrax,35.1,21.2,0,True,0.0,
38BbM6,32,8,CarrotHyrax,35.1,17.0,0,True,0.0,
38BbM6,32,9,CarrotHyrax,35.1,13.6,0,True,0.0,
38BbM6,32,10,CarrotHyrax,59.4,10.9,0,True,0.0,
38BbM6,32,11,CarrotHyrax,59.4,8.7,1,True,0.0,
38BbM6,32,12,CarrotHyrax,59.4,7.3,1,True,0.0,
38BbM6,32,13,CarrotHyrax,59.4,6.3,0,True,0.0,
38BbM6,32,14,CarrotHyrax,59.4,5.4,5,True,0.0,
38BbM6,32,15,CarrotHyrax,59.4,5.4,0,True,0.0,
38BbM6,32,16,CarrotHyrax,59.4,5.2,0,True,0.0,
38BbM6,32,17,CarrotHyrax,59.4,5.0,0,True,0.0,
38BbM6,32,18,CarrotHyrax,59.4,5.0,1,True,0.0,
38BbM6,32,19,CarrotHyrax,59.4,5.0,0,True,0.0,
38BbM6,32,20,CarrotHyrax,34.7,5.0,1,True,0.0,
38BbM6,32,21,CarrotHyrax,34.7,5.0,1,True,0.0,
38BbM6,32,22,CarrotHyrax,34.7,5.0,2,True,0.0,
38BbM6,32,23,CarrotHyrax,34.7,5.0,0,True,0.0,
38BbM6,32,24,CarrotHyrax,34.7,5.0,0,True,0.001,
38BbM6,32,25,CarrotHyrax,34.7,5.0,0,True,0.0,
38BbM6,32,26,CarrotHyrax,34.7,5.0,1,True,0.0,
38BbM6,32,27,CarrotHyrax,34.7,5.0,0,True,0.0,
38BbM6,32,28,CarrotHyrax,34.7,5.0,1,True,0.0,
38BbM6,32,29,CarrotHyrax,34.7,5.0,0,True,0.0,
38BbM6,32,30,CarrotHyrax,56.1,5.0,0,True,0.0,
38BbM6,32,31,CarrotHyrax,56.1,5.0,0,True,0.0,
38BbM6,32,32,CarrotHyrax,56.1,5.0,1,True,0.0,
38BbM6,32,33,CarrotHyrax,56.1,5.0,2,True,0.0,
38BbM6,32,34,CarrotHyrax,56.1,5.0,1,True,0.0,
38BbM6,32,35,CarrotHyrax,56.1,5.0,1,True,0.0,
38BbM6,32,36,CarrotHyrax,56.1,5.0,1,True,0.0,
38BbM6,32,37,CarrotHyrax,56.1,5.1,1,True,0.0,
38BbM6,32,38,CarrotHyrax,56.1,5.1,0,True,0.0,
38BbM6,32,39,CarrotHyrax,56.1,5.2,0,True,0.0,
38BbM6,32,40,CarrotHyrax,79.7,5.2,1,True,0.0,
38BbM6,32,41,CarrotHyrax,79.7,5.2,0,True,0.0,
38BbM6,32,42,CarrotHyrax,79.7,5.2,1,True,0.0,
38BbM6,32,43,CarrotHyrax,79.7,5.3,0,True,0.0,
38BbM6,32,44,CarrotHyrax,79.7,5.3,0,True,0.0,
38BbM6,32,45,CarrotHyrax,79.7,5.3,1,True,0.0,
38BbM6,32,46,CarrotHyrax,79.7,5.3,0,True,0.0,
38BbM6,32,47,CarrotHyrax,79.7,5.3,1,True,0.0,
38BbM6,32,48,CarrotHyrax,79.7,5.3,1,True,0.0,
38BbM6,32,49,CarrotHyrax,79.7,5.4,0,True,0.0,
38BbM6,32,50,CarrotHyrax,78.2,5.4,0,True,0.0,
38BbM6,32,51,CarrotHyrax,78.2,5.4,0,True,0.0,
38BbM6,32,52,CarrotHyrax,78.2,5.3,0,True,0.0,
38BbM6,32,53,CarrotHyrax,78.2,5.3,0,True,0.0,
38BbM6,32,54,CarrotHyrax,78.2,5.2,0,True,0.0,
38BbM6,32,55,CarrotHyrax,78.2,5.1,1,True,0.0,
38BbM6,32,56,CarrotHyrax,78.2,5.0,1,True,0.0,
38BbM6,32,57,CarrotHyrax,78.2,5.0,1,True,0.0,
38BbM6,32,58,CarrotHyrax,78.2,5.0,0,True,0.0,
38BbM6,32,59,CarrotHyrax,78.2,5.0,0,True,0.0,
38BbM6,32,60,CarrotHyrax,39.0,5.0,1,True,0.0,
38BbM6,32,61,CarrotHyrax,39.0,5.0,1,True,0.0,
38BbM6,32,62,CarrotHyrax,39.0,5.0,1,True,0.0,
38BbM6,32,63,CarrotHyrax,39.0,5.0,0,True,0.0,
38BbM6,32,64,CarrotHyrax,39.0,5.0,0,True,0.0,
38BbM6,32,65,CarrotHyrax,39.0,5.0,0,True,0.0,
38BbM6,32,66,CarrotHyrax,39.0,5.0,0,True,0.0,
38BbM6,32,67,CarrotHyrax,39.0,5.0,1,True,0.0,
38BbM6,32,68,CarrotHyrax,39.0,5.0,0,True,0.0,
38BbM6,32,69,CarrotHyrax,39.0,5.0,0,True,0.0,
38BbM6,32,70,CarrotHyrax,35.6,5.0,2,True,0.0,
38BbM6,32,71,CarrotHyrax,35.6,5.0,1,True,0.0,
38BbM6,32,72,CarrotHyrax,35.6,5.0,1,True,0.0,
38BbM6,32,73,CarrotHyrax,35.6,5.0,0,True,0.0,
38BbM6,32,74,CarrotHyrax,35.6,5.0,3,True,0.0,
38BbM6,32,75,CarrotHyrax,35.6,5.0,0,True,0.0,
38BbM6,32,76,CarrotHyrax,35.6,5.0,2,True,0.0,
38BbM6,32,77,CarrotHyrax,35.6,5.0,0,True,0.0,
38BbM6,32,78,CarrotHyrax,35.6,5.0,0,True,0.0,
38BbM6,32,79,CarrotHyrax,35.6,5.0,1,True,0.0,
38BbM6,32,80,CarrotHyrax,52.8,5.0,0,True,0.0,
38BbM6,32,81,CarrotHyrax,52.8,5.0,0,True,0.0,
38BbM6,32,82,CarrotHyrax,52.8,5.0,0,True,0.0,
38BbM6,32,83,CarrotHyrax,52.8,5.0,0,True,0.0,
38BbM6,32,84,CarrotHyrax,52.8,5.0,1,True,0.0,
38BbM6,32,85,CarrotHyrax,52.8,5.0,1,True,0.0,
38BbM6,32,86,CarrotHyrax,52.8,5.0,1,True,0.0,
38BbM6,32,87,CarrotHyrax,52.8,5.0,1,True,0.0,
38BbM6,32,88,CarrotHyrax,52.8,5.0,2,True,0.0,
38BbM6,32,89,CarrotHyrax,52.8,5.0,3,True,0.0,
38BbM6,32,90,CarrotHyrax,34.7,5.0,0,True,0.0,
38BbM6,32,91,CarrotHyrax,34.7,5.0,0,True,0.0,
38BbM6,32,92,CarrotHyrax,34.7,5.0,0,True,0.0,
38BbM6,32,93,CarrotHyrax,34.7,5.0,3,True,0.0,
38BbM6,32,94,CarrotHyrax,34.7,5.0,0,True,0.0,
38BbM6,32,95,CarrotHyrax,34.7,5.0,2,True,0.0,
38BbM6,32,96,CarrotHyrax,34.7,5.0,0,True,0.0,
38BbM6,32,97,CarrotHyrax,34.7,5.0,0,True,0.0,
38BbM6,32,98,CarrotHyrax,34.7,5.0,0,True,0.0,
38BbM6,32,99,CarrotHyrax,34.7,5.0,1,True,0.0,
38BbM6,32,100,CarrotHyrax,36.3,5.0,0,True,0.0,
38BbM6,33,1,CarrotHyrax,36.3,60.0,0,True,0.001,
38BbM6,33,2,CarrotHyrax,36.3,48.0,0,True,0.0,
38BbM6,33,3,CarrotHyrax,36.3,38.4,0,True,0.0,
38BbM6,33,4,CarrotHyrax,36.3,30.7,0,True,0.0,
38BbM6,33,5,CarrotHyrax,36.3,24.6,1,True,0.0,
38BbM6,33,6,CarrotHyrax,36.3,21.5,0,True,0.0,
38BbM6,33,7,CarrotHyrax,36.3,18.6,0,True,0.0,
38BbM6,33,8,CarrotHyrax,36.3,16.0,1,True,0.0,
38BbM6,33,9,CarrotHyrax,71.9,14.3,1,True,0.0,
38BbM6,33,10,CarrotHyrax,71.9,13.4,0,True,0.0,
38BbM6,33,11,CarrotHyrax,71.9,12.3,0,True,0.0,
38BbM6,33,12,CarrotHyrax,71.9,11.2,0,True,0.0,
38BbM6,33,13,CarrotHyrax,71.9,10.1,1,True,0.0,
38BbM6,33,14,CarrotHyrax,71.9,9.3,1,True,0.0,
38BbM6,33,15,CarrotHyrax,71.9,8.7,0,True,0.0,
38BbM6,33,16,CarrotHyrax,71.9,8.0,1,True,0.0,
38BbM6,33,17,CarrotHyrax,71.9,7.5,1,True,0.0,
38BbM6,33,18,CarrotHyrax,71.9,7.1,0,True,0.0,
38BbM6,33,19,CarrotHyrax,78.3,6.7,0,True,0.0,
38BbM6,33,20,CarrotHyrax,78.3,6.3,1,True,0.0,
38BbM6,33,21,CarrotHyrax,78.3,6.0,0,True,0.0,
38BbM6,33,22,CarrotHyrax,78.3,5.7,0,True,0.0,
38BbM6,33,23,CarrotHyrax,78.3,5.3,1,True,0.0,
38BbM6,33,24,CarrotHyrax,78.3,5.0,0,True,0.0,
38BbM6,33,25,CarrotHyrax,78.3,5.0,1,True,0.0,
38BbM6,33,26,CarrotHyrax,78.3,5.0,1,True,0.0,
38BbM6,33,27,CarrotHyrax,78.3,5.0,1,True,0.0,
38BbM6,33,28,CarrotHyrax,78.3,5.0,1,True,0.0,
38BbM6,33,29,CarrotHyrax,79.8,5.0,0,True,0.0,
38BbM6,33,30,CarrotHyrax,79.8,5.0,0,True,0.0,
38BbM6,33,31,CarrotHyrax,79.8,5.0,0,True,0.0,
38BbM6,33,32,CarrotHyrax,79.8,5.0,0,True,0.0,
38BbM6,33,33,CarrotHyrax,79.8,5.0,1,True,0.0,
38BbM6,33,34,CarrotHyrax,79.8,5.0,1,True,0.0,
38BbM6,33,35,CarrotHyrax,79.8,5.0,0,True,0.0,
38BbM6,33,36,CarrotHyrax,79.8,5.0,0,True,0.0,
38BbM6,33,37,CarrotHyrax,79.8,5.0,0,True,0.0,
38BbM6,33,38,CarrotHyrax,79.8,5.0,1,True,0.0,
38BbM6,33,39,CarrotHyrax,63.1,5.0,0,True,0.0,
38BbM6,33,40,CarrotHyrax,63.1,5.0,0,True,0.0,
38BbM6,33,41,CarrotHyrax,63.1,5.0,2,True,0.0,
38BbM6,33,42,CarrotHyrax,63.1,5.0,0,True,0.0,
38BbM6,33,43,CarrotHyrax,63.1,5.0,0,True,0.0,
38BbM6,33,44,CarrotHyrax,63.1,5.0,1,True,0.0,
38BbM6,33,45,CarrotHyrax,63.1,5.0,0,True,0.0,
38BbM6,33,46,CarrotHyrax,63.1,5.0,2,True,0.001,
38BbM6,33,47,CarrotHyrax,63.1,5.0,1,True,0.0,
38BbM6,33,48,CarrotHyrax,63.1,5.0,0,True,0.0,
38BbM6,33,49,CarrotHyrax,71.7,5.0,0,True,0.0,
38BbM6,33,50,CarrotHyrax,71.7,5.0,0,True,0.0,
38BbM6,33,51,CarrotHyrax,71.7,5.0,0,True,0.002,
38BbM6,33,52,CarrotHyrax,71.7,5.0,2,True,0.0,
38BbM6,33,53,CarrotHyrax,71.7,5.0,1,True,0.004,
38BbM6,33,54,CarrotHyrax,71.7,5.0,0,True,0.012,
38BbM6,33,55,CarrotHyrax,71.7,5.0,0,True,0.0,
38BbM6,33,56,CarrotHyrax,71.7,5.0,1,True,0.002,
38BbM6,33,57,CarrotHyrax,71.7,5.0,0,True,0.009,
38BbM6,33,58,CarrotHyrax,71.7,5.0,2,True,0.0,
38BbM6,33,59,CarrotHyrax,37.8,5.0,0,True,0.0,
38BbM6,33,60,CarrotHyrax,37.8,5.0,0,True,0.001,
38BbM6,33,61,CarrotHyrax,37.8,5.0,2,True,0.057,
38BbM6,33,62,CarrotHyrax,37.8,5.0,0,True,0.0,
38BbM6,33,63,CarrotHyrax,37.8,5.0,0,True,0.0,
38BbM6,33,64,CarrotHyrax,37.8,5.0,1,True,0.0,
38BbM6,33,65,CarrotHyrax,37.8,5.0,0,True,0.0,
38BbM6,33,66,CarrotHyrax,37.8,5.0,0,True,0.0,
38BbM6,33,67,CarrotHyrax,37.8,5.0,0,True,0.0,
38BbM6,33,68,CarrotHyrax,37.8,5.0,0,True,0.001,
38BbM6,33,69,CarrotHyrax,54.6,5.0,1,True,0.0,
38BbM6,33,70,CarrotHyrax,54.6,5.0,0,True,0.0,
38BbM6,33,71,CarrotHyrax,54.6,5.0,2,True,0.004,
38BbM6,33,72,CarrotHyrax,54.6,5.0,1,True,0.0,
38BbM6,33,73,CarrotHyrax,54.6,5.0,0,True,0.0,
38BbM6,33,74,CarrotHyrax,54.6,5.0,2,True,0.0,
38BbM6,33,75,CarrotHyrax,54.6,5.0,0,True,0.001,
38BbM6,33,76,CarrotHyrax,54.6,5.0,1,True,0.0,
38BbM6,33,77,CarrotHyrax,54.6,5.0,0,True,0.0,
38BbM6,33,78,CarrotHyrax,54.6,5.0,2,True,0.0,
38BbM6,33,79,CarrotHyrax,56.3,5.0,0,True,0.0,
38BbM6,33,80,CarrotHyrax,56.3,5.0,1,True,0.0,
38BbM6,33,81,CarrotHyrax,56.3,5.0,0,True,0.0,
38BbM6,33,82,CarrotHyrax,56.3,5.0,0,True,0.0,
38BbM6,33,83,CarrotHyrax,56.3,5.0,1,True,0.0,
38BbM6,33,84,CarrotHyrax,56.3,5.0,1,True,0.0,
38BbM6,33,85,CarrotHyrax,56.3,5.0,0,True,0.0,
38BbM6,33,86,CarrotHyrax,56.3,5.0,0,True,0.0,
38BbM6,33,87,CarrotHyrax,56.3,5.0,1,True,0.0,
38BbM6,33,88,CarrotHyrax,56.3,5.0,0,True,0.0,
38BbM6,33,89,CarrotHyrax,58.6,5.0,1,True,0.0,
38BbM6,33,90,CarrotHyrax,58.6,5.0,1,True,0.0,
38BbM6,33,91,CarrotHyrax,58.6,5.0,0,True,0.0,
38BbM6,33,92,CarrotHyrax,58.6,5.0,0,True,0.0,
38BbM6,33,93,CarrotHyrax,58.6,5.0,0,True,0.0,
38BbM6,33,94,CarrotHyrax,58.6,5.0,2,True,0.0,
38BbM6,33,95,CarrotHyrax,58.6,5.0,0,True,0.0,
38BbM6,33,96,CarrotHyrax,58.6,5.0,1,True,0.0,
38BbM6,33,97,CarrotHyrax,58.6,5.0,1,True,0.0,
38BbM6,33,98,CarrotHyrax,58.6,5.0,0,True,0.0,
38BbM6,33,99,CarrotHyrax,56.9,5.0,2,True,0.0,
38BbM6,33,100,CarrotHyrax,56.9,5.0,0,True,0.0,
38BbM6,34,1,CarrotHyrax,56.9,56.0,0,True,0.0,
38BbM6,34,2,CarrotHyrax,56.9,44.8,0,True,0.0,
38BbM6,34,3,CarrotHyrax,56.9,35.8,0,True,0.0,
38BbM6,34,4,CarrotHyrax,56.9,28.7,0,True,0.0,
38BbM6,34,5,CarrotHyrax,56.9,22.9,0,True,0.001,
38BbM6,34,6,CarrotHyrax,56.9,18.4,0,True,0.0,
38BbM6,34,7,CarrotHyrax,56.9,14.7,0,True,0.0,
38BbM6,34,8,CarrotHyrax,48.0,11.7,0,True,0.0,
38BbM6,34,9,CarrotHyrax,48.0,9.4,0,True,0.0,
38BbM6,34,10,CarrotHyrax,48.0,7.5,0,True,0.0,
38BbM6,34,11,CarrotHyrax,48.0,6.0,0,True,0.0,
38BbM6,34,12,CarrotHyrax,48.0,5.0,1,True,0.0,
38BbM6,34,13,CarrotHyrax,48.0,5.0,0,True,0.0,
38BbM6,34,14,CarrotHyrax,48.0,5.0,0,True,0.0,
38BbM6,34,15,CarrotHyrax,48.0,5.0,0,True,0.0,
38BbM6,34,16,CarrotHyrax,48.0,5.0,0,True,0.0,
38BbM6,34,17,CarrotHyrax,48.0,5.0,0,True,0.0,
38BbM6,34,18,CarrotHyrax,61.2,5.0,0,True,0.0,
38BbM6,34,19,CarrotHyrax,61.2,5.0,0,True,0.0,
38BbM6,34,20,CarrotHyrax,61.2,5.0,0,True,0.0,
38BbM6,34,21,CarrotHyrax,61.2,5.0,0,True,0.0,
38BbM6,34,22,CarrotHyrax,61.2,5.0,1,True,0.0,
38BbM6,34,23,CarrotHyrax,61.2,5.0,1,True,0.0,
38BbM6,34,24,CarrotHyrax,61.2,5.0,0,True,0.0,
38BbM6,34,25,CarrotHyrax,61.2,5.0,1,True,0.0,
38BbM6,34,26,CarrotHyrax,61.2,5.0,0,True,0.0,
38BbM6,34,27,CarrotHyrax,61.2,5.0,0,True,0.0,
38BbM6,34,28,CarrotHyrax,72.9,5.0,0,True,0.0,
38BbM6,34,29,CarrotHyrax,72.9,5.0,0,True,0.0,
38BbM6,34,30,CarrotHyrax,72.9,5.0,0,True,0.0,
38BbM6,34,31,CarrotHyrax,72.9,5.0,0,True,0.0,
38BbM6,34,32,CarrotHyrax,72.9,5.0,0,True,0.0,
38BbM6,34,33,CarrotHyrax,72.9,5.0,1,True,0.0,
38BbM6,34,34,CarrotHyrax,72.9,5.0,1,True,0.0,
38BbM6,34,35,CarrotHyrax,72.9,5.0,0,True,0.0,
38BbM6,34,36,CarrotHyrax,72.9,5.0,0,True,0.0,
38BbM6,34,37,CarrotHyrax,72.9,5.0,0,True,0.0,
38BbM6,34,38,CarrotHyrax,75.0,5.0,0,True,0.0,
38BbM6,34,39,CarrotHyrax,75.0,5.0,0,True,0.0,
38BbM6,34,40,CarrotHyrax,75.0,5.0,1,True,0.0,
38BbM6,34,41,CarrotHyrax,75.0,5.0,0,True,0.0,
38BbM6,34,42,CarrotHyrax,75.0,5.0,0,True,0.0,
38BbM6,34,43,CarrotHyrax,75.0,5.0,0,True,0.0,
38BbM6,34,44,CarrotHyrax,75.0,5.0,0,True,0.0,
38BbM6,34,45,CarrotHyrax,75.0,5.0,1,True,0.0,
38BbM6,34,46,CarrotHyrax,75.0,5.0,4,True,0.0,
38BbM6,34,47,CarrotHyrax,75.0,5.0,1,True,0.0,
38BbM6,34,48,CarrotHyrax,74.4,5.0,1,True,0.0,
38BbM6,34,49,CarrotHyrax,74.4,5.0,0,True,0.0,
38BbM6,34,50,CarrotHyrax,74.4,5.0,1,True,0.0,
38BbM6,34,51,CarrotHyrax,74.4,5.0,0,True,0.0,
38BbM6,34,52,CarrotHyrax,74.4,5.0,3,True,0.0,
38BbM6,34,53,CarrotHyrax,74.4,5.0,0,True,0.001,
38BbM6,34,54,CarrotHyrax,74.4,5.0,0,True,0.0,
38BbM6,34,55,CarrotHyrax,74.4,5.0,0,True,0.0,
38BbM6,34,56,CarrotHyrax,74.4,5.0,0,True,0.0,
38BbM6,34,57,CarrotHyrax,74.4,5.0,0,True,0.0,
38BbM6,34,58,CarrotHyrax,49.7,5.0,1,True,0.0,
38BbM6,34,59,CarrotHyrax,49.7,5.0,0,True,0.0,
38BbM6,34,60,CarrotHyrax,49.7,5.0,0,True,0.0,
38BbM6,34,61,CarrotHyrax,49.7,5.0,0,True,0.0,
38BbM6,34,62,CarrotHyrax,49.7,5.0,0,True,0.0,
38BbM6,34,63,CarrotHyrax,49.7,5.0,1,True,0.0,
38BbM6,34,64,CarrotHyrax,49.7,5.0,1,True,0.0,
38BbM6,34,65,CarrotHyrax,49.7,5.0,1,True,0.0,
38BbM6,34,66,CarrotHyrax,49.7,5.0,0,True,0.0,
38BbM6,34,67,CarrotHyrax,49.7,5.0,1,True,0.0,
38BbM6,34,68,CarrotHyrax,30.7,5.0,1,True,0.0,
38BbM6,34,69,CarrotHyrax,30.7,5.0,1,True,0.0,
38BbM6,34,70,CarrotHyrax,30.7,5.0,0,True,0.0,
38BbM6,34,71,CarrotHyrax,30.7,5.0,0,True,0.0,
38BbM6,34,72,CarrotHyrax,30.7,5.0,0,True,0.0,
38BbM6,34,73,CarrotHyrax,30.7,5.0,0,True,0.0,
38BbM6,34,74,CarrotHyrax,30.7,5.0,1,True,0.0,
38BbM6,34,75,CarrotHyrax,30.7,5.0,0,True,0.0,
38BbM6,34,76,CarrotHyrax,30.7,5.0,1,True,0.0,
38BbM6,34,77,CarrotHyrax,30.7,5.0,0,True,0.0,
38BbM6,34,78,CarrotHyrax,72.3,5.0,1,True,0.0,
38BbM6,34,79,CarrotHyrax,72.3,5.0,2,True,0.0,
38BbM6,34,80,CarrotHyrax,72.3,5.0,0,True,0.0,
38BbM6,34,81,CarrotHyrax,72.3,5.0,0,True,0.0,
38BbM6,34,82,CarrotHyrax,72.3,5.0,1,True,0.0,
38BbM6,34,83,CarrotHyrax,72.3,5.0,0,True,0.0,
38BbM6,34,84,CarrotHyrax,72.3,5.0,1,True,0.0,
38BbM6,34,85,CarrotHyrax,72.3,5.0,3,True,0.0,
38BbM6,34,86,CarrotHyrax,72.3,5.0,1,True,0.0,
38BbM6,34,87,CarrotHyrax,72.3,5.0,0,True,0.0,
38BbM6,34,88,CarrotHyrax,60.6,5.0,0,True,0.0,
38BbM6,34,89,CarrotHyrax,60.6,5.0,1,True,0.0,
38BbM6,34,90,CarrotHyrax,60.6,5.0,1,True,0.0,
38BbM6,34,91,CarrotHyrax,60.6,5.0,0,True,0.0,
38BbM6,34,92,CarrotHyrax,60.6,5.0,0,True,0.0,
38BbM6,34,93,CarrotHyrax,60.6,5.0,0,True,0.0,
38BbM6,34,94,CarrotHyrax,60.6,5.0,2,True,0.0,
38BbM6,34,95,CarrotHyrax,60.6,5.0,1,True,0.0,
38BbM6,34,96,CarrotHyrax,60.6,5.0,0,True,0.0,
38BbM6,34,97,CarrotHyrax,60.6,5.0,0,True,0.0,
38BbM6,34,98,CarrotHyrax,61.9,5.0,1,True,0.0,
38BbM6,34,99,CarrotHyrax,61.9,5.0,0,True,0.0,
38BbM6,34,100,CarrotHyrax,61.9,5.0,2,True,0.0,
38BbM6,35,1,CarrotHyrax,61.9,47.0,0,True,0.0,
38BbM6,35,2,CarrotHyrax,61.9,37.6,0,True,0.0,
38BbM6,35,3,CarrotHyrax,61.9,30.1,1,True,0.0,
38BbM6,35,4,CarrotHyrax,61.9,27.9,2,True,0.0,
38BbM6,35,5,CarrotHyrax,61.9,30.4,0,True,0.0,
38BbM6,35,6,CarrotHyrax,61.9,31.0,0,True,0.0,
38BbM6,35,7,CarrotHyrax,73.5,31.1,0,True,0.0,
38BbM6,35,8,CarrotHyrax,73.5,30.2,0,True,0.0,
38BbM6,35,9,CarrotHyrax,73.5,28.6,1,True,0.0,
38BbM6,35,10,CarrotHyrax,73.5,27.9,0,True,0.0,
38BbM6,35,11,CarrotHyrax,73.5,26.9,0,True,0.001,
38BbM6,35,12,CarrotHyrax,73.5,25.5,0,True,0.0,
38BbM6,35,13,CarrotHyrax,73.5,23.7,1,True,0.0,
38BbM6,35,14,CarrotHyrax,73.5,22.5,0,True,0.0,
38BbM6,35,15,CarrotHyrax,73.5,21.0,0,True,0.0,
38BbM6,35,16,CarrotHyrax,73.5,19.4,1,True,0.0,
38BbM6,35,17,CarrotHyrax,33.8,18.2,0,True,0.0,
38BbM6,35,18,CarrotHyrax,33.8,16.9,0,True,0.0,
38BbM6,35,19,CarrotHyrax,33.8,15.6,0,True,0.0,
38BbM6,35,20,CarrotHyrax,33.8,14.4,1,True,0.0,
38BbM6,35,21,CarrotHyrax,33.8,13.4,0,True,0.0,
38BbM6,35,22,CarrotHyrax,33.8,12.4,1,True,0.0,
38BbM6,35,23,CarrotHyrax,33.8,11.7,1,True,0.0,
38BbM6,35,24,CarrotHyrax,33.8,11.0,1,True,0.0,
38BbM6,35,25,CarrotHyrax,33.8,10.5,1,True,0.0,
38BbM6,35,26,CarrotHyrax,33.8,10.2,1,True,0.0,
38BbM6,35,27,CarrotHyrax,35.5,9.9,1,True,0.0,
38BbM6,35,28,CarrotHyrax,35.5,9.7,0,True,0.0,
38BbM6,35,29,CarrotHyrax,35.5,9.4,0,True,0.0,
38BbM6,35,30,CarrotHyrax,35.5,9.1,0,True,0.0,
38BbM6,35,31,CarrotHyrax,35.5,8.7,0,True,0.0,
38BbM6,35,32,CarrotHyrax,35.5,8.4,0,True,0.0,
38BbM6,35,33,CarrotHyrax,35.5,7.9,0,True,0.0,
38BbM6,35,34,CarrotHyrax,35.5,7.5,1,True,0.0,
38BbM6,35,35,CarrotHyrax,35.5,7.2,1,True,0.0,
38BbM6,35,36,CarrotHyrax,35.5,6.9,1,True,0.0,
38BbM6,35,37,CarrotHyrax,34.8,6.7,0,True,0.0,
38BbM6,35,38,CarrotHyrax,34.8,6.4,1,True,0.0,
38BbM6,35,39,CarrotHyrax,34.8,6.2,1,True,0.0,
38BbM6,35,40,CarrotHyrax,34.8,6.0,0,True,0.0,
38BbM6,35,41,CarrotHyrax,34.8,5.9,0,True,0.0,
38BbM6,35,42,CarrotHyrax,34.8,5.7,0,True,0.0,
38BbM6,35,43,CarrotHyrax,34.8,5.5,1,True,0.0,
38BbM6,35,44,CarrotHyrax,34.8,5.3,1,True,0.0,
38BbM6,35,45,CarrotHyrax,34.8,5.1,0,True,0.0,
38BbM6,35,46,CarrotHyrax,34.8,5.0,2,True,0.0,
38BbM6,35,47,CarrotHyrax,49.2,5.0,0,True,0.0,
38BbM6,35,48,CarrotHyrax,49.2,5.0,1,True,0.0,
38BbM6,35,49,CarrotHyrax,49.2,5.0,0,True,0.0,
38BbM6,35,50,CarrotHyrax,49.2,5.0,1,True,0.0,
38BbM6,35,51,CarrotHyrax,49.2,5.0,0,True,0.0,
38BbM6,35,52,CarrotHyrax,49.2,5.0,1,True,0.0,
38BbM6,35,53,CarrotHyrax,49.2,5.0,1,True,0.0,
38BbM6,35,54,CarrotHyrax,49.2,5.0,0,True,0.0,
38BbM6,35,55,CarrotHyrax,49.2,5.0,1,True,0.0,
38BbM6,35,56,CarrotHyrax,49.2,5.0,1,True,0.0,
38BbM6,35,57,CarrotHyrax,79.6,5.0,0,True,0.0,
38BbM6,35,58,CarrotHyrax,79.6,5.0,0,True,0.0,
38BbM6,35,59,CarrotHyrax,79.6,5.0,0,True,0.0,
38BbM6,35,60,CarrotHyrax,79.6,5.0,1,True,0.0,
38BbM6,35,61,CarrotHyrax,79.6,5.0,1,True,0.0,
38BbM6,35,62,CarrotHyrax,79.6,5.0,0,True,0.0,
38BbM6,35,63,CarrotHyrax,79.6,5.0,0,True,0.0,
38BbM6,35,64,CarrotHyrax,79.6,5.0,0,True,0.0,
38BbM6,35,65,CarrotHyrax,79.6,5.0,2,True,0.0,
38BbM6,35,66,CarrotHyrax,79.6,5.0,0,True,0.0,
38BbM6,35,67,CarrotHyrax,75.3,5.0,1,True,0.0,
38BbM6,35,68,CarrotHyrax,75.3,5.0,0,True,0.0,
38BbM6,35,69,CarrotHyrax,75.3,5.0,1,True,0.0,
38BbM6,35,70,CarrotHyrax,75.3,5.0,0,True,0.0,
38BbM6,35,71,CarrotHyrax,75.3,5.0,1,True,0.0,
38BbM6,35,72,CarrotHyrax,75.3,5.0,2,True,0.0,
38BbM6,35,73,CarrotHyrax,75.3,5.0,0,True,0.0,
38BbM6,35,74,CarrotHyrax,75.3,5.0,0,True,0.0,
38BbM6,35,75,CarrotHyrax,75.3,5.0,0,True,0.001,
38BbM6,35,76,CarrotHyrax,75.3,5.0,1,True,0.0,
38BbM6,35,77,CarrotHyrax,64.2,5.0,0,True,0.0,
38BbM6,35,78,CarrotHyrax,64.2,5.0,0,True,0.0,
38BbM6,35,79,CarrotHyrax,64.2,5.0,0,True,0.0,
38BbM6,35,80,CarrotHyrax,64.2,5.0,1,True,0.0,
38BbM6,35,81,CarrotHyrax,64.2,5.0,2,True,0.0,
38BbM6,35,82,CarrotHyrax,64.2,5.0,1,True,0.0,
38BbM6,35,83,CarrotHyrax,64.2,5.0,2,True,0.0,
38BbM6,35,84,CarrotHyrax,64.2,5.0,0,True,0.0,
38BbM6,35,85,CarrotHyrax,64.2,5.0,0,True,0.0,
38BbM6,35,86,CarrotHyrax,64.2,5.0,0,True,0.0,
38BbM6,35,87,CarrotHyrax,66.0,5.0,1,True,0.0,
38BbM6,35,88,CarrotHyrax,66.0,5.0,1,True,0.0,
38BbM6,35,89,CarrotHyrax,66.0,5.0,0,True,0.001,
38BbM6,35,90,CarrotHyrax,66.0,5.0,0,True,0.0,
38BbM6,35,91,CarrotHyrax,66.0,5.0,0,True,0.0,
38BbM6,35,92,CarrotHyrax,66.0,5.0,2,True,0.0,
38BbM6,35,93,CarrotHyrax,66.0,5.0,0,True,0.0,
38BbM6,35,94,CarrotHyrax,66.0,5.0,1,True,0.0,
38BbM6,35,95,CarrotHyrax,66.0,5.0,0,True,0.0,
38BbM6,35,96,CarrotHyrax,66.0,5.0,0,True,0.0,
38BbM6,35,97,CarrotHyrax,38.6,5.0,0,True,0.0,
38BbM6,35,98,CarrotHyrax,38.6,5.0,0,True,0.002,
38BbM6,35,99,CarrotHyrax,38.6,5.0,0,True,0.0,
38BbM6,35,100,CarrotHyrax,38.6,5.0,0,True,0.001,
38BbM6,36,1,CarrotHyrax,38.6,85.0,0,True,0.0,
38BbM6,36,2,CarrotHyrax,38.6,68.0,0,True,0.0,
38BbM6,36,3,CarrotHyrax,38.6,54.4,0,True,0.0,
38BbM6,36,4,CarrotHyrax,38.6,43.5,0,True,0.0,
38BbM6,36,5,CarrotHyrax,38.6,34.8,0,True,0.0,
38BbM6,36,6,CarrotHyrax,33.9,27.9,0,True,0.0,
38BbM6,36,7,CarrotHyrax,33.9,22.3,0,True,0.0,
38BbM6,36,8,CarrotHyrax,33.9,17.8,1,True,0.0,
38BbM6,36,9,CarrotHyrax,33.9,15.1,0,True,0.0,
38BbM6,36,10,CarrotHyrax,33.9,12.8,1,True,0.0,
38BbM6,36,11,CarrotHyrax,33.9,11.3,1,True,0.0,
38BbM6,36,12,CarrotHyrax,33.9,10.3,0,True,0.0,
38BbM6,36,13,CarrotHyrax,33.9,9.2,0,True,0.0,
38BbM6,36,14,CarrotHyrax,33.9,8.2,1,True,0.0,
38BbM6,36,15,CarrotHyrax,33.9,7.4,0,True,0.0,
38BbM6,36,16,CarrotHyrax,54.7,6.7,0,True,0.001,
38BbM6,36,17,CarrotHyrax,54.7,6.0,0,True,0.0,
38BbM6,36,18,CarrotHyrax,54.7,5.3,0,True,0.0,
38BbM6,36,19,CarrotHyrax,54.7,5.0,0,True,0.0,
38BbM6,36,20,CarrotHyrax,54.7,5.0,1,True,0.0,
38BbM6,36,21,CarrotHyrax,54.7,5.0,0,True,0.0,
38BbM6,36,22,CarrotHyrax,54.7,5.0,0,True,0.0,
38BbM6,36,23,CarrotHyrax,54.7,5.0,0,True,0.0,
38BbM6,36,24,CarrotHyrax,54.7,5.0,0,True,0.001,
38BbM6,36,25,CarrotHyrax,54.7,5.0,0,True,0.0,
38BbM6,36,26,CarrotHyrax,34.2,5.0,1,True,0.0,
38BbM6,36,27,CarrotHyrax,34.2,5.0,0,True,0.0,
38BbM6,36,28,CarrotHyrax,34.2,5.0,1,True,0.0,
38BbM6,36,29,CarrotHyrax,34.2,5.0,0,True,0.0,
38BbM6,36,30,CarrotHyrax,34.2,5.0,1,True,0.0,
38BbM6,36,31,CarrotHyrax,34.2,5.0,0,True,0.0,
38BbM6,36,32,CarrotHyrax,34.2,5.0,0,True,0.0,
38BbM6,36,33,CarrotHyrax,34.2,5.0,0,True,0.0,
38BbM6,36,34,CarrotHyrax,34.2,5.0,0,True,0.0,
38BbM6,36,35,CarrotHyrax,34.2,5.0,1,True,0.0,
38BbM6,36,36,CarrotHyrax,60.1,5.0,1,True,0.0,
38BbM6,36,37,CarrotHyrax,60.1,5.0,1,True,0.0,
38BbM6,36,38,CarrotHyrax,60.1,5.0,1,True,0.0,
38BbM6,36,39,CarrotHyrax,60.1,5.0,0,True,0.0,
38BbM6,36,40,CarrotHyrax,60.1,5.0,3,True,0.0,
38BbM6,36,41,CarrotHyrax,60.1,5.0,1,True,0.0,
38BbM6,36,42,CarrotHyrax,60.1,5.0,0,True,0.0,
38BbM6,36,43,CarrotHyrax,60.1,5.0,0,True,0.0,
38BbM6,36,44,CarrotHyrax,60.1,5.0,0,True,0.0,
38BbM6,36,45,CarrotHyrax,60.1,5.0,0,True,0.0,
38BbM6,36,46,CarrotHyrax,45.8,5.0,2,True,0.0,
38BbM6,36,47,CarrotHyrax,45.8,5.0,0,True,0.0,
38BbM6,36,48,CarrotHyrax,45.8,5.0,0,True,0.0,
38BbM6,36,49,CarrotHyrax,45.8,5.0,0,True,0.001,
38BbM6,36,50,CarrotHyrax,45.8,5.0,0,True,0.0,
38BbM6,36,51,CarrotHyrax,45.8,5.0,0,True,0.0,
38BbM6,36,52,CarrotHyrax,45.8,5.0,1,True,0.001,
38BbM6,36,53,CarrotHyrax,45.8,5.0,0,True,0.0,
38BbM6,36,54,CarrotHyrax,45.8,5.0,2,True,0.0,
38BbM6,36,55,CarrotHyrax,45.8,5.0,0,True,0.0,
38BbM6,36,56,CarrotHyrax,44.4,5.0,2,True,0.0,
38BbM6,36,57,CarrotHyrax,44.4,5.0,0,True,0.0,
38BbM6,36,58,CarrotHyrax,44.4,5.0,0,True,0.0,
38BbM6,36,59,CarrotHyrax,44.4,5.0,0,True,0.0,
38BbM6,36,60,CarrotHyrax,44.4,5.0,0,True,0.001,
38BbM6,36,61,CarrotHyrax,44.4,5.0,1,True,0.0,
38BbM6,36,62,CarrotHyrax,44.4,5.0,2,True,0.0,
38BbM6,36,63,CarrotHyrax,44.4,5.0,1,True,0.0,
38BbM6,36,64,CarrotHyrax,44.4,5.0,0,True,0.0,
38BbM6,36,65,CarrotHyrax,44.4,5.0,0,True,0.0,
38BbM6,36,66,CarrotHyrax,72.8,5.0,0,True,0.0,
38BbM6,36,67,CarrotHyrax,72.8,5.0,0,True,0.0,
38BbM6,36,68,CarrotHyrax,72.8,5.0,0,True,0.0,
38BbM6,36,69,CarrotHyrax,72.8,5.0,0,True,0.0,
38BbM6,36,70,CarrotHyrax,72.8,5.0,1,True,0.0,
38BbM6,36,71,CarrotHyrax,72.8,5.0,1,True,0.001,
38BbM6,36,72,CarrotHyrax,72.8,5.0,0,True,0.0,
38BbM6,36,73,CarrotHyrax,72.8,5.0,0,True,0.0,
38BbM6,36,74,CarrotHyrax,72.8,5.0,0,True,0.0,
38BbM6,36,75,CarrotHyrax,72.8,5.0,2,True,0.0,
38BbM6,36,76,CarrotHyrax,42.0,5.0,0,True,0.0,
38BbM6,36,77,CarrotHyrax,42.0,5.0,0,True,0.0,
38BbM6,36,78,CarrotHyrax,42.0,5.0,0,True,0.0,
38BbM6,36,79,CarrotHyrax,42.0,5.0,0,True,0.0,
38BbM6,36,80,CarrotHyrax,42.0,5.0,1,True,0.0,
38BbM6,36,81,CarrotHyrax,42.0,5.0,1,True,0.0,
38BbM6,36,82,CarrotHyrax,42.0,5.0,1,True,0.0,
38BbM6,36,83,CarrotHyrax,42.0,5.0,1,True,0.0,
38BbM6,36,84,CarrotHyrax,42.0,5.0,0,True,0.0,
38BbM6,36,85,CarrotHyrax,42.0,5.0,0,True,0.0,
38BbM6,36,86,CarrotHyrax,67.7,5.0,0,True,0.0,
38BbM6,36,87,CarrotHyrax,67.7,5.0,0,True,0.0,
38BbM6,36,88,CarrotHyrax,67.7,5.0,2,True,0.0,
38BbM6,36,89,CarrotHyrax,67.7,5.0,1,True,0.0,
38BbM6,36,90,CarrotHyrax,67.7,5.0,1,True,0.0,
38BbM6,36,91,CarrotHyrax,67.7,5.0,2,True,0.0,
38BbM6,36,92,CarrotHyrax,67.7,5.0,1,True,0.0,
38BbM6,36,93,CarrotHyrax,67.7,5.0,1,True,0.0,
38BbM6,36,94,CarrotHyrax,67.7,5.0,2,True,0.0,
38BbM6,36,95,CarrotHyrax,67.7,5.0,0,True,0.0,
38BbM6,36,96,CarrotHyrax,54.6,5.0,2,True,0.0,
38BbM6,36,97,CarrotHyrax,54.6,5.0,0,True,0.0,
38BbM6,36,98,CarrotHyrax,54.6,5.0,1,True,0.0,
38BbM6,36,99,CarrotHyrax,54.6,5.0,2,True,0.0,
38BbM6,36,100,CarrotHyrax,54.6,5.0,0,True,0.0,
38BbM6,37,1,CarrotHyrax,54.6,54.0,1,True,0.0,
38BbM6,37,2,CarrotHyrax,54.6,62.0,1,True,0.0,
38BbM6,37,3,CarrotHyrax,54.6,70.3,2,True,0.0,
38BbM6,37,4,CarrotHyrax,54.6,84.4,0,True,0.0,
38BbM6,37,5,CarrotHyrax,74.9,99.9,0,True,0.0,
38BbM6,37,6,CarrotHyrax,74.9,100.0,0,True,0.0,
38BbM6,37,7,CarrotHyrax,74.9,100.0,0,True,0.0,
38BbM6,37,8,CarrotHyrax,74.9,100.0,0,True,0.0,
38BbM6,37,9,CarrotHyrax,74.9,99.7,0,True,0.0,
38BbM6,37,10,CarrotHyrax,74.9,97.3,0,True,0.0,
38BbM6,37,11,CarrotHyrax,74.9,93.7,0,True,0.0,
38BbM6,37,12,CarrotHyrax,74.9,88.9,0,True,0.0,
38BbM6,37,13,CarrotHyrax,74.9,82.8,0,True,0.0,
38BbM6,37,14,CarrotHyrax,74.9,76.1,0,True,0.0,
38BbM6,37,15,CarrotHyrax,51.5,69.0,0,True,0.002,
38BbM6,37,16,CarrotHyrax,51.5,62.0,0,True,0.0,
38BbM6,37,17,CarrotHyrax,51.5,55.3,0,True,0.0,
38BbM6,37,18,CarrotHyrax,51.5,49.0,1,True,0.0,
38BbM6,37,19,CarrotHyrax,51.5,44.3,0,True,0.0,
38BbM6,37,20,CarrotHyrax,51.5,39.8,0,True,0.0,
38BbM6,37,21,CarrotHyrax,51.5,35.6,1,True,0.0,
38BbM6,37,22,CarrotHyrax,51.5,32.4,0,True,0.0,
38BbM6,37,23,CarrotHyrax,51.5,29.3,0,True,0.0,
38BbM6,37,24,CarrotHyrax,51.5,26.2,0,True,0.0,
38BbM6,37,25,CarrotHyrax,35.6,23.5,0,True,0.0,
38BbM6,37,26,CarrotHyrax,35.6,20.9,0,True,0.0,
38BbM6,37,27,CarrotHyrax,35.6,18.5,0,True,0.0,
38BbM6,37,28,CarrotHyrax,35.6,16.3,0,True,0.0,
38BbM6,37,29,CarrotHyrax,35.6,14.4,0,True,0.0,
38BbM6,37,30,CarrotHyrax,35.6,12.6,0,True,0.0,
38BbM6,37,31,CarrotHyrax,35.6,11.0,0,True,0.0,
38BbM6,37,32,CarrotHyrax,35.6,9.6,1,True,0.0,
38BbM6,37,33,CarrotHyrax,35.6,8.5,1,True,0.0,
38BbM6,37,34,CarrotHyrax,35.6,7.5,0,True,0.0,
38BbM6,37,35,CarrotHyrax,37.5,6.7,0,True,0.0,
38BbM6,37,36,CarrotHyrax,37.5,5.9,0,True,0.0,
38BbM6,37,37,CarrotHyrax,37.5,5.2,0,True,0.0,
38BbM6,37,38,CarrotHyrax,37.5,5.0,0,True,0.0,
38BbM6,37,39,CarrotHyrax,37.5,5.0,1,True,0.0,
38BbM6,37,40,CarrotHyrax,37.5,5.0,1,True,0.0,
38BbM6,37,41,CarrotHyrax,37.5,5.0,1,True,0.0,
38BbM6,37,42,CarrotHyrax,37.5,5.0,2,True,0.0,
38BbM6,37,43,CarrotHyrax,37.5,5.0,1,True,0.0,
38BbM6,37,44,CarrotHyrax,37.5,5.0,1,True,0.0,
38BbM6,37,45,CarrotHyrax,72.1,5.0,0,True,0.0,
38BbM6,37,46,CarrotHyrax,72.1,5.0,0,True,0.0,
38BbM6,37,47,CarrotHyrax,72.1,5.0,1,True,0.0,
38BbM6,37,48,CarrotHyrax,72.1,5.0,0,True,0.0,
38BbM6,37,49,CarrotHyrax,72.1,5.0,0,True,0.0,
38BbM6,37,50,CarrotHyrax,72.1,5.0,1,True,0.001,
38BbM6,37,51,CarrotHyrax,72.1,5.0,0,True,0.0,
38BbM6,37,52,CarrotHyrax,72.1,5.0,0,True,0.0,
38BbM6,37,53,CarrotHyrax,72.1,5.0,0,True,0.0,
38BbM6,37,54,CarrotHyrax,72.1,5.0,0,True,0.0,
38BbM6,37,55,CarrotHyrax,73.4,5.0,1,True,0.0,
38BbM6,37,56,CarrotHyrax,73.4,5.0,1,True,0.0,
38BbM6,37,57,CarrotHyrax,73.4,5.0,1,True,0.0,
38BbM6,37,58,CarrotHyrax,73.4,5.0,0,True,0.001,
38BbM6,37,59,CarrotHyrax,73.4,5.0,0,True,0.0,
38BbM6,37,60,CarrotHyrax,73.4,5.0,0,True,0.0,
38BbM6,37,61,CarrotHyrax,73.4,5.0,0,True,0.0,
38BbM6,37,62,CarrotHyrax,73.4,5.0,3,True,0.0,
38BbM6,37,63,CarrotHyrax,73.4,5.0,0,True,0.0,
38BbM6,37,64,CarrotHyrax,73.4,5.0,0,True,0.0,
38BbM6,37,65,CarrotHyrax,74.8,5.0,0,True,0.0,
38BbM6,37,66,CarrotHyrax,74.8,5.0,0,True,0.0,
38BbM6,37,67,CarrotHyrax,74.8,5.0,2,True,0.0,
38BbM6,37,68,CarrotHyrax,74.8,5.0,1,True,0.0,
38BbM6,37,69,CarrotHyrax,74.8,5.0,1,True,0.0,
38BbM6,37,70,CarrotHyrax,74.8,5.0,0,True,0.0,
38BbM6,37,71,CarrotHyrax,74.8,5.0,0,True,0.0,
38BbM6,37,72,CarrotHyrax,74.8,5.0,0,True,0.0,
38BbM6,37,73,CarrotHyrax,74.8,5.0,0,True,0.0,
38BbM6,37,74,CarrotHyrax,74.8,5.0,0,True,0.0,
38BbM6,37,75,CarrotHyrax,52.9,5.0,0,True,0.0,
38BbM6,37,76,CarrotHyrax,52.9,5.0,0,True,0.0,
38BbM6,37,77,CarrotHyrax,52.9,5.0,1,True,0.0,
38BbM6,37,78,CarrotHyrax,52.9,5.0,2,True,0.0,
38BbM6,37,79,CarrotHyrax,52.9,5.0,0,True,0.0,
38BbM6,37,80,CarrotHyrax,52.9,5.0,1,True,0.0,
38BbM6,37,81,CarrotHyrax,52.9,5.0,1,True,0.0,
38BbM6,37,82,CarrotHyrax,52.9,5.0,2,True,0.0,
38BbM6,37,83,CarrotHyrax,52.9,5.0,1,True,0.0,
38BbM6,37,84,CarrotHyrax,52.9,5.0,1,True,0.0,
38BbM6,37,85,CarrotHyrax,34.5,5.0,0,True,0.0,
38BbM6,37,86,CarrotHyrax,34.5,5.0,1,True,0.0,
38BbM6,37,87,CarrotHyrax,34.5,5.0,0,True,0.0,
38BbM6,37,88,CarrotHyrax,34.5,5.0,1,True,0.0,
38BbM6,37,89,CarrotHyrax,34.5,5.0,0,True,0.001,
38BbM6,37,90,CarrotHyrax,34.5,5.0,0,True,0.0,
38BbM6,37,91,CarrotHyrax,34.5,5.0,1,True,0.0,
38BbM6,37,92,CarrotHyrax,34.5,5.0,0,True,0.0,
38BbM6,37,93,CarrotHyrax,34.5,5.0,0,True,0.0,
38BbM6,37,94,CarrotHyrax,34.5,5.0,1,True,0.0,
38BbM6,37,95,CarrotHyrax,68.9,5.0,1,True,0.0,
38BbM6,37,96,CarrotHyrax,68.9,5.0,2,True,0.0,
38BbM6,37,97,CarrotHyrax,68.9,5.0,0,True,0.0,
38BbM6,37,98,CarrotHyrax,68.9,5.0,1,True,0.0,
38BbM6,37,99,CarrotHyrax,68.9,5.0,1,True,0.0,
38BbM6,37,100,CarrotHyrax,68.9,5.0,0,True,0.0,
38BbM6,38,1,CarrotHyrax,68.9,68.0,0,True,0.0,
38BbM6,38,2,CarrotHyrax,68.9,54.4,0,True,0.0,
38BbM6,38,3,CarrotHyrax,68.9,43.5,0,True,0.0,
38BbM6,38,4,CarrotHyrax,73.2,34.8,1,True,0.0,
38BbM6,38,5,CarrotHyrax,73.2,31.2,1,True,0.0,
38BbM6,38,6,CarrotHyrax,73.2,29.6,0,True,0.0,
38BbM6,38,7,CarrotHyrax,73.2,27.6,0,True,0.0,
38BbM6,38,8,CarrotHyrax,73.2,25.3,0,True,0.0,
38BbM6,38,9,CarrotHyrax,73.2,22.7,0,True,0.0,
38BbM6,38,10,CarrotHyrax,73.2,20.1,0,True,0.0,
38BbM6,38,11,CarrotHyrax,73.2,17.8,0,True,0.0,
38BbM6,38,12,CarrotHyrax,73.2,15.5,1,True,0.0,
38BbM6,38,13,CarrotHyrax,73.2,13.9,1,True,0.0,
38BbM6,38,14,CarrotHyrax,33.8,12.8,0,True,0.0,
38BbM6,38,15,CarrotHyrax,33.8,11.6,1,True,0.0,
38BbM6,38,16,CarrotHyrax,33.8,10.7,0,True,0.0,
38BbM6,38,17,CarrotHyrax,33.8,9.8,0,True,0.0,
38BbM6,38,18,CarrotHyrax,33.8,8.9,1,True,0.0,
38BbM6,38,19,CarrotHyrax,33.8,8.2,1,True,0.0,
38BbM6,38,20,CarrotHyrax,33.8,7.7,0,True,0.0,
38BbM6,38,21,CarrotHyrax,33.8,7.2,1,True,0.0,
38BbM6,38,22,CarrotHyrax,33.8,6.8,0,True,0.0,
38BbM6,38,23,CarrotHyrax,33.8,6.4,0,True,0.0,
38BbM6,38,24,CarrotHyrax,78.3,5.9,0,True,0.0,
38BbM6,38,25,CarrotHyrax,78.3,5.5,0,True,0.0,
38BbM6,38,26,CarrotHyrax,78.3,5.1,1,True,0.0,
38BbM6,38,27,CarrotHyrax,78.3,5.0,0,True,0.0,
38BbM6,38,28,CarrotHyrax,78.3,5.0,0,True,0.0,
38BbM6,38,29,CarrotHyrax,78.3,5.0,1,True,0.0,
38BbM6,38,30,CarrotHyrax,78.3,5.0,0,True,0.0,
38BbM6,38,31,CarrotHyrax,78.3,5.0,0,True,0.0,
38BbM6,38,32,CarrotHyrax,78.3,5.0,0,True,0.0,
38BbM6,38,33,CarrotHyrax,78.3,5.0,0,True,0.0,
38BbM6,38,34,CarrotHyrax,44.3,5.0,0,True,0.0,
38BbM6,38,35,CarrotHyrax,44.3,5.0,0,True,0.0,
38BbM6,38,36,CarrotHyrax,44.3,5.0,0,True,0.0,
38BbM6,38,37,CarrotHyrax,44.3,5.0,1,True,0.0,
38BbM6,38,38,CarrotHyrax,44.3,5.0,0,True,0.0,
38BbM6,38,39,CarrotHyrax,44.3,5.0,1,True,0.0,
38BbM6,38,40,CarrotHyrax,44.3,5.0,1,True,0.0,
38BbM6,38,41,CarrotHyrax,44.3,5.0,0,True,0.001,
38BbM6,38,42,CarrotHyrax,44.3,5.0,2,True,0.0,
38BbM6,38,43,CarrotHyrax,44.3,5.0,1,True,0.0,
38BbM6,38,44,CarrotHyrax,57.1,5.0,0,True,0.0,
38BbM6,38,45,CarrotHyrax,57.1,5.0,1,True,0.0,
38BbM6,38,46,CarrotHyrax,57.1,5.0,2,True,0.0,
38BbM6,38,47,CarrotHyrax,57.1,5.0,1,True,0.0,
38BbM6,38,48,CarrotHyrax,57.1,5.0,1,True,0.0,
38BbM6,38,49,CarrotHyrax,57.1,5.0,0,True,0.0,
38BbM6,38,50,CarrotHyrax,57.1,5.0,0,True,0.0,
38BbM6,38,51,CarrotHyrax,57.1,5.0,0,True,0.0,
38BbM6,38,52,CarrotHyrax,57.1,5.0,2,True,0.0,
38BbM6,38,53,CarrotHyrax,57.1,5.0,1,True,0.0,
38BbM6,38,54,CarrotHyrax,46.7,5.0,1,True,0.0,
38BbM6,38,55,CarrotHyrax,46.7,5.0,0,True,0.0,
38BbM6,38,56,CarrotHyrax,46.7,5.0,0,True,0.0,
38BbM6,38,57,CarrotHyrax,46.7,5.0,0,True,0.0,
38BbM6,38,58,CarrotHyrax,46.7,5.0,1,True,0.0,
38BbM6,38,59,CarrotHyrax,46.7,5.0,0,True,0.0,
38BbM6,38,60,CarrotHyrax,46.7,5.0,0,True,0.0,
38BbM6,38,61,CarrotHyrax,46.7,5.0,1,True,0.0,
38BbM6,38,62,CarrotHyrax,46.7,5.0,1,True,0.0,
38BbM6,38,63,CarrotHyrax,46.7,5.0,1,True,0.0,
38BbM6,38,64,CarrotHyrax,47.7,5.0,0,True,0.0,
38BbM6,38,65,CarrotHyrax,47.7,5.0,2,True,0.0,
38BbM6,38,66,CarrotHyrax,47.7,5.0,0,True,0.0,
38BbM6,38,67,CarrotHyrax,47.7,5.0,0,True,0.0,
38BbM6,38,68,CarrotHyrax,47.7,5.0,0,True,0.0,
38BbM6,38,69,CarrotHyrax,47.7,5.0,1,True,0.0,
38BbM6,38,70,CarrotHyrax,47.7,5.0,1,True,0.0,
38BbM6,38,71,CarrotHyrax,47.7,5.0,0,True,0.0,
38BbM6,38,72,CarrotHyrax,47.7,5.0,0,True,0.0,
38BbM6,38,73,CarrotHyrax,47.7,5.0,0,True,0.0,
38BbM6,38,74,CarrotHyrax,68.0,5.0,0,True,0.0,
38BbM6,38,75,CarrotHyrax,68.0,5.0,0,True,0.0,
38BbM6,38,76,CarrotHyrax,68.0,5.0,1,True,0.0,
38BbM6,38,77,CarrotHyrax,68.0,5.0,0,True,0.0,
38BbM6,38,78,CarrotHyrax,68.0,5.0,0,True,0.0,
38BbM6,38,79,CarrotHyrax,68.0,5.0,0,True,0.0,
38BbM6,38,80,CarrotHyrax,68.0,5.0,0,True,0.0,
38BbM6,38,81,CarrotHyrax,68.0,5.0,1,True,0.0,
38BbM6,38,82,CarrotHyrax,68.0,5.0,0,True,0.001,
38BbM6,38,83,CarrotHyrax,68.0,5.0,0,True,0.0,
38BbM6,38,84,CarrotHyrax,44.1,5.0,0,True,0.0,
38BbM6,38,85,CarrotHyrax,44.1,5.0,0,True,0.0,
38BbM6,38,86,CarrotHyrax,44.1,5.0,1,True,0.0,
38BbM6,38,87,CarrotHyrax,44.1,5.0,0,True,0.0,
38BbM6,38,88,CarrotHyrax,44.1,5.0,0,True,0.0,
38BbM6,38,89,CarrotHyrax,44.1,5.0,1,True,0.0,
38BbM6,38,90,CarrotHyrax,44.1,5.0,0,True,0.0,
38BbM6,38,91,CarrotHyrax,44.1,5.0,0,True,0.0,
38BbM6,38,92,CarrotHyrax,44.1,5.0,0,True,0.0,
38BbM6,38,93,CarrotHyrax,44.1,5.0,0,True,0.0,
38BbM6,38,94,CarrotHyrax,48.3,5.0,1,True,0.0,
38BbM6,38,95,CarrotHyrax,48.3,5.0,1,True,0.0,
38BbM6,38,96,CarrotHyrax,48.3,5.0,2,True,0.0,
38BbM6,38,97,CarrotHyrax,48.3,5.0,0,True,0.0,
38BbM6,38,98,CarrotHyrax,48.3,5.0,1,True,0.0,
38BbM6,38,99,CarrotHyrax,48.3,5.0,0,True,0.0,
38BbM6,38,100,CarrotHyrax,48.3,5.0,2,True,0.0,
38BbM6,39,1,CarrotHyrax,48.3,63.0,0,True,0.0,
38BbM6,39,2,CarrotHyrax,48.3,50.4,0,True,0.0,
38BbM6,39,3,CarrotHyrax,76.0,40.3,0,True,0.0,
38BbM6,39,4,CarrotHyrax,76.0,32.3,1,True,0.0,
38BbM6,39,5,CarrotHyrax,76.0,28.9,1,True,0.0,
38BbM6,39,6,CarrotHyrax,76.0,27.4,0,True,0.0,
38BbM6,39,7,CarrotHyrax,76.0,25.6,0,True,0.0,
38BbM6,39,8,CarrotHyrax,76.0,23.4,0,True,0.0,
38BbM6,39,9,CarrotHyrax,76.0,21.0,0,True,0.0,
38BbM6,39,10,CarrotHyrax,76.0,18.7,0,True,0.0,
38BbM6,39,11,CarrotHyrax,76.0,16.5,0,True,0.0,
38BbM6,39,12,CarrotHyrax,76.0,14.4,0,True,0.0,
38BbM6,39,13,CarrotHyrax,53.3,12.5,1,True,0.0,
38BbM6,39,14,CarrotHyrax,53.3,11.1,0,True,0.0,
38BbM6,39,15,CarrotHyrax,53.3,9.7,0,True,0.0,
38BbM6,39,16,CarrotHyrax,53.3,8.5,0,True,0.0,
38BbM6,39,17,CarrotHyrax,53.3,7.4,1,True,0.0,
38BbM6,39,18,CarrotHyrax,53.3,6.6,1,True,0.0,
38BbM6,39,19,CarrotHyrax,53.3,5.9,0,True,0.0,
38BbM6,39,20,CarrotHyrax,53.3,5.3,1,True,0.0,
38BbM6,39,21,CarrotHyrax,53.3,5.0,0,True,0.0,
38BbM6,39,22,CarrotHyrax,53.3,5.0,0,True,0.0,
38BbM6,39,23,CarrotHyrax,72.1,5.0,0,True,0.0,
38BbM6,39,24,CarrotHyrax,72.1,5.0,1,True,0.0,
38BbM6,39,25,CarrotHyrax,72.1,5.0,0,True,0.001,
38BbM6,39,26,CarrotHyrax,72.1,5.0,0,True,0.0,
38BbM6,39,27,CarrotHyrax,72.1,5.0,1,True,0.0,
38BbM6,39,28,CarrotHyrax,72.1,5.0,0,True,0.001,
38BbM6,39,29,CarrotHyrax,72.1,5.0,1,True,0.0,
38BbM6,39,30,CarrotHyrax,72.1,5.0,0,True,0.0,
38BbM6,39,31,CarrotHyrax,72.1,5.0,1,True,0.0,
38BbM6,39,32,CarrotHyrax,72.1,5.0,0,True,0.0,
38BbM6,39,33,CarrotHyrax,41.2,5.0,0,True,0.0,
38BbM6,39,34,CarrotHyrax,41.2,5.0,0,True,0.0,
38BbM6,39,35,CarrotHyrax,41.2,5.0,1,True,0.0,
38BbM6,39,36,CarrotHyrax,41.2,5.0,0,True,0.0,
38BbM6,39,37,CarrotHyrax,41.2,5.0,0,True,0.0,
38BbM6,39,38,CarrotHyrax,41.2,5.0,1,True,0.0,
38BbM6,39,39,CarrotHyrax,41.2,5.0,0,True,0.0,
38BbM6,39,40,CarrotHyrax,41.2,5.0,0,True,0.0,
38BbM6,39,41,CarrotHyrax,41.2,5.0,0,True,0.0,
38BbM6,39,42,CarrotHyrax,41.2,5.0,0,True,0.0,
38BbM6,39,43,CarrotHyrax,74.7,5.0,0,True,0.0,
38BbM6,39,44,CarrotHyrax,74.7,5.0,0,True,0.0,
38BbM6,39,45,CarrotHyrax,74.7,5.0,1,True,0.0,
38BbM6,39,46,CarrotHyrax,74.7,5.0,0,True,0.0,
38BbM6,39,47,CarrotHyrax,74.7,5.0,0,True,0.0,
38BbM6,39,48,CarrotHyrax,74.7,5.0,0,True,0.0,
38BbM6,39,49,CarrotHyrax,74.7,5.0,0,True,0.0,
38BbM6,39,50,CarrotHyrax,74.7,5.0,0,True,0.0,
38BbM6,39,51,CarrotHyrax,74.7,5.0,0,True,0.0,
38BbM6,39,52,CarrotHyrax,74.7,5.0,0,True,0.0,
38BbM6,39,53,CarrotHyrax,30.8,5.0,0,True,0.0,
38BbM6,39,54,CarrotHyrax,30.8,5.0,1,True,0.0,
38BbM6,39,55,CarrotHyrax,30.8,5.0,3,True,0.0,
38BbM6,39,56,CarrotHyrax,30.8,5.0,0,True,0.0,
38BbM6,39,57,CarrotHyrax,30.8,5.0,1,True,0.0,
38BbM6,39,58,CarrotHyrax,30.8,5.0,1,True,0.0,
38BbM6,39,59,CarrotHyrax,30.8,5.0,0,True,0.0,
38BbM6,39,60,CarrotHyrax,30.8,5.0,1,True,0.0,
38BbM6,39,61,CarrotHyrax,30.8,5.0,0,True,0.0,
38BbM6,39,62,CarrotHyrax,30.8,5.0,0,True,0.0,
38BbM6,39,63,CarrotHyrax,76.2,5.0,1,True,0.0,
38BbM6,39,64,CarrotHyrax,76.2,5.0,0,True,0.0,
38BbM6,39,65,CarrotHyrax,76.2,5.0,2,True,0.0,
38BbM6,39,66,CarrotHyrax,76.2,5.0,0,True,0.0,
38BbM6,39,67,CarrotHyrax,76.2,5.0,1,True,0.0,
38BbM6,39,68,CarrotHyrax,76.2,5.0,1,True,0.0,
38BbM6,39,69,CarrotHyrax,76.2,5.0,1,True,0.0,
38BbM6,39,70,CarrotHyrax,76.2,5.0,2,True,0.0,
38BbM6,39,71,CarrotHyrax,76.2,5.0,2,True,0.0,
38BbM6,39,72,CarrotHyrax,76.2,5.0,1,True,0.0,
38BbM6,39,73,CarrotHyrax,70.1,5.0,1,True,0.0,
38BbM6,39,74,CarrotHyrax,70.1,5.0,0,True,0.0,
38BbM6,39,75,CarrotHyrax,70.1,5.0,1,True,0.0,
38BbM6,39,76,CarrotHyrax,70.1,5.0,0,True,0.0,
38BbM6,39,77,CarrotHyrax,70.1,5.0,0,True,0.0,
38BbM6,39,78,CarrotHyrax,70.1,5.0,0,True,0.0,
38BbM6,39,79,CarrotHyrax,70.1,5.0,1,True,0.0,
38BbM6,39,80,CarrotHyrax,70.1,5.0,1,True,0.0,
38BbM6,39,81,CarrotHyrax,70.1,5.0,0,True,0.0,
38BbM6,39,82,CarrotHyrax,70.1,5.0,0,True,0.0,
38BbM6,39,83,CarrotHyrax,31.4,5.0,0,True,0.0,
38BbM6,39,84,CarrotHyrax,31.4,5.0,1,True,0.0,
38BbM6,39,85,CarrotHyrax,31.4,5.0,0,True,0.0,
38BbM6,39,86,CarrotHyrax,31.4,5.0,1,True,0.0,
38BbM6,39,87,CarrotHyrax,31.4,5.0,0,True,0.0,
38BbM6,39,88,CarrotHyrax,31.4,5.0,1,True,0.0,
38BbM6,39,89,CarrotHyrax,31.4,5.0,2,True,0.0,
38BbM6,39,90,CarrotHyrax,31.4,5.0,2,True,0.0,
38BbM6,39,91,CarrotHyrax,31.4,5.0,0,True,0.0,
38BbM6,39,92,CarrotHyrax,31.4,5.0,0,True,0.0,
38BbM6,39,93,CarrotHyrax,77.4,5.0,0,True,0.0,
38BbM6,39,94,CarrotHyrax,77.4,5.0,2,True,0.0,
38BbM6,39,95,CarrotHyrax,77.4,5.0,1,True,0.0,
38BbM6,39,96,CarrotHyrax,77.4,5.0,0,True,0.0,
38BbM6,39,97,CarrotHyrax,77.4,5.0,1,True,0.0,
38BbM6,39,98,CarrotHyrax,77.4,5.0,1,True,0.0,
38BbM6,39,99,CarrotHyrax,77.4,5.0,1,True,0.001,
38BbM6,39,100,CarrotHyrax,77.4,5.0,0,True,0.0,
38BbM6,40,1,CarrotHyrax,77.4,87.0,0,True,0.0,
38BbM6,40,2,CarrotHyrax,69.3,69.6,0,True,0.0,
38BbM6,40,3,CarrotHyrax,69.3,55.7,0,True,0.0,
38BbM6,40,4,CarrotHyrax,69.3,44.5,0,True,0.0,
38BbM6,40,5,CarrotHyrax,69.3,35.6,0,True,0.0,
38BbM6,40,6,CarrotHyrax,69.3,28.5,0,True,0.0,
38BbM6,40,7,CarrotHyrax,69.3,22.8,0,True,0.0,
38BbM6,40,8,CarrotHyrax,69.3,18.2,1,True,0.0,
38BbM6,40,9,CarrotHyrax,69.3,15.5,0,True,0.002,
38BbM6,40,10,CarrotHyrax,69.3,13.1,0,True,0.0,
38BbM6,40,11,CarrotHyrax,69.3,11.0,0,True,0.001,
38BbM6,40,12,CarrotHyrax,55.0,9.2,0,True,0.0,
38BbM6,40,13,CarrotHyrax,55.0,7.7,1,True,0.0,
38BbM6,40,14,CarrotHyrax,55.0,6.6,1,True,0.0,
38BbM6,40,15,CarrotHyrax,55.0,5.8,0,True,0.0,
38BbM6,40,16,CarrotHyrax,55.0,5.1,0,True,0.0,
38BbM6,40,17,CarrotHyrax,55.0,5.0,0,True,0.0,
38BbM6,40,18,CarrotHyrax,55.0,5.0,0,True,0.001,
38BbM6,40,19,CarrotHyrax,55.0,5.0,0,True,0.0,
38BbM6,40,20,CarrotHyrax,55.0,5.0,0,True,0.0,
38BbM6,40,21,CarrotHyrax,55.0,5.0,1,True,0.0,
38BbM6,40,22,CarrotHyrax,68.6,5.0,1,True,0.0,
38BbM6,40,23,CarrotHyrax,68.6,5.0,0,True,0.0,
38BbM6,40,24,CarrotHyrax,68.6,5.0,1,True,0.0,
38BbM6,40,25,CarrotHyrax,68.6,5.0,0,True,0.006,
38BbM6,40,26,CarrotHyrax,68.6,5.0,1,True,0.0,
38BbM6,40,27,CarrotHyrax,68.6,5.0,0,True,0.004,
38BbM6,40,28,CarrotHyrax,68.6,5.0,0,True,0.002,
38BbM6,40,29,CarrotHyrax,68.6,5.0,0,True,0.0,
38BbM6,40,30,CarrotHyrax,68.6,5.0,0,True,0.0,
38BbM6,40,31,CarrotHyrax,68.6,5.0,0,True,0.004,
38BbM6,40,32,CarrotHyrax,60.9,5.0,1,True,0.028,
38BbM6,40,33,CarrotHyrax,60.9,5.0,0,True,0.001,
38BbM6,40,34,CarrotHyrax,60.9,5.0,0,True,0.001,
38BbM6,40,35,CarrotHyrax,60.9,5.0,0,True,0.006,
38BbM6,40,36,CarrotHyrax,60.9,5.0,1,True,0.0,
38BbM6,40,37,CarrotHyrax,60.9,5.0,1,True,0.004,
38BbM6,40,38,CarrotHyrax,60.9,5.0,0,True,0.0,
38BbM6,40,39,CarrotHyrax,60.9,5.0,0,True,0.0,
38BbM6,40,40,CarrotHyrax,60.9,5.0,0,True,0.0,
38BbM6,40,41,CarrotHyrax,60.9,5.0,0,True,0.002,
38BbM6,40,42,CarrotHyrax,65.3,5.0,1,True,0.0,
38BbM6,40,43,CarrotHyrax,65.3,5.0,2,True,0.0,
38BbM6,40,44,CarrotHyrax,65.3,5.0,0,True,0.0,
38BbM6,40,45,CarrotHyrax,65.3,5.0,2,True,0.0,
38BbM6,40,46,CarrotHyrax,65.3,5.0,0,True,0.0,
38BbM6,40,47,CarrotHyrax,65.3,5.0,1,True,0.0,
38BbM6,40,48,CarrotHyrax,65.3,5.0,0,True,0.0,
38BbM6,40,49,CarrotHyrax,65.3,5.0,0,True,0.0,
38BbM6,40,50,CarrotHyrax,65.3,5.0,0,True,0.0,
38BbM6,40,51,CarrotHyrax,65.3,5.0,0,True,0.0,
38BbM6,40,52,CarrotHyrax,77.9,5.0,0,True,0.001,
38BbM6,40,53,CarrotHyrax,77.9,5.0,0,True,0.0,
38BbM6,40,54,CarrotHyrax,77.9,5.0,2,True,0.0,
38BbM6,40,55,CarrotHyrax,77.9,5.0,1,True,0.0,
38BbM6,40,56,CarrotHyrax,77.9,5.0,1,True,0.0,
38BbM6,40,57,CarrotHyrax,77.9,5.0,0,True,0.0,
38BbM6,40,58,CarrotHyrax,77.9,5.0,0,True,0.002,
38BbM6,40,59,CarrotHyrax,77.9,5.0,0,True,0.001,
38BbM6,40,60,CarrotHyrax,77.9,5.0,0,True,0.0,
38BbM6,40,61,CarrotHyrax,77.9,5.0,1,True,0.0,
38BbM6,40,62,CarrotHyrax,43.3,5.0,0,True,0.0,
38BbM6,40,63,CarrotHyrax,43.3,5.0,0,True,0.0,
38BbM6,40,64,CarrotHyrax,43.3,5.0,1,True,0.001,
38BbM6,40,65,CarrotHyrax,43.3,5.0,1,True,0.0,
38BbM6,40,66,CarrotHyrax,43.3,5.0,0,True,0.0,
38BbM6,40,67,CarrotHyrax,43.3,5.0,1,True,0.001,
38BbM6,40,68,CarrotHyrax,43.3,5.0,1,True,0.0,
38BbM6,40,69,CarrotHyrax,43.3,5.0,0,True,0.0,
38BbM6,40,70,CarrotHyrax,43.3,5.0,0,True,0.001,
38BbM6,40,71,CarrotHyrax,43.3,5.0,0,True,0.0,
38BbM6,40,72,CarrotHyrax,50.1,5.0,0,True,0.0,
38BbM6,40,73,CarrotHyrax,50.1,5.0,0,True,0.0,
38BbM6,40,74,CarrotHyrax,50.1,5.0,1,True,0.0,
38BbM6,40,75,CarrotHyrax,50.1,5.0,0,True,0.0,
38BbM6,40,76,CarrotHyrax,50.1,5.0,0,True,0.0,
38BbM6,40,77,CarrotHyrax,50.1,5.0,0,True,0.0,
38BbM6,40,78,CarrotHyrax,50.1,5.0,1,True,0.001,
38BbM6,40,79,CarrotHyrax,50.1,5.0,1,True,0.001,
38BbM6,40,80,CarrotHyrax,50.1,5.0,0,True,0.0,
38BbM6,40,81,CarrotHyrax,50.1,5.0,0,True,0.0,
38BbM6,40,82,CarrotHyrax,68.4,5.0,3,True,0.0,
38BbM6,40,83,CarrotHyrax,68.4,5.0,2,True,0.0,
38BbM6,40,84,CarrotHyrax,68.4,5.0,2,True,0.0,
38BbM6,40,85,CarrotHyrax,68.4,5.0,1,True,0.0,
38BbM6,40,86,CarrotHyrax,68.4,5.0,0,True,0.0,
38BbM6,40,87,CarrotHyrax,68.4,5.0,2,True,0.0,
38BbM6,40,88,CarrotHyrax,68.4,5.0,3,True,0.0,
38BbM6,40,89,CarrotHyrax,68.4,5.0,0,True,0.0,
38BbM6,40,90,CarrotHyrax,68.4,5.0,1,True,0.0,
38BbM6,40,91,CarrotHyrax,68.4,5.0,0,True,0.0,
38BbM6,40,92,CarrotHyrax,42.4,5.0,0,True,0.0,
38BbM6,40,93,CarrotHyrax,42.4,5.0,2,True,0.0,
38BbM6,40,94,CarrotHyrax,42.4,5.0,0,True,0.0,
38BbM6,40,95,CarrotHyrax,42.4,5.0,1,True,0.0,
38BbM6,40,96,CarrotHyrax,42.4,5.0,0,True,0.0,
38BbM6,40,97,CarrotHyrax,42.4,5.0,1,True,0.0,
38BbM6,40,98,CarrotHyrax,42.4,5.0,2,True,0.0,
38BbM6,40,99,CarrotHyrax,42.4,5.0,0,True,0.0,
38BbM6,40,100,CarrotHyrax,42.4,5.0,0,True,0.0,
38BbM6,41,1,CarrotHyrax,79.9,45.0,0,True,0.0,
38BbM6,41,2,CarrotHyrax,79.9,36.0,1,True,0.0,
38BbM6,41,3,CarrotHyrax,79.9,34.8,1,True,0.0,
38BbM6,41,4,CarrotHyrax,79.9,36.7,0,True,0.0,
38BbM6,41,5,CarrotHyrax,79.9,36.4,0,True,0.0,
38BbM6,41,6,CarrotHyrax,79.9,34.5,0,True,0.0,
38BbM6,41,7,CarrotHyrax,79.9,32.2,1,True,0.0,
38BbM6,41,8,CarrotHyrax,79.9,31.3,0,True,0.0,
38BbM6,41,9,CarrotHyrax,79.9,29.7,1,True,0.0,
38BbM6,41,10,CarrotHyrax,79.9,29.0,0,True,0.0,
38BbM6,41,11,CarrotHyrax,57.2,27.9,0,True,0.0,
38BbM6,41,12,CarrotHyrax,57.2,26.4,0,True,0.0,
38BbM6,41,13,CarrotHyrax,57.2,24.6,0,True,0.0,
38BbM6,41,14,CarrotHyrax,57.2,22.6,0,True,0.0,
38BbM6,41,15,CarrotHyrax,57.2,20.5,1,True,0.0,
38BbM6,41,16,CarrotHyrax,57.2,19.0,0,True,0.0,
38BbM6,41,17,CarrotHyrax,57.2,17.3,2,True,0.0,
38BbM6,41,18,CarrotHyrax,57.2,16.5,2,True,0.0,
38BbM6,41,19,CarrotHyrax,57.2,16.3,0,True,0.0,
38BbM6,41,20,CarrotHyrax,57.2,15.9,0,True,0.0,
38BbM6,41,21,CarrotHyrax,77.7,15.4,0,True,0.0,
38BbM6,41,22,CarrotHyrax,77.7,14.9,0,True,0.0,
38BbM6,41,23,CarrotHyrax,77.7,14.2,0,True,0.0,
38BbM6,41,24,CarrotHyrax,77.7,13.4,0,True,0.0,
38BbM6,41,25,CarrotHyrax,77.7,12.6,1,True,0.0,
38BbM6,41,26,CarrotHyrax,77.7,12.0,1,True,0.0,
38BbM6,41,27,CarrotHyrax,77.7,11.5,0,True,0.0,
38BbM6,41,28,CarrotHyrax,77.7,11.0,0,True,0.0,
38BbM6,41,29,CarrotHyrax,77.7,10.4,0,True,0.0,
38BbM6,41,30,CarrotHyrax,77.7,9.8,0,True,0.0,
38BbM6,41,31,CarrotHyrax,56.7,9.1,0,True,0.0,
38BbM6,41,32,CarrotHyrax,56.7,8.5,0,True,0.0,
38BbM6,41,33,CarrotHyrax,56.7,7.9,0,True,0.0,
38BbM6,41,34,CarrotHyrax,56.7,7.3,0,True,0.0,
38BbM6,41,35,CarrotHyrax,56.7,6.7,0,True,0.0,
38BbM6,41,36,CarrotHyrax,56.7,6.2,0,True,0.0,
38BbM6,41,37,CarrotHyrax,56.7,5.6,0,True,0.0,
38BbM6,41,38,CarrotHyrax,56.7,5.1,1,True,0.0,
38BbM6,41,39,CarrotHyrax,56.7,5.0,0,True,0.0,
38BbM6,41,40,CarrotHyrax,56.7,5.0,1,True,0.0,
38BbM6,41,41,CarrotHyrax,39.8,5.0,0,True,0.0,
38BbM6,41,42,CarrotHyrax,39.8,5.0,2,True,0.0,
38BbM6,41,43,CarrotHyrax,39.8,5.0,0,True,0.0,
38BbM6,41,44,CarrotHyrax,39.8,5.0,1,True,0.0,
38BbM6,41,45,CarrotHyrax,39.8,5.0,1,True,0.0,
38BbM6,41,46,CarrotHyrax,39.8,5.0,1,True,0.0,
38BbM6,41,47,CarrotHyrax,39.8,5.0,2,True,0.0,
38BbM6,41,48,CarrotHyrax,39.8,5.0,0,True,0.0,
38BbM6,41,49,CarrotHyrax,39.8,5.0,0,True,0.0,
38BbM6,41,50,CarrotHyrax,39.8,5.0,1,True,0.001,
38BbM6,41,51,CarrotHyrax,53.9,5.0,0,True,0.0,
38BbM6,41,52,CarrotHyrax,53.9,5.0,2,True,0.0,
38BbM6,41,53,CarrotHyrax,53.9,5.0,0,True,0.0,
38BbM6,41,54,CarrotHyrax,53.9,5.0,0,True,0.0,
38BbM6,41,55,CarrotHyrax,53.9,5.0,1,True,0.0,
38BbM6,41,56,CarrotHyrax,53.9,5.0,0,True,0.0,
38BbM6,41,57,CarrotHyrax,53.9,5.0,0,True,0.0,
38BbM6,41,58,CarrotHyrax,53.9,5.0,0,True,0.0,
38BbM6,41,59,CarrotHyrax,53.9,5.0,0,True,0.0,
38BbM6,41,60,CarrotHyrax,53.9,5.0,1,True,0.0,
38BbM6,41,61,CarrotHyrax,57.2,5.0,1,True,0.0,
38BbM6,41,62,CarrotHyrax,57.2,5.0,0,True,0.0,
38BbM6,41,63,CarrotHyrax,57.2,5.0,3,True,0.0,
38BbM6,41,64,CarrotHyrax,57.2,5.0,0,True,0.0,
38BbM6,41,65,CarrotHyrax,57.2,5.0,0,True,0.0,
38BbM6,41,66,CarrotHyrax,57.2,5.0,0,True,0.0,
38BbM6,41,67,CarrotHyrax,57.2,5.0,1,True,0.0,
38BbM6,41,68,CarrotHyrax,57.2,5.0,0,True,0.0,
38BbM6,41,69,CarrotHyrax,57.2,5.0,2,True,0.0,
38BbM6,41,70,CarrotHyrax,57.2,5.0,1,True,0.0,
38BbM6,41,71,CarrotHyrax,38.8,5.0,0,True,0.0,
38BbM6,41,72,CarrotHyrax,38.8,5.0,0,True,0.0,
38BbM6,41,73,CarrotHyrax,38.8,5.0,0,True,0.0,
38BbM6,41,74,CarrotHyrax,38.8,5.0,0,True,0.0,
38BbM6,41,75,CarrotHyrax,38.8,5.0,1,True,0.0,
38BbM6,41,76,CarrotHyrax,38.8,5.0,3,True,0.0,
38BbM6,41,77,CarrotHyrax,38.8,5.0,0,True,0.0,
38BbM6,41,78,CarrotHyrax,38.8,5.0,1,True,0.0,
38BbM6,41,79,CarrotHyrax,38.8,5.0,1,True,0.0,
38BbM6,41,80,CarrotHyrax,38.8,5.0,1,True,0.0,
38BbM6,41,81,CarrotHyrax,78.8,5.0,1,True,0.0,
38BbM6,41,82,CarrotHyrax,78.8,5.0,1,True,0.0,
38BbM6,41,83,CarrotHyrax,78.8,5.0,0,True,0.0,
38BbM6,41,84,CarrotHyrax,78.8,5.0,0,True,0.0,
38BbM6,41,85,CarrotHyrax,78.8,5.0,0,True,0.0,
38BbM6,41,86,CarrotHyrax,78.8,5.0,0,True,0.0,
38BbM6,41,87,CarrotHyrax,78.8,5.0,0,True,0.0,
38BbM6,41,88,CarrotHyrax,78.8,5.0,0,True,0.0,
38BbM6,41,89,CarrotHyrax,78.8,5.0,1,True,0.0,
38BbM6,41,90,CarrotHyrax,78.8,5.0,0,True,0.0,
38BbM6,41,91,CarrotHyrax,74.3,5.0,0,True,0.0,
38BbM6,41,92,CarrotHyrax,74.3,5.0,1,True,0.0,
38BbM6,41,93,CarrotHyrax,74.3,5.0,0,True,0.0,
38BbM6,41,94,CarrotHyrax,74.3,5.0,1,True,0.0,
38BbM6,41,95,CarrotHyrax,74.3,5.0,2,True,0.0,
38BbM6,41,96,CarrotHyrax,74.3,5.0,1,True,0.0,
38BbM6,41,97,CarrotHyrax,74.3,5.0,0,True,0.0,
38BbM6,41,98,CarrotHyrax,74.3,5.0,0,True,0.0,
38BbM6,41,99,CarrotHyrax,74.3,5.0,2,True,0.0,
38BbM6,41,100,CarrotHyrax,74.3,5.0,1,True,0.0,
38BbM6,42,1,CarrotHyrax,77.0,55.0,0,True,0.0,
38BbM6,42,2,CarrotHyrax,77.0,44.0,0,True,0.0,
38BbM6,42,3,CarrotHyrax,77.0,35.2,0,True,0.0,
38BbM6,42,4,CarrotHyrax,77.0,28.2,0,True,0.0,
38BbM6,42,5,CarrotHyrax,77.0,22.5,1,True,0.0,
38BbM6,42,6,CarrotHyrax,77.0,19.7,0,True,0.0,
38BbM6,42,7,CarrotHyrax,77.0,17.1,1,True,0.0,
38BbM6,42,8,CarrotHyrax,77.0,15.6,0,True,0.0,
38BbM6,42,9,CarrotHyrax,77.0,14.0,0,True,0.0,
38BbM6,42,10,CarrotHyrax,75.8,12.4,0,True,0.0,
38BbM6,42,11,CarrotHyrax,75.8,11.0,0,True,0.0,
38BbM6,42,12,CarrotHyrax,75.8,9.6,0,True,0.0,
38BbM6,42,13,CarrotHyrax,75.8,8.3,1,True,0.0,
38BbM6,42,14,CarrotHyrax,75.8,7.4,0,True,0.0,
38BbM6,42,15,CarrotHyrax,75.8,6.5,0,True,0.0,
38BbM6,42,16,CarrotHyrax,75.8,5.7,1,True,0.0,
38BbM6,42,17,CarrotHyrax,75.8,5.1,0,True,0.0,
38BbM6,42,18,CarrotHyrax,75.8,5.0,0,True,0.0,
38BbM6,42,19,CarrotHyrax,75.8,5.0,1,True,0.0,
38BbM6,42,20,CarrotHyrax,58.6,5.0,0,True,0.0,
38BbM6,42,21,CarrotHyrax,58.6,5.0,0,True,0.0,
38BbM6,42,22,CarrotHyrax,58.6,5.0,1,True,0.0,
38BbM6,42,23,CarrotHyrax,58.6,5.0,0,True,0.0,
38BbM6,42,24,CarrotHyrax,58.6,5.0,0,True,0.0,
38BbM6,42,25,CarrotHyrax,58.6,5.0,0,True,0.0,
38BbM6,42,26,CarrotHyrax,58.6,5.0,0,True,0.0,
38BbM6,42,27,CarrotHyrax,58.6,5.0,1,True,0.0,
38BbM6,42,28,CarrotHyrax,58.6,5.0,0,True,0.0,
38BbM6,42,29,CarrotHyrax,58.6,5.0,1,True,0.0,
38BbM6,42,30,CarrotHyrax,78.4,5.0,0,True,0.0,
38BbM6,42,31,CarrotHyrax,78.4,5.0,0,True,0.0,
38BbM6,42,32,CarrotHyrax,78.4,5.0,1,True,0.0,
38BbM6,42,33,CarrotHyrax,78.4,5.0,0,True,0.0,
38BbM6,42,34,CarrotHyrax,78.4,5.0,1,True,0.0,
38BbM6,42,35,CarrotHyrax,78.4,5.0,0,True,0.0,
38BbM6,42,36,CarrotHyrax,78.4,5.0,0,True,0.0,
38BbM6,42,37,CarrotHyrax,78.4,5.0,0,True,0.0,
38BbM6,42,38,CarrotHyrax,78.4,5.0,1,True,0.0,
38BbM6,42,39,CarrotHyrax,78.4,5.0,2,True,0.0,
38BbM6,42,40,CarrotHyrax,38.5,5.0,2,True,0.001,
38BbM6,42,41,CarrotHyrax,38.5,5.0,3,True,0.0,
38BbM6,42,42,CarrotHyrax,38.5,5.0,0,True,0.0,
38BbM6,42,43,CarrotHyrax,38.5,5.0,0,True,0.0,
38BbM6,42,44,CarrotHyrax,38.5,5.0,1,True,0.0,
38BbM6,42,45,CarrotHyrax,38.5,5.0,0,True,0.0,
38BbM6,42,46,CarrotHyrax,38.5,5.0,1,True,0.0,
38BbM6,42,47,CarrotHyrax,38.5,5.0,0,True,0.0,
38BbM6,42,48,CarrotHyrax,38.5,5.0,0,True,0.0,
38BbM6,42,49,CarrotHyrax,38.5,5.0,0,True,0.003,
38BbM6,42,50,CarrotHyrax,57.0,5.0,2,True,0.0,
38BbM6,42,51,CarrotHyrax,57.0,5.0,1,True,0.0,
38BbM6,42,52,CarrotHyrax,57.0,5.0,1,True,0.0,
38BbM6,42,53,CarrotHyrax,57.0,5.0,1,True,0.0,
38BbM6,42,54,CarrotHyrax,57.0,5.0,0,True,0.0,
38BbM6,42,55,CarrotHyrax,57.0,5.0,1,True,0.0,
38BbM6,42,56,CarrotHyrax,57.0,5.0,1,True,0.0,
38BbM6,42,57,CarrotHyrax,57.0,5.0,0,True,0.0,
38BbM6,42,58,CarrotHyrax,57.0,5.0,1,True,0.0,
38BbM6,42,59,CarrotHyrax,57.0,5.0,0,True,0.0,
38BbM6,42,60,CarrotHyrax,37.0,5.0,0,True,0.0,
38BbM6,42,61,CarrotHyrax,37.0,5.0,0,True,0.0,
38BbM6,42,62,CarrotHyrax,37.0,5.0,0,True,0.0,
38BbM6,42,63,CarrotHyrax,37.0,5.0,1,True,0.0,
38BbM6,42,64,CarrotHyrax,37.0,5.0,0,True,0.0,
38BbM6,42,65,CarrotHyrax,37.0,5.0,0,True,0.0,
38BbM6,42,66,CarrotHyrax,37.0,5.0,0,True,0.0,
38BbM6,42,67,CarrotHyrax,37.0,5.0,0,True,0.0,
38BbM6,42,68,CarrotHyrax,37.0,5.0,0,True,0.0,
38BbM6,42,69,CarrotHyrax,37.0,5.0,0,True,0.001,
38BbM6,42,70,CarrotHyrax,48.4,5.0,0,True,0.0,
38BbM6,42,71,CarrotHyrax,48.4,5.0,2,True,0.0,
38BbM6,42,72,CarrotHyrax,48.4,5.0,0,True,0.0,
38BbM6,42,73,CarrotHyrax,48.4,5.0,0,True,0.0,
38BbM6,42,74,CarrotHyrax,48.4,5.0,0,True,0.0,
38BbM6,42,75,CarrotHyrax,48.4,5.0,2,True,0.0,
38BbM6,42,76,CarrotHyrax,48.4,5.0,1,True,0.001,
38BbM6,42,77,CarrotHyrax,48.4,5.0,0,True,0.0,
38BbM6,42,78,CarrotHyrax,48.4,5.0,0,True,0.0,
38BbM6,42,79,CarrotHyrax,48.4,5.0,2,True,0.0,
38BbM6,42,80,CarrotHyrax,44.6,5.0,0,True,0.0,
38BbM6,42,81,CarrotHyrax,44.6,5.0,1,True,0.0,
38BbM6,42,82,CarrotHyrax,44.6,5.0,0,True,0.0,
38BbM6,42,83,CarrotHyrax,44.6,5.0,0,True,0.0,
38BbM6,42,84,CarrotHyrax,44.6,5.0,0,True,0.0,
38BbM6,42,85,CarrotHyrax,44.6,5.0,1,True,0.0,
38BbM6,42,86,CarrotHyrax,44.6,5.0,0,True,0.0,
38BbM6,42,87,CarrotHyrax,44.6,5.0,0,True,0.0,
38BbM6,42,88,CarrotHyrax,44.6,5.0,0,True,0.0,
38BbM6,42,89,CarrotHyrax,44.6,5.0,1,True,0.0,
38BbM6,42,90,CarrotHyrax,64.9,5.0,0,True,0.0,
38BbM6,42,91,CarrotHyrax,64.9,5.0,0,True,0.0,
38BbM6,42,92,CarrotHyrax,64.9,5.0,0,True,0.0,
38BbM6,42,93,CarrotHyrax,64.9,5.0,1,True,0.0,
38BbM6,42,94,CarrotHyrax,64.9,5.0,1,True,0.0,
38BbM6,42,95,CarrotHyrax,64.9,5.0,0,True,0.0,
38BbM6,42,96,CarrotHyrax,64.9,5.0,0,True,0.0,
38BbM6,42,97,CarrotHyrax,64.9,5.0,1,True,0.0,
38BbM6,42,98,CarrotHyrax,64.9,5.0,1,True,0.0,
38BbM6,42,99,CarrotHyrax,64.9,5.0,2,True,0.0,
38BbM6,42,100,CarrotHyrax,34.5,5.0,0,True,0.0,
38BbM6,43,1,CarrotHyrax,34.5,31.0,0,True,0.0,
38BbM6,43,2,CarrotHyrax,34.5,24.8,0,True,0.0,
38BbM6,43,3,CarrotHyrax,34.5,19.8,0,True,0.0,
38BbM6,43,4,CarrotHyrax,34.5,15.9,1,True,0.0,
38BbM6,43,5,CarrotHyrax,34.5,14.2,1,True,0.001,
38BbM6,43,6,CarrotHyrax,34.5,13.5,1,True,0.0,
38BbM6,43,7,CarrotHyrax,34.5,13.5,0,True,0.0,
38BbM6,43,8,CarrotHyrax,34.5,13.1,1,True,0.0,
38BbM6,43,9,CarrotHyrax,68.9,13.1,0,True,0.0,
38BbM6,43,10,CarrotHyrax,68.9,12.8,0,True,0.0,
38BbM6,43,11,CarrotHyrax,68.9,12.3,0,True,0.0,
38BbM6,43,12,CarrotHyrax,68.9,11.6,0,True,0.0,
38BbM6,43,13,CarrotHyrax,68.9,10.8,1,True,0.0,
38BbM6,43,14,CarrotHyrax,68.9,10.3,1,True,0.0,
38BbM6,43,15,CarrotHyrax,68.9,9.9,1,True,0.0,
38BbM6,43,16,CarrotHyrax,68.9,9.6,0,True,0.0,
38BbM6,43,17,CarrotHyrax,68.9,9.2,0,True,0.0,
38BbM6,43,18,CarrotHyrax,68.9,8.8,1,True,0.0,
38BbM6,43,19,CarrotHyrax,60.9,8.5,1,True,0.0,
38BbM6,43,20,CarrotHyrax,60.9,8.3,0,True,0.0,
38BbM6,43,21,CarrotHyrax,60.9,8.1,1,True,0.0,
38BbM6,43,22,CarrotHyrax,60.9,7.9,0,True,0.0,
38BbM6,43,23,CarrotHyrax,60.9,7.7,1,True,0.0,
38BbM6,43,24,CarrotHyrax,60.9,7.5,1,True,0.0,
38BbM6,43,25,CarrotHyrax,60.9,7.4,0,True,0.0,
38BbM6,43,26,CarrotHyrax,60.9,7.3,0,True,0.0,
38BbM6,43,27,CarrotHyrax,60.9,7.1,1,True,0.0,
38BbM6,43,28,CarrotHyrax,60.9,6.9,1,True,0.0,
38BbM6,43,29,CarrotHyrax,65.4,6.8,1,True,0.0,
38BbM6,43,30,CarrotHyrax,65.4,6.8,0,True,0.0,
38BbM6,43,31,CarrotHyrax,65.4,6.7,2,True,0.0,
38BbM6,43,32,CarrotHyrax,65.4,6.7,1,True,0.0,
38BbM6,43,33,CarrotHyrax,65.4,6.8,1,True,0.0,
38BbM6,43,34,CarrotHyrax,65.4,6.9,2,True,0.0,
38BbM6,43,35,CarrotHyrax,65.4,7.1,0,True,0.0,
38BbM6,43,36,CarrotHyrax,65.4,7.2,1,True,0.0,
38BbM6,43,37,CarrotHyrax,65.4,7.5,0,True,0.0,
38BbM6,43,38,CarrotHyrax,65.4,7.6,0,True,0.0,
38BbM6,43,39,CarrotHyrax,40.6,7.8,0,True,0.0,
38BbM6,43,40,CarrotHyrax,40.6,7.9,1,True,0.0,
38BbM6,43,41,CarrotHyrax,40.6,8.0,0,True,0.0,
38BbM6,43,42,CarrotHyrax,40.6,8.1,2,True,0.0,
38BbM6,43,43,CarrotHyrax,40.6,8.3,4,True,0.0,
38BbM6,43,44,CarrotHyrax,40.6,8.8,1,True,0.0,
38BbM6,43,45,CarrotHyrax,40.6,9.3,0,True,0.0,
38BbM6,43,46,CarrotHyrax,40.6,9.8,0,True,0.0,
38BbM6,43,47,CarrotHyrax,40.6,10.3,1,True,0.001,
38BbM6,43,48,CarrotHyrax,40.6,10.8,1,True,0.0,
38BbM6,43,49,CarrotHyrax,58.1,11.4,0,True,0.0,
38BbM6,43,50,CarrotHyrax,58.1,12.0,1,True,0.0,
38BbM6,43,51,CarrotHyrax,58.1,12.6,0,True,0.0,
38BbM6,43,52,CarrotHyrax,58.1,13.2,0,True,0.0,
38BbM6,43,53,CarrotHyrax,58.1,13.7,0,True,0.0,
38BbM6,43,54,CarrotHyrax,58.1,14.1,0,True,0.001,
38BbM6,43,55,CarrotHyrax,58.1,14.5,1,True,0.0,
38BbM6,43,56,CarrotHyrax,58.1,14.8,1,True,0.0,
38BbM6,43,57,CarrotHyrax,58.1,15.3,0,True,0.0,
38BbM6,43,58,CarrotHyrax,58.1,15.6,0,True,0.0,
38BbM6,43,59,CarrotHyrax,31.7,16.0,0,True,0.0,
38BbM6,43,60,CarrotHyrax,31.7,16.2,0,True,0.0,
38BbM6,43,61,CarrotHyrax,31.7,16.3,1,True,0.0,
38BbM6,43,62,CarrotHyrax,31.7,16.5,1,True,0.0,
38BbM6,43,63,CarrotHyrax,31.7,16.7,0,True,0.0,
38BbM6,43,64,CarrotHyrax,31.7,16.7,0,True,0.0,
38BbM6,43,65,CarrotHyrax,31.7,16.7,0,True,0.0,
38BbM6,43,66,CarrotHyrax,31.7,16.5,0,True,0.0,
38BbM6,43,67,CarrotHyrax,31.7,16.3,2,True,0.0,
38BbM6,43,68,CarrotHyrax,31.7,16.2,0,True,0.0,
38BbM6,43,69,CarrotHyrax,42.2,15.9,0,True,0.0,
38BbM6,43,70,CarrotHyrax,42.2,15.6,1,True,0.0,
38BbM6,43,71,CarrotHyrax,42.2,15.3,1,True,0.0,
38BbM6,43,72,CarrotHyrax,42.2,15.1,1,True,0.0,
38BbM6,43,73,CarrotHyrax,42.2,14.8,0,True,0.001,
38BbM6,43,74,CarrotHyrax,42.2,14.4,1,True,0.0,
38BbM6,43,75,CarrotHyrax,42.2,14.0,1,True,0.0,
38BbM6,43,76,CarrotHyrax,42.2,13.6,1,True,0.0,
38BbM6,43,77,CarrotHyrax,42.2,13.3,1,True,0.0,
38BbM6,43,78,CarrotHyrax,42.2,12.9,0,True,0.0,
38BbM6,43,79,CarrotHyrax,72.6,12.5,0,True,0.0,
38BbM6,43,80,CarrotHyrax,72.6,12.0,2,True,0.0,
38BbM6,43,81,CarrotHyrax,72.6,11.6,0,True,0.0,
38BbM6,43,82,CarrotHyrax,72.6,11.2,0,True,0.0,
38BbM6,43,83,CarrotHyrax,72.6,10.7,0,True,0.0,
38BbM6,43,84,CarrotHyrax,72.6,10.3,0,True,0.0,
38BbM6,43,85,CarrotHyrax,72.6,9.8,0,True,0.0,
38BbM6,43,86,CarrotHyrax,72.6,9.3,1,True,0.0,
38BbM6,43,87,CarrotHyrax,72.6,8.8,0,True,0.0,
38BbM6,43,88,CarrotHyrax,72.6,8.3,0,True,0.0,
38BbM6,43,89,CarrotHyrax,44.5,7.8,0,True,0.0,
38BbM6,43,90,CarrotHyrax,44.5,7.4,1,True,0.001,
38BbM6,43,91,CarrotHyrax,44.5,6.9,0,True,0.0,
38BbM6,43,92,CarrotHyrax,44.5,6.5,0,True,0.0,
38BbM6,43,93,CarrotHyrax,44.5,6.1,1,True,0.0,
38BbM6,43,94,CarrotHyrax,44.5,5.7,0,True,0.0,
38BbM6,43,95,CarrotHyrax,44.5,5.4,0,True,0.001,
38BbM6,43,96,CarrotHyrax,44.5,5.0,2,True,0.001,
38BbM6,43,97,CarrotHyrax,44.5,5.0,0,True,0.0,
38BbM6,43,98,CarrotHyrax,44.5,5.0,2,True,0.0,
38BbM6,43,99,CarrotHyrax,44.8,5.0,0,True,0.0,
38BbM6,43,100,CarrotHyrax,44.8,5.0,0,True,0.0,
38BbM6,44,1,CarrotHyrax,44.8,53.0,0,True,0.0,
38BbM6,44,2,CarrotHyrax,44.8,42.4,0,True,0.0,
38BbM6,44,3,CarrotHyrax,44.8,33.9,0,True,0.0,
38BbM6,44,4,CarrotHyrax,44.8,27.1,0,True,0.0,
38BbM6,44,5,CarrotHyrax,44.8,21.7,0,True,0.0,
38BbM6,44,6,CarrotHyrax,44.8,17.4,0,True,0.0,
38BbM6,44,7,CarrotHyrax,44.8,13.9,1,True,0.0,
38BbM6,44,8,CarrotHyrax,60.9,11.9,0,True,0.0,
38BbM6,44,9,CarrotHyrax,60.9,10.1,0,True,0.0,
38BbM6,44,10,CarrotHyrax,60.9,8.5,0,True,0.0,
38BbM6,44,11,CarrotHyrax,60.9,7.2,0,True,0.0,
38BbM6,44,12,CarrotHyrax,60.9,6.0,1,True,0.0,
38BbM6,44,13,CarrotHyrax,60.9,5.2,1,True,0.0,
38BbM6,44,14,CarrotHyrax,60.9,5.0,0,True,0.0,
38BbM6,44,15,CarrotHyrax,60.9,5.0,1,True,0.0,
38BbM6,44,16,CarrotHyrax,60.9,5.0,1,True,0.0,
38BbM6,44,17,CarrotHyrax,60.9,5.0,2,True,0.0,
38BbM6,44,18,CarrotHyrax,65.8,5.0,0,True,0.0,
38BbM6,44,19,CarrotHyrax,65.8,5.0,1,True,0.0,
38BbM6,44,20,CarrotHyrax,65.8,5.0,0,True,0.0,
38BbM6,44,21,CarrotHyrax,65.8,5.0,1,True,0.0,
38BbM6,44,22,CarrotHyrax,65.8,5.0,0,True,0.0,
38BbM6,44,23,CarrotHyrax,65.8,5.0,1,True,0.0,
38BbM6,44,24,CarrotHyrax,65.8,5.0,0,True,0.0,
38BbM6,44,25,CarrotHyrax,65.8,5.0,0,True,0.0,
38BbM6,44,26,CarrotHyrax,65.8,5.0,0,True,0.0,
38BbM6,44,27,CarrotHyrax,65.8,5.0,1,True,0.0,
38BbM6,44,28,CarrotHyrax,59.2,5.0,0,True,0.0,
38BbM6,44,29,CarrotHyrax,59.2,5.0,0,True,0.0,
38BbM6,44,30,CarrotHyrax,59.2,5.0,0,True,0.001,
38BbM6,44,31,CarrotHyrax,59.2,5.0,0,True,0.0,
38BbM6,44,32,CarrotHyrax,59.2,5.0,1,True,0.0,
38BbM6,44,33,CarrotHyrax,59.2,5.0,0,True,0.0,
38BbM6,44,34,CarrotHyrax,59.2,5.0,0,True,0.0,
38BbM6,44,35,CarrotHyrax,59.2,5.0,0,True,0.0,
38BbM6,44,36,CarrotHyrax,59.2,5.0,2,True,0.0,
38BbM6,44,37,CarrotHyrax,59.2,5.0,0,True,0.0,
38BbM6,44,38,CarrotHyrax,42.8,5.0,0,True,0.0,
38BbM6,44,39,CarrotHyrax,42.8,5.0,1,True,0.0,
38BbM6,44,40,CarrotHyrax,42.8,5.0,1,True,0.0,
38BbM6,44,41,CarrotHyrax,42.8,5.0,0,True,0.0,
38BbM6,44,42,CarrotHyrax,42.8,5.0,0,True,0.0,
38BbM6,44,43,CarrotHyrax,42.8,5.0,1,True,0.0,
38BbM6,44,44,CarrotHyrax,42.8,5.0,0,True,0.0,
38BbM6,44,45,CarrotHyrax,42.8,5.0,1,True,0.0,
38BbM6,44,46,CarrotHyrax,42.8,5.0,2,True,0.0,
38BbM6,44,47,CarrotHyrax,42.8,5.0,0,True,0.0,
38BbM6,44,48,CarrotHyrax,73.8,5.0,0,True,0.0,
38BbM6,44,49,CarrotHyrax,73.8,5.0,1,True,0.0,
38BbM6,44,50,CarrotHyrax,73.8,5.0,0,True,0.0,
38BbM6,44,51,CarrotHyrax,73.8,5.0,1,True,0.0,
38BbM6,44,52,CarrotHyrax,73.8,5.0,0,True,0.0,
38BbM6,44,53,CarrotHyrax,73.8,5.0,0,True,0.002,
38BbM6,44,54,CarrotHyrax,73.8,5.0,1,True,0.0,
38BbM6,44,55,CarrotHyrax,73.8,5.0,0,True,0.0,
38BbM6,44,56,CarrotHyrax,73.8,5.0,2,True,0.0,
38BbM6,44,57,CarrotHyrax,73.8,5.0,0,True,0.0,
38BbM6,44,58,CarrotHyrax,56.1,5.0,0,True,0.0,
38BbM6,44,59,CarrotHyrax,56.1,5.0,0,True,0.0,
38BbM6,44,60,CarrotHyrax,56.1,5.0,1,True,0.0,
38BbM6,44,61,CarrotHyrax,56.1,5.0,1,True,0.0,
38BbM6,44,62,CarrotHyrax,56.1,5.0,0,True,0.0,
38BbM6,44,63,CarrotHyrax,56.1,5.0,2,True,0.0,
38BbM6,44,64,CarrotHyrax,56.1,5.0,2,True,0.0,
38BbM6,44,65,CarrotHyrax,56.1,5.0,0,True,0.0,
38BbM6,44,66,CarrotHyrax,56.1,5.0,0,True,0.0,
38BbM6,44,67,CarrotHyrax,56.1,5.0,0,True,0.0,
38BbM6,44,68,CarrotHyrax,66.9,5.0,0,True,0.0,
38BbM6,44,69,CarrotHyrax,66.9,5.0,0,True,0.0,
38BbM6,44,70,CarrotHyrax,66.9,5.0,1,True,0.0,
38BbM6,44,71,CarrotHyrax,66.9,5.0,1,True,0.0,
38BbM6,44,72,CarrotHyrax,66.9,5.0,0,True,0.0,
38BbM6,44,73,CarrotHyrax,66.9,5.0,0,True,0.0,
38BbM6,44,74,CarrotHyrax,66.9,5.0,0,True,0.0,
38BbM6,44,75,CarrotHyrax,66.9,5.0,1,True,0.0,
38BbM6,44,76,CarrotHyrax,66.9,5.0,0,True,0.0,
38BbM6,44,77,CarrotHyrax,66.9,5.0,0,True,0.0,
38BbM6,44,78,CarrotHyrax,54.9,5.0,1,True,0.0,
38BbM6,44,79,CarrotHyrax,54.9,5.0,0,True,0.0,
38BbM6,44,80,CarrotHyrax,54.9,5.0,3,True,0.0,
38BbM6,44,81,CarrotHyrax,54.9,5.0,1,True,0.0,
38BbM6,44,82,CarrotHyrax,54.9,5.0,0,True,0.0,
38BbM6,44,83,CarrotHyrax,54.9,5.0,0,True,0.0,
38BbM6,44,84,CarrotHyrax,54.9,5.0,0,True,0.0,
38BbM6,44,85,CarrotHyrax,54.9,5.0,1,True,0.0,
38BbM6,44,86,CarrotHyrax,54.9,5.0,2,True,0.0,
38BbM6,44,87,CarrotHyrax,54.9,5.0,1,True,0.0,
38BbM6,44,88,CarrotHyrax,59.5,5.0,1,True,0.0,
38BbM6,44,89,CarrotHyrax,59.5,5.0,1,True,0.0,
38BbM6,44,90,CarrotHyrax,59.5,5.0,1,True,0.0,
38BbM6,44,91,CarrotHyrax,59.5,5.0,0,True,0.0,
38BbM6,44,92,CarrotHyrax,59.5,5.0,1,True,0.0,
38BbM6,44,93,CarrotHyrax,59.5,5.0,3,True,0.0,
38BbM6,44,94,CarrotHyrax,59.5,5.0,0,True,0.0,
38BbM6,44,95,CarrotHyrax,59.5,5.0,0,True,0.0,
38BbM6,44,96,CarrotHyrax,59.5,5.0,0,True,0.0,
38BbM6,44,97,CarrotHyrax,59.5,5.0,1,True,0.0,
38BbM6,44,98,CarrotHyrax,73.4,5.0,1,True,0.0,
38BbM6,44,99,CarrotHyrax,73.4,5.0,0,True,0.0,
38BbM6,44,100,CarrotHyrax,73.4,5.0,1,True,0.0,
38BbM6,45,1,CarrotHyrax,73.4,31.0,0,True,0.0,
38BbM6,45,2,CarrotHyrax,73.4,24.8,0,True,0.0,
38BbM6,45,3,CarrotHyrax,73.4,19.8,0,True,0.0,
38BbM6,45,4,CarrotHyrax,73.4,15.9,0,True,0.001,
38BbM6,45,5,CarrotHyrax,73.4,12.7,0,True,0.0,
38BbM6,45,6,CarrotHyrax,73.4,10.2,1,True,0.001,
38BbM6,45,7,CarrotHyrax,58.9,8.8,0,True,0.0,
38BbM6,45,8,CarrotHyrax,58.9,7.5,3,True,0.0,
38BbM6,45,9,CarrotHyrax,58.9,7.5,0,True,0.0,
38BbM6,45,10,CarrotHyrax,58.9,7.3,2,True,0.0,
38BbM6,45,11,CarrotHyrax,58.9,7.7,1,True,0.0,
38BbM6,45,12,CarrotHyrax,58.9,8.1,0,True,0.0,
38BbM6,45,13,CarrotHyrax,58.9,8.4,1,True,0.0,
38BbM6,45,14,CarrotHyrax,58.9,8.7,1,True,0.0,
38BbM6,45,15,CarrotHyrax,58.9,9.0,0,True,0.0,
38BbM6,45,16,CarrotHyrax,58.9,9.3,0,True,0.0,
38BbM6,45,17,CarrotHyrax,38.9,9.3,0,True,0.0,
38BbM6,45,18,CarrotHyrax,38.9,9.2,1,True,0.0,
38BbM6,45,19,CarrotHyrax,38.9,9.3,0,True,0.0,
38BbM6,45,20,CarrotHyrax,38.9,9.3,0,True,0.0,
38BbM6,45,21,CarrotHyrax,38.9,9.2,0,True,0.0,
38BbM6,45,22,CarrotHyrax,38.9,9.0,0,True,0.0,
38BbM6,45,23,CarrotHyrax,38.9,8.8,0,True,0.0,
38BbM6,45,24,CarrotHyrax,38.9,8.4,1,True,0.0,
38BbM6,45,25,CarrotHyrax,38.9,8.2,0,True,0.0,
38BbM6,45,26,CarrotHyrax,38.9,7.9,2,True,0.0,
38BbM6,45,27,CarrotHyrax,44.8,7.8,2,True,0.0,
38BbM6,45,28,CarrotHyrax,44.8,7.9,2,True,0.0,
38BbM6,45,29,CarrotHyrax,44.8,8.1,0,True,0.0,
38BbM6,45,30,CarrotHyrax,44.8,8.2,0,True,0.0,
38BbM6,45,31,CarrotHyrax,44.8,8.3,1,True,0.0,
38BbM6,45,32,CarrotHyrax,44.8,8.4,0,True,0.0,
38BbM6,45,33,CarrotHyrax,44.8,8.5,1,True,0.001,
38BbM6,45,34,CarrotHyrax,44.8,8.6,0,True,0.0,
38BbM6,45,35,CarrotHyrax,44.8,8.7,1,True,0.0,
38BbM6,45,36,CarrotHyrax,44.8,8.8,0,True,0.0,
38BbM6,45,37,CarrotHyrax,41.0,8.9,1,True,0.0,
38BbM6,45,38,CarrotHyrax,41.0,9.0,1,True,0.0,
38BbM6,45,39,CarrotHyrax,41.0,9.2,0,True,0.0,
38BbM6,45,40,CarrotHyrax,41.0,9.3,0,True,0.0,
38BbM6,45,41,CarrotHyrax,41.0,9.4,0,True,0.0,
38BbM6,45,42,CarrotHyrax,41.0,9.4,0,True,0.0,
38BbM6,45,43,CarrotHyrax,41.0,9.4,1,True,0.001,
38BbM6,45,44,CarrotHyrax,41.0,9.4,0,True,0.0,
38BbM6,45,45,CarrotHyrax,41.0,9.4,0,True,0.0,
38BbM6,45,46,CarrotHyrax,41.0,9.3,0,True,0.0,
38BbM6,45,47,CarrotHyrax,55.9,9.2,0,True,0.0,
38BbM6,45,48,CarrotHyrax,55.9,9.1,1,True,0.0,
38BbM6,45,49,CarrotHyrax,55.9,9.1,0,True,0.001,
38BbM6,45,50,CarrotHyrax,55.9,8.9,2,True,0.0,
38BbM6,45,51,CarrotHyrax,55.9,8.9,1,True,0.0,
38BbM6,45,52,CarrotHyrax,55.9,8.9,2,True,0.001,
38BbM6,45,53,CarrotHyrax,55.9,9.0,2,True,0.0,
38BbM6,45,54,CarrotHyrax,55.9,9.2,0,True,0.0,
38BbM6,45,55,CarrotHyrax,55.9,9.3,0,True,0.0,
38BbM6,45,56,CarrotHyrax,55.9,9.3,0,True,0.0,
38BbM6,45,57,CarrotHyrax,71.4,9.4,0,True,0.0,
38BbM6,45,58,CarrotHyrax,71.4,9.4,0,True,0.0,
38BbM6,45,59,CarrotHyrax,71.4,9.3,2,True,0.0,
38BbM6,45,60,CarrotHyrax,71.4,9.3,1,True,0.0,
38BbM6,45,61,CarrotHyrax,71.4,9.4,0,True,0.0,
38BbM6,45,62,CarrotHyrax,71.4,9.3,0,True,0.0,
38BbM6,45,63,CarrotHyrax,71.4,9.3,0,True,0.0,
38BbM6,45,64,CarrotHyrax,71.4,9.2,1,True,0.0,
38BbM6,45,65,CarrotHyrax,71.4,9.0,0,True,0.0,
38BbM6,45,66,CarrotHyrax,71.4,8.9,1,True,0.0,
38BbM6,45,67,CarrotHyrax,32.7,8.7,2,True,0.0,
38BbM6,45,68,CarrotHyrax,32.7,8.6,1,True,0.0,
38BbM6,45,69,CarrotHyrax,32.7,8.5,0,True,0.001,
38BbM6,45,70,CarrotHyrax,32.7,8.3,0,True,0.0,
38BbM6,45,71,CarrotHyrax,32.7,8.1,0,True,0.0,
38BbM6,45,72,CarrotHyrax,32.7,7.9,0,True,0.001,
38BbM6,45,73,CarrotHyrax,32.7,7.6,0,True,0.0,
38BbM6,45,74,CarrotHyrax,32.7,7.3,0,True,0.0,
38BbM6,45,75,CarrotHyrax,32.7,7.0,0,True,0.0,
38BbM6,45,76,CarrotHyrax,32.7,6.7,0,True,0.0,
38BbM6,45,77,CarrotHyrax,54.0,6.4,2,True,0.0,
38BbM6,45,78,CarrotHyrax,54.0,6.1,0,True,0.0,
38BbM6,45,79,CarrotHyrax,54.0,5.8,1,True,0.0,
38BbM6,45,80,CarrotHyrax,54.0,5.5,1,True,0.0,
38BbM6,45,81,CarrotHyrax,54.0,5.2,0,True,0.0,
38BbM6,45,82,CarrotHyrax,54.0,5.0,1,True,0.0,
38BbM6,45,83,CarrotHyrax,54.0,5.0,0,True,0.0,
38BbM6,45,84,CarrotHyrax,54.0,5.0,2,True,0.0,
38BbM6,45,85,CarrotHyrax,54.0,5.0,1,True,0.0,
38BbM6,45,86,CarrotHyrax,54.0,5.0,0,True,0.0,
38BbM6,45,87,CarrotHyrax,34.4,5.0,1,True,0.0,
38BbM6,45,88,CarrotHyrax,34.4,5.0,1,True,0.0,
38BbM6,45,89,CarrotHyrax,34.4,5.0,0,True,0.0,
38BbM6,45,90,CarrotHyrax,34.4,5.0,0,True,0.0,
38BbM6,45,91,CarrotHyrax,34.4,5.0,0,True,0.0,
38BbM6,45,92,CarrotHyrax,34.4,5.0,1,True,0.0,
38BbM6,45,93,CarrotHyrax,34.4,5.0,2,True,0.0,
38BbM6,45,94,CarrotHyrax,34.4,5.0,0,True,0.0,
38BbM6,45,95,CarrotHyrax,34.4,5.0,0,True,0.0,
38BbM6,45,96,CarrotHyrax,34.4,5.0,0,True,0.0,
38BbM6,45,97,CarrotHyrax,32.4,5.0,4,True,0.0,
38BbM6,45,98,CarrotHyrax,32.4,5.0,1,True,0.001,
38BbM6,45,99,CarrotHyrax,32.4,5.0,0,True,0.0,
38BbM6,45,100,CarrotHyrax,32.4,5.0,0,True,0.0,
38BbM6,46,1,CarrotHyrax,32.4,44.0,0,True,0.0,
38BbM6,46,2,CarrotHyrax,32.4,35.2,1,True,0.0,
38BbM6,46,3,CarrotHyrax,32.4,34.0,0,True,0.0,
38BbM6,46,4,CarrotHyrax,32.4,31.5,0,True,0.001,
38BbM6,46,5,CarrotHyrax,32.4,28.3,1,True,0.0,
38BbM6,46,6,CarrotHyrax,50.0,26.8,1,True,0.0,
38BbM6,46,7,CarrotHyrax,50.0,26.8,0,True,0.0,
38BbM6,46,8,CarrotHyrax,50.0,26.0,1,True,0.0,
38BbM6,46,9,CarrotHyrax,50.0,26.0,0,True,0.0,
38BbM6,46,10,CarrotHyrax,50.0,25.3,1,True,0.0,
38BbM6,46,11,CarrotHyrax,50.0,25.4,1,True,0.0,
38BbM6,46,12,CarrotHyrax,50.0,26.0,1,True,0.0,
38BbM6,46,13,CarrotHyrax,50.0,26.8,1,True,0.0,
38BbM6,46,14,CarrotHyrax,50.0,27.8,1,True,0.0,
38BbM6,46,15,CarrotHyrax,50.0,29.0,3,True,0.0,
38BbM6,46,16,CarrotHyrax,37.1,31.8,0,True,0.0,
38BbM6,46,17,CarrotHyrax,37.1,34.1,0,True,0.0,
38BbM6,46,18,CarrotHyrax,37.1,36.1,1,True,0.0,
38BbM6,46,19,CarrotHyrax,37.1,38.6,0,True,0.0,
38BbM6,46,20,CarrotHyrax,37.1,40.8,0,True,0.0,
38BbM6,46,21,CarrotHyrax,37.1,42.7,0,True,0.0,
38BbM6,46,22,CarrotHyrax,37.1,44.2,0,True,0.0,
38BbM6,46,23,CarrotHyrax,37.1,45.4,0,True,0.0,
38BbM6,46,24,CarrotHyrax,37.1,45.8,0,True,0.0,
38BbM6,46,25,CarrotHyrax,37.1,46.0,0,True,0.0,
38BbM6,46,26,CarrotHyrax,56.9,45.8,1,True,0.0,
38BbM6,46,27,CarrotHyrax,56.9,45.9,2,True,0.0,
38BbM6,46,28,CarrotHyrax,56.9,46.8,2,True,0.0,
38BbM6,46,29,CarrotHyrax,56.9,48.6,1,True,0.0,
38BbM6,46,30,CarrotHyrax,56.9,50.7,1,True,0.0,
38BbM6,46,31,CarrotHyrax,56.9,53.0,0,True,0.0,
38BbM6,46,32,CarrotHyrax,56.9,55.1,1,True,0.0,
38BbM6,46,33,CarrotHyrax,56.9,57.6,2,True,0.0,
38BbM6,46,34,CarrotHyrax,56.9,61.1,0,True,0.0,
38BbM6,46,35,CarrotHyrax,56.9,64.2,2,True,0.0,
38BbM6,46,36,CarrotHyrax,46.7,68.5,0,True,0.0,
38BbM6,46,37,CarrotHyrax,46.7,72.6,0,True,0.0,
38BbM6,46,38,CarrotHyrax,46.7,76.5,0,True,0.0,
38BbM6,46,39,CarrotHyrax,46.7,80.1,0,True,0.0,
38BbM6,46,40,CarrotHyrax,46.7,83.5,0,True,0.0,
38BbM6,46,41,CarrotHyrax,46.7,86.6,0,True,0.0,
38BbM6,46,42,CarrotHyrax,46.7,89.2,0,True,0.0,
38BbM6,46,43,CarrotHyrax,46.7,91.5,0,True,0.0,
38BbM6,46,44,CarrotHyrax,46.7,93.4,0,True,0.0,
38BbM6,46,45,CarrotHyrax,46.7,94.9,0,True,0.0,
38BbM6,46,46,CarrotHyrax,79.8,95.9,0,True,0.0,
38BbM6,46,47,CarrotHyrax,79.8,96.6,0,True,0.0,
38BbM6,46,48,CarrotHyrax,79.8,97.0,0,True,0.0,
38BbM6,46,49,CarrotHyrax,79.8,97.0,0,True,0.001,
38BbM6,46,50,CarrotHyrax,79.8,96.5,0,True,0.0,
38BbM6,46,51,CarrotHyrax,79.8,95.6,0,True,0.0,
38BbM6,46,52,CarrotHyrax,79.8,94.3,0,True,0.0,
38BbM6,46,53,CarrotHyrax,79.8,92.5,0,True,0.0,
38BbM6,46,54,CarrotHyrax,79.8,90.2,0,True,0.0,
38BbM6,46,55,CarrotHyrax,79.8,87.6,0,True,0.0,
38BbM6,46,56,CarrotHyrax,50.7,84.6,0,True,0.0,
38BbM6,46,57,CarrotHyrax,50.7,81.5,0,True,0.0,
38BbM6,46,58,CarrotHyrax,50.7,78.3,0,True,0.0,
38BbM6,46,59,CarrotHyrax,50.7,74.9,0,True,0.0,
38BbM6,46,60,CarrotHyrax,50.7,71.4,1,True,0.0,
38BbM6,46,61,CarrotHyrax,50.7,68.2,0,True,0.0,
38BbM6,46,62,CarrotHyrax,50.7,64.9,0,True,0.0,
38BbM6,46,63,CarrotHyrax,50.7,61.5,0,True,0.0,
38BbM6,46,64,CarrotHyrax,50.7,58.0,1,True,0.001,
38BbM6,46,65,CarrotHyrax,50.7,54.8,0,True,0.0,
38BbM6,46,66,CarrotHyrax,44.8,51.5,0,True,0.0,
38BbM6,46,67,CarrotHyrax,44.8,48.2,0,True,0.0,
38BbM6,46,68,CarrotHyrax,44.8,44.9,0,True,0.0,
38BbM6,46,69,CarrotHyrax,44.8,41.7,1,True,0.0,
38BbM6,46,70,CarrotHyrax,44.8,38.8,0,True,0.0,
38BbM6,46,71,CarrotHyrax,44.8,36.0,0,True,0.0,
38BbM6,46,72,CarrotHyrax,44.8,33.2,3,True,0.0,
38BbM6,46,73,CarrotHyrax,44.8,31.0,1,True,0.0,
38BbM6,46,74,CarrotHyrax,44.8,28.9,0,True,0.0,
38BbM6,46,75,CarrotHyrax,44.8,26.9,0,True,0.0,
38BbM6,46,76,CarrotHyrax,65.7,24.9,0,True,0.0,
38BbM6,46,77,CarrotHyrax,65.7,23.0,0,True,0.0,
38BbM6,46,78,CarrotHyrax,65.7,21.1,1,True,0.0,
38BbM6,46,79,CarrotHyrax,65.7,19.4,1,True,0.0,
38BbM6,46,80,CarrotHyrax,65.7,17.9,0,True,0.0,
38BbM6,46,81,CarrotHyrax,65.7,16.4,1,True,0.0,
38BbM6,46,82,CarrotHyrax,65.7,15.1,1,True,0.0,
38BbM6,46,83,CarrotHyrax,65.7,13.9,0,True,0.0,
38BbM6,46,84,CarrotHyrax,65.7,12.7,0,True,0.0,
38BbM6,46,85,CarrotHyrax,65.7,11.6,0,True,0.0,
38BbM6,46,86,CarrotHyrax,58.5,10.6,2,True,0.0,
38BbM6,46,87,CarrotHyrax,58.5,9.7,0,True,0.0,
38BbM6,46,88,CarrotHyrax,58.5,8.9,1,True,0.0,
38BbM6,46,89,CarrotHyrax,58.5,8.1,0,True,0.0,
38BbM6,46,90,CarrotHyrax,58.5,7.4,0,True,0.0,
38BbM6,46,91,CarrotHyrax,58.5,6.7,1,True,0.001,
38BbM6,46,92,CarrotHyrax,58.5,6.1,1,True,0.0,
38BbM6,46,93,CarrotHyrax,58.5,5.6,1,True,0.0,
38BbM6,46,94,CarrotHyrax,58.5,5.1,0,True,0.0,
38BbM6,46,95,CarrotHyrax,58.5,5.0,0,True,0.0,
38BbM6,46,96,CarrotHyrax,44.0,5.0,0,True,0.001,
38BbM6,46,97,CarrotHyrax,44.0,5.0,3,True,0.0,
38BbM6,46,98,CarrotHyrax,44.0,5.0,0,True,0.006,
38BbM6,46,99,CarrotHyrax,44.0,5.0,0,True,0.0,
38BbM6,46,100,CarrotHyrax,44.0,5.0,1,True,0.0,
38BbM6,47,1,CarrotHyrax,44.0,61.0,0,True,0.0,
38BbM6,47,2,CarrotHyrax,44.0,48.8,0,True,0.001,
38BbM6,47,3,CarrotHyrax,44.0,39.0,1,True,0.0,
38BbM6,47,4,CarrotHyrax,44.0,36.2,0,True,0.0,
38BbM6,47,5,CarrotHyrax,47.8,32.4,0,True,0.001,
38BbM6,47,6,CarrotHyrax,47.8,28.4,0,True,0.001,
38BbM6,47,7,CarrotHyrax,47.8,24.6,0,True,0.0,
38BbM6,47,8,CarrotHyrax,47.8,21.1,0,True,0.001,
38BbM6,47,9,CarrotHyrax,47.8,17.9,2,True,0.0,
38BbM6,47,10,CarrotHyrax,47.8,16.7,0,True,0.0,
38BbM6,47,11,CarrotHyrax,47.8,15.4,0,True,0.0,
38BbM6,47,12,CarrotHyrax,47.8,14.0,0,True,0.0,
38BbM6,47,13,CarrotHyrax,47.8,12.6,0,True,0.0,
38BbM6,47,14,CarrotHyrax,47.8,11.2,0,True,0.0,
38BbM6,47,15,CarrotHyrax,77.4,9.9,1,True,0.0,
38BbM6,47,16,CarrotHyrax,77.4,8.9,0,True,0.0,
38BbM6,47,17,CarrotHyrax,77.4,7.9,0,True,0.0,
38BbM6,47,18,CarrotHyrax,77.4,7.0,0,True,0.002,
38BbM6,47,19,CarrotHyrax,77.4,6.2,0,True,0.0,
38BbM6,47,20,CarrotHyrax,77.4,5.4,0,True,0.001,
38BbM6,47,21,CarrotHyrax,77.4,5.0,0,True,0.0,
38BbM6,47,22,CarrotHyrax,77.4,5.0,0,True,0.0,
38BbM6,47,23,CarrotHyrax,77.4,5.0,1,True,0.006,
38BbM6,47,24,CarrotHyrax,77.4,5.0,0,True,0.0,
38BbM6,47,25,CarrotHyrax,45.9,5.0,0,True,0.001,
38BbM6,47,26,CarrotHyrax,45.9,5.0,0,True,0.003,
38BbM6,47,27,CarrotHyrax,45.9,5.0,2,True,0.0,
38BbM6,47,28,CarrotHyrax,45.9,5.0,0,True,0.0,
38BbM6,47,29,CarrotHyrax,45.9,5.0,1,True,0.0,
38BbM6,47,30,CarrotHyrax,45.9,5.0,0,True,0.0,
38BbM6,47,31,CarrotHyrax,45.9,5.0,0,True,0.0,
38BbM6,47,32,CarrotHyrax,45.9,5.0,2,True,0.0,
38BbM6,47,33,CarrotHyrax,45.9,5.0,0,True,0.0,
38BbM6,47,34,CarrotHyrax,45.9,5.0,0,True,0.0,
38BbM6,47,35,CarrotHyrax,42.7,5.0,1,True,0.0,
38BbM6,47,36,CarrotHyrax,42.7,5.0,1,True,0.0,
38BbM6,47,37,CarrotHyrax,42.7,5.0,0,True,0.0,
38BbM6,47,38,CarrotHyrax,42.7,5.0,2,True,0.0,
38BbM6,47,39,CarrotHyrax,42.7,5.0,0,True,0.0,
38BbM6,47,40,CarrotHyrax,42.7,5.0,1,True,0.0,
38BbM6,47,41,CarrotHyrax,42.7,5.0,0,True,0.004,
38BbM6,47,42,CarrotHyrax,42.7,5.0,1,True,0.0,
38BbM6,47,43,CarrotHyrax,42.7,5.0,2,True,0.0,
38BbM6,47,44,CarrotHyrax,42.7,5.0,0,True,0.0,
38BbM6,47,45,CarrotHyrax,45.1,5.0,0,True,0.0,
38BbM6,47,46,CarrotHyrax,45.1,5.0,0,True,0.001,
38BbM6,47,47,CarrotHyrax,45.1,5.0,0,True,0.0,
38BbM6,47,48,CarrotHyrax,45.1,5.0,1,True,0.0,
38BbM6,47,49,CarrotHyrax,45.1,5.0,1,True,0.001,
38BbM6,47,50,CarrotHyrax,45.1,5.0,1,True,0.0,
38BbM6,47,51,CarrotHyrax,45.1,5.0,0,True,0.001,
38BbM6,47,52,CarrotHyrax,45.1,5.0,0,True,0.0,
38BbM6,47,53,CarrotHyrax,45.1,5.0,0,True,0.0,
38BbM6,47,54,CarrotHyrax,45.1,5.0,0,True,0.001,
38BbM6,47,55,CarrotHyrax,42.6,5.0,1,True,0.0,
38BbM6,47,56,CarrotHyrax,42.6,5.0,0,True,0.0,
38BbM6,47,57,CarrotHyrax,42.6,5.0,2,True,0.0,
38BbM6,47,58,CarrotHyrax,42.6,5.0,0,True,0.0,
38BbM6,47,59,CarrotHyrax,42.6,5.0,0,True,0.0,
38BbM6,47,60,CarrotHyrax,42.6,5.0,2,True,0.0,
38BbM6,47,61,CarrotHyrax,42.6,5.0,0,True,0.0,
38BbM6,47,62,CarrotHyrax,42.6,5.0,0,True,0.0,
38BbM6,47,63,CarrotHyrax,42.6,5.0,1,True,0.0,
38BbM6,47,64,CarrotHyrax,42.6,5.0,0,True,0.0,
38BbM6,47,65,CarrotHyrax,57.0,5.0,0,True,0.0,
38BbM6,47,66,CarrotHyrax,57.0,5.0,0,True,0.001,
38BbM6,47,67,CarrotHyrax,57.0,5.0,1,True,0.0,
38BbM6,47,68,CarrotHyrax,57.0,5.0,1,True,0.0,
38BbM6,47,69,CarrotHyrax,57.0,5.0,0,True,0.0,
38BbM6,47,70,CarrotHyrax,57.0,5.0,0,True,0.0,
38BbM6,47,71,CarrotHyrax,57.0,5.0,0,True,0.0,
38BbM6,47,72,CarrotHyrax,57.0,5.0,0,True,0.0,
38BbM6,47,73,CarrotHyrax,57.0,5.0,0,True,0.0,
38BbM6,47,74,CarrotHyrax,57.0,5.0,1,True,0.0,
38BbM6,47,75,CarrotHyrax,54.3,5.0,0,True,0.0,
38BbM6,47,76,CarrotHyrax,54.3,5.0,2,True,0.0,
38BbM6,47,77,CarrotHyrax,54.3,5.0,1,True,0.0,
38BbM6,47,78,CarrotHyrax,54.3,5.0,0,True,0.0,
38BbM6,47,79,CarrotHyrax,54.3,5.0,0,True,0.0,
38BbM6,47,80,CarrotHyrax,54.3,5.0,0,True,0.0,
38BbM6,47,81,CarrotHyrax,54.3,5.0,0,True,0.0,
38BbM6,47,82,CarrotHyrax,54.3,5.0,1,True,0.0,
38BbM6,47,83,CarrotHyrax,54.3,5.0,2,True,0.0,
38BbM6,47,84,CarrotHyrax,54.3,5.0,2,True,0.0,
38BbM6,47,85,CarrotHyrax,75.2,5.0,0,True,0.0,
38BbM6,47,86,CarrotHyrax,75.2,5.0,0,True,0.0,
38BbM6,47,87,CarrotHyrax,75.2,5.0,1,True,0.0,
38BbM6,47,88,CarrotHyrax,75.2,5.0,0,True,0.0,
38BbM6,47,89,CarrotHyrax,75.2,5.0,0,True,0.0,
38BbM6,47,90,CarrotHyrax,75.2,5.0,2,True,0.0,
38BbM6,47,91,CarrotHyrax,75.2,5.0,0,True,0.0,
38BbM6,47,92,CarrotHyrax,75.2,5.0,0,True,0.0,
38BbM6,47,93,CarrotHyrax,75.2,5.0,1,True,0.0,
38BbM6,47,94,CarrotHyrax,75.2,5.0,3,True,0.0,
38BbM6,47,95,CarrotHyrax,74.9,5.0,0,True,0.0,
38BbM6,47,96,CarrotHyrax,74.9,5.0,1,True,0.0,
38BbM6,47,97,CarrotHyrax,74.9,5.0,1,True,0.0,
38BbM6,47,98,CarrotHyrax,74.9,5.0,0,True,0.0,
38BbM6,47,99,CarrotHyrax,74.9,5.0,0,True,0.0,
38BbM6,47,100,CarrotHyrax,74.9,5.0,1,True,0.0,
38BbM6,48,1,CarrotHyrax,74.9,35.0,1,True,0.0,
38BbM6,48,2,CarrotHyrax,74.9,40.2,0,True,0.0,
38BbM6,48,3,CarrotHyrax,74.9,38.9,0,True,0.0,
38BbM6,48,4,CarrotHyrax,52.9,36.0,0,True,0.0,
38BbM6,48,5,CarrotHyrax,52.9,32.3,1,True,0.0,
38BbM6,48,6,CarrotHyrax,52.9,30.6,0,True,0.0,
38BbM6,48,7,CarrotHyrax,52.9,28.6,0,True,0.0,
38BbM6,48,8,CarrotHyrax,52.9,26.1,0,True,0.0,
38BbM6,48,9,CarrotHyrax,52.9,23.5,0,True,0.0,
38BbM6,48,10,CarrotHyrax,52.9,20.9,0,True,0.0,
38BbM6,48,11,CarrotHyrax,52.9,18.4,2,True,0.0,
38BbM6,48,12,CarrotHyrax,52.9,17.4,0,True,0.0,
38BbM6,48,13,CarrotHyrax,52.9,16.2,0,True,0.0,
38BbM6,48,14,CarrotHyrax,72.0,14.9,2,True,0.0,
38BbM6,48,15,CarrotHyrax,72.0,14.3,1,True,0.001,
38BbM6,48,16,CarrotHyrax,72.0,14.0,0,True,0.0,
38BbM6,48,17,CarrotHyrax,72.0,13.4,0,True,0.0,
38BbM6,48,18,CarrotHyrax,72.0,12.7,1,True,0.0,
38BbM6,48,19,CarrotHyrax,72.0,12.3,0,True,0.0,
38BbM6,48,20,CarrotHyrax,72.0,11.8,0,True,0.0,
38BbM6,48,21,CarrotHyrax,72.0,11.2,3,True,0.0,
38BbM6,48,22,CarrotHyrax,72.0,11.2,1,True,0.0,
38BbM6,48,23,CarrotHyrax,72.0,11.3,1,True,0.0,
38BbM6,48,24,CarrotHyrax,47.1,11.4,0,True,0.0,
38BbM6,48,25,CarrotHyrax,47.1,11.4,0,True,0.0,
38BbM6,48,26,CarrotHyrax,47.1,11.4,0,True,0.0,
38BbM6,48,27,CarrotHyrax,47.1,11.3,1,True,0.0,
38BbM6,48,28,CarrotHyrax,47.1,11.2,1,True,0.0,
38BbM6,48,29,CarrotHyrax,47.1,11.2,1,True,0.0,
38BbM6,48,30,CarrotHyrax,47.1,11.2,0,True,0.0,
38BbM6,48,31,CarrotHyrax,47.1,11.2,0,True,0.0,
38BbM6,48,32,CarrotHyrax,47.1,11.1,0,True,0.0,
38BbM6,48,33,CarrotHyrax,47.1,10.9,0,True,0.0,
38BbM6,48,34,CarrotHyrax,74.0,10.7,1,True,0.0,
38BbM6,48,35,CarrotHyrax,74.0,10.6,1,True,0.0,
38BbM6,48,36,CarrotHyrax,74.0,10.5,0,True,0.0,
38BbM6,48,37,CarrotHyrax,74.0,10.4,1,True,0.0,
38BbM6,48,38,CarrotHyrax,74.0,10.3,0,True,0.0,
38BbM6,48,39,CarrotHyrax,74.0,10.2,1,True,0.0,
38BbM6,48,40,CarrotHyrax,74.0,10.1,0,True,0.0,
38BbM6,48,41,CarrotHyrax,74.0,10.0,0,True,0.0,
38BbM6,48,42,CarrotHyrax,74.0,9.8,0,True,0.0,
38BbM6,48,43,CarrotHyrax,74.0,9.6,0,True,0.0,
38BbM6,48,44,CarrotHyrax,61.2,9.4,0,True,0.0,
38BbM6,48,45,CarrotHyrax,61.2,9.2,0,True,0.0,
38BbM6,48,46,CarrotHyrax,61.2,8.9,0,True,0.0,
38BbM6,48,47,CarrotHyrax,61.2,8.6,2,True,0.0,
38BbM6,48,48,CarrotHyrax,61.2,8.4,0,True,0.0,
38BbM6,48,49,CarrotHyrax,61.2,8.2,1,True,0.0,
38BbM6,48,50,CarrotHyrax,61.2,8.0,0,True,0.0,
38BbM6,48,51,CarrotHyrax,61.2,7.8,0,True,0.0,
38BbM6,48,52,CarrotHyrax,61.2,7.6,0,True,0.0,
38BbM6,48,53,CarrotHyrax,61.2,7.4,2,True,0.0,
38BbM6,48,54,CarrotHyrax,64.9,7.2,0,True,0.0,
38BbM6,48,55,CarrotHyrax,64.9,7.0,1,True,0.0,
38BbM6,48,56,CarrotHyrax,64.9,6.8,1,True,0.0,
38BbM6,48,57,CarrotHyrax,64.9,6.6,2,True,0.0,
38BbM6,48,58,CarrotHyrax,64.9,6.5,2,True,0.0,
38BbM6,48,59,CarrotHyrax,64.9,6.5,0,True,0.0,
38BbM6,48,60,CarrotHyrax,64.9,6.4,2,True,0.0,
38BbM6,48,61,CarrotHyrax,64.9,6.4,0,True,0.0,
38BbM6,48,62,CarrotHyrax,64.9,6.3,0,True,0.0,
38BbM6,48,63,CarrotHyrax,64.9,6.3,1,True,0.0,
38BbM6,48,64,CarrotHyrax,66.0,6.2,1,True,0.0,
38BbM6,48,65,CarrotHyrax,66.0,6.1,0,True,0.0,
38BbM6,48,66,CarrotHyrax,66.0,6.0,0,True,0.0,
38BbM6,48,67,CarrotHyrax,66.0,5.9,0,True,0.0,
38BbM6,48,68,CarrotHyrax,66.0,5.7,2,True,0.0,
38BbM6,48,69,CarrotHyrax,66.0,5.5,1,True,0.0,
38BbM6,48,70,CarrotHyrax,66.0,5.4,0,True,0.0,
38BbM6,48,71,CarrotHyrax,66.0,5.3,0,True,0.0,
38BbM6,48,72,CarrotHyrax,66.0,5.1,1,True,0.0,
38BbM6,48,73,CarrotHyrax,66.0,5.0,0,True,0.0,
38BbM6,48,74,CarrotHyrax,67.3,5.0,0,True,0.0,
38BbM6,48,75,CarrotHyrax,67.3,5.0,1,True,0.0,
38BbM6,48,76,CarrotHyrax,67.3,5.0,1,True,0.0,
38BbM6,48,77,CarrotHyrax,67.3,5.0,1,True,0.0,
38BbM6,48,78,CarrotHyrax,67.3,5.0,0,True,0.0,
38BbM6,48,79,CarrotHyrax,67.3,5.0,0,True,0.0,
38BbM6,48,80,CarrotHyrax,67.3,5.0,0,True,0.0,
38BbM6,48,81,CarrotHyrax,67.3,5.0,1,True,0.0,
38BbM6,48,82,CarrotHyrax,67.3,5.0,1,True,0.0,
38BbM6,48,83,CarrotHyrax,67.3,5.0,3,True,0.0,
38BbM6,48,84,CarrotHyrax,40.6,5.0,0,True,0.0,
38BbM6,48,85,CarrotHyrax,40.6,5.0,1,True,0.0,
38BbM6,48,86,CarrotHyrax,40.6,5.0,0,True,0.0,
38BbM6,48,87,CarrotHyrax,40.6,5.0,0,True,0.0,
38BbM6,48,88,CarrotHyrax,40.6,5.0,0,True,0.0,
38BbM6,48,89,CarrotHyrax,40.6,5.0,0,True,0.0,
38BbM6,48,90,CarrotHyrax,40.6,5.0,0,True,0.0,
38BbM6,48,91,CarrotHyrax,40.6,5.0,1,True,0.0,
38BbM6,48,92,CarrotHyrax,40.6,5.0,2,True,0.0,
38BbM6,48,93,CarrotHyrax,40.6,5.0,0,True,0.0,
38BbM6,48,94,CarrotHyrax,69.0,5.0,0,True,0.0,
38BbM6,48,95,CarrotHyrax,69.0,5.0,1,True,0.0,
38BbM6,48,96,CarrotHyrax,69.0,5.0,1,True,0.0,
38BbM6,48,97,CarrotHyrax,69.0,5.0,0,True,0.001,
38BbM6,48,98,CarrotHyrax,69.0,5.0,1,True,0.0,
38BbM6,48,99,CarrotHyrax,69.0,5.0,0,True,0.0,
38BbM6,48,100,CarrotHyrax,69.0,5.0,2,True,0.0,
38BbM6,49,1,CarrotHyrax,69.0,75.0,0,True,0.0,
38BbM6,49,2,CarrotHyrax,69.0,60.0,0,True,0.0,
38BbM6,49,3,CarrotHyrax,33.9,48.0,0,True,0.0,
38BbM6,49,4,CarrotHyrax,33.9,38.4,0,True,0.0,
38BbM6,49,5,CarrotHyrax,33.9,30.7,0,True,0.0,
38BbM6,49,6,CarrotHyrax,33.9,24.6,0,True,0.0,
38BbM6,49,7,CarrotHyrax,33.9,19.7,0,True,0.0,
38BbM6,49,8,CarrotHyrax,33.9,15.7,0,True,0.0,
38BbM6,49,9,CarrotHyrax,33.9,12.6,0,True,0.0,
38BbM6,49,10,CarrotHyrax,33.9,10.1,1,True,0.0,
38BbM6,49,11,CarrotHyrax,33.9,8.5,0,True,0.0,
38BbM6,49,12,CarrotHyrax,33.9,7.1,2,True,0.0,
38BbM6,49,13,CarrotHyrax,37.0,6.4,1,True,0.0,
38BbM6,49,14,CarrotHyrax,37.0,5.8,1,True,0.0,
38BbM6,49,15,CarrotHyrax,37.0,5.5,0,True,0.0,
38BbM6,49,16,CarrotHyrax,37.0,5.0,0,True,0.0,
38BbM6,49,17,CarrotHyrax,37.0,5.0,0,True,0.0,
38BbM6,49,18,CarrotHyrax,37.0,5.0,1,True,0.0,
38BbM6,49,19,CarrotHyrax,37.0,5.0,0,True,0.0,
38BbM6,49,20,CarrotHyrax,37.0,5.0,0,True,0.0,
38BbM6,49,21,CarrotHyrax,37.0,5.0,0,True,0.0,
38BbM6,49,22,CarrotHyrax,37.0,5.0,0,True,0.0,
38BbM6,49,23,CarrotHyrax,78.9,5.0,0,True,0.0,
38BbM6,49,24,CarrotHyrax,78.9,5.0,0,True,0.0,
38BbM6,49,25,CarrotHyrax,78.9,5.0,0,True,0.0,
38BbM6,49,26,CarrotHyrax,78.9,5.0,1,True,0.0,
38BbM6,49,27,CarrotHyrax,78.9,5.0,2,True,0.0,
38BbM6,49,28,CarrotHyrax,78.9,5.0,0,True,0.0,
38BbM6,49,29,CarrotHyrax,78.9,5.0,1,True,0.0,
38BbM6,49,30,CarrotHyrax,78.9,5.0,1,True,0.0,
38BbM6,49,31,CarrotHyrax,78.9,5.0,0,True,0.0,
38BbM6,49,32,CarrotHyrax,78.9,5.0,0,True,0.0,
38BbM6,49,33,CarrotHyrax,73.1,5.0,1,True,0.0,
38BbM6,49,34,CarrotHyrax,73.1,5.0,1,True,0.0,
38BbM6,49,35,CarrotHyrax,73.1,5.0,0,True,0.0,
38BbM6,49,36,CarrotHyrax,73.1,5.0,0,True,0.0,
38BbM6,49,37,CarrotHyrax,73.1,5.0,1,True,0.0,
38BbM6,49,38,CarrotHyrax,73.1,5.0,0,True,0.0,
38BbM6,49,39,CarrotHyrax,73.1,5.0,0,True,0.0,
38BbM6,49,40,CarrotHyrax,73.1,5.0,0,True,0.0,
38BbM6,49,41,CarrotHyrax,73.1,5.0,0,True,0.0,
38BbM6,49,42,CarrotHyrax,73.1,5.0,0,True,0.0,
38BbM6,49,43,CarrotHyrax,32.5,5.0,1,True,0.0,
38BbM6,49,44,CarrotHyrax,32.5,5.0,1,True,0.0,
38BbM6,49,45,CarrotHyrax,32.5,5.0,0,True,0.0,
38BbM6,49,46,CarrotHyrax,32.5,5.0,0,True,0.0,
38BbM6,49,47,CarrotHyrax,32.5,5.0,1,True,0.0,
38BbM6,49,48,CarrotHyrax,32.5,5.0,1,True,0.0,
38BbM6,49,49,CarrotHyrax,32.5,5.0,0,True,0.0,
38BbM6,49,50,CarrotHyrax,32.5,5.0,1,True,0.0,
38BbM6,49,51,CarrotHyrax,32.5,5.0,0,True,0.0,
38BbM6,49,52,CarrotHyrax,32.5,5.0,1,True,0.001,
38BbM6,49,53,CarrotHyrax,67.7,5.0,2,True,0.0,
38BbM6,49,54,CarrotHyrax,67.7,5.0,0,True,0.0,
38BbM6,49,55,CarrotHyrax,67.7,5.0,0,True,0.0,
38BbM6,49,56,CarrotHyrax,67.7,5.0,2,True,0.0,
38BbM6,49,57,CarrotHyrax,67.7,5.0,2,True,0.0,
38BbM6,49,58,CarrotHyrax,67.7,5.0,1,True,0.0,
38BbM6,49,59,CarrotHyrax,67.7,5.0,0,True,0.0,
38BbM6,49,60,CarrotHyrax,67.7,5.0,0,True,0.0,
38BbM6,49,61,CarrotHyrax,67.7,5.0,1,True,0.0,
38BbM6,49,62,CarrotHyrax,67.7,5.0,0,True,0.0,
38BbM6,49,63,CarrotHyrax,65.8,5.0,0,True,0.0,
38BbM6,49,64,CarrotHyrax,65.8,5.0,1,True,0.0,
38BbM6,49,65,CarrotHyrax,65.8,5.0,1,True,0.0,
38BbM6,49,66,CarrotHyrax,65.8,5.0,0,True,0.0,
38BbM6,49,67,CarrotHyrax,65.8,5.0,0,True,0.0,
38BbM6,49,68,CarrotHyrax,65.8,5.0,1,True,0.0,
38BbM6,49,69,CarrotHyrax,65.8,5.0,2,True,0.0,
38BbM6,49,70,CarrotHyrax,65.8,5.0,0,True,0.0,
38BbM6,49,71,CarrotHyrax,65.8,5.0,2,True,0.0,
38BbM6,49,72,CarrotHyrax,65.8,5.0,0,True,0.0,
38BbM6,49,73,CarrotHyrax,42.8,5.0,0,True,0.0,
38BbM6,49,74,CarrotHyrax,42.8,5.0,1,True,0.0,
38BbM6,49,75,CarrotHyrax,42.8,5.0,0,True,0.0,
38BbM6,49,76,CarrotHyrax,42.8,5.0,0,True,0.0,
38BbM6,49,77,CarrotHyrax,42.8,5.0,0,True,0.0,
38BbM6,49,78,CarrotHyrax,42.8,5.0,0,True,0.0,
38BbM6,49,79,CarrotHyrax,42.8,5.0,0,True,0.0,
38BbM6,49,80,CarrotHyrax,42.8,5.0,0,True,0.0,
38BbM6,49,81,CarrotHyrax,42.8,5.0,3,True,0.0,
38BbM6,49,82,CarrotHyrax,42.8,5.0,1,True,0.0,
38BbM6,49,83,CarrotHyrax,48.4,5.0,0,True,0.0,
38BbM6,49,84,CarrotHyrax,48.4,5.0,0,True,0.0,
38BbM6,49,85,CarrotHyrax,48.4,5.0,0,True,0.0,
38BbM6,49,86,CarrotHyrax,48.4,5.0,0,True,0.0,
38BbM6,49,87,CarrotHyrax,48.4,5.0,3,True,0.0,
38BbM6,49,88,CarrotHyrax,48.4,5.0,1,True,0.0,
38BbM6,49,89,CarrotHyrax,48.4,5.0,1,True,0.0,
38BbM6,49,90,CarrotHyrax,48.4,5.0,0,True,0.0,
38BbM6,49,91,CarrotHyrax,48.4,5.0,0,True,0.0,
38BbM6,49,92,CarrotHyrax,48.4,5.0,1,True,0.0,
38BbM6,49,93,CarrotHyrax,56.0,5.0,2,True,0.001,
38BbM6,49,94,CarrotHyrax,56.0,5.0,0,True,0.0,
38BbM6,49,95,CarrotHyrax,56.0,5.0,0,True,0.0,
38BbM6,49,96,CarrotHyrax,56.0,5.0,0,True,0.0,
38BbM6,49,97,CarrotHyrax,56.0,5.0,0,True,0.0,
38BbM6,49,98,CarrotHyrax,56.0,5.0,0,True,0.0,
38BbM6,49,99,CarrotHyrax,56.0,5.0,0,True,0.0,
38BbM6,49,100,CarrotHyrax,56.0,5.0,0,True,0.0,
38BbM6,50,1,CarrotHyrax,56.0,62.0,1,True,0.0,
38BbM6,50,2,CarrotHyrax,70.3,71.2,0,True,0.0,
38BbM6,50,3,CarrotHyrax,70.3,68.9,0,True,0.0,
38BbM6,50,4,CarrotHyrax,70.3,63.8,1,True,0.0,
38BbM6,50,5,CarrotHyrax,70.3,63.3,0,True,0.0,
38BbM6,50,6,CarrotHyrax,70.3,60.1,0,True,0.0,
38BbM6,50,7,CarrotHyrax,70.3,56.1,1,True,0.0,
38BbM6,50,8,CarrotHyrax,70.3,54.5,1,True,0.0,
38BbM6,50,9,CarrotHyrax,70.3,54.3,2,True,0.0,
38BbM6,50,10,CarrotHyrax,70.3,57.8,0,True,0.0,
38BbM6,50,11,CarrotHyrax,70.3,60.3,0,True,0.0,
38BbM6,50,12,CarrotHyrax,44.5,61.7,0,True,0.0,
38BbM6,50,13,CarrotHyrax,44.5,61.5,0,True,0.0,
38BbM6,50,14,CarrotHyrax,44.5,60.2,0,True,0.0,
38BbM6,50,15,CarrotHyrax,44.5,57.9,0,True,0.0,
38BbM6,50,16,CarrotHyrax,44.5,54.9,0,True,0.0,
38BbM6,50,17,CarrotHyrax,44.5,51.4,0,True,0.0,
38BbM6,50,18,CarrotHyrax,44.5,47.8,0,True,0.0,
38BbM6,50,19,CarrotHyrax,44.5,44.2,0,True,0.0,
38BbM6,50,20,CarrotHyrax,44.5,40.6,0,True,0.0,
38BbM6,50,21,CarrotHyrax,44.5,37.1,1,True,0.0,
38BbM6,50,22,CarrotHyrax,38.6,34.3,0,True,0.0,
38BbM6,50,23,CarrotHyrax,38.6,31.7,0,True,0.0,
38BbM6,50,24,CarrotHyrax,38.6,28.9,1,True,0.0,
38BbM6,50,25,CarrotHyrax,38.6,26.7,0,True,0.0,
38BbM6,50,26,CarrotHyrax,38.6,24.6,0,True,0.0,
38BbM6,50,27,CarrotHyrax,38.6,22.5,0,True,0.0,
38BbM6,50,28,CarrotHyrax,38.6,20.5,1,True,0.0,
38BbM6,50,29,CarrotHyrax,38.6,18.9,1,True,0.0,
38BbM6,50,30,CarrotHyrax,38.6,17.5,0,True,0.0,
38BbM6,50,31,CarrotHyrax,38.6,16.1,1,True,0.0,
38BbM6,50,32,CarrotHyrax,79.8,15.0,0,True,0.0,
38BbM6,50,33,CarrotHyrax,79.8,14.0,0,True,0.0,
38BbM6,50,34,CarrotHyrax,79.8,12.9,0,True,0.0,
38BbM6,50,35,CarrotHyrax,79.8,11.9,0,True,0.0,
38BbM6,50,36,CarrotHyrax,79.8,10.9,1,True,0.0,
38BbM6,50,37,CarrotHyrax,79.8,10.1,0,True,0.0,
38BbM6,50,38,CarrotHyrax,79.8,9.3,0,True,0.0,
38BbM6,50,39,CarrotHyrax,79.8,8.5,1,True,0.0,
38BbM6,50,40,CarrotHyrax,79.8,7.9,1,True,0.0,
38BbM6,50,41,CarrotHyrax,79.8,7.4,0,True,0.0,
38BbM6,50,42,CarrotHyrax,76.3,6.8,0,True,0.0,
38BbM6,50,43,CarrotHyrax,76.3,6.3,3,True,0.0,
38BbM6,50,44,CarrotHyrax,76.3,6.0,1,True,0.0,
38BbM6,50,45,CarrotHyrax,76.3,5.8,1,True,0.0,
38BbM6,50,46,CarrotHyrax,76.3,5.5,0,True,0.0,
38BbM6,50,47,CarrotHyrax,76.3,5.3,1,True,0.0,
38BbM6,50,48,CarrotHyrax,76.3,5.1,1,True,0.0,
38BbM6,50,49,CarrotHyrax,76.3,5.0,1,True,0.0,
38BbM6,50,50,CarrotHyrax,76.3,5.0,1,True,0.0,
38BbM6,50,51,CarrotHyrax,76.3,5.0,1,True,0.0,
38BbM6,50,52,CarrotHyrax,45.6,5.0,0,True,0.0,
38BbM6,50,53,CarrotHyrax,45.6,5.0,0,True,0.0,
38BbM6,50,54,CarrotHyrax,45.6,5.0,2,True,0.0,
38BbM6,50,55,CarrotHyrax,45.6,5.0,0,True,0.002,
38BbM6,50,56,CarrotHyrax,45.6,5.0,1,True,0.0,
38BbM6,50,57,CarrotHyrax,45.6,5.0,1,True,0.0,
38BbM6,50,58,CarrotHyrax,45.6,5.0,0,True,0.0,
38BbM6,50,59,CarrotHyrax,45.6,5.0,1,True,0.0,
38BbM6,50,60,CarrotHyrax,45.6,5.0,0,True,0.0,
38BbM6,50,61,CarrotHyrax,45.6,5.0,1,True,0.0,
38BbM6,50,62,CarrotHyrax,69.7,5.0,0,True,0.0,
38BbM6,50,63,CarrotHyrax,69.7,5.0,0,True,0.0,
38BbM6,50,64,CarrotHyrax,69.7,5.0,0,True,0.0,
38BbM6,50,65,CarrotHyrax,69.7,5.0,0,True,0.0,
38BbM6,50,66,CarrotHyrax,69.7,5.0,1,True,0.0,
38BbM6,50,67,CarrotHyrax,69.7,5.0,1,True,0.0,
38BbM6,50,68,CarrotHyrax,69.7,5.0,1,True,0.0,
38BbM6,50,69,CarrotHyrax,69.7,5.0,2,True,0.0,
38BbM6,50,70,CarrotHyrax,69.7,5.0,0,True,0.0,
38BbM6,50,71,CarrotHyrax,69.7,5.0,1,True,0.0,
38BbM6,50,72,CarrotHyrax,55.9,5.0,0,True,0.0,
38BbM6,50,73,CarrotHyrax,55.9,5.0,0,True,0.0,
38BbM6,50,74,CarrotHyrax,55.9,5.0,1,True,0.0,
38BbM6,50,75,CarrotHyrax,55.9,5.0,2,True,0.0,
38BbM6,50,76,CarrotHyrax,55.9,5.0,0,True,0.0,
38BbM6,50,77,CarrotHyrax,55.9,5.0,0,True,0.0,
38BbM6,50,78,CarrotHyrax,55.9,5.0,0,True,0.0,
38BbM6,50,79,CarrotHyrax,55.9,5.0,0,True,0.0,
38BbM6,50,80,CarrotHyrax,55.9,5.0,1,True,0.0,
38BbM6,50,81,CarrotHyrax,55.9,5.0,1,True,0.0,
38BbM6,50,82,CarrotHyrax,58.1,5.0,1,True,0.0,
38BbM6,50,83,CarrotHyrax,58.1,5.0,1,True,0.0,
38BbM6,50,84,CarrotHyrax,58.1,5.0,0,True,0.0,
38BbM6,50,85,CarrotHyrax,58.1,5.0,1,True,0.0,
38BbM6,50,86,CarrotHyrax,58.1,5.0,0,True,0.0,
38BbM6,50,87,CarrotHyrax,58.1,5.0,0,True,0.0,
38BbM6,50,88,CarrotHyrax,58.1,5.0,0,True,0.0,
38BbM6,50,89,CarrotHyrax,58.1,5.0,0,True,0.0,
38BbM6,50,90,CarrotHyrax,58.1,5.0,2,True,0.0,
38BbM6,50,91,CarrotHyrax,58.1,5.0,0,True,0.0,
38BbM6,50,92,CarrotHyrax,63.2,5.0,0,True,0.0,
38BbM6,50,93,CarrotHyrax,63.2,5.0,1,True,0.001,
38BbM6,50,94,CarrotHyrax,63.2,5.0,2,True,0.0,
38BbM6,50,95,CarrotHyrax,63.2,5.0,1,True,0.0,
38BbM6,50,96,CarrotHyrax,63.2,5.0,0,True,0.0,
38BbM6,50,97,CarrotHyrax,63.2,5.0,1,True,0.0,
38BbM6,50,98,CarrotHyrax,63.2,5.0,0,True,0.0,
38BbM6,50,99,CarrotHyrax,63.2,5.0,1,True,0.0,
38BbM6,50,100,CarrotHyrax,63.2,5.0,0,True,0.0,
38BbM6,51,1,CarrotHyrax,37.6,86.0,0,True,0.0,
38BbM6,51,2,CarrotHyrax,37.6,68.8,0,True,0.0,
38BbM6,51,3,CarrotHyrax,37.6,55.0,0,True,0.0,
38BbM6,51,4,CarrotHyrax,37.6,44.0,0,True,0.0,
38BbM6,51,5,CarrotHyrax,37.6,35.2,0,True,0.0,
38BbM6,51,6,CarrotHyrax,37.6,28.2,0,True,0.0,
38BbM6,51,7,CarrotHyrax,37.6,22.5,0,True,0.0,
38BbM6,51,8,CarrotHyrax,37.6,18.0,0,True,0.0,
38BbM6,51,9,CarrotHyrax,37.6,14.4,0,True,0.0,
38BbM6,51,10,CarrotHyrax,37.6,11.5,1,True,0.0,
38BbM6,51,11,CarrotHyrax,30.5,9.7,0,True,0.0,
38BbM6,51,12,CarrotHyrax,30.5,8.1,2,True,0.0,
38BbM6,51,13,CarrotHyrax,30.5,7.3,0,True,0.0,
38BbM6,51,14,CarrotHyrax,30.5,6.5,1,True,0.0,
38BbM6,51,15,CarrotHyrax,30.5,5.9,0,True,0.0,
38BbM6,51,16,CarrotHyrax,30.5,5.3,1,True,0.0,
38BbM6,51,17,CarrotHyrax,30.5,5.0,0,True,0.0,
38BbM6,51,18,CarrotHyrax,30.5,5.0,0,True,0.0,
38BbM6,51,19,CarrotHyrax,30.5,5.0,0,True,0.0,
38BbM6,51,20,CarrotHyrax,30.5,5.0,2,True,0.0,
38BbM6,51,21,CarrotHyrax,38.0,5.0,0,True,0.0,
38BbM6,51,22,CarrotHyrax,38.0,5.0,1,True,0.0,
38BbM6,51,23,CarrotHyrax,38.0,5.0,0,True,0.0,
38BbM6,51,24,CarrotHyrax,38.0,5.0,0,True,0.0,
38BbM6,51,25,CarrotHyrax,38.0,5.0,2,True,0.0,
38BbM6,51,26,CarrotHyrax,38.0,5.0,1,True,0.0,
38BbM6,51,27,CarrotHyrax,38.0,5.0,0,True,0.0,
38BbM6,51,28,CarrotHyrax,38.0,5.0,1,True,0.0,
38BbM6,51,29,CarrotHyrax,38.0,5.0,0,True,0.0,
38BbM6,51,30,CarrotHyrax,38.0,5.0,0,True,0.0,
38BbM6,51,31,CarrotHyrax,42.2,5.0,0,True,0.0,
38BbM6,51,32,CarrotHyrax,42.2,5.0,2,True,0.0,
38BbM6,51,33,CarrotHyrax,42.2,5.0,0,True,0.0,
38BbM6,51,34,CarrotHyrax,42.2,5.0,0,True,0.0,
38BbM6,51,35,CarrotHyrax,42.2,5.0,2,True,0.0,
38BbM6,51,36,CarrotHyrax,42.2,5.0,1,True,0.0,
38BbM6,51,37,CarrotHyrax,42.2,5.0,2,True,0.0,
38BbM6,51,38,CarrotHyrax,42.2,5.0,0,True,0.001,
38BbM6,51,39,CarrotHyrax,42.2,5.0,0,True,0.0,
38BbM6,51,40,CarrotHyrax,42.2,5.0,1,True,0.0,
38BbM6,51,41,CarrotHyrax,35.1,5.0,0,True,0.0,
38BbM6,51,42,CarrotHyrax,35.1,5.0,0,True,0.0,
38BbM6,51,43,CarrotHyrax,35.1,5.0,2,True,0.0,
38BbM6,51,44,CarrotHyrax,35.1,5.0,0,True,0.0,
38BbM6,51,45,CarrotHyrax,35.1,5.0,0,True,0.0,
38BbM6,51,46,CarrotHyrax,35.1,5.0,0,True,0.0,
38BbM6,51,47,CarrotHyrax,35.1,5.0,0,True,0.0,
38BbM6,51,48,CarrotHyrax,35.1,5.0,0,True,0.0,
38BbM6,51,49,CarrotHyrax,35.1,5.0,0,True,0.0,
38BbM6,51,50,CarrotHyrax,35.1,5.0,1,True,0.0,
38BbM6,51,51,CarrotHyrax,43.3,5.0,0,True,0.0,
38BbM6,51,52,CarrotHyrax,43.3,5.0,0,True,0.001,
38BbM6,51,53,CarrotHyrax,43.3,5.0,1,True,0.0,
38BbM6,51,54,CarrotHyrax,43.3,5.0,2,True,0.0,
38BbM6,51,55,CarrotHyrax,43.3,5.0,0,True,0.0,
38BbM6,51,56,CarrotHyrax,43.3,5.0,1,True,0.0,
38BbM6,51,57,CarrotHyrax,43.3,5.0,0,True,0.0,
38BbM6,51,58,CarrotHyrax,43.3,5.0,0,True,0.0,
38BbM6,51,59,CarrotHyrax,43.3,5.0,1,True,0.0,
38BbM6,51,60,CarrotHyrax,43.3,5.0,0,True,0.0,
38BbM6,51,61,CarrotHyrax,54.6,5.0,0,True,0.0,
38BbM6,51,62,CarrotHyrax,54.6,5.0,2,True,0.0,
38BbM6,51,63,CarrotHyrax,54.6,5.0,0,True,0.0,
38BbM6,51,64,CarrotHyrax,54.6,5.0,0,True,0.0,
38BbM6,51,65,CarrotHyrax,54.6,5.0,2,True,0.0,
38BbM6,51,66,CarrotHyrax,54.6,5.0,0,True,0.0,
38BbM6,51,67,CarrotHyrax,54.6,5.0,1,True,0.0,
38BbM6,51,68,CarrotHyrax,54.6,5.0,0,True,0.0,
38BbM6,51,69,CarrotHyrax,54.6,5.0,0,True,0.0,
38BbM6,51,70,CarrotHyrax,54.6,5.0,2,True,0.0,
38BbM6,51,71,CarrotHyrax,75.9,5.0,1,True,0.0,
38BbM6,51,72,CarrotHyrax,75.9,5.0,0,True,0.0,
38BbM6,51,73,CarrotHyrax,75.9,5.0,0,True,0.0,
38BbM6,51,74,CarrotHyrax,75.9,5.0,2,True,0.0,
38BbM6,51,75,CarrotHyrax,75.9,5.0,1,True,0.0,
38BbM6,51,76,CarrotHyrax,75.9,5.0,0,True,0.0,
38BbM6,51,77,CarrotHyrax,75.9,5.0,0,True,0.0,
38BbM6,51,78,CarrotHyrax,75.9,5.0,2,True,0.0,
38BbM6,51,79,CarrotHyrax,75.9,5.0,0,True,0.0,
38BbM6,51,80,CarrotHyrax,75.9,5.0,0,True,0.0,
38BbM6,51,81,CarrotHyrax,45.0,5.0,0,True,0.0,
38BbM6,51,82,CarrotHyrax,45.0,5.0,2,True,0.0,
38BbM6,51,83,CarrotHyrax,45.0,5.0,0,True,0.0,
38BbM6,51,84,CarrotHyrax,45.0,5.0,0,True,0.0,
38BbM6,51,85,CarrotHyrax,45.0,5.0,1,True,0.0,
38BbM6,51,86,CarrotHyrax,45.0,5.0,0,True,0.0,
38BbM6,51,87,CarrotHyrax,45.0,5.0,1,True,0.0,
38BbM6,51,88,CarrotHyrax,45.0,5.0,1,True,0.0,
38BbM6,51,89,CarrotHyrax,45.0,5.0,0,True,0.0,
38BbM6,51,90,CarrotHyrax,45.0,5.0,0,True,0.0,
38BbM6,51,91,CarrotHyrax,33.6,5.0,1,True,0.0,
38BbM6,51,92,CarrotHyrax,33.6,5.0,2,True,0.0,
38BbM6,51,93,CarrotHyrax,33.6,5.0,1,True,0.0,
38BbM6,51,94,CarrotHyrax,33.6,5.0,0,True,0.0,
38BbM6,51,95,CarrotHyrax,33.6,5.0,0,True,0.0,
38BbM6,51,96,CarrotHyrax,33.6,5.0,1,True,0.0,
38BbM6,51,97,CarrotHyrax,33.6,5.0,0,True,0.0,
38BbM6,51,98,CarrotHyrax,33.6,5.0,1,True,0.0,
38BbM6,51,99,CarrotHyrax,33.6,5.0,1,True,0.0,
38BbM6,51,100,CarrotHyrax,33.6,5.0,0,True,0.0,
38BbM6,52,1,CarrotHyrax,49.6,51.0,1,True,0.0,
38BbM6,52,2,CarrotHyrax,49.6,58.6,0,True,0.0,
38BbM6,52,3,CarrotHyrax,49.6,56.6,0,True,0.0,
38BbM6,52,4,CarrotHyrax,49.6,52.5,1,True,0.0,
38BbM6,52,5,CarrotHyrax,49.6,52.1,0,True,0.0,
38BbM6,52,6,CarrotHyrax,49.6,49.4,0,True,0.0,
38BbM6,52,7,CarrotHyrax,49.6,46.2,0,True,0.0,
38BbM6,52,8,CarrotHyrax,49.6,42.2,0,True,0.0,
38BbM6,52,9,CarrotHyrax,49.6,37.9,0,True,0.0,
38BbM6,52,10,CarrotHyrax,41.6,33.7,0,True,0.0,
38BbM6,52,11,CarrotHyrax,41.6,29.7,0,True,0.0,
38BbM6,52,12,CarrotHyrax,41.6,25.9,0,True,0.0,
38BbM6,52,13,CarrotHyrax,41.6,22.4,0,True,0.0,
38BbM6,52,14,CarrotHyrax,41.6,19.3,0,True,0.0,
38BbM6,52,15,CarrotHyrax,41.6,16.5,2,True,0.0,
38BbM6,52,16,CarrotHyrax,41.6,14.8,1,True,0.0,
38BbM6,52,17,CarrotHyrax,41.6,13.5,1,True,0.0,
38BbM6,52,18,CarrotHyrax,41.6,12.6,0,True,0.0,
38BbM6,52,19,CarrotHyrax,41.6,11.6,0,True,0.0,
38BbM6,52,20,CarrotHyrax,53.5,10.7,0,True,0.0,
38BbM6,52,21,CarrotHyrax,53.5,9.8,0,True,0.0,
38BbM6,52,22,CarrotHyrax,53.5,8.9,1,True,0.0,
38BbM6,52,23,CarrotHyrax,53.5,8.2,0,True,0.0,
38BbM6,52,24,CarrotHyrax,53.5,7.5,1,True,0.0,
38BbM6,52,25,CarrotHyrax,53.5,6.9,0,True,0.0,
38BbM6,52,26,CarrotHyrax,53.5,6.4,0,True,0.0,
38BbM6,52,27,CarrotHyrax,53.5,5.8,0,True,0.0,
38BbM6,52,28,CarrotHyrax,53.5,5.3,0,True,0.0,
38BbM6,52,29,CarrotHyrax,53.5,5.0,0,True,0.0,
38BbM6,52,30,CarrotHyrax,51.2,5.0,0,True,0.0,
38BbM6,52,31,CarrotHyrax,51.2,5.0,0,True,0.0,
38BbM6,52,32,CarrotHyrax,51.2,5.0,1,True,0.0,
38BbM6,52,33,CarrotHyrax,51.2,5.0,0,True,0.0,
38BbM6,52,34,CarrotHyrax,51.2,5.0,0,True,0.0,
38BbM6,52,35,CarrotHyrax,51.2,5.0,0,True,0.0,
38BbM6,52,36,CarrotHyrax,51.2,5.0,0,True,0.0,
38BbM6,52,37,CarrotHyrax,51.2,5.0,1,True,0.0,
38BbM6,52,38,CarrotHyrax,51.2,5.0,0,True,0.0,
38BbM6,52,39,CarrotHyrax,51.2,5.0,0,True,0.0,
38BbM6,52,40,CarrotHyrax,42.7,5.0,1,True,0.0,
38BbM6,52,41,CarrotHyrax,42.7,5.0,0,True,0.0,
38BbM6,52,42,CarrotHyrax,42.7,5.0,0,True,0.0,
38BbM6,52,43,CarrotHyrax,42.7,5.0,0,True,0.0,
38BbM6,52,44,CarrotHyrax,42.7,5.0,0,True,0.0,
38BbM6,52,45,CarrotHyrax,42.7,5.0,1,True,0.0,
38BbM6,52,46,CarrotHyrax,42.7,5.0,0,True,0.0,
38BbM6,52,47,CarrotHyrax,42.7,5.0,0,True,0.0,
38BbM6,52,48,CarrotHyrax,42.7,5.0,1,True,0.0,
38BbM6,52,49,CarrotHyrax,42.7,5.0,0,True,0.0,
38BbM6,52,50,CarrotHyrax,51.8,5.0,0,True,0.0,
38BbM6,52,51,CarrotHyrax,51.8,5.0,1,True,0.0,
38BbM6,52,52,CarrotHyrax,51.8,5.0,1,True,0.0,
38BbM6,52,53,CarrotHyrax,51.8,5.0,1,True,0.0,
38BbM6,52,54,CarrotHyrax,51.8,5.0,0,True,0.0,
38BbM6,52,55,CarrotHyrax,51.8,5.0,0,True,0.0,
38BbM6,52,56,CarrotHyrax,51.8,5.0,2,True,0.0,
38BbM6,52,57,CarrotHyrax,51.8,5.0,0,True,0.0,
38BbM6,52,58,CarrotHyrax,51.8,5.0,1,True,0.0,
38BbM6,52,59,CarrotHyrax,51.8,5.0,0,True,0.0,
38BbM6,52,60,CarrotHyrax,60.0,5.0,0,True,0.0,
38BbM6,52,61,CarrotHyrax,60.0,5.0,0,True,0.0,
38BbM6,52,62,CarrotHyrax,60.0,5.0,1,True,0.0,
38BbM6,52,63,CarrotHyrax,60.0,5.0,2,True,0.0,
38BbM6,52,64,CarrotHyrax,60.0,5.0,0,True,0.0,
38BbM6,52,65,CarrotHyrax,60.0,5.0,1,True,0.0,
38BbM6,52,66,CarrotHyrax,60.0,5.0,0,True,0.0,
38BbM6,52,67,CarrotHyrax,60.0,5.0,0,True,0.0,
38BbM6,52,68,CarrotHyrax,60.0,5.0,0,True,0.0,
38BbM6,52,69,CarrotHyrax,60.0,5.0,2,True,0.0,
38BbM6,52,70,CarrotHyrax,70.8,5.0,2,True,0.0,
38BbM6,52,71,CarrotHyrax,70.8,5.0,2,True,0.0,
38BbM6,52,72,CarrotHyrax,70.8,5.0,1,True,0.0,
38BbM6,52,73,CarrotHyrax,70.8,5.0,1,True,0.0,
38BbM6,52,74,CarrotHyrax,70.8,5.0,2,True,0.0,
38BbM6,52,75,CarrotHyrax,70.8,5.0,1,True,0.0,
38BbM6,52,76,CarrotHyrax,70.8,5.0,0,True,0.0,
38BbM6,52,77,CarrotHyrax,70.8,5.0,2,True,0.0,
38BbM6,52,78,CarrotHyrax,70.8,5.0,0,True,0.0,
38BbM6,52,79,CarrotHyrax,70.8,5.0,0,True,0.0,
38BbM6,52,80,CarrotHyrax,37.0,5.0,1,True,0.0,
38BbM6,52,81,CarrotHyrax,37.0,5.0,2,True,0.0,
38BbM6,52,82,CarrotHyrax,37.0,5.0,0,True,0.0,
38BbM6,52,83,CarrotHyrax,37.0,5.0,0,True,0.0,
38BbM6,52,84,CarrotHyrax,37.0,5.0,0,True,0.0,
38BbM6,52,85,CarrotHyrax,37.0,5.0,0,True,0.0,
38BbM6,52,86,CarrotHyrax,37.0,5.0,0,True,0.0,
38BbM6,52,87,CarrotHyrax,37.0,5.0,2,True,0.0,
38BbM6,52,88,CarrotHyrax,37.0,5.0,1,True,0.0,
38BbM6,52,89,CarrotHyrax,37.0,5.0,0,True,0.0,
38BbM6,52,90,CarrotHyrax,76.8,5.0,0,True,0.0,
38BbM6,52,91,CarrotHyrax,76.8,5.0,1,True,0.0,
38BbM6,52,92,CarrotHyrax,76.8,5.0,1,True,0.0,
38BbM6,52,93,CarrotHyrax,76.8,5.0,0,True,0.0,
38BbM6,52,94,CarrotHyrax,76.8,5.0,2,True,0.0,
38BbM6,52,95,CarrotHyrax,76.8,5.0,1,True,0.0,
38BbM6,52,96,CarrotHyrax,76.8,5.0,1,True,0.0,
38BbM6,52,97,CarrotHyrax,76.8,5.0,1,True,0.0,
38BbM6,52,98,CarrotHyrax,76.8,5.0,0,True,0.0,
38BbM6,52,99,CarrotHyrax,76.8,5.0,0,True,0.0,
38BbM6,52,100,CarrotHyrax,36.6,5.0,2,True,0.0,
38BbM6,53,1,CarrotHyrax,36.6,88.0,0,True,0.0,
38BbM6,53,2,CarrotHyrax,36.6,70.4,0,True,0.0,
38BbM6,53,3,CarrotHyrax,36.6,56.3,1,True,0.0,
38BbM6,53,4,CarrotHyrax,36.6,52.2,0,True,0.0,
38BbM6,53,5,CarrotHyrax,36.6,46.8,0,True,0.0,
38BbM6,53,6,CarrotHyrax,36.6,40.9,0,True,0.0,
38BbM6,53,7,CarrotHyrax,36.6,35.5,0,True,0.0,
38BbM6,53,8,CarrotHyrax,36.6,30.4,0,True,0.0,
38BbM6,53,9,CarrotHyrax,68.2,25.8,0,True,0.0,
38BbM6,53,10,CarrotHyrax,68.2,21.8,1,True,0.0,
38BbM6,53,11,CarrotHyrax,68.2,19.2,1,True,0.001,
38BbM6,53,12,CarrotHyrax,68.2,17.5,1,True,0.0,
38BbM6,53,13,CarrotHyrax,68.2,16.3,2,True,0.0,
38BbM6,53,14,CarrotHyrax,68.2,15.9,0,True,0.0,
38BbM6,53,15,CarrotHyrax,68.2,15.3,0,True,0.0,
38BbM6,53,16,CarrotHyrax,68.2,14.5,1,True,0.0,
38BbM6,53,17,CarrotHyrax,68.2,13.9,0,True,0.0,
38BbM6,53,18,CarrotHyrax,68.2,13.3,0,True,0.0,
38BbM6,53,19,CarrotHyrax,30.5,12.5,0,True,0.0,
38BbM6,53,20,CarrotHyrax,30.5,11.8,1,True,0.0,
38BbM6,53,21,CarrotHyrax,30.5,11.2,0,True,0.0,
38BbM6,53,22,CarrotHyrax,30.5,10.6,0,True,0.0,
38BbM6,53,23,CarrotHyrax,30.5,9.9,0,True,0.0,
38BbM6,53,24,CarrotHyrax,30.5,9.2,0,True,0.0,
38BbM6,53,25,CarrotHyrax,30.5,8.5,0,True,0.0,
38BbM6,53,26,CarrotHyrax,30.5,7.9,0,True,0.0,
38BbM6,53,27,CarrotHyrax,30.5,7.2,0,True,0.0,
38BbM6,53,28,CarrotHyrax,30.5,6.5,0,True,0.0,
38BbM6,53,29,CarrotHyrax,64.6,5.9,2,True,0.0,
38BbM6,53,30,CarrotHyrax,64.6,5.5,0,True,0.0,
38BbM6,53,31,CarrotHyrax,64.6,5.1,0,True,0.0,
38BbM6,53,32,CarrotHyrax,64.6,5.0,2,True,0.0,
38BbM6,53,33,CarrotHyrax,64.6,5.0,2,True,0.0,
38BbM6,53,34,CarrotHyrax,64.6,5.0,0,True,0.0,
38BbM6,53,35,CarrotHyrax,64.6,5.0,1,True,0.0,
38BbM6,53,36,CarrotHyrax,64.6,5.0,0,True,0.0,
38BbM6,53,37,CarrotHyrax,64.6,5.0,0,True,0.0,
38BbM6,53,38,CarrotHyrax,64.6,5.0,0,True,0.0,
38BbM6,53,39,CarrotHyrax,32.1,5.0,0,True,0.001,
38BbM6,53,40,CarrotHyrax,32.1,5.0,0,True,0.001,
38BbM6,53,41,CarrotHyrax,32.1,5.0,0,True,0.0,
38BbM6,53,42,CarrotHyrax,32.1,5.0,0,True,0.0,
38BbM6,53,43,CarrotHyrax,32.1,5.0,0,True,0.0,
38BbM6,53,44,CarrotHyrax,32.1,5.0,0,True,0.0,
38BbM6,53,45,CarrotHyrax,32.1,5.0,0,True,0.0,
38BbM6,53,46,CarrotHyrax,32.1,5.0,0,True,0.0,
38BbM6,53,47,CarrotHyrax,32.1,5.0,0,True,0.0,
38BbM6,53,48,CarrotHyrax,32.1,5.0,0,True,0.0,
38BbM6,53,49,CarrotHyrax,53.1,5.0,2,True,0.0,
38BbM6,53,50,CarrotHyrax,53.1,5.0,2,True,0.001,
38BbM6,53,51,CarrotHyrax,53.1,5.0,0,True,0.0,
38BbM6,53,52,CarrotHyrax,53.1,5.0,0,True,0.0,
38BbM6,53,53,CarrotHyrax,53.1,5.0,0,True,0.0,
38BbM6,53,54,CarrotHyrax,53.1,5.0,2,True,0.0,
38BbM6,53,55,CarrotHyrax,53.1,5.0,0,True,0.0,
38BbM6,53,56,CarrotHyrax,53.1,5.0,1,True,0.0,
38BbM6,53,57,CarrotHyrax,53.1,5.0,0,True,0.0,
38BbM6,53,58,CarrotHyrax,53.1,5.0,1,True,0.0,
38BbM6,53,59,CarrotHyrax,65.0,5.0,1,True,0.0,
38BbM6,53,60,CarrotHyrax,65.0,5.0,0,True,0.0,
38BbM6,53,61,CarrotHyrax,65.0,5.0,1,True,0.0,
38BbM6,53,62,CarrotHyrax,65.0,5.0,2,True,0.0,
38BbM6,53,63,CarrotHyrax,65.0,5.0,2,True,0.001,
38BbM6,53,64,CarrotHyrax,65.0,5.0,0,True,0.0,
38BbM6,53,65,CarrotHyrax,65.0,5.0,2,True,0.0,
38BbM6,53,66,CarrotHyrax,65.0,5.0,0,True,0.0,
38BbM6,53,67,CarrotHyrax,65.0,5.0,0,True,0.0,
38BbM6,53,68,CarrotHyrax,65.0,5.0,0,True,0.0,
38BbM6,53,69,CarrotHyrax,72.8,5.0,1,True,0.005,
38BbM6,53,70,CarrotHyrax,72.8,5.0,0,True,0.0,
38BbM6,53,71,CarrotHyrax,72.8,5.0,1,True,0.0,
38BbM6,53,72,CarrotHyrax,72.8,5.0,1,True,0.0,
38BbM6,53,73,CarrotHyrax,72.8,5.0,0,True,0.0,
38BbM6,53,74,CarrotHyrax,72.8,5.0,2,True,0.0,
38BbM6,53,75,CarrotHyrax,72.8,5.0,0,True,0.0,
38BbM6,53,76,CarrotHyrax,72.8,5.0,0,True,0.0,
38BbM6,53,77,CarrotHyrax,72.8,5.0,2,True,0.0,
38BbM6,53,78,CarrotHyrax,72.8,5.0,0,True,0.0,
38BbM6,53,79,CarrotHyrax,72.6,5.0,1,True,0.0,
38BbM6,53,80,CarrotHyrax,72.6,5.0,1,True,0.0,
38BbM6,53,81,CarrotHyrax,72.6,5.0,1,True,0.0,
38BbM6,53,82,CarrotHyrax,72.6,5.0,0,True,0.001,
38BbM6,53,83,CarrotHyrax,72.6,5.0,1,True,0.017,
38BbM6,53,84,CarrotHyrax,72.6,5.0,2,True,0.0,
38BbM6,53,85,CarrotHyrax,72.6,5.0,1,True,0.0,
38BbM6,53,86,CarrotHyrax,72.6,5.0,0,True,0.0,
38BbM6,53,87,CarrotHyrax,72.6,5.0,0,True,0.001,
38BbM6,53,88,CarrotHyrax,72.6,5.0,1,True,0.001,
38BbM6,53,89,CarrotHyrax,52.4,5.0,1,True,0.0,
38BbM6,53,90,CarrotHyrax,52.4,5.0,0,True,0.0,
38BbM6,53,91,CarrotHyrax,52.4,5.0,0,True,0.001,
38BbM6,53,92,CarrotHyrax,52.4,5.0,1,True,0.0,
38BbM6,53,93,CarrotHyrax,52.4,5.0,1,True,0.0,
38BbM6,53,94,CarrotHyrax,52.4,5.0,0,True,0.0,
38BbM6,53,95,CarrotHyrax,52.4,5.0,0,True,0.0,
38BbM6,53,96,CarrotHyrax,52.4,5.0,1,True,0.0,
38BbM6,53,97,CarrotHyrax,52.4,5.0,2,True,0.0,
38BbM6,53,98,CarrotHyrax,52.4,5.0,0,True,0.0,
38BbM6,53,99,CarrotHyrax,40.2,5.0,1,True,0.0,
38BbM6,53,100,CarrotHyrax,40.2,5.0,2,True,0.0,
38BbM6,54,1,CarrotHyrax,40.2,86.0,0,True,0.001,
38BbM6,54,2,CarrotHyrax,40.2,68.8,0,True,0.014,
38BbM6,54,3,CarrotHyrax,40.2,55.0,0,True,0.0,
38BbM6,54,4,CarrotHyrax,40.2,44.0,0,True,0.0,
38BbM6,54,5,CarrotHyrax,40.2,35.2,0,True,0.0,
38BbM6,54,6,CarrotHyrax,40.2,28.2,0,True,0.005,
38BbM6,54,7,CarrotHyrax,40.2,22.5,1,True,0.001,
38BbM6,54,8,CarrotHyrax,66.4,19.3,0,True,0.0,
38BbM6,54,9,CarrotHyrax,66.4,16.4,1,True,0.001,
38BbM6,54,10,CarrotHyrax,66.4,14.6,0,True,0.0,
38BbM6,54,11,CarrotHyrax,66.4,12.8,0,True,0.0,
38BbM6,54,12,CarrotHyrax,66.4,11.2,0,True,0.0,
38BbM6,54,13,CarrotHyrax,66.4,9.7,0,True,0.0,
38BbM6,54,14,CarrotHyrax,66.4,8.4,0,True,0.0,
38BbM6,54,15,CarrotHyrax,66.4,7.1,1,True,0.0,
38BbM6,54,16,CarrotHyrax,66.4,6.2,0,True,0.0,
38BbM6,54,17,CarrotHyrax,66.4,5.4,0,True,0.0,
38BbM6,54,18,CarrotHyrax,36.0,5.0,0,True,0.0,
38BbM6,54,19,CarrotHyrax,36.0,5.0,0,True,0.0,
38BbM6,54,20,CarrotHyrax,36.0,5.0,0,True,0.0,
38BbM6,54,21,CarrotHyrax,36.0,5.0,1,True,0.0,
38BbM6,54,22,CarrotHyrax,36.0,5.0,0,True,0.0,
38BbM6,54,23,CarrotHyrax,36.0,5.0,0,True,0.0,
38BbM6,54,24,CarrotHyrax,36.0,5.0,0,True,0.0,
38BbM6,54,25,CarrotHyrax,36.0,5.0,0,True,0.0,
38BbM6,54,26,CarrotHyrax,36.0,5.0,1,True,0.0,
38BbM6,54,27,CarrotHyrax,36.0,5.0,1,True,0.0,
38BbM6,54,28,CarrotHyrax,53.3,5.0,0,True,0.0,
38BbM6,54,29,CarrotHyrax,53.3,5.0,0,True,0.0,
38BbM6,54,30,CarrotHyrax,53.3,5.0,1,True,0.0,
38BbM6,54,31,CarrotHyrax,53.3,5.0,0,True,0.0,
38BbM6,54,32,CarrotHyrax,53.3,5.0,2,True,0.0,
38BbM6,54,33,CarrotHyrax,53.3,5.0,0,True,0.0,
38BbM6,54,34,CarrotHyrax,53.3,5.0,1,True,0.0,
38BbM6,54,35,CarrotHyrax,53.3,5.0,0,True,0.0,
38BbM6,54,36,CarrotHyrax,53.3,5.0,2,True,0.0,
38BbM6,54,37,CarrotHyrax,53.3,5.0,0,True,0.0,
38BbM6,54,38,CarrotHyrax,53.6,5.0,0,True,0.0,
38BbM6,54,39,CarrotHyrax,53.6,5.0,2,True,0.0,
38BbM6,54,40,CarrotHyrax,53.6,5.0,0,True,0.0,
38BbM6,54,41,CarrotHyrax,53.6,5.0,0,True,0.0,
38BbM6,54,42,CarrotHyrax,53.6,5.0,0,True,0.0,
38BbM6,54,43,CarrotHyrax,53.6,5.0,0,True,0.001,
38BbM6,54,44,CarrotHyrax,53.6,5.0,1,True,0.0,
38BbM6,54,45,CarrotHyrax,53.6,5.0,1,True,0.0,
38BbM6,54,46,CarrotHyrax,53.6,5.0,0,True,0.0,
38BbM6,54,47,CarrotHyrax,53.6,5.0,0,True,0.0,
38BbM6,54,48,CarrotHyrax,57.3,5.0,1,True,0.0,
38BbM6,54,49,CarrotHyrax,57.3,5.0,0,True,0.0,
38BbM6,54,50,CarrotHyrax,57.3,5.0,0,True,0.0,
38BbM6,54,51,CarrotHyrax,57.3,5.0,2,True,0.0,
38BbM6,54,52,CarrotHyrax,57.3,5.0,0,True,0.0,
38BbM6,54,53,CarrotHyrax,57.3,5.0,0,True,0.0,
38BbM6,54,54,CarrotHyrax,57.3,5.0,1,True,0.0,
38BbM6,54,55,CarrotHyrax,57.3,5.0,0,True,0.0,
38BbM6,54,56,CarrotHyrax,57.3,5.0,0,True,0.0,
38BbM6,54,57,CarrotHyrax,57.3,5.0,2,True,0.0,
38BbM6,54,58,CarrotHyrax,30.5,5.0,1,True,0.0,
38BbM6,54,59,CarrotHyrax,30.5,5.0,0,True,0.0,
38BbM6,54,60,CarrotHyrax,30.5,5.0,0,True,0.0,
38BbM6,54,61,CarrotHyrax,30.5,5.0,1,True,0.0,
38BbM6,54,62,CarrotHyrax,30.5,5.0,0,True,0.0,
38BbM6,54,63,CarrotHyrax,30.5,5.0,1,True,0.0,
38BbM6,54,64,CarrotHyrax,30.5,5.0,0,True,0.0,
38BbM6,54,65,CarrotHyrax,30.5,5.0,0,True,0.0,
38BbM6,54,66,CarrotHyrax,30.5,5.0,0,True,0.0,
38BbM6,54,67,CarrotHyrax,30.5,5.0,0,True,0.0,
38BbM6,54,68,CarrotHyrax,57.5,5.0,1,True,0.0,
38BbM6,54,69,CarrotHyrax,57.5,5.0,0,True,0.0,
38BbM6,54,70,CarrotHyrax,57.5,5.0,1,True,0.0,
38BbM6,54,71,CarrotHyrax,57.5,5.0,0,True,0.0,
38BbM6,54,72,CarrotHyrax,57.5,5.0,1,True,0.0,
38BbM6,54,73,CarrotHyrax,57.5,5.0,0,True,0.0,
38BbM6,54,74,CarrotHyrax,57.5,5.0,0,True,0.0,
38BbM6,54,75,CarrotHyrax,57.5,5.0,1,True,0.0,
38BbM6,54,76,CarrotHyrax,57.5,5.0,2,True,0.0,
38BbM6,54,77,CarrotHyrax,57.5,5.0,0,True,0.0,
38BbM6,54,78,CarrotHyrax,70.3,5.0,0,True,0.0,
38BbM6,54,79,CarrotHyrax,70.3,5.0,0,True,0.0,
38BbM6,54,80,CarrotHyrax,70.3,5.0,0,True,0.0,
38BbM6,54,81,CarrotHyrax,70.3,5.0,0,True,0.0,
38BbM6,54,82,CarrotHyrax,70.3,5.0,1,True,0.0,
38BbM6,54,83,CarrotHyrax,70.3,5.0,0,True,0.0,
38BbM6,54,84,CarrotHyrax,70.3,5.0,0,True,0.0,
38BbM6,54,85,CarrotHyrax,70.3,5.0,0,True,0.0,
38BbM6,54,86,CarrotHyrax,70.3,5.0,1,True,0.0,
38BbM6,54,87,CarrotHyrax,70.3,5.0,0,True,0.0,
38BbM6,54,88,CarrotHyrax,35.8,5.0,1,True,0.0,
38BbM6,54,89,CarrotHyrax,35.8,5.0,0,True,0.0,
38BbM6,54,90,CarrotHyrax,35.8,5.0,0,True,0.0,
38BbM6,54,91,CarrotHyrax,35.8,5.0,0,True,0.0,
38BbM6,54,92,CarrotHyrax,35.8,5.0,2,True,0.0,
38BbM6,54,93,CarrotHyrax,35.8,5.0,1,True,0.0,
38BbM6,54,94,CarrotHyrax,35.8,5.0,0,True,0.0,
38BbM6,54,95,CarrotHyrax,35.8,5.0,0,True,0.0,
38BbM6,54,96,CarrotHyrax,35.8,5.0,0,True,0.0,
38BbM6,54,97,CarrotHyrax,35.8,5.0,1,True,0.0,
38BbM6,54,98,CarrotHyrax,47.1,5.0,0,True,0.0,
38BbM6,54,99,CarrotHyrax,47.1,5.0,1,True,0.0,
38BbM6,54,100,CarrotHyrax,47.1,5.0,1,True,0.0,
38BbM6,55,1,CarrotHyrax,47.1,48.0,0,True,0.0,
38BbM6,55,2,CarrotHyrax,47.1,38.4,0,True,0.0,
38BbM6,55,3,CarrotHyrax,47.1,30.7,0,True,0.0,
38BbM6,55,4,CarrotHyrax,47.1,24.6,1,True,0.0,
38BbM6,55,5,CarrotHyrax,47.1,22.0,0,True,0.0,
38BbM6,55,6,CarrotHyrax,47.1,19.3,1,True,0.0,
38BbM6,55,7,CarrotHyrax,45.7,18.0,1,True,0.0,
38BbM6,55,8,CarrotHyrax,45.7,17.5,0,True,0.0,
38BbM6,55,9,CarrotHyrax,45.7,16.5,0,True,0.0,
38BbM6,55,10,CarrotHyrax,45.7,15.4,0,True,0.0,
38BbM6,55,11,CarrotHyrax,45.7,14.2,0,True,0.0,
38BbM6,55,12,CarrotHyrax,45.7,13.0,2,True,0.0,
38BbM6,55,13,CarrotHyrax,45.7,12.5,0,True,0.0,
38BbM6,55,14,CarrotHyrax,45.7,11.8,1,True,0.0,
38BbM6,55,15,CarrotHyrax,45.7,11.4,1,True,0.0,
38BbM6,55,16,CarrotHyrax,45.7,11.1,0,True,0.0,
38BbM6,55,17,CarrotHyrax,47.9,10.6,1,True,0.0,
38BbM6,55,18,CarrotHyrax,47.9,10.3,0,True,0.0,
38BbM6,55,19,CarrotHyrax,47.9,10.0,1,True,0.0,
38BbM6,55,20,CarrotHyrax,47.9,9.8,0,True,0.0,
38BbM6,55,21,CarrotHyrax,47.9,9.5,0,True,0.0,
38BbM6,55,22,CarrotHyrax,47.9,9.1,0,True,0.0,
38BbM6,55,23,CarrotHyrax,47.9,8.7,0,True,0.0,
38BbM6,55,24,CarrotHyrax,47.9,8.3,0,True,0.0,
38BbM6,55,25,CarrotHyrax,47.9,7.8,0,True,0.0,
38BbM6,55,26,CarrotHyrax,47.9,7.3,1,True,0.0,
38BbM6,55,27,CarrotHyrax,76.5,6.9,0,True,0.0,
38BbM6,55,28,CarrotHyrax,76.5,6.4,1,True,0.0,
38BbM6,55,29,CarrotHyrax,76.5,6.1,0,True,0.0,
38BbM6,55,30,CarrotHyrax,76.5,5.7,0,True,0.0,
38BbM6,55,31,CarrotHyrax,76.5,5.3,0,True,0.0,
38BbM6,55,32,CarrotHyrax,76.5,5.0,1,True,0.0,
38BbM6,55,33,CarrotHyrax,76.5,5.0,0,True,0.001,
38BbM6,55,34,CarrotHyrax,76.5,5.0,1,True,0.0,
38BbM6,55,35,CarrotHyrax,76.5,5.0,1,True,0.0,
38BbM6,55,36,CarrotHyrax,76.5,5.0,0,True,0.0,
38BbM6,55,37,CarrotHyrax,79.7,5.0,0,True,0.0,
38BbM6,55,38,CarrotHyrax,79.7,5.0,1,True,0.0,
38BbM6,55,39,CarrotHyrax,79.7,5.0,0,True,0.0,
38BbM6,55,40,CarrotHyrax,79.7,5.0,0,True,0.0,
38BbM6,55,41,CarrotHyrax,79.7,5.0,1,True,0.0,
38BbM6,55,42,CarrotHyrax,79.7,5.0,0,True,0.0,
38BbM6,55,43,CarrotHyrax,79.7,5.0,1,True,0.0,
38BbM6,55,44,CarrotHyrax,79.7,5.0,0,True,0.0,
38BbM6,55,45,CarrotHyrax,79.7,5.0,0,True,0.0,
38BbM6,55,46,CarrotHyrax,79.7,5.0,0,True,0.0,
38BbM6,55,47,CarrotHyrax,72.3,5.0,0,True,0.0,
38BbM6,55,48,CarrotHyrax,72.3,5.0,0,True,0.0,
38BbM6,55,49,CarrotHyrax,72.3,5.0,2,True,0.0,
38BbM6,55,50,CarrotHyrax,72.3,5.0,2,True,0.0,
38BbM6,55,51,CarrotHyrax,72.3,5.0,1,True,0.0,
38BbM6,55,52,CarrotHyrax,72.3,5.0,1,True,0.0,
38BbM6,55,53,CarrotHyrax,72.3,5.0,0,True,0.0,
38BbM6,55,54,CarrotHyrax,72.3,5.0,0,True,0.0,
38BbM6,55,55,CarrotHyrax,72.3,5.0,0,True,0.0,
38BbM6,55,56,CarrotHyrax,72.3,5.0,0,True,0.0,
38BbM6,55,57,CarrotHyrax,67.0,5.0,0,True,0.0,
38BbM6,55,58,CarrotHyrax,67.0,5.0,0,True,0.0,
38BbM6,55,59,CarrotHyrax,67.0,5.0,2,True,0.0,
38BbM6,55,60,CarrotHyrax,67.0,5.0,2,True,0.0,
38BbM6,55,61,CarrotHyrax,67.0,5.0,2,True,0.0,
38BbM6,55,62,CarrotHyrax,67.0,5.0,0,True,0.0,
38BbM6,55,63,CarrotHyrax,67.0,5.0,0,True,0.0,
38BbM6,55,64,CarrotHyrax,67.0,5.0,0,True,0.0,
38BbM6,55,65,CarrotHyrax,67.0,5.0,0,True,0.0,
38BbM6,55,66,CarrotHyrax,67.0,5.0,0,True,0.0,
38BbM6,55,67,CarrotHyrax,38.6,5.0,0,True,0.0,
38BbM6,55,68,CarrotHyrax,38.6,5.0,1,True,0.0,
38BbM6,55,69,CarrotHyrax,38.6,5.0,0,True,0.0,
38BbM6,55,70,CarrotHyrax,38.6,5.0,0,True,0.0,
38BbM6,55,71,CarrotHyrax,38.6,5.0,2,True,0.0,
38BbM6,55,72,CarrotHyrax,38.6,5.0,1,True,0.0,
38BbM6,55,73,CarrotHyrax,38.6,5.0,0,True,0.0,
38BbM6,55,74,CarrotHyrax,38.6,5.0,1,True,0.0,
38BbM6,55,75,CarrotHyrax,38.6,5.0,1,True,0.0,
38BbM6,55,76,CarrotHyrax,38.6,5.0,1,True,0.0,
38BbM6,55,77,CarrotHyrax,76.7,5.0,0,True,0.0,
38BbM6,55,78,CarrotHyrax,76.7,5.0,0,True,0.0,
38BbM6,55,79,CarrotHyrax,76.7,5.0,0,True,0.0,
38BbM6,55,80,CarrotHyrax,76.7,5.0,0,True,0.0,
38BbM6,55,81,CarrotHyrax,76.7,5.0,1,True,0.0,
38BbM6,55,82,CarrotHyrax,76.7,5.0,0,True,0.0,
38BbM6,55,83,CarrotHyrax,76.7,5.0,0,True,0.0,
38BbM6,55,84,CarrotHyrax,76.7,5.0,0,True,0.0,
38BbM6,55,85,CarrotHyrax,76.7,5.0,1,True,0.0,
38BbM6,55,86,CarrotHyrax,76.7,5.0,0,True,0.0,
38BbM6,55,87,CarrotHyrax,60.8,5.0,1,True,0.001,
38BbM6,55,88,CarrotHyrax,60.8,5.0,2,True,0.0,
38BbM6,55,89,CarrotHyrax,60.8,5.0,1,True,0.0,
38BbM6,55,90,CarrotHyrax,60.8,5.0,1,True,0.0,
38BbM6,55,91,CarrotHyrax,60.8,5.0,0,True,0.0,
38BbM6,55,92,CarrotHyrax,60.8,5.0,2,True,0.0,
38BbM6,55,93,CarrotHyrax,60.8,5.0,0,True,0.0,
38BbM6,55,94,CarrotHyrax,60.8,5.0,0,True,0.0,
38BbM6,55,95,CarrotHyrax,60.8,5.0,0,True,0.0,
38BbM6,55,96,CarrotHyrax,60.8,5.0,1,True,0.0,
38BbM6,55,97,CarrotHyrax,69.0,5.0,3,True,0.0,
38BbM6,55,98,CarrotHyrax,69.0,5.0,1,True,0.0,
38BbM6,55,99,CarrotHyrax,69.0,5.0,0,True,0.0,
38BbM6,55,100,CarrotHyrax,69.0,5.0,0,True,0.0,
38BbM6,56,1,CarrotHyrax,69.0,32.0,0,True,0.0,
38BbM6,56,2,CarrotHyrax,69.0,25.6,0,True,0.0,
38BbM6,56,3,CarrotHyrax,69.0,20.5,0,True,0.0,
38BbM6,56,4,CarrotHyrax,69.0,16.4,0,True,0.0,
38BbM6,56,5,CarrotHyrax,69.0,13.1,0,True,0.0,
38BbM6,56,6,CarrotHyrax,68.5,10.5,0,True,0.0,
38BbM6,56,7,CarrotHyrax,68.5,8.4,0,True,0.0,
38BbM6,56,8,CarrotHyrax,68.5,6.7,0,True,0.0,
38BbM6,56,9,CarrotHyrax,68.5,5.4,0,True,0.0,
38BbM6,56,10,CarrotHyrax,68.5,5.0,0,True,0.0,
38BbM6,56,11,CarrotHyrax,68.5,5.0,0,True,0.0,
38BbM6,56,12,CarrotHyrax,68.5,5.0,0,True,0.0,
38BbM6,56,13,CarrotHyrax,68.5,5.0,0,True,0.0,
38BbM6,56,14,CarrotHyrax,68.5,5.0,0,True,0.0,
38BbM6,56,15,CarrotHyrax,68.5,5.0,0,True,0.0,
38BbM6,56,16,CarrotHyrax,47.4,5.0,1,True,0.0,
38BbM6,56,17,CarrotHyrax,47.4,5.0,0,True,0.0,
38BbM6,56,18,CarrotHyrax,47.4,5.0,0,True,0.0,
38BbM6,56,19,CarrotHyrax,47.4,5.0,0,True,0.0,
38BbM6,56,20,CarrotHyrax,47.4,5.0,0,True,0.0,
38BbM6,56,21,CarrotHyrax,47.4,5.0,0,True,0.0,
38BbM6,56,22,CarrotHyrax,47.4,5.0,0,True,0.0,
38BbM6,56,23,CarrotHyrax,47.4,5.0,0,True,0.0,
38BbM6,56,24,CarrotHyrax,47.4,5.0,1,True,0.0,
38BbM6,56,25,CarrotHyrax,47.4,5.0,1,True,0.0,
38BbM6,56,26,CarrotHyrax,36.1,5.0,0,True,0.0,
38BbM6,56,27,CarrotHyrax,36.1,5.0,0,True,0.0,
38BbM6,56,28,CarrotHyrax,36.1,5.0,0,True,0.0,
38BbM6,56,29,CarrotHyrax,36.1,5.0,0,True,0.0,
38BbM6,56,30,CarrotHyrax,36.1,5.0,1,True,0.0,
38BbM6,56,31,CarrotHyrax,36.1,5.0,0,True,0.0,
38BbM6,56,32,CarrotHyrax,36.1,5.0,0,True,0.0,
38BbM6,56,33,CarrotHyrax,36.1,5.0,1,True,0.0,
38BbM6,56,34,CarrotHyrax,36.1,5.0,0,True,0.0,
38BbM6,56,35,CarrotHyrax,36.1,5.0,0,True,0.0,
38BbM6,56,36,CarrotHyrax,62.5,5.0,1,True,0.0,
38BbM6,56,37,CarrotHyrax,62.5,5.0,2,True,0.0,
38BbM6,56,38,CarrotHyrax,62.5,5.0,2,True,0.0,
38BbM6,56,39,CarrotHyrax,62.5,5.0,1,True,0.0,
38BbM6,56,40,CarrotHyrax,62.5,5.0,0,True,0.0,
38BbM6,56,41,CarrotHyrax,62.5,5.0,1,True,0.0,
38BbM6,56,42,CarrotHyrax,62.5,5.0,0,True,0.0,
38BbM6,56,43,CarrotHyrax,62.5,5.0,1,True,0.0,
38BbM6,56,44,CarrotHyrax,62.5,5.0,0,True,0.0,
38BbM6,56,45,CarrotHyrax,62.5,5.0,0,True,0.0,
38BbM6,56,46,CarrotHyrax,45.0,5.0,0,True,0.0,
38BbM6,56,47,CarrotHyrax,45.0,5.0,0,True,0.0,
38BbM6,56,48,CarrotHyrax,45.0,5.0,0,True,0.0,
38BbM6,56,49,CarrotHyrax,45.0,5.0,1,True,0.0,
38BbM6,56,50,CarrotHyrax,45.0,5.0,1,True,0.0,
38BbM6,56,51,CarrotHyrax,45.0,5.0,0,True,0.0,
38BbM6,56,52,CarrotHyrax,45.0,5.0,0,True,0.0,
38BbM6,56,53,CarrotHyrax,45.0,5.0,0,True,0.0,
38BbM6,56,54,CarrotHyrax,45.0,5.0,3,True,0.0,
38BbM6,56,55,CarrotHyrax,45.0,5.0,0,True,0.0,
38BbM6,56,56,CarrotHyrax,46.1,5.0,0,True,0.0,
38BbM6,56,57,CarrotHyrax,46.1,5.0,2,True,0.0,
38BbM6,56,58,CarrotHyrax,46.1,5.0,0,True,0.0,
38BbM6,56,59,CarrotHyrax,46.1,5.0,0,True,0.0,
38BbM6,56,60,CarrotHyrax,46.1,5.0,1,True,0.0,
38BbM6,56,61,CarrotHyrax,46.1,5.0,1,True,0.0,
38BbM6,56,62,CarrotHyrax,46.1,5.0,1,True,0.0,
38BbM6,56,63,CarrotHyrax,46.1,5.0,0,True,0.0,
38BbM6,56,64,CarrotHyrax,46.1,5.0,0,True,0.0,
38BbM6,56,65,CarrotHyrax,46.1,5.0,0,True,0.0,
38BbM6,56,66,CarrotHyrax,40.6,5.0,0,True,0.0,
38BbM6,56,67,CarrotHyrax,40.6,5.0,2,True,0.0,
38BbM6,56,68,CarrotHyrax,40.6,5.0,1,True,0.0,
38BbM6,56,69,CarrotHyrax,40.6,5.0,0,True,0.0,
38BbM6,56,70,CarrotHyrax,40.6,5.0,1,True,0.0,
38BbM6,56,71,CarrotHyrax,40.6,5.0,0,True,0.0,
38BbM6,56,72,CarrotHyrax,40.6,5.0,1,True,0.0,
38BbM6,56,73,CarrotHyrax,40.6,5.0,1,True,0.0,
38BbM6,56,74,CarrotHyrax,40.6,5.0,0,True,0.0,
38BbM6,56,75,CarrotHyrax,40.6,5.0,0,True,0.0,
38BbM6,56,76,CarrotHyrax,35.6,5.0,3,True,0.0,
38BbM6,56,77,CarrotHyrax,35.6,5.0,0,True,0.0,
38BbM6,56,78,CarrotHyrax,35.6,5.0,0,True,0.0,
38BbM6,56,79,CarrotHyrax,35.6,5.0,0,True,0.0,
38BbM6,56,80,CarrotHyrax,35.6,5.0,0,True,0.0,
38BbM6,56,81,CarrotHyrax,35.6,5.0,1,True,0.0,
38BbM6,56,82,CarrotHyrax,35.6,5.0,0,True,0.0,
38BbM6,56,83,CarrotHyrax,35.6,5.0,0,True,0.0,
38BbM6,56,84,CarrotHyrax,35.6,5.0,0,True,0.0,
38BbM6,56,85,CarrotHyrax,35.6,5.0,1,True,0.0,
38BbM6,56,86,CarrotHyrax,35.8,5.0,0,True,0.0,
38BbM6,56,87,CarrotHyrax,35.8,5.0,0,True,0.0,
38BbM6,56,88,CarrotHyrax,35.8,5.0,0,True,0.0,
38BbM6,56,89,CarrotHyrax,35.8,5.0,0,True,0.0,
38BbM6,56,90,CarrotHyrax,35.8,5.0,0,True,0.0,
38BbM6,56,91,CarrotHyrax,35.8,5.0,1,True,0.0,
38BbM6,56,92,CarrotHyrax,35.8,5.0,1,True,0.0,
38BbM6,56,93,CarrotHyrax,35.8,5.0,0,True,0.0,
38BbM6,56,94,CarrotHyrax,35.8,5.0,1,True,0.0,
38BbM6,56,95,CarrotHyrax,35.8,5.0,1,True,0.0,
38BbM6,56,96,CarrotHyrax,35.8,5.0,1,True,0.0,
38BbM6,56,97,CarrotHyrax,35.8,5.0,2,True,0.0,
38BbM6,56,98,CarrotHyrax,35.8,5.0,2,True,0.0,
38BbM6,56,99,CarrotHyrax,35.8,5.0,0,True,0.0,
38BbM6,56,100,CarrotHyrax,35.8,5.0,0,True,0.0,
38BbM6,57,1,CarrotHyrax,35.8,85.0,0,True,0.0,
38BbM6,57,2,CarrotHyrax,35.8,68.0,0,True,0.0,
38BbM6,57,3,CarrotHyrax,35.8,54.4,0,True,0.0,
38BbM6,57,4,CarrotHyrax,35.8,43.5,0,True,0.0,
38BbM6,57,5,CarrotHyrax,65.7,34.8,0,True,0.0,
38BbM6,57,6,CarrotHyrax,65.7,27.9,1,True,0.0,
38BbM6,57,7,CarrotHyrax,65.7,24.1,0,True,0.0,
38BbM6,57,8,CarrotHyrax,65.7,20.7,1,True,0.0,
38BbM6,57,9,CarrotHyrax,65.7,18.6,0,True,0.0,
38BbM6,57,10,CarrotHyrax,65.7,16.5,0,True,0.0,
38BbM6,57,11,CarrotHyrax,65.7,14.5,1,True,0.0,
38BbM6,57,12,CarrotHyrax,65.7,13.3,1,True,0.0,
38BbM6,57,13,CarrotHyrax,65.7,12.3,0,True,0.0,
38BbM6,57,14,CarrotHyrax,65.7,11.3,0,True,0.0,
38BbM6,57,15,CarrotHyrax,40.2,10.3,0,True,0.0,
38BbM6,57,16,CarrotHyrax,40.2,9.3,0,True,0.0,
38BbM6,57,17,CarrotHyrax,40.2,8.2,0,True,0.0,
38BbM6,57,18,CarrotHyrax,40.2,7.3,1,True,0.0,
38BbM6,57,19,CarrotHyrax,40.2,6.6,0,True,0.0,
38BbM6,57,20,CarrotHyrax,40.2,5.9,0,True,0.0,
38BbM6,57,21,CarrotHyrax,40.2,5.3,0,True,0.0,
38BbM6,57,22,CarrotHyrax,40.2,5.0,0,True,0.0,
38BbM6,57,23,CarrotHyrax,40.2,5.0,1,True,0.0,
38BbM6,57,24,CarrotHyrax,40.2,5.0,1,True,0.0,
38BbM6,57,25,CarrotHyrax,65.8,5.0,0,True,0.0,
38BbM6,57,26,CarrotHyrax,65.8,5.0,1,True,0.0,
38BbM6,57,27,CarrotHyrax,65.8,5.0,0,True,0.0,
38BbM6,57,28,CarrotHyrax,65.8,5.0,1,True,0.0,
38BbM6,57,29,CarrotHyrax,65.8,5.0,0,True,0.0,
38BbM6,57,30,CarrotHyrax,65.8,5.0,2,True,0.0,
38BbM6,57,31,CarrotHyrax,65.8,5.0,0,True,0.0,
38BbM6,57,32,CarrotHyrax,65.8,5.0,1,True,0.0,
38BbM6,57,33,CarrotHyrax,65.8,5.0,0,True,0.0,
38BbM6,57,34,CarrotHyrax,65.8,5.0,0,True,0.0,
38BbM6,57,35,CarrotHyrax,59.5,5.0,0,True,0.0,
38BbM6,57,36,CarrotHyrax,59.5,5.0,0,True,0.0,
38BbM6,57,37,CarrotHyrax,59.5,5.0,0,True,0.0,
38BbM6,57,38,CarrotHyrax,59.5,5.0,1,True,0.0,
38BbM6,57,39,CarrotHyrax,59.5,5.0,1,True,0.0,
38BbM6,57,40,CarrotHyrax,59.5,5.0,0,True,0.0,
38BbM6,57,41,CarrotHyrax,59.5,5.0,0,True,0.0,
38BbM6,57,42,CarrotHyrax,59.5,5.0,0,True,0.0,
38BbM6,57,43,CarrotHyrax,59.5,5.0,0,True,0.0,
38BbM6,57,44,CarrotHyrax,59.5,5.0,1,True,0.0,
38BbM6,57,45,CarrotHyrax,31.4,5.0,0,True,0.0,
38BbM6,57,46,CarrotHyrax,31.4,5.0,1,True,0.0,
38BbM6,57,47,CarrotHyrax,31.4,5.0,1,True,0.0,
38BbM6,57,48,CarrotHyrax,31.4,5.0,2,True,0.0,
38BbM6,57,49,CarrotHyrax,31.4,5.0,1,True,0.0,
38BbM6,57,50,CarrotHyrax,31.4,5.0,0,True,0.0,
38BbM6,57,51,CarrotHyrax,31.4,5.0,2,True,0.001,
38BbM6,57,52,CarrotHyrax,31.4,5.0,1,True,0.0,
38BbM6,57,53,CarrotHyrax,31.4,5.0,0,True,0.0,
38BbM6,57,54,CarrotHyrax,31.4,5.0,0,True,0.0,
38BbM6,57,55,CarrotHyrax,39.0,5.0,1,True,0.0,
38BbM6,57,56,CarrotHyrax,39.0,5.0,1,True,0.0,
38BbM6,57,57,CarrotHyrax,39.0,5.0,0,True,0.0,
38BbM6,57,58,CarrotHyrax,39.0,5.0,1,True,0.0,
38BbM6,57,59,CarrotHyrax,39.0,5.0,1,True,0.0,
38BbM6,57,60,CarrotHyrax,39.0,5.0,0,True,0.0,
38BbM6,57,61,CarrotHyrax,39.0,5.0,3,True,0.0,
38BbM6,57,62,CarrotHyrax,39.0,5.0,0,True,0.0,
38BbM6,57,63,CarrotHyrax,39.0,5.0,0,True,0.001,
38BbM6,57,64,CarrotHyrax,39.0,5.0,0,True,0.001,
38BbM6,57,65,CarrotHyrax,65.1,5.0,1,True,0.0,
38BbM6,57,66,CarrotHyrax,65.1,5.0,0,True,0.0,
38BbM6,57,67,CarrotHyrax,65.1,5.0,0,True,0.0,
38BbM6,57,68,CarrotHyrax,65.1,5.0,0,True,0.0,
38BbM6,57,69,CarrotHyrax,65.1,5.0,0,True,0.0,
38BbM6,57,70,CarrotHyrax,65.1,5.0,1,True,0.0,
38BbM6,57,71,CarrotHyrax,65.1,5.0,0,True,0.001,
38BbM6,57,72,CarrotHyrax,65.1,5.0,1,True,0.0,
38BbM6,57,73,CarrotHyrax,65.1,5.0,0,True,0.0,
38BbM6,57,74,CarrotHyrax,65.1,5.0,0,True,0.0,
38BbM6,57,75,CarrotHyrax,74.1,5.0,1,True,0.0,
38BbM6,57,76,CarrotHyrax,74.1,5.0,0,True,0.0,
38BbM6,57,77,CarrotHyrax,74.1,5.0,1,True,0.0,
38BbM6,57,78,CarrotHyrax,74.1,5.0,1,True,0.0,
38BbM6,57,79,CarrotHyrax,74.1,5.0,0,True,0.0,
38BbM6,57,80,CarrotHyrax,74.1,5.0,0,True,0.0,
38BbM6,57,81,CarrotHyrax,74.1,5.0,0,True,0.0,
38BbM6,57,82,CarrotHyrax,74.1,5.0,0,True,0.0,
38BbM6,57,83,CarrotHyrax,74.1,5.0,0,True,0.0,
38BbM6,57,84,CarrotHyrax,74.1,5.0,1,True,0.0,
38BbM6,57,85,CarrotHyrax,69.4,5.0,1,True,0.0,
38BbM6,57,86,CarrotHyrax,69.4,5.0,1,True,0.0,
38BbM6,57,87,CarrotHyrax,69.4,5.0,4,True,0.0,
38BbM6,57,88,CarrotHyrax,69.4,5.0,1,True,0.0,
38BbM6,57,89,CarrotHyrax,69.4,5.0,0,True,0.0,
38BbM6,57,90,CarrotHyrax,69.4,5.0,0,True,0.0,
38BbM6,57,91,CarrotHyrax,69.4,5.0,0,True,0.0,
38BbM6,57,92,CarrotHyrax,69.4,5.0,3,True,0.0,
38BbM6,57,93,CarrotHyrax,69.4,5.0,0,True,0.0,
38BbM6,57,94,CarrotHyrax,69.4,5.0,0,True,0.0,
38BbM6,57,95,CarrotHyrax,69.1,5.0,1,True,0.0,
38BbM6,57,96,CarrotHyrax,69.1,5.0,1,True,0.0,
38BbM6,57,97,CarrotHyrax,69.1,5.0,1,True,0.0,
38BbM6,57,98,CarrotHyrax,69.1,5.0,0,True,0.0,
38BbM6,57,99,CarrotHyrax,69.1,5.0,1,True,0.0,
38BbM6,57,100,CarrotHyrax,69.1,5.0,3,True,0.0,
38BbM6,58,1,CarrotHyrax,69.1,31.0,0,True,0.001,
38BbM6,58,2,CarrotHyrax,69.1,24.8,1,True,0.0,
38BbM6,58,3,CarrotHyrax,69.1,24.0,0,True,0.0,
38BbM6,58,4,CarrotHyrax,58.0,22.2,0,True,0.0,
38BbM6,58,5,CarrotHyrax,58.0,19.9,1,True,0.001,
38BbM6,58,6,CarrotHyrax,58.0,18.9,0,True,0.001,
38BbM6,58,7,CarrotHyrax,58.0,17.6,0,True,0.0,
38BbM6,58,8,CarrotHyrax,58.0,16.1,0,True,0.0,
38BbM6,58,9,CarrotHyrax,58.0,14.5,1,True,0.0,
38BbM6,58,10,CarrotHyrax,58.0,13.5,1,True,0.0,
38BbM6,58,11,CarrotHyrax,58.0,13.0,1,True,0.0,
38BbM6,58,12,CarrotHyrax,58.0,12.8,0,True,0.0,
38BbM6,58,13,CarrotHyrax,58.0,12.4,0,True,0.0,
38BbM6,58,14,CarrotHyrax,62.8,11.7,0,True,0.0,
38BbM6,58,15,CarrotHyrax,62.8,10.9,0,True,0.0,
38BbM6,58,16,CarrotHyrax,62.8,10.1,1,True,0.0,
38BbM6,58,17,CarrotHyrax,62.8,9.5,0,True,0.001,
38BbM6,58,18,CarrotHyrax,62.8,8.8,1,True,0.0,
38BbM6,58,19,CarrotHyrax,62.8,8.3,0,True,0.0,
38BbM6,58,20,CarrotHyrax,62.8,7.8,1,True,0.0,
38BbM6,58,21,CarrotHyrax,62.8,7.4,0,True,0.0,
38BbM6,58,22,CarrotHyrax,62.8,7.0,0,True,0.0,
38BbM6,58,23,CarrotHyrax,62.8,6.6,3,True,0.0,
38BbM6,58,24,CarrotHyrax,52.0,6.4,0,True,0.0,
38BbM6,58,25,CarrotHyrax,52.0,6.3,1,True,0.001,
38BbM6,58,26,CarrotHyrax,52.0,6.1,1,True,0.0,
38BbM6,58,27,CarrotHyrax,52.0,6.1,1,True,0.0,
38BbM6,58,28,CarrotHyrax,52.0,6.0,1,True,0.0,
38BbM6,58,29,CarrotHyrax,52.0,6.0,1,True,0.001,
38BbM6,58,30,CarrotHyrax,52.0,6.0,0,True,0.0,
38BbM6,58,31,CarrotHyrax,52.0,6.0,2,True,0.0,
38BbM6,58,32,CarrotHyrax,52.0,6.1,0,True,0.0,
38BbM6,58,33,CarrotHyrax,52.0,6.2,0,True,0.0,
38BbM6,58,34,CarrotHyrax,78.9,6.2,0,True,0.0,
38BbM6,58,35,CarrotHyrax,78.9,6.2,0,True,0.0,
38BbM6,58,36,CarrotHyrax,78.9,6.1,0,True,0.0,
38BbM6,58,37,CarrotHyrax,78.9,6.1,1,True,0.0,
38BbM6,58,38,CarrotHyrax,78.9,6.0,0,True,0.0,
38BbM6,58,39,CarrotHyrax,78.9,5.9,0,True,0.0,
38BbM6,58,40,CarrotHyrax,78.9,5.8,2,True,0.0,
38BbM6,58,41,CarrotHyrax,78.9,5.8,0,True,0.0,
38BbM6,58,42,CarrotHyrax,78.9,5.8,1,True,0.0,
38BbM6,58,43,CarrotHyrax,78.9,5.8,1,True,0.0,
38BbM6,58,44,CarrotHyrax,75.0,5.8,1,True,0.0,
38BbM6,58,45,CarrotHyrax,75.0,5.9,0,True,0.0,
38BbM6,58,46,CarrotHyrax,75.0,5.9,1,True,0.0,
38BbM6,58,47,CarrotHyrax,75.0,5.9,1,True,0.0,
38BbM6,58,48,CarrotHyrax,75.0,6.0,0,True,0.0,
38BbM6,58,49,CarrotHyrax,75.0,6.0,0,True,0.001,
38BbM6,58,50,CarrotHyrax,75.0,6.0,1,True,0.0,
38BbM6,58,51,CarrotHyrax,75.0,6.1,0,True,0.0,
38BbM6,58,52,CarrotHyrax,75.0,6.1,0,True,0.0,
38BbM6,58,53,CarrotHyrax,75.0,6.1,0,True,0.0,
38BbM6,58,54,CarrotHyrax,50.1,6.0,0,True,0.0,
38BbM6,58,55,CarrotHyrax,50.1,5.9,0,True,0.0,
38BbM6,58,56,CarrotHyrax,50.1,5.8,2,True,0.0,
38BbM6,58,57,CarrotHyrax,50.1,5.7,0,True,0.0,
38BbM6,58,58,CarrotHyrax,50.1,5.6,1,True,0.0,
38BbM6,58,59,CarrotHyrax,50.1,5.6,0,True,0.0,
38BbM6,58,60,CarrotHyrax,50.1,5.5,1,True,0.0,
38BbM6,58,61,CarrotHyrax,50.1,5.4,2,True,0.0,
38BbM6,58,62,CarrotHyrax,50.1,5.4,0,True,0.0,
38BbM6,58,63,CarrotHyrax,50.1,5.3,1,True,0.0,
38BbM6,58,64,CarrotHyrax,60.1,5.2,1,True,0.0,
38BbM6,58,65,CarrotHyrax,60.1,5.2,0,True,0.0,
38BbM6,58,66,CarrotHyrax,60.1,5.1,0,True,0.0,
38BbM6,58,67,CarrotHyrax,60.1,5.0,0,True,0.0,
38BbM6,58,68,CarrotHyrax,60.1,5.0,2,True,0.0,
38BbM6,58,69,CarrotHyrax,60.1,5.0,0,True,0.0,
38BbM6,58,70,CarrotHyrax,60.1,5.0,0,True,0.0,
38BbM6,58,71,CarrotHyrax,60.1,5.0,0,True,0.0,
38BbM6,58,72,CarrotHyrax,60.1,5.0,0,True,0.0,
38BbM6,58,73,CarrotHyrax,60.1,5.0,1,True,0.0,
38BbM6,58,74,CarrotHyrax,74.0,5.0,2,True,0.0,
38BbM6,58,75,CarrotHyrax,74.0,5.0,1,True,0.0,
38BbM6,58,76,CarrotHyrax,74.0,5.0,0,True,0.0,
38BbM6,58,77,CarrotHyrax,74.0,5.0,1,True,0.0,
38BbM6,58,78,CarrotHyrax,74.0,5.0,0,True,0.0,
38BbM6,58,79,CarrotHyrax,74.0,5.0,1,True,0.0,
38BbM6,58,80,CarrotHyrax,74.0,5.0,0,True,0.0,
38BbM6,58,81,CarrotHyrax,74.0,5.0,0,True,0.0,
38BbM6,58,82,CarrotHyrax,74.0,5.0,1,True,0.0,
38BbM6,58,83,CarrotHyrax,74.0,5.0,1,True,0.001,
38BbM6,58,84,CarrotHyrax,30.5,5.0,0,True,0.0,
38BbM6,58,85,CarrotHyrax,30.5,5.0,0,True,0.0,
38BbM6,58,86,CarrotHyrax,30.5,5.0,1,True,0.0,
38BbM6,58,87,CarrotHyrax,30.5,5.0,1,True,0.0,
38BbM6,58,88,CarrotHyrax,30.5,5.0,1,True,0.0,
38BbM6,58,89,CarrotHyrax,30.5,5.0,0,True,0.0,
38BbM6,58,90,CarrotHyrax,30.5,5.0,0,True,0.0,
38BbM6,58,91,CarrotHyrax,30.5,5.0,0,True,0.0,
38BbM6,58,92,CarrotHyrax,30.5,5.0,0,True,0.0,
38BbM6,58,93,CarrotHyrax,30.5,5.0,0,True,0.0,
38BbM6,58,94,CarrotHyrax,75.1,5.0,1,True,0.0,
38BbM6,58,95,CarrotHyrax,75.1,5.0,2,True,0.0,
38BbM6,58,96,CarrotHyrax,75.1,5.0,0,True,0.0,
38BbM6,58,97,CarrotHyrax,75.1,5.0,1,True,0.0,
38BbM6,58,98,CarrotHyrax,75.1,5.0,0,True,0.001,
38BbM6,58,99,CarrotHyrax,75.1,5.0,0,True,0.0,
38BbM6,58,100,CarrotHyrax,75.1,5.0,0,True,0.001,
38BbM6,59,1,CarrotHyrax,75.1,39.0,1,True,0.0,
38BbM6,59,2,CarrotHyrax,75.1,44.8,0,True,0.001,
38BbM6,59,3,CarrotHyrax,67.8,43.3,0,True,0.0,
38BbM6,59,4,CarrotHyrax,67.8,40.2,0,True,0.001,
38BbM6,59,5,CarrotHyrax,67.8,36.0,0,True,0.0,
38BbM6,59,6,CarrotHyrax,67.8,31.5,0,True,0.0,
38BbM6,59,7,CarrotHyrax,67.8,27.3,1,True,0.0,
38BbM6,59,8,CarrotHyrax,67.8,24.9,0,True,0.0,
38BbM6,59,9,CarrotHyrax,67.8,22.4,0,True,0.0,
38BbM6,59,10,CarrotHyrax,67.8,19.9,1,True,0.0,
38BbM6,59,11,CarrotHyrax,67.8,18.3,0,True,0.0,
38BbM6,59,12,CarrotHyrax,67.8,16.7,1,True,0.0,
38BbM6,59,13,CarrotHyrax,61.7,15.6,1,True,0.0,
38BbM6,59,14,CarrotHyrax,61.7,14.8,1,True,0.0,
38BbM6,59,15,CarrotHyrax,61.7,14.2,0,True,0.0,
38BbM6,59,16,CarrotHyrax,61.7,13.5,0,True,0.0,
38BbM6,59,17,CarrotHyrax,61.7,12.6,0,True,0.0,
38BbM6,59,18,CarrotHyrax,61.7,11.7,1,True,0.0,
38BbM6,59,19,CarrotHyrax,61.7,11.1,1,True,0.0,
38BbM6,59,20,CarrotHyrax,61.7,10.6,0,True,0.0,
38BbM6,59,21,CarrotHyrax,61.7,10.1,0,True,0.0,
38BbM6,59,22,CarrotHyrax,61.7,9.5,2,True,0.0,
38BbM6,59,23,CarrotHyrax,79.4,9.3,1,True,0.0,
38BbM6,59,24,CarrotHyrax,79.4,9.1,0,True,0.0,
38BbM6,59,25,CarrotHyrax,79.4,8.8,0,True,0.0,
38BbM6,59,26,CarrotHyrax,79.4,8.5,0,True,0.0,
38BbM6,59,27,CarrotHyrax,79.4,8.2,1,True,0.0,
38BbM6,59,28,CarrotHyrax,79.4,7.9,0,True,0.0,
38BbM6,59,29,CarrotHyrax,79.4,7.6,0,True,0.0,
38BbM6,59,30,CarrotHyrax,79.4,7.2,0,True,0.0,
38BbM6,59,31,CarrotHyrax,79.4,6.8,0,True,0.0,
38BbM6,59,32,CarrotHyrax,79.4,6.4,0,True,0.0,
38BbM6,59,33,CarrotHyrax,31.7,6.1,0,True,0.0,
38BbM6,59,34,CarrotHyrax,31.7,5.7,1,True,0.0,
38BbM6,59,35,CarrotHyrax,31.7,5.3,1,True,0.0,
38BbM6,59,36,CarrotHyrax,31.7,5.1,0,True,0.0,
38BbM6,59,37,CarrotHyrax,31.7,5.0,0,True,0.0,
38BbM6,59,38,CarrotHyrax,31.7,5.0,0,True,0.0,
38BbM6,59,39,CarrotHyrax,31.7,5.0,1,True,0.0,
38BbM6,59,40,CarrotHyrax,31.7,5.0,0,True,0.0,
38BbM6,59,41,CarrotHyrax,31.7,5.0,0,True,0.0,
38BbM6,59,42,CarrotHyrax,31.7,5.0,0,True,0.0,
38BbM6,59,43,CarrotHyrax,43.9,5.0,0,True,0.0,
38BbM6,59,44,CarrotHyrax,43.9,5.0,0,True,0.0,
38BbM6,59,45,CarrotHyrax,43.9,5.0,0,True,0.0,
38BbM6,59,46,CarrotHyrax,43.9,5.0,0,True,0.0,
38BbM6,59,47,CarrotHyrax,43.9,5.0,1,True,0.0,
38BbM6,59,48,CarrotHyrax,43.9,5.0,0,True,0.0,
38BbM6,59,49,CarrotHyrax,43.9,5.0,0,True,0.0,
38BbM6,59,50,CarrotHyrax,43.9,5.0,0,True,0.0,
38BbM6,59,51,CarrotHyrax,43.9,5.0,1,True,0.0,
38BbM6,59,52,CarrotHyrax,43.9,5.0,0,True,0.0,
38BbM6,59,53,CarrotHyrax,63.4,5.0,0,True,0.0,
38BbM6,59,54,CarrotHyrax,63.4,5.0,0,True,0.0,
38BbM6,59,55,CarrotHyrax,63.4,5.0,0,True,0.0,
38BbM6,59,56,CarrotHyrax,63.4,5.0,0,True,0.0,
38BbM6,59,57,CarrotHyrax,63.4,5.0,0,True,0.0,
38BbM6,59,58,CarrotHyrax,63.4,5.0,1,True,0.0,
38BbM6,59,59,CarrotHyrax,63.4,5.0,0,True,0.001,
38BbM6,59,60,CarrotHyrax,63.4,5.0,0,True,0.0,
38BbM6,59,61,CarrotHyrax,63.4,5.0,0,True,0.0,
38BbM6,59,62,CarrotHyrax,63.4,5.0,0,True,0.0,
38BbM6,59,63,CarrotHyrax,41.9,5.0,2,True,0.0,
38BbM6,59,64,CarrotHyrax,41.9,5.0,0,True,0.0,
38BbM6,59,65,CarrotHyrax,41.9,5.0,1,True,0.0,
38BbM6,59,66,CarrotHyrax,41.9,5.0,1,True,0.0,
38BbM6,59,67,CarrotHyrax,41.9,5.0,0,True,0.0,
38BbM6,59,68,CarrotHyrax,41.9,5.0,1,True,0.0,
38BbM6,59,69,CarrotHyrax,41.9,5.0,1,True,0.0,
38BbM6,59,70,CarrotHyrax,41.9,5.0,0,True,0.0,
38BbM6,59,71,CarrotHyrax,41.9,5.0,0,True,0.0,
38BbM6,59,72,CarrotHyrax,41.9,5.0,0,True,0.0,
38BbM6,59,73,CarrotHyrax,33.6,5.0,0,True,0.0,
38BbM6,59,74,CarrotHyrax,33.6,5.0,0,True,0.0,
38BbM6,59,75,CarrotHyrax,33.6,5.0,0,True,0.0,
38BbM6,59,76,CarrotHyrax,33.6,5.0,1,True,0.0,
38BbM6,59,77,CarrotHyrax,33.6,5.0,0,True,0.0,
38BbM6,59,78,CarrotHyrax,33.6,5.0,0,True,0.0,
38BbM6,59,79,CarrotHyrax,33.6,5.0,0,True,0.0,
38BbM6,59,80,CarrotHyrax,33.6,5.0,2,True,0.0,
38BbM6,59,81,CarrotHyrax,33.6,5.0,2,True,0.0,
38BbM6,59,82,CarrotHyrax,33.6,5.0,0,True,0.0,
38BbM6,59,83,CarrotHyrax,39.8,5.0,0,True,0.0,
38BbM6,59,84,CarrotHyrax,39.8,5.0,1,True,0.001,
38BbM6,59,85,CarrotHyrax,39.8,5.0,2,True,0.0,
38BbM6,59,86,CarrotHyrax,39.8,5.0,0,True,0.0,
38BbM6,59,87,CarrotHyrax,39.8,5.0,1,True,0.0,
38BbM6,59,88,CarrotHyrax,39.8,5.0,1,True,0.0,
38BbM6,59,89,CarrotHyrax,39.8,5.0,1,True,0.0,
38BbM6,59,90,CarrotHyrax,39.8,5.0,1,True,0.0,
38BbM6,59,91,CarrotHyrax,39.8,5.0,0,True,0.0,
38BbM6,59,92,CarrotHyrax,39.8,5.0,1,True,0.0,
38BbM6,59,93,CarrotHyrax,61.2,5.0,0,True,0.0,
38BbM6,59,94,CarrotHyrax,61.2,5.0,0,True,0.0,
38BbM6,59,95,CarrotHyrax,61.2,5.0,0,True,0.0,
38BbM6,59,96,CarrotHyrax,61.2,5.0,0,True,0.0,
38BbM6,59,97,CarrotHyrax,61.2,5.0,0,True,0.0,
38BbM6,59,98,CarrotHyrax,61.2,5.0,0,True,0.0,
38BbM6,59,99,CarrotHyrax,61.2,5.0,2,True,0.0,
38BbM6,59,100,CarrotHyrax,61.2,5.0,2,True,0.0,
38BbM6,60,1,CarrotHyrax,61.2,56.0,0,True,0.0,
38BbM6,60,2,CarrotHyrax,36.2,44.8,0,True,0.0,
38BbM6,60,3,CarrotHyrax,36.2,35.8,0,True,0.0,
38BbM6,60,4,CarrotHyrax,36.2,28.7,0,True,0.0,
38BbM6,60,5,CarrotHyrax,36.2,22.9,0,True,0.0,
38BbM6,60,6,CarrotHyrax,36.2,18.4,0,True,0.0,
38BbM6,60,7,CarrotHyrax,36.2,14.7,3,True,0.0,
38BbM6,60,8,CarrotHyrax,36.2,14.2,0,True,0.0,
38BbM6,60,9,CarrotHyrax,36.2,13.5,0,True,0.0,
38BbM6,60,10,CarrotHyrax,36.2,12.6,0,True,0.0,
38BbM6,60,11,CarrotHyrax,36.2,11.6,1,True,0.0,
38BbM6,60,12,CarrotHyrax,61.6,11.0,0,True,0.0,
38BbM6,60,13,CarrotHyrax,61.6,10.3,0,True,0.0,
38BbM6,60,14,CarrotHyrax,61.6,9.4,1,True,0.0,
38BbM6,60,15,CarrotHyrax,61.6,8.8,0,True,0.0,
38BbM6,60,16,CarrotHyrax,61.6,8.1,0,True,0.0,
38BbM6,60,17,CarrotHyrax,61.6,7.4,0,True,0.0,
38BbM6,60,18,CarrotHyrax,61.6,6.7,0,True,0.0,
38BbM6,60,19,CarrotHyrax,61.6,6.1,0,True,0.0,
38BbM6,60,20,CarrotHyrax,61.6,5.5,0,True,0.0,
38BbM6,60,21,CarrotHyrax,61.6,5.0,0,True,0.0,
38BbM6,60,22,CarrotHyrax,44.6,5.0,1,True,0.0,
38BbM6,60,23,CarrotHyrax,44.6,5.0,0,True,0.0,
38BbM6,60,24,CarrotHyrax,44.6,5.0,2,True,0.0,
38BbM6,60,25,CarrotHyrax,44.6,5.0,1,True,0.0,
38BbM6,60,26,CarrotHyrax,44.6,5.0,1,True,0.0,
38BbM6,60,27,CarrotHyrax,44.6,5.0,1,True,0.0,
38BbM6,60,28,CarrotHyrax,44.6,5.0,0,True,0.0,
38BbM6,60,29,CarrotHyrax,44.6,5.0,1,True,0.0,
38BbM6,60,30,CarrotHyrax,44.6,5.0,0,True,0.0,
38BbM6,60,31,CarrotHyrax,44.6,5.0,0,True,0.0,
38BbM6,60,32,CarrotHyrax,76.6,5.0,0,True,0.0,
38BbM6,60,33,CarrotHyrax,76.6,5.0,0,True,0.0,
38BbM6,60,34,CarrotHyrax,76.6,5.0,1,True,0.0,
38BbM6,60,35,CarrotHyrax,76.6,5.0,0,True,0.0,
38BbM6,60,36,CarrotHyrax,76.6,5.0,0,True,0.0,
38BbM6,60,37,CarrotHyrax,76.6,5.0,0,True,0.0,
38BbM6,60,38,CarrotHyrax,76.6,5.0,0,True,0.0,
38BbM6,60,39,CarrotHyrax,76.6,5.0,1,True,0.0,
38BbM6,60,40,CarrotHyrax,76.6,5.0,1,True,0.0,
38BbM6,60,41,CarrotHyrax,76.6,5.0,1,True,0.0,
38BbM6,60,42,CarrotHyrax,45.2,5.0,0,True,0.0,
38BbM6,60,43,CarrotHyrax,45.2,5.0,0,True,0.0,
38BbM6,60,44,CarrotHyrax,45.2,5.0,0,True,0.0,
38BbM6,60,45,CarrotHyrax,45.2,5.0,2,True,0.0,
38BbM6,60,46,CarrotHyrax,45.2,5.0,0,True,0.0,
38BbM6,60,47,CarrotHyrax,45.2,5.0,1,True,0.0,
38BbM6,60,48,CarrotHyrax,45.2,5.0,0,True,0.0,
38BbM6,60,49,CarrotHyrax,45.2,5.0,0,True,0.0,
38BbM6,60,50,CarrotHyrax,45.2,5.0,0,True,0.0,
38BbM6,60,51,CarrotHyrax,45.2,5.0,0,True,0.0,
38BbM6,60,52,CarrotHyrax,71.6,5.0,1,True,0.0,
38BbM6,60,53,CarrotHyrax,71.6,5.0,0,True,0.0,
38BbM6,60,54,CarrotHyrax,71.6,5.0,3,True,0.0,
38BbM6,60,55,CarrotHyrax,71.6,5.0,0,True,0.0,
38BbM6,60,56,CarrotHyrax,71.6,5.0,2,True,0.0,
38BbM6,60,57,CarrotHyrax,71.6,5.0,0,True,0.0,
38BbM6,60,58,CarrotHyrax,71.6,5.0,0,True,0.0,
38BbM6,60,59,CarrotHyrax,71.6,5.0,1,True,0.0,
38BbM6,60,60,CarrotHyrax,71.6,5.0,0,True,0.001,
38BbM6,60,61,CarrotHyrax,71.6,5.0,1,True,0.0,
38BbM6,60,62,CarrotHyrax,42.5,5.0,3,True,0.0,
38BbM6,60,63,CarrotHyrax,42.5,5.0,2,True,0.0,
38BbM6,60,64,CarrotHyrax,42.5,5.0,1,True,0.0,
38BbM6,60,65,CarrotHyrax,42.5,5.0,0,True,0.0,
38BbM6,60,66,CarrotHyrax,42.5,5.0,0,True,0.0,
38BbM6,60,67,CarrotHyrax,42.5,5.0,1,True,0.0,
38BbM6,60,68,CarrotHyrax,42.5,5.0,0,True,0.0,
38BbM6,60,69,CarrotHyrax,42.5,5.0,0,True,0.0,
38BbM6,60,70,CarrotHyrax,42.5,5.0,1,True,0.0,
38BbM6,60,71,CarrotHyrax,42.5,5.0,2,True,0.0,
38BbM6,60,72,CarrotHyrax,60.3,5.0,0,True,0.0,
38BbM6,60,73,CarrotHyrax,60.3,5.0,0,True,0.0,
38BbM6,60,74,CarrotHyrax,60.3,5.0,0,True,0.0,
38BbM6,60,75,CarrotHyrax,60.3,5.0,0,True,0.0,
38BbM6,60,76,CarrotHyrax,60.3,5.0,0,True,0.0,
38BbM6,60,77,CarrotHyrax,60.3,5.0,2,True,0.0,
38BbM6,60,78,CarrotHyrax,60.3,5.0,1,True,0.0,
38BbM6,60,79,CarrotHyrax,60.3,5.0,0,True,0.0,
38BbM6,60,80,CarrotHyrax,60.3,5.0,0,True,0.0,
38BbM6,60,81,CarrotHyrax,60.3,5.0,0,True,0.0,
38BbM6,60,82,CarrotHyrax,38.6,5.0,0,True,0.019,
38BbM6,60,83,CarrotHyrax,38.6,5.0,0,True,0.001,
38BbM6,60,84,CarrotHyrax,38.6,5.0,0,True,0.0,
38BbM6,60,85,CarrotHyrax,38.6,5.0,0,True,0.0,
38BbM6,60,86,CarrotHyrax,38.6,5.0,0,True,0.0,
38BbM6,60,87,CarrotHyrax,38.6,5.0,1,True,0.0,
38BbM6,60,88,CarrotHyrax,38.6,5.0,0,True,0.004,
38BbM6,60,89,CarrotHyrax,38.6,5.0,0,True,0.007,
38BbM6,60,90,CarrotHyrax,38.6,5.0,1,True,0.002,
38BbM6,60,91,CarrotHyrax,38.6,5.0,1,True,0.002,
38BbM6,60,92,CarrotHyrax,43.0,5.0,0,True,0.006,
38BbM6,60,93,CarrotHyrax,43.0,5.0,0,True,0.006,
38BbM6,60,94,CarrotHyrax,43.0,5.0,0,True,0.001,
38BbM6,60,95,CarrotHyrax,43.0,5.0,1,True,0.001,
38BbM6,60,96,CarrotHyrax,43.0,5.0,0,True,0.007,
38BbM6,60,97,CarrotHyrax,43.0,5.0,1,True,0.004,
38BbM6,60,98,CarrotHyrax,43.0,5.0,0,True,0.0,
38BbM6,60,99,CarrotHyrax,43.0,5.0,0,True,0.007,
38BbM6,60,100,CarrotHyrax,43.0,5.0,2,True,0.002,
38BbM6,61,1,CarrotHyrax,61.4,64.0,0,True,0.005,
38BbM6,61,2,CarrotHyrax,61.4,51.2,0,True,0.001,
38BbM6,61,3,CarrotHyrax,61.4,41.0,0,True,0.0,
38BbM6,61,4,CarrotHyrax,61.4,32.8,0,True,0.0,
38BbM6,61,5,CarrotHyrax,61.4,26.2,0,True,0.002,
38BbM6,61,6,CarrotHyrax,61.4,21.0,2,True,0.0,
38BbM6,61,7,CarrotHyrax,61.4,19.6,1,True,0.001,
38BbM6,61,8,CarrotHyrax,61.4,19.0,1,True,0.0,
38BbM6,61,9,CarrotHyrax,61.4,18.9,0,True,0.0,
38BbM6,61,10,CarrotHyrax,61.4,18.5,0,True,0.0,
38BbM6,61,11,CarrotHyrax,51.6,17.8,1,True,0.0,
38BbM6,61,12,CarrotHyrax,51.6,17.6,1,True,0.0,
38BbM6,61,13,CarrotHyrax,51.6,17.5,0,True,0.0,
38BbM6,61,14,CarrotHyrax,51.6,17.1,0,True,0.0,
38BbM6,61,15,CarrotHyrax,51.6,16.5,0,True,0.0,
38BbM6,61,16,CarrotHyrax,51.6,15.6,0,True,0.0,
38BbM6,61,17,CarrotHyrax,51.6,14.6,1,True,0.0,
38BbM6,61,18,CarrotHyrax,51.6,13.9,1,True,0.0,
38BbM6,61,19,CarrotHyrax,51.6,13.4,0,True,0.0,
38BbM6,61,20,CarrotHyrax,51.6,12.9,2,True,0.0,
38BbM6,61,21,CarrotHyrax,55.7,12.7,3,True,0.0,
38BbM6,61,22,CarrotHyrax,55.7,13.2,0,True,0.0,
38BbM6,61,23,CarrotHyrax,55.7,13.5,0,True,0.0,
38BbM6,61,24,CarrotHyrax,55.7,13.7,1,True,0.0,
38BbM6,61,25,CarrotHyrax,55.7,13.9,0,True,0.0,
38BbM6,61,26,CarrotHyrax,55.7,14.1,0,True,0.0,
38BbM6,61,27,CarrotHyrax,55.7,14.1,0,True,0.0,
38BbM6,61,28,CarrotHyrax,55.7,14.0,1,True,0.0,
38BbM6,61,29,CarrotHyrax,55.7,14.0,0,True,0.002,
38BbM6,61,30,CarrotHyrax,55.7,13.9,1,True,0.0,
38BbM6,61,31,CarrotHyrax,37.2,13.8,1,True,0.0,
38BbM6,61,32,CarrotHyrax,37.2,13.9,0,True,0.0,
38BbM6,61,33,CarrotHyrax,37.2,13.8,0,True,0.0,
38BbM6,61,34,CarrotHyrax,37.2,13.7,0,True,0.0,
38BbM6,61,35,CarrotHyrax,37.2,13.5,0,True,0.0,
38BbM6,61,36,CarrotHyrax,37.2,13.3,0,True,0.0,
38BbM6,61,37,CarrotHyrax,37.2,13.0,0,True,0.0,
38BbM6,61,38,CarrotHyrax,37.2,12.6,0,True,0.001,
38BbM6,61,39,CarrotHyrax,37.2,12.2,1,True,0.0,
38BbM6,61,40,CarrotHyrax,37.2,11.9,0,True,0.0,
38BbM6,61,41,CarrotHyrax,65.6,11.6,0,True,0.0,
38BbM6,61,42,CarrotHyrax,65.6,11.2,2,True,0.001,
38BbM6,61,43,CarrotHyrax,65.6,10.9,0,True,0.0,
38BbM6,61,44,CarrotHyrax,65.6,10.7,0,True,0.0,
38BbM6,61,45,CarrotHyrax,65.6,10.4,2,True,0.0,
38BbM6,61,46,CarrotHyrax,65.6,10.3,0,True,0.0,
38BbM6,61,47,CarrotHyrax,65.6,10.1,2,True,0.0,
38BbM6,61,48,CarrotHyrax,65.6,10.0,0,True,0.0,
38BbM6,61,49,CarrotHyrax,65.6,10.0,2,True,0.001,
38BbM6,61,50,CarrotHyrax,65.6,10.0,0,True,0.0,
38BbM6,61,51,CarrotHyrax,46.1,10.0,2,True,0.0,
38BbM6,61,52,CarrotHyrax,46.1,10.0,0,True,0.0,
38BbM6,61,53,CarrotHyrax,46.1,10.1,2,True,0.0,
38BbM6,61,54,CarrotHyrax,46.1,10.2,0,True,0.0,
38BbM6,61,55,CarrotHyrax,46.1,10.2,0,True,0.0,
38BbM6,61,56,CarrotHyrax,46.1,10.2,0,True,0.0,
38BbM6,61,57,CarrotHyrax,46.1,10.2,0,True,0.0,
38BbM6,61,58,CarrotHyrax,46.1,10.1,1,True,0.0,
38BbM6,61,59,CarrotHyrax,46.1,10.0,0,True,0.0,
38BbM6,61,60,CarrotHyrax,46.1,9.9,0,True,0.0,
38BbM6,61,61,CarrotHyrax,71.0,9.8,2,True,0.0,
38BbM6,61,62,CarrotHyrax,71.0,9.7,1,True,0.0,
38BbM6,61,63,CarrotHyrax,71.0,9.7,0,True,0.0,
38BbM6,61,64,CarrotHyrax,71.0,9.5,1,True,0.0,
38BbM6,61,65,CarrotHyrax,71.0,9.4,1,True,0.0,
38BbM6,61,66,CarrotHyrax,71.0,9.3,1,True,0.0,
38BbM6,61,67,CarrotHyrax,71.0,9.2,2,True,0.0,
38BbM6,61,68,CarrotHyrax,71.0,9.1,0,True,0.0,
38BbM6,61,69,CarrotHyrax,71.0,8.9,1,True,0.0,
38BbM6,61,70,CarrotHyrax,71.0,8.8,0,True,0.0,
38BbM6,61,71,CarrotHyrax,30.2,8.7,0,True,0.0,
38BbM6,61,72,CarrotHyrax,30.2,8.4,1,True,0.0,
38BbM6,61,73,CarrotHyrax,30.2,8.2,0,True,0.0,
38BbM6,61,74,CarrotHyrax,30.2,8.0,1,True,0.0,
38BbM6,61,75,CarrotHyrax,30.2,7.8,0,True,0.0,
38BbM6,61,76,CarrotHyrax,30.2,7.5,0,True,0.0,
38BbM6,61,77,CarrotHyrax,30.2,7.2,1,True,0.0,
38BbM6,61,78,CarrotHyrax,30.2,6.9,0,True,0.0,
38BbM6,61,79,CarrotHyrax,30.2,6.6,0,True,0.0,
38BbM6,61,80,CarrotHyrax,30.2,6.3,0,True,0.0,
38BbM6,61,81,CarrotHyrax,52.0,6.0,1,True,0.0,
38BbM6,61,82,CarrotHyrax,52.0,5.7,1,True,0.0,
38BbM6,61,83,CarrotHyrax,52.0,5.4,1,True,0.0,
38BbM6,61,84,CarrotHyrax,52.0,5.1,0,True,0.0,
38BbM6,61,85,CarrotHyrax,52.0,5.0,0,True,0.0,
38BbM6,61,86,CarrotHyrax,52.0,5.0,0,True,0.0,
38BbM6,61,87,CarrotHyrax,52.0,5.0,0,True,0.0,
38BbM6,61,88,CarrotHyrax,52.0,5.0,0,True,0.0,
38BbM6,61,89,CarrotHyrax,52.0,5.0,2,True,0.0,
38BbM6,61,90,CarrotHyrax,52.0,5.0,1,True,0.0,
38BbM6,61,91,CarrotHyrax,41.0,5.0,1,True,0.0,
38BbM6,61,92,CarrotHyrax,41.0,5.0,0,True,0.0,
38BbM6,61,93,CarrotHyrax,41.0,5.0,0,True,0.0,
38BbM6,61,94,CarrotHyrax,41.0,5.0,0,True,0.0,
38BbM6,61,95,CarrotHyrax,41.0,5.0,0,True,0.0,
38BbM6,61,96,CarrotHyrax,41.0,5.0,0,True,0.0,
38BbM6,61,97,CarrotHyrax,41.0,5.0,1,True,0.0,
38BbM6,61,98,CarrotHyrax,41.0,5.0,0,True,0.0,
38BbM6,61,99,CarrotHyrax,41.0,5.0,0,True,0.0,
38BbM6,61,100,CarrotHyrax,41.0,5.0,1,True,0.0,
38BbM6,62,1,CarrotHyrax,73.5,86.0,0,True,0.0,
38BbM6,62,2,CarrotHyrax,73.5,68.8,0,True,0.0,
38BbM6,62,3,CarrotHyrax,73.5,55.0,0,True,0.0,
38BbM6,62,4,CarrotHyrax,73.5,44.0,0,True,0.0,
38BbM6,62,5,CarrotHyrax,73.5,35.2,0,True,0.0,
38BbM6,62,6,CarrotHyrax,73.5,28.2,0,True,0.0,
38BbM6,62,7,CarrotHyrax,73.5,22.5,1,True,0.0,
38BbM6,62,8,CarrotHyrax,73.5,19.3,1,True,0.0,
38BbM6,62,9,CarrotHyrax,73.5,17.4,1,True,0.0,
38BbM6,62,10,CarrotHyrax,68.1,16.2,1,True,0.0,
38BbM6,62,11,CarrotHyrax,68.1,15.6,0,True,0.0,
38BbM6,62,12,CarrotHyrax,68.1,14.8,0,True,0.0,
38BbM6,62,13,CarrotHyrax,68.1,13.8,0,True,0.0,
38BbM6,62,14,CarrotHyrax,68.1,12.6,3,True,0.0,
38BbM6,62,15,CarrotHyrax,68.1,12.5,1,True,0.0,
38BbM6,62,16,CarrotHyrax,68.1,12.5,0,True,0.0,
38BbM6,62,17,CarrotHyrax,68.1,12.2,0,True,0.0,
38BbM6,62,18,CarrotHyrax,68.1,11.9,2,True,0.0,
38BbM6,62,19,CarrotHyrax,68.1,12.0,0,True,0.0,
38BbM6,62,20,CarrotHyrax,47.1,12.0,0,True,0.0,
38BbM6,62,21,CarrotHyrax,47.1,11.8,0,True,0.0,
38BbM6,62,22,CarrotHyrax,47.1,11.6,0,True,0.0,
38BbM6,62,23,CarrotHyrax,47.1,11.3,0,True,0.0,
38BbM6,62,24,CarrotHyrax,47.1,10.9,0,True,0.0,
38BbM6,62,25,CarrotHyrax,47.1,10.4,2,True,0.0,
38BbM6,62,26,CarrotHyrax,47.1,10.2,1,True,0.0,
38BbM6,62,27,CarrotHyrax,47.1,10.1,0,True,0.0,
38BbM6,62,28,CarrotHyrax,47.1,9.9,1,True,0.0,
38BbM6,62,29,CarrotHyrax,47.1,9.7,0,True,0.0,
38BbM6,62,30,CarrotHyrax,61.6,9.5,0,True,0.0,
38BbM6,62,31,CarrotHyrax,61.6,9.2,2,True,0.0,
38BbM6,62,32,CarrotHyrax,61.6,9.2,0,True,0.0,
38BbM6,62,33,CarrotHyrax,61.6,9.0,0,True,0.0,
38BbM6,62,34,CarrotHyrax,61.6,8.9,1,True,0.0,
38BbM6,62,35,CarrotHyrax,61.6,8.8,0,True,0.0,
38BbM6,62,36,CarrotHyrax,61.6,8.6,0,True,0.0,
38BbM6,62,37,CarrotHyrax,61.6,8.4,0,True,0.0,
38BbM6,62,38,CarrotHyrax,61.6,8.2,1,True,0.0,
38BbM6,62,39,CarrotHyrax,61.6,8.0,1,True,0.0,
38BbM6,62,40,CarrotHyrax,42.8,7.9,0,True,0.0,
38BbM6,62,41,CarrotHyrax,42.8,7.7,1,True,0.0,
38BbM6,62,42,CarrotHyrax,42.8,7.6,0,True,0.0,
38BbM6,62,43,CarrotHyrax,42.8,7.4,0,True,0.0,
38BbM6,62,44,CarrotHyrax,42.8,7.3,1,True,0.001,
38BbM6,62,45,CarrotHyrax,42.8,7.1,0,True,0.0,
38BbM6,62,46,CarrotHyrax,42.8,7.0,2,True,0.0,
38BbM6,62,47,CarrotHyrax,42.8,6.9,1,True,0.0,
38BbM6,62,48,CarrotHyrax,42.8,6.9,2,True,0.0,
38BbM6,62,49,CarrotHyrax,42.8,6.9,1,True,0.0,
38BbM6,62,50,CarrotHyrax,54.5,7.0,1,True,0.0,
38BbM6,62,51,CarrotHyrax,54.5,7.1,0,True,0.0,
38BbM6,62,52,CarrotHyrax,54.5,7.2,0,True,0.0,
38BbM6,62,53,CarrotHyrax,54.5,7.2,1,True,0.0,
38BbM6,62,54,CarrotHyrax,54.5,7.2,0,True,0.0,
38BbM6,62,55,CarrotHyrax,54.5,7.2,0,True,0.0,
38BbM6,62,56,CarrotHyrax,54.5,7.1,0,True,0.0,
38BbM6,62,57,CarrotHyrax,54.5,7.1,1,True,0.0,
38BbM6,62,58,CarrotHyrax,54.5,7.0,1,True,0.0,
38BbM6,62,59,CarrotHyrax,54.5,7.0,0,True,0.0,
38BbM6,62,60,CarrotHyrax,45.5,6.9,1,True,0.0,
38BbM6,62,61,CarrotHyrax,45.5,6.8,1,True,0.0,
38BbM6,62,62,CarrotHyrax,45.5,6.8,0,True,0.0,
38BbM6,62,63,CarrotHyrax,45.5,6.7,0,True,0.0,
38BbM6,62,64,CarrotHyrax,45.5,6.6,1,True,0.0,
38BbM6,62,65,CarrotHyrax,45.5,6.4,0,True,0.0,
38BbM6,62,66,CarrotHyrax,45.5,6.3,0,True,0.0,
38BbM6,62,67,CarrotHyrax,45.5,6.1,1,True,0.0,
38BbM6,62,68,CarrotHyrax,45.5,5.9,0,True,0.0,
38BbM6,62,69,CarrotHyrax,45.5,5.7,0,True,0.0,
38BbM6,62,70,CarrotHyrax,57.2,5.5,0,True,0.0,
38BbM6,62,71,CarrotHyrax,57.2,5.3,1,True,0.0,
38BbM6,62,72,CarrotHyrax,57.2,5.1,2,True,0.0,
38BbM6,62,73,CarrotHyrax,57.2,5.0,1,True,0.0,
38BbM6,62,74,CarrotHyrax,57.2,5.0,1,True,0.0,
38BbM6,62,75,CarrotHyrax,57.2,5.0,1,True,0.0,
38BbM6,62,76,CarrotHyrax,57.2,5.0,0,True,0.0,
38BbM6,62,77,CarrotHyrax,57.2,5.0,1,True,0.0,
38BbM6,62,78,CarrotHyrax,57.2,5.0,1,True,0.0,
38BbM6,62,79,CarrotHyrax,57.2,5.0,0,True,0.0,
38BbM6,62,80,CarrotHyrax,72.9,5.0,0,True,0.0,
38BbM6,62,81,CarrotHyrax,72.9,5.0,0,True,0.0,
38BbM6,62,82,CarrotHyrax,72.9,5.0,2,True,0.0,
38BbM6,62,83,CarrotHyrax,72.9,5.0,2,True,0.0,
38BbM6,62,84,CarrotHyrax,72.9,5.0,0,True,0.0,
38BbM6,62,85,CarrotHyrax,72.9,5.0,1,True,0.0,
38BbM6,62,86,CarrotHyrax,72.9,5.0,2,True,0.0,
38BbM6,62,87,CarrotHyrax,72.9,5.0,0,True,0.0,
38BbM6,62,88,CarrotHyrax,72.9,5.0,1,True,0.0,
38BbM6,62,89,CarrotHyrax,72.9,5.0,0,True,0.0,
38BbM6,62,90,CarrotHyrax,54.7,5.0,0,True,0.0,
38BbM6,62,91,CarrotHyrax,54.7,5.0,0,True,0.0,
38BbM6,62,92,CarrotHyrax,54.7,5.0,0,True,0.0,
38BbM6,62,93,CarrotHyrax,54.7,5.0,1,True,0.0,
38BbM6,62,94,CarrotHyrax,54.7,5.0,0,True,0.0,
38BbM6,62,95,CarrotHyrax,54.7,5.0,0,True,0.0,
38BbM6,62,96,CarrotHyrax,54.7,5.0,1,True,0.0,
38BbM6,62,97,CarrotHyrax,54.7,5.0,0,True,0.0,
38BbM6,62,98,CarrotHyrax,54.7,5.0,1,True,0.0,
38BbM6,62,99,CarrotHyrax,54.7,5.0,0,True,0.0,
38BbM6,62,100,CarrotHyrax,42.9,5.0,1,True,0.0,
38BbM6,63,1,CarrotHyrax,42.9,78.0,0,True,0.0,
38BbM6,63,2,CarrotHyrax,42.9,62.4,0,True,0.0,
38BbM6,63,3,CarrotHyrax,42.9,49.9,0,True,0.0,
38BbM6,63,4,CarrotHyrax,42.9,39.9,0,True,0.0,
38BbM6,63,5,CarrotHyrax,42.9,31.9,1,True,0.0,
38BbM6,63,6,CarrotHyrax,42.9,27.9,0,True,0.0,
38BbM6,63,7,CarrotHyrax,42.9,24.2,0,True,0.0,
38BbM6,63,8,CarrotHyrax,42.9,20.7,0,True,0.0,
38BbM6,63,9,CarrotHyrax,49.9,17.6,0,True,0.0,
38BbM6,63,10,CarrotHyrax,49.9,14.9,0,True,0.0,
38BbM6,63,11,CarrotHyrax,49.9,12.5,0,True,0.0,
38BbM6,63,12,CarrotHyrax,49.9,10.5,0,True,0.0,
38BbM6,63,13,CarrotHyrax,49.9,8.7,0,True,0.0,
38BbM6,63,14,CarrotHyrax,49.9,7.2,1,True,0.0,
38BbM6,63,15,CarrotHyrax,49.9,6.2,0,True,0.0,
38BbM6,63,16,CarrotHyrax,49.9,5.2,1,True,0.0,
38BbM6,63,17,CarrotHyrax,49.9,5.0,0,True,0.0,
38BbM6,63,18,CarrotHyrax,49.9,5.0,2,True,0.0,
38BbM6,63,19,CarrotHyrax,35.0,5.0,0,True,0.0,
38BbM6,63,20,CarrotHyrax,35.0,5.0,0,True,0.0,
38BbM6,63,21,CarrotHyrax,35.0,5.0,0,True,0.0,
38BbM6,63,22,CarrotHyrax,35.0,5.0,0,True,0.0,
38BbM6,63,23,CarrotHyrax,35.0,5.0,1,True,0.0,
38BbM6,63,24,CarrotHyrax,35.0,5.0,2,True,0.0,
38BbM6,63,25,CarrotHyrax,35.0,5.0,0,True,0.0,
38BbM6,63,26,CarrotHyrax,35.0,5.0,0,True,0.0,
38BbM6,63,27,CarrotHyrax,35.0,5.0,1,True,0.0,
38BbM6,63,28,CarrotHyrax,35.0,5.0,1,True,0.0,
38BbM6,63,29,CarrotHyrax,63.8,5.0,0,True,0.0,
38BbM6,63,30,CarrotHyrax,63.8,5.0,1,True,0.0,
38BbM6,63,31,CarrotHyrax,63.8,5.0,1,True,0.0,
38BbM6,63,32,CarrotHyrax,63.8,5.0,0,True,0.0,
38BbM6,63,33,CarrotHyrax,63.8,5.0,1,True,0.0,
38BbM6,63,34,CarrotHyrax,63.8,5.0,1,True,0.0,
38BbM6,63,35,CarrotHyrax,63.8,5.0,0,True,0.0,
38BbM6,63,36,CarrotHyrax,63.8,5.0,1,True,0.0,
38BbM6,63,37,CarrotHyrax,63.8,5.0,1,True,0.0,
38BbM6,63,38,CarrotHyrax,63.8,5.0,0,True,0.0,
38BbM6,63,39,CarrotHyrax,45.2,5.0,1,True,0.0,
38BbM6,63,40,CarrotHyrax,45.2,5.0,0,True,0.0,
38BbM6,63,41,CarrotHyrax,45.2,5.0,0,True,0.0,
38BbM6,63,42,CarrotHyrax,45.2,5.0,1,True,0.0,
38BbM6,63,43,CarrotHyrax,45.2,5.0,2,True,0.0,
38BbM6,63,44,CarrotHyrax,45.2,5.0,0,True,0.0,
38BbM6,63,45,CarrotHyrax,45.2,5.0,1,True,0.0,
38BbM6,63,46,CarrotHyrax,45.2,5.0,2,True,0.0,
38BbM6,63,47,CarrotHyrax,45.2,5.0,0,True,0.0,
38BbM6,63,48,CarrotHyrax,45.2,5.0,1,True,0.0,
38BbM6,63,49,CarrotHyrax,70.8,5.0,2,True,0.0,
38BbM6,63,50,CarrotHyrax,70.8,5.0,0,True,0.0,
38BbM6,63,51,CarrotHyrax,70.8,5.0,0,True,0.0,
38BbM6,63,52,CarrotHyrax,70.8,5.0,0,True,0.0,
38BbM6,63,53,CarrotHyrax,70.8,5.0,0,True,0.0,
38BbM6,63,54,CarrotHyrax,70.8,5.0,2,True,0.001,
38BbM6,63,55,CarrotHyrax,70.8,5.0,1,True,0.0,
38BbM6,63,56,CarrotHyrax,70.8,5.0,0,True,0.0,
38BbM6,63,57,CarrotHyrax,70.8,5.0,1,True,0.0,
38BbM6,63,58,CarrotHyrax,70.8,5.0,0,True,0.0,
38BbM6,63,59,CarrotHyrax,56.1,5.0,0,True,0.0,
38BbM6,63,60,CarrotHyrax,56.1,5.0,0,True,0.0,
38BbM6,63,61,CarrotHyrax,56.1,5.0,0,True,0.0,
38BbM6,63,62,CarrotHyrax,56.1,5.0,0,True,0.0,
38BbM6,63,63,CarrotHyrax,56.1,5.0,1,True,0.0,
38BbM6,63,64,CarrotHyrax,56.1,5.0,0,True,0.0,
38BbM6,63,65,CarrotHyrax,56.1,5.0,0,True,0.0,
38BbM6,63,66,CarrotHyrax,56.1,5.0,1,True,0.0,
38BbM6,63,67,CarrotHyrax,56.1,5.0,1,True,0.0,
38BbM6,63,68,CarrotHyrax,56.1,5.0,0,True,0.0,
38BbM6,63,69,CarrotHyrax,41.7,5.0,0,True,0.0,
38BbM6,63,70,CarrotHyrax,41.7,5.0,0,True,0.0,
38BbM6,63,71,CarrotHyrax,41.7,5.0,0,True,0.0,
38BbM6,63,72,CarrotHyrax,41.7,5.0,1,True,0.0,
38BbM6,63,73,CarrotHyrax,41.7,5.0,0,True,0.0,
38BbM6,63,74,CarrotHyrax,41.7,5.0,1,True,0.0,
38BbM6,63,75,CarrotHyrax,41.7,5.0,0,True,0.0,
38BbM6,63,76,CarrotHyrax,41.7,5.0,0,True,0.0,
38BbM6,63,77,CarrotHyrax,41.7,5.0,0,True,0.0,
38BbM6,63,78,CarrotHyrax,41.7,5.0,0,True,0.0,
38BbM6,63,79,CarrotHyrax,65.3,5.0,0,True,0.0,
38BbM6,63,80,CarrotHyrax,65.3,5.0,0,True,0.0,
38BbM6,63,81,CarrotHyrax,65.3,5.0,0,True,0.0,
38BbM6,63,82,CarrotHyrax,65.3,5.0,3,True,0.0,
38BbM6,63,83,CarrotHyrax,65.3,5.0,0,True,0.0,
38BbM6,63,84,CarrotHyrax,65.3,5.0,0,True,0.0,
38BbM6,63,85,CarrotHyrax,65.3,5.0,0,True,0.0,
38BbM6,63,86,CarrotHyrax,65.3,5.0,0,True,0.0,
38BbM6,63,87,CarrotHyrax,65.3,5.0,0,True,0.0,
38BbM6,63,88,CarrotHyrax,65.3,5.0,1,True,0.0,
38BbM6,63,89,CarrotHyrax,77.4,5.0,0,True,0.0,
38BbM6,63,90,CarrotHyrax,77.4,5.0,0,True,0.0,
38BbM6,63,91,CarrotHyrax,77.4,5.0,0,True,0.0,
38BbM6,63,92,CarrotHyrax,77.4,5.0,0,True,0.0,
38BbM6,63,93,CarrotHyrax,77.4,5.0,0,True,0.0,
38BbM6,63,94,CarrotHyrax,77.4,5.0,0,True,0.0,
38BbM6,63,95,CarrotHyrax,77.4,5.0,1,True,0.0,
38BbM6,63,96,CarrotHyrax,77.4,5.0,1,True,0.0,
38BbM6,63,97,CarrotHyrax,77.4,5.0,2,True,0.0,
38BbM6,63,98,CarrotHyrax,77.4,5.0,1,True,0.0,
38BbM6,63,99,CarrotHyrax,40.0,5.0,0,True,0.0,
38BbM6,63,100,CarrotHyrax,40.0,5.0,1,True,0.0,
38BbM6,64,1,CarrotHyrax,40.0,64.0,0,True,0.0,
38BbM6,64,2,CarrotHyrax,40.0,51.2,0,True,0.0,
38BbM6,64,3,CarrotHyrax,40.0,41.0,0,True,0.0,
38BbM6,64,4,CarrotHyrax,40.0,32.8,0,True,0.0,
38BbM6,64,5,CarrotHyrax,40.0,26.2,0,True,0.0,
38BbM6,64,6,CarrotHyrax,40.0,21.0,0,True,0.0,
38BbM6,64,7,CarrotHyrax,40.0,16.8,1,True,0.0,
38BbM6,64,8,CarrotHyrax,72.7,14.4,0,True,0.0,
38BbM6,64,9,CarrotHyrax,72.7,12.2,1,True,0.0,
38BbM6,64,10,CarrotHyrax,72.7,10.8,0,True,0.0,
38BbM6,64,11,CarrotHyrax,72.7,9.6,0,True,0.0,
38BbM6,64,12,CarrotHyrax,72.7,8.4,0,True,0.0,
38BbM6,64,13,CarrotHyrax,72.7,7.2,1,True,0.0,
38BbM6,64,14,CarrotHyrax,72.7,6.4,0,True,0.0,
38BbM6,64,15,CarrotHyrax,72.7,5.7,0,True,0.0,
38BbM6,64,16,CarrotHyrax,72.7,5.0,2,True,0.0,
38BbM6,64,17,CarrotHyrax,72.7,5.0,0,True,0.0,
38BbM6,64,18,CarrotHyrax,53.3,5.0,0,True,0.0,
38BbM6,64,19,CarrotHyrax,53.3,5.0,0,True,0.0,
38BbM6,64,20,CarrotHyrax,53.3,5.0,0,True,0.0,
38BbM6,64,21,CarrotHyrax,53.3,5.0,0,True,0.0,
38BbM6,64,22,CarrotHyrax,53.3,5.0,0,True,0.0,
38BbM6,64,23,CarrotHyrax,53.3,5.0,1,True,0.0,
38BbM6,64,24,CarrotHyrax,53.3,5.0,0,True,0.0,
38BbM6,64,25,CarrotHyrax,53.3,5.0,0,True,0.0,
38BbM6,64,26,CarrotHyrax,53.3,5.0,1,True,0.0,
38BbM6,64,27,CarrotHyrax,53.3,5.0,0,True,0.0,
38BbM6,64,28,CarrotHyrax,45.4,5.0,0,True,0.0,
38BbM6,64,29,CarrotHyrax,45.4,5.0,1,True,0.0,
38BbM6,64,30,CarrotHyrax,45.4,5.0,0,True,0.0,
38BbM6,64,31,CarrotHyrax,45.4,5.0,0,True,0.0,
38BbM6,64,32,CarrotHyrax,45.4,5.0,0,True,0.0,
38BbM6,64,33,CarrotHyrax,45.4,5.0,0,True,0.0,
38BbM6,64,34,CarrotHyrax,45.4,5.0,1,True,0.0,
38BbM6,64,35,CarrotHyrax,45.4,5.0,1,True,0.0,
38BbM6,64,36,CarrotHyrax,45.4,5.0,0,True,0.0,
38BbM6,64,37,CarrotHyrax,45.4,5.0,1,True,0.0,
38BbM6,64,38,CarrotHyrax,34.0,5.0,0,True,0.0,
38BbM6,64,39,CarrotHyrax,34.0,5.0,0,True,0.0,
38BbM6,64,40,CarrotHyrax,34.0,5.0,0,True,0.0,
38BbM6,64,41,CarrotHyrax,34.0,5.0,0,True,0.0,
38BbM6,64,42,CarrotHyrax,34.0,5.0,0,True,0.0,
38BbM6,64,43,CarrotHyrax,34.0,5.0,1,True,0.0,
38BbM6,64,44,CarrotHyrax,34.0,5.0,0,True,0.0,
38BbM6,64,45,CarrotHyrax,34.0,5.0,0,True,0.0,
38BbM6,64,46,CarrotHyrax,34.0,5.0,1,True,0.0,
38BbM6,64,47,CarrotHyrax,34.0,5.0,0,True,0.0,
38BbM6,64,48,CarrotHyrax,55.0,5.0,0,True,0.0,
38BbM6,64,49,CarrotHyrax,55.0,5.0,0,True,0.0,
38BbM6,64,50,CarrotHyrax,55.0,5.0,0,True,0.0,
38BbM6,64,51,CarrotHyrax,55.0,5.0,0,True,0.0,
38BbM6,64,52,CarrotHyrax,55.0,5.0,0,True,0.001,
38BbM6,64,53,CarrotHyrax,55.0,5.0,0,True,0.0,
38BbM6,64,54,CarrotHyrax,55.0,5.0,0,True,0.0,
38BbM6,64,55,CarrotHyrax,55.0,5.0,0,True,0.0,
38BbM6,64,56,CarrotHyrax,55.0,5.0,0,True,0.0,
38BbM6,64,57,CarrotHyrax,55.0,5.0,0,True,0.0,
38BbM6,64,58,CarrotHyrax,30.1,5.0,0,True,0.0,
38BbM6,64,59,CarrotHyrax,30.1,5.0,1,True,0.0,
38BbM6,64,60,CarrotHyrax,30.1,5.0,0,True,0.0,
38BbM6,64,61,CarrotHyrax,30.1,5.0,0,True,0.0,
38BbM6,64,62,CarrotHyrax,30.1,5.0,0,True,0.0,
38BbM6,64,63,CarrotHyrax,30.1,5.0,0,True,0.0,
38BbM6,64,64,CarrotHyrax,30.1,5.0,1,True,0.0,
38BbM6,64,65,CarrotHyrax,30.1,5.0,0,True,0.0,
38BbM6,64,66,CarrotHyrax,30.1,5.0,1,True,0.0,
38BbM6,64,67,CarrotHyrax,30.1,5.0,1,True,0.0,
38BbM6,64,68,CarrotHyrax,30.8,5.0,1,True,0.0,
38BbM6,64,69,CarrotHyrax,30.8,5.0,1,True,0.0,
38BbM6,64,70,CarrotHyrax,30.8,5.0,1,True,0.0,
38BbM6,64,71,CarrotHyrax,30.8,5.0,0,True,0.0,
38BbM6,64,72,CarrotHyrax,30.8,5.0,1,True,0.0,
38BbM6,64,73,CarrotHyrax,30.8,5.0,1,True,0.0,
38BbM6,64,74,CarrotHyrax,30.8,5.0,1,True,0.0,
38BbM6,64,75,CarrotHyrax,30.8,5.0,0,True,0.0,
38BbM6,64,76,CarrotHyrax,30.8,5.0,0,True,0.0,
38BbM6,64,77,CarrotHyrax,30.8,5.0,1,True,0.0,
38BbM6,64,78,CarrotHyrax,70.2,5.0,0,True,0.001,
38BbM6,64,79,CarrotHyrax,70.2,5.0,1,True,0.0,
38BbM6,64,80,CarrotHyrax,70.2,5.0,2,True,0.001,
38BbM6,64,81,CarrotHyrax,70.2,5.0,0,True,0.0,
38BbM6,64,82,CarrotHyrax,70.2,5.0,0,True,0.0,
38BbM6,64,83,CarrotHyrax,70.2,5.0,1,True,0.001,
38BbM6,64,84,CarrotHyrax,70.2,5.0,1,True,0.0,
38BbM6,64,85,CarrotHyrax,70.2,5.0,1,True,0.0,
38BbM6,64,86,CarrotHyrax,70.2,5.0,0,True,0.0,
38BbM6,64,87,CarrotHyrax,70.2,5.0,1,True,0.001,
38BbM6,64,88,CarrotHyrax,34.7,5.0,0,True,0.0,
38BbM6,64,89,CarrotHyrax,34.7,5.0,0,True,0.0,
38BbM6,64,90,CarrotHyrax,34.7,5.0,1,True,0.0,
38BbM6,64,91,CarrotHyrax,34.7,5.0,0,True,0.0,
38BbM6,64,92,CarrotHyrax,34.7,5.0,1,True,0.0,
38BbM6,64,93,CarrotHyrax,34.7,5.0,0,True,0.0,
38BbM6,64,94,CarrotHyrax,34.7,5.0,1,True,0.0,
38BbM6,64,95,CarrotHyrax,34.7,5.0,0,True,0.0,
38BbM6,64,96,CarrotHyrax,34.7,5.0,1,True,0.0,
38BbM6,64,97,CarrotHyrax,34.7,5.0,1,True,0.0,
38BbM6,64,98,CarrotHyrax,51.6,5.0,1,True,0.0,
38BbM6,64,99,CarrotHyrax,51.6,5.0,0,True,0.0,
38BbM6,64,100,CarrotHyrax,51.6,5.0,0,True,0.0,
38BbM6,65,1,CarrotHyrax,51.6,53.0,0,True,0.001,
38BbM6,65,2,CarrotHyrax,51.6,42.4,0,True,0.0,
38BbM6,65,3,CarrotHyrax,51.6,33.9,0,True,0.001,
38BbM6,65,4,CarrotHyrax,51.6,27.1,0,True,0.0,
38BbM6,65,5,CarrotHyrax,51.6,21.7,0,True,0.0,
38BbM6,65,6,CarrotHyrax,51.6,17.4,0,True,0.0,
38BbM6,65,7,CarrotHyrax,55.7,13.9,0,True,0.0,
38BbM6,65,8,CarrotHyrax,55.7,11.1,1,True,0.0,
38BbM6,65,9,CarrotHyrax,55.7,9.4,0,True,0.0,
38BbM6,65,10,CarrotHyrax,55.7,8.0,1,True,0.0,
38BbM6,65,11,CarrotHyrax,55.7,7.0,0,True,0.0,
38BbM6,65,12,CarrotHyrax,55.7,6.1,0,True,0.0,
38BbM6,65,13,CarrotHyrax,55.7,5.3,0,True,0.0,
38BbM6,65,14,CarrotHyrax,55.7,5.0,1,True,0.0,
38BbM6,65,15,CarrotHyrax,55.7,5.0,1,True,0.001,
38BbM6,65,16,CarrotHyrax,55.7,5.0,0,True,0.0,
38BbM6,65,17,CarrotHyrax,52.4,5.0,0,True,0.0,
38BbM6,65,18,CarrotHyrax,52.4,5.0,2,True,0.0,
38BbM6,65,19,CarrotHyrax,52.4,5.0,2,True,0.0,
38BbM6,65,20,CarrotHyrax,52.4,5.0,1,True,0.0,
38BbM6,65,21,CarrotHyrax,52.4,5.0,0,True,0.001,
38BbM6,65,22,CarrotHyrax,52.4,5.0,0,True,0.0,
38BbM6,65,23,CarrotHyrax,52.4,5.0,2,True,0.0,
38BbM6,65,24,CarrotHyrax,52.4,5.0,1,True,0.0,
38BbM6,65,25,CarrotHyrax,52.4,5.0,0,True,0.0,
38BbM6,65,26,CarrotHyrax,52.4,5.0,0,True,0.001,
38BbM6,65,27,CarrotHyrax,51.6,5.0,1,True,0.0,
38BbM6,65,28,CarrotHyrax,51.6,5.0,0,True,0.0,
38BbM6,65,29,CarrotHyrax,51.6,5.0,0,True,0.0,
38BbM6,65,30,CarrotHyrax,51.6,5.0,0,True,0.0,
38BbM6,65,31,CarrotHyrax,51.6,5.0,0,True,0.0,
38BbM6,65,32,CarrotHyrax,51.6,5.0,1,True,0.0,
38BbM6,65,33,CarrotHyrax,51.6,5.0,1,True,0.0,
38BbM6,65,34,CarrotHyrax,51.6,5.0,0,True,0.0,
38BbM6,65,35,CarrotHyrax,51.6,5.0,0,True,0.0,
38BbM6,65,36,CarrotHyrax,51.6,5.0,1,True,0.0,
38BbM6,65,37,CarrotHyrax,51.8,5.0,0,True,0.0,
38BbM6,65,38,CarrotHyrax,51.8,5.0,2,True,0.0,
38BbM6,65,39,CarrotHyrax,51.8,5.0,1,True,0.0,
38BbM6,65,40,CarrotHyrax,51.8,5.0,1,True,0.0,
38BbM6,65,41,CarrotHyrax,51.8,5.0,0,True,0.0,
38BbM6,65,42,CarrotHyrax,51.8,5.0,0,True,0.0,
38BbM6,65,43,CarrotHyrax,51.8,5.0,2,True,0.0,
38BbM6,65,44,CarrotHyrax,51.8,5.0,1,True,0.0,
38BbM6,65,45,CarrotHyrax,51.8,5.0,0,True,0.0,
38BbM6,65,46,CarrotHyrax,51.8,5.0,0,True,0.0,
38BbM6,65,47,CarrotHyrax,53.5,5.0,2,True,0.0,
38BbM6,65,48,CarrotHyrax,53.5,5.0,0,True,0.0,
38BbM6,65,49,CarrotHyrax,53.5,5.0,0,True,0.0,
38BbM6,65,50,CarrotHyrax,53.5,5.0,0,True,0.0,
38BbM6,65,51,CarrotHyrax,53.5,5.0,0,True,0.0,
38BbM6,65,52,CarrotHyrax,53.5,5.0,1,True,0.0,
38BbM6,65,53,CarrotHyrax,53.5,5.0,1,True,0.0,
38BbM6,65,54,CarrotHyrax,53.5,5.0,0,True,0.0,
38BbM6,65,55,CarrotHyrax,53.5,5.0,0,True,0.0,
38BbM6,65,56,CarrotHyrax,53.5,5.0,1,True,0.0,
38BbM6,65,57,CarrotHyrax,58.8,5.0,1,True,0.0,
38BbM6,65,58,CarrotHyrax,58.8,5.0,1,True,0.0,
38BbM6,65,59,CarrotHyrax,58.8,5.0,0,True,0.0,
38BbM6,65,60,CarrotHyrax,58.8,5.0,1,True,0.0,
38BbM6,65,61,CarrotHyrax,58.8,5.0,0,True,0.0,
38BbM6,65,62,CarrotHyrax,58.8,5.0,0,True,0.001,
38BbM6,65,63,CarrotHyrax,58.8,5.0,1,True,0.0,
38BbM6,65,64,CarrotHyrax,58.8,5.0,0,True,0.001,
38BbM6,65,65,CarrotHyrax,58.8,5.0,2,True,0.0,
38BbM6,65,66,CarrotHyrax,58.8,5.0,0,True,0.0,
38BbM6,65,67,CarrotHyrax,42.6,5.0,0,True,0.0,
38BbM6,65,68,CarrotHyrax,42.6,5.0,0,True,0.0,
38BbM6,65,69,CarrotHyrax,42.6,5.0,1,True,0.0,
38BbM6,65,70,CarrotHyrax,42.6,5.0,0,True,0.0,
38BbM6,65,71,CarrotHyrax,42.6,5.0,1,True,0.0,
38BbM6,65,72,CarrotHyrax,42.6,5.0,0,True,0.0,
38BbM6,65,73,CarrotHyrax,42.6,5.0,1,True,0.0,
38BbM6,65,74,CarrotHyrax,42.6,5.0,0,True,0.0,
38BbM6,65,75,CarrotHyrax,42.6,5.0,1,True,0.001,
38BbM6,65,76,CarrotHyrax,42.6,5.0,0,True,0.0,
38BbM6,65,77,CarrotHyrax,66.0,5.0,2,True,0.0,
38BbM6,65,78,CarrotHyrax,66.0,5.0,1,True,0.0,
38BbM6,65,79,CarrotHyrax,66.0,5.0,1,True,0.0,
38BbM6,65,80,CarrotHyrax,66.0,5.0,2,True,0.0,
38BbM6,65,81,CarrotHyrax,66.0,5.0,0,True,0.0,
38BbM6,65,82,CarrotHyrax,66.0,5.0,0,True,0.0,
38BbM6,65,83,CarrotHyrax,66.0,5.0,1,True,0.001,
38BbM6,65,84,CarrotHyrax,66.0,5.0,1,True,0.0,
38BbM6,65,85,CarrotHyrax,66.0,5.0,0,True,0.0,
38BbM6,65,86,CarrotHyrax,66.0,5.0,1,True,0.0,
38BbM6,65,87,CarrotHyrax,78.7,5.0,0,True,0.0,
38BbM6,65,88,CarrotHyrax,78.7,5.0,0,True,0.0,
38BbM6,65,89,CarrotHyrax,78.7,5.0,2,True,0.0,
38BbM6,65,90,CarrotHyrax,78.7,5.0,2,True,0.001,
38BbM6,65,91,CarrotHyrax,78.7,5.0,0,True,0.0,
38BbM6,65,92,CarrotHyrax,78.7,5.0,1,True,0.0,
38BbM6,65,93,CarrotHyrax,78.7,5.0,0,True,0.0,
38BbM6,65,94,CarrotHyrax,78.7,5.0,2,True,0.0,
38BbM6,65,95,CarrotHyrax,78.7,5.0,2,True,0.0,
38BbM6,65,96,CarrotHyrax,78.7,5.0,0,True,0.0,
38BbM6,65,97,CarrotHyrax,40.9,5.0,0,True,0.0,
38BbM6,65,98,CarrotHyrax,40.9,5.0,2,True,0.0,
38BbM6,65,99,CarrotHyrax,40.9,5.0,2,True,0.0,
38BbM6,65,100,CarrotHyrax,40.9,5.0,0,True,0.0,
38BbM6,66,1,CarrotHyrax,40.9,52.0,0,True,0.0,
38BbM6,66,2,CarrotHyrax,40.9,41.6,0,True,0.0,
38BbM6,66,3,CarrotHyrax,40.9,33.3,1,True,0.0,
38BbM6,66,4,CarrotHyrax,40.9,30.9,0,True,0.0,
38BbM6,66,5,CarrotHyrax,40.9,27.7,1,True,0.0,
38BbM6,66,6,CarrotHyrax,52.2,26.2,0,True,0.0,
38BbM6,66,7,CarrotHyrax,52.2,24.5,1,True,0.0,
38BbM6,66,8,CarrotHyrax,52.2,23.8,0,True,0.0,
38BbM6,66,9,CarrotHyrax,52.2,22.5,0,True,0.0,
38BbM6,66,10,CarrotHyrax,52.2,21.0,0,True,0.0,
38BbM6,66,11,CarrotHyrax,52.2,19.4,0,True,0.0,
38BbM6,66,12,CarrotHyrax,52.2,17.7,1,True,0.0,
38BbM6,66,13,CarrotHyrax,52.2,16.4,0,True,0.0,
38BbM6,66,14,CarrotHyrax,52.2,15.1,1,True,0.0,
38BbM6,66,15,CarrotHyrax,52.2,14.1,0,True,0.0,
38BbM6,66,16,CarrotHyrax,31.3,13.0,0,True,0.0,
38BbM6,66,17,CarrotHyrax,31.3,11.9,1,True,0.0,
38BbM6,66,18,CarrotHyrax,31.3,11.1,2,True,0.0,
38BbM6,66,19,CarrotHyrax,31.3,10.7,0,True,0.0,
38BbM6,66,20,CarrotHyrax,31.3,10.2,2,True,0.0,
38BbM6,66,21,CarrotHyrax,31.3,10.1,0,True,0.0,
38BbM6,66,22,CarrotHyrax,31.3,9.9,0,True,0.0,
38BbM6,66,23,CarrotHyrax,31.3,9.7,1,True,0.0,
38BbM6,66,24,CarrotHyrax,31.3,9.5,0,True,0.001,
38BbM6,66,25,CarrotHyrax,31.3,9.2,2,True,0.0,
38BbM6,66,26,CarrotHyrax,43.5,9.2,1,True,0.0,
38BbM6,66,27,CarrotHyrax,43.5,9.2,1,True,0.0,
38BbM6,66,28,CarrotHyrax,43.5,9.2,0,True,0.0,
38BbM6,66,29,CarrotHyrax,43.5,9.2,1,True,0.0,
38BbM6,66,30,CarrotHyrax,43.5,9.3,0,True,0.0,
38BbM6,66,31,CarrotHyrax,43.5,9.2,0,True,0.0,
38BbM6,66,32,CarrotHyrax,43.5,9.2,0,True,0.0,
38BbM6,66,33,CarrotHyrax,43.5,9.0,2,True,0.0,
38BbM6,66,34,CarrotHyrax,43.5,9.1,0,True,0.0,
38BbM6,66,35,CarrotHyrax,43.5,9.0,0,True,0.0,
38BbM6,66,36,CarrotHyrax,79.3,9.0,1,True,0.0,
38BbM6,66,37,CarrotHyrax,79.3,9.0,0,True,0.0,
38BbM6,66,38,CarrotHyrax,79.3,8.9,0,True,0.0,
38BbM6,66,39,CarrotHyrax,79.3,8.8,0,True,0.0,
38BbM6,66,40,CarrotHyrax,79.3,8.6,0,True,0.001,
38BbM6,66,41,CarrotHyrax,79.3,8.5,0,True,0.0,
38BbM6,66,42,CarrotHyrax,79.3,8.3,0,True,0.0,
38BbM6,66,43,CarrotHyrax,79.3,8.0,0,True,0.0,
38BbM6,66,44,CarrotHyrax,79.3,7.8,0,True,0.0,
38BbM6,66,45,CarrotHyrax,79.3,7.5,2,True,0.0,
38BbM6,66,46,CarrotHyrax,63.6,7.3,1,True,0.0,
38BbM6,66,47,CarrotHyrax,63.6,7.2,0,True,0.0,
38BbM6,66,48,CarrotHyrax,63.6,7.0,0,True,0.0,
38BbM6,66,49,CarrotHyrax,63.6,6.9,0,True,0.0,
38BbM6,66,50,CarrotHyrax,63.6,6.7,0,True,0.0,
38BbM6,66,51,CarrotHyrax,63.6,6.5,1,True,0.0,
38BbM6,66,52,CarrotHyrax,63.6,6.3,1,True,0.0,
38BbM6,66,53,CarrotHyrax,63.6,6.1,0,True,0.0,
38BbM6,66,54,CarrotHyrax,63.6,5.9,1,True,0.0,
38BbM6,66,55,CarrotHyrax,63.6,5.7,0,True,0.0,
38BbM6,66,56,CarrotHyrax,51.8,5.5,0,True,0.0,
38BbM6,66,57,CarrotHyrax,51.8,5.3,0,True,0.0,
38BbM6,66,58,CarrotHyrax,51.8,5.1,0,True,0.0,
38BbM6,66,59,CarrotHyrax,51.8,5.0,1,True,0.0,
38BbM6,66,60,CarrotHyrax,51.8,5.0,1,True,0.001,
38BbM6,66,61,CarrotHyrax,51.8,5.0,0,True,0.0,
38BbM6,66,62,CarrotHyrax,51.8,5.0,0,True,0.0,
38BbM6,66,63,CarrotHyrax,51.8,5.0,0,True,0.0,
38BbM6,66,64,CarrotHyrax,51.8,5.0,0,True,0.0,
38BbM6,66,65,CarrotHyrax,51.8,5.0,0,True,0.0,
38BbM6,66,66,CarrotHyrax,78.4,5.0,0,True,0.001,
38BbM6,66,67,CarrotHyrax,78.4,5.0,0,True,0.0,
38BbM6,66,68,CarrotHyrax,78.4,5.0,1,True,0.0,
38BbM6,66,69,CarrotHyrax,78.4,5.0,0,True,0.0,
38BbM6,66,70,CarrotHyrax,78.4,5.0,0,True,0.0,
38BbM6,66,71,CarrotHyrax,78.4,5.0,0,True,0.0,
38BbM6,66,72,CarrotHyrax,78.4,5.0,0,True,0.0,
38BbM6,66,73,CarrotHyrax,78.4,5.0,1,True,0.0,
38BbM6,66,74,CarrotHyrax,78.4,5.0,3,True,0.001,
38BbM6,66,75,CarrotHyrax,78.4,5.0,1,True,0.0,
38BbM6,66,76,CarrotHyrax,36.2,5.0,0,True,0.0,
38BbM6,66,77,CarrotHyrax,36.2,5.0,2,True,0.0,
38BbM6,66,78,CarrotHyrax,36.2,5.0,0,True,0.0,
38BbM6,66,79,CarrotHyrax,36.2,5.0,1,True,0.0,
38BbM6,66,80,CarrotHyrax,36.2,5.0,0,True,0.0,
38BbM6,66,81,CarrotHyrax,36.2,5.0,2,True,0.0,
38BbM6,66,82,CarrotHyrax,36.2,5.0,0,True,0.0,
38BbM6,66,83,CarrotHyrax,36.2,5.0,0,True,0.0,
38BbM6,66,84,CarrotHyrax,36.2,5.0,0,True,0.0,
38BbM6,66,85,CarrotHyrax,36.2,5.0,0,True,0.0,
38BbM6,66,86,CarrotHyrax,37.0,5.0,1,True,0.0,
38BbM6,66,87,CarrotHyrax,37.0,5.0,0,True,0.0,
38BbM6,66,88,CarrotHyrax,37.0,5.0,2,True,0.0,
38BbM6,66,89,CarrotHyrax,37.0,5.0,0,True,0.0,
38BbM6,66,90,CarrotHyrax,37.0,5.0,0,True,0.0,
38BbM6,66,91,CarrotHyrax,37.0,5.0,0,True,0.0,
38BbM6,66,92,CarrotHyrax,37.0,5.0,0,True,0.0,
38BbM6,66,93,CarrotHyrax,37.0,5.0,1,True,0.001,
38BbM6,66,94,CarrotHyrax,37.0,5.0,1,True,0.0,
38BbM6,66,95,CarrotHyrax,37.0,5.0,1,True,0.0,
38BbM6,66,96,CarrotHyrax,57.5,5.0,0,True,0.0,
38BbM6,66,97,CarrotHyrax,57.5,5.0,1,True,0.0,
38BbM6,66,98,CarrotHyrax,57.5,5.0,0,True,0.0,
38BbM6,66,99,CarrotHyrax,57.5,5.0,1,True,0.001,
38BbM6,66,100,CarrotHyrax,57.5,5.0,0,True,0.0,
38BbM6,67,1,CarrotHyrax,57.5,79.0,0,True,0.005,
38BbM6,67,2,CarrotHyrax,57.5,63.2,1,True,0.0,
38BbM6,67,3,CarrotHyrax,57.5,61.1,0,True,0.0,
38BbM6,67,4,CarrotHyrax,57.5,56.6,0,True,0.0,
38BbM6,67,5,CarrotHyrax,52.7,50.8,0,True,0.0,
38BbM6,67,6,CarrotHyrax,52.7,44.4,0,True,0.0,
38BbM6,67,7,CarrotHyrax,52.7,38.5,0,True,0.0,
38BbM6,67,8,CarrotHyrax,52.7,33.0,0,True,0.0,
38BbM6,67,9,CarrotHyrax,52.7,28.0,0,True,0.0,
38BbM6,67,10,CarrotHyrax,52.7,23.6,0,True,0.0,
38BbM6,67,11,CarrotHyrax,52.7,19.9,1,True,0.0,
38BbM6,67,12,CarrotHyrax,52.7,17.4,1,True,0.0,
38BbM6,67,13,CarrotHyrax,52.7,15.6,0,True,0.0,
38BbM6,67,14,CarrotHyrax,52.7,13.9,0,True,0.0,
38BbM6,67,15,CarrotHyrax,50.7,12.2,0,True,0.0,
38BbM6,67,16,CarrotHyrax,50.7,10.7,0,True,0.0,
38BbM6,67,17,CarrotHyrax,50.7,9.3,0,True,0.0,
38BbM6,67,18,CarrotHyrax,50.7,8.0,0,True,0.0,
38BbM6,67,19,CarrotHyrax,50.7,6.9,2,True,0.0,
38BbM6,67,20,CarrotHyrax,50.7,6.2,0,True,0.0,
38BbM6,67,21,CarrotHyrax,50.7,5.6,1,True,0.0,
38BbM6,67,22,CarrotHyrax,50.7,5.1,0,True,0.0,
38BbM6,67,23,CarrotHyrax,50.7,5.0,2,True,0.0,
38BbM6,67,24,CarrotHyrax,50.7,5.0,0,True,0.0,
38BbM6,67,25,CarrotHyrax,62.2,5.0,0,True,0.0,
38BbM6,67,26,CarrotHyrax,62.2,5.0,1,True,0.0,
38BbM6,67,27,CarrotHyrax,62.2,5.0,1,True,0.0,
38BbM6,67,28,CarrotHyrax,62.2,5.0,0,True,0.0,
38BbM6,67,29,CarrotHyrax,62.2,5.0,0,True,0.0,
38BbM6,67,30,CarrotHyrax,62.2,5.0,0,True,0.0,
38BbM6,67,31,CarrotHyrax,62.2,5.0,2,True,0.0,
38BbM6,67,32,CarrotHyrax,62.2,5.0,0,True,0.0,
38BbM6,67,33,CarrotHyrax,62.2,5.0,1,True,0.001,
38BbM6,67,34,CarrotHyrax,62.2,5.0,0,True,0.0,
38BbM6,67,35,CarrotHyrax,67.6,5.0,0,True,0.0,
38BbM6,67,36,CarrotHyrax,67.6,5.0,0,True,0.001,
38BbM6,67,37,CarrotHyrax,67.6,5.0,0,True,0.0,
38BbM6,67,38,CarrotHyrax,67.6,5.0,2,True,0.0,
38BbM6,67,39,CarrotHyrax,67.6,5.0,0,True,0.0,
38BbM6,67,40,CarrotHyrax,67.6,5.0,1,True,0.0,
38BbM6,67,41,CarrotHyrax,67.6,5.0,0,True,0.0,
38BbM6,67,42,CarrotHyrax,67.6,5.0,0,True,0.0,
38BbM6,67,43,CarrotHyrax,67.6,5.0,0,True,0.0,
38BbM6,67,44,CarrotHyrax,67.6,5.0,0,True,0.0,
38BbM6,67,45,CarrotHyrax,75.6,5.0,1,True,0.0,
38BbM6,67,46,CarrotHyrax,75.6,5.0,0,True,0.001,
38BbM6,67,47,CarrotHyrax,75.6,5.0,0,True,0.0,
38BbM6,67,48,CarrotHyrax,75.6,5.0,0,True,0.002,
38BbM6,67,49,CarrotHyrax,75.6,5.0,0,True,0.006,
38BbM6,67,50,CarrotHyrax,75.6,5.0,1,True,0.0,
38BbM6,67,51,CarrotHyrax,75.6,5.0,0,True,0.0,
38BbM6,67,52,CarrotHyrax,75.6,5.0,1,True,0.0,
38BbM6,67,53,CarrotHyrax,75.6,5.0,0,True,0.0,
38BbM6,67,54,CarrotHyrax,75.6,5.0,0,True,0.015,
38BbM6,67,55,CarrotHyrax,31.3,5.0,1,True,0.0,
38BbM6,67,56,CarrotHyrax,31.3,5.0,0,True,0.0,
38BbM6,67,57,CarrotHyrax,31.3,5.0,0,True,0.001,
38BbM6,67,58,CarrotHyrax,31.3,5.0,1,True,0.0,
38BbM6,67,59,CarrotHyrax,31.3,5.0,0,True,0.001,
38BbM6,67,60,CarrotHyrax,31.3,5.0,0,True,0.0,
38BbM6,67,61,CarrotHyrax,31.3,5.0,0,True,0.004,
38BbM6,67,62,CarrotHyrax,31.3,5.0,0,True,0.0,
38BbM6,67,63,CarrotHyrax,31.3,5.0,0,True,0.0,
38BbM6,67,64,CarrotHyrax,31.3,5.0,2,True,0.0,
38BbM6,67,65,CarrotHyrax,34.6,5.0,0,True,0.0,
38BbM6,67,66,CarrotHyrax,34.6,5.0,0,True,0.0,
38BbM6,67,67,CarrotHyrax,34.6,5.0,0,True,0.0,
38BbM6,67,68,CarrotHyrax,34.6,5.0,0,True,0.0,
38BbM6,67,69,CarrotHyrax,34.6,5.0,0,True,0.0,
38BbM6,67,70,CarrotHyrax,34.6,5.0,1,True,0.0,
38BbM6,67,71,CarrotHyrax,34.6,5.0,1,True,0.0,
38BbM6,67,72,CarrotHyrax,34.6,5.0,0,True,0.001,
38BbM6,67,73,CarrotHyrax,34.6,5.0,0,True,0.0,
38BbM6,67,74,CarrotHyrax,34.6,5.0,1,True,0.0,
38BbM6,67,75,CarrotHyrax,63.0,5.0,1,True,0.002,
38BbM6,67,76,CarrotHyrax,63.0,5.0,0,True,0.0,
38BbM6,67,77,CarrotHyrax,63.0,5.0,0,True,0.0,
38BbM6,67,78,CarrotHyrax,63.0,5.0,0,True,0.0,
38BbM6,67,79,CarrotHyrax,63.0,5.0,0,True,0.0,
38BbM6,67,80,CarrotHyrax,63.0,5.0,0,True,0.0,
38BbM6,67,81,CarrotHyrax,63.0,5.0,2,True,0.0,
38BbM6,67,82,CarrotHyrax,63.0,5.0,1,True,0.0,
38BbM6,67,83,CarrotHyrax,63.0,5.0,1,True,0.0,
38BbM6,67,84,CarrotHyrax,63.0,5.0,0,True,0.008,
38BbM6,67,85,CarrotHyrax,66.1,5.0,0,True,0.0,
38BbM6,67,86,CarrotHyrax,66.1,5.0,1,True,0.0,
38BbM6,67,87,CarrotHyrax,66.1,5.0,1,True,0.005,
38BbM6,67,88,CarrotHyrax,66.1,5.0,0,True,0.0,
38BbM6,67,89,CarrotHyrax,66.1,5.0,0,True,0.0,
38BbM6,67,90,CarrotHyrax,66.1,5.0,0,True,0.004,
38BbM6,67,91,CarrotHyrax,66.1,5.0,1,True,0.0,
38BbM6,67,92,CarrotHyrax,66.1,5.0,1,True,0.0,
38BbM6,67,93,CarrotHyrax,66.1,5.0,0,True,0.0,
38BbM6,67,94,CarrotHyrax,66.1,5.0,1,True,0.0,
38BbM6,67,95,CarrotHyrax,77.1,5.0,0,True,0.0,
38BbM6,67,96,CarrotHyrax,77.1,5.0,1,True,0.0,
38BbM6,67,97,CarrotHyrax,77.1,5.0,0,True,0.0,
38BbM6,67,98,CarrotHyrax,77.1,5.0,2,True,0.001,
38BbM6,67,99,CarrotHyrax,77.1,5.0,2,True,0.0,
38BbM6,67,100,CarrotHyrax,77.1,5.0,0,True,0.0,
38BbM6,68,1,CarrotHyrax,77.1,64.0,1,True,0.0,
38BbM6,68,2,CarrotHyrax,77.1,73.5,0,True,0.0,
38BbM6,68,3,CarrotHyrax,77.1,71.1,1,True,0.0,
38BbM6,68,4,CarrotHyrax,45.5,74.9,0,True,0.0,
38BbM6,68,5,CarrotHyrax,45.5,74.4,0,True,0.001,
38BbM6,68,6,CarrotHyrax,45.5,70.5,0,True,0.0,
38BbM6,68,7,CarrotHyrax,45.5,65.9,0,True,0.001,
38BbM6,68,8,CarrotHyrax,45.5,60.2,0,True,0.0,
38BbM6,68,9,CarrotHyrax,45.5,54.1,0,True,0.0,
38BbM6,68,10,CarrotHyrax,45.5,48.0,0,True,0.0,
38BbM6,68,11,CarrotHyrax,45.5,42.3,0,True,0.0,
38BbM6,68,12,CarrotHyrax,45.5,37.0,0,True,0.0,
38BbM6,68,13,CarrotHyrax,45.5,32.0,0,True,0.0,
38BbM6,68,14,CarrotHyrax,56.2,27.5,0,True,0.0,
38BbM6,68,15,CarrotHyrax,56.2,23.5,0,True,0.0,
38BbM6,68,16,CarrotHyrax,56.2,20.0,0,True,0.0,
38BbM6,68,17,CarrotHyrax,56.2,16.9,0,True,0.0,
38BbM6,68,18,CarrotHyrax,56.2,14.2,3,True,0.0,
38BbM6,68,19,CarrotHyrax,56.2,12.9,0,True,0.0,
38BbM6,68,20,CarrotHyrax,56.2,11.6,1,True,0.0,
38BbM6,68,21,CarrotHyrax,56.2,10.6,1,True,0.0,
38BbM6,68,22,CarrotHyrax,56.2,9.8,1,True,0.0,
38BbM6,68,23,CarrotHyrax,56.2,9.2,0,True,0.0,
38BbM6,68,24,CarrotHyrax,41.7,8.5,1,True,0.0,
38BbM6,68,25,CarrotHyrax,41.7,8.0,1,True,0.0,
38BbM6,68,26,CarrotHyrax,41.7,7.6,0,True,0.0,
38BbM6,68,27,CarrotHyrax,41.7,7.2,1,True,0.0,
38BbM6,68,28,CarrotHyrax,41.7,6.9,0,True,0.0,
38BbM6,68,29,CarrotHyrax,41.7,6.5,0,True,0.0,
38BbM6,68,30,CarrotHyrax,41.7,6.1,0,True,0.0,
38BbM6,68,31,CarrotHyrax,41.7,5.7,1,True,0.001,
38BbM6,68,32,CarrotHyrax,41.7,5.4,0,True,0.0,
38BbM6,68,33,CarrotHyrax,41.7,5.1,0,True,0.0,
38BbM6,68,34,CarrotHyrax,67.2,5.0,0,True,0.0,
38BbM6,68,35,CarrotHyrax,67.2,5.0,1,True,0.0,
38BbM6,68,36,CarrotHyrax,67.2,5.0,0,True,0.0,
38BbM6,68,37,CarrotHyrax,67.2,5.0,1,True,0.0,
38BbM6,68,38,CarrotHyrax,67.2,5.0,0,True,0.0,
38BbM6,68,39,CarrotHyrax,67.2,5.0,1,True,0.0,
38BbM6,68,40,CarrotHyrax,67.2,5.0,1,True,0.0,
38BbM6,68,41,CarrotHyrax,67.2,5.0,1,True,0.0,
38BbM6,68,42,CarrotHyrax,67.2,5.0,0,True,0.0,
38BbM6,68,43,CarrotHyrax,67.2,5.0,0,True,0.0,
38BbM6,68,44,CarrotHyrax,72.5,5.0,0,True,0.0,
38BbM6,68,45,CarrotHyrax,72.5,5.0,0,True,0.0,
38BbM6,68,46,CarrotHyrax,72.5,5.0,0,True,0.0,
38BbM6,68,47,CarrotHyrax,72.5,5.0,1,True,0.0,
38BbM6,68,48,CarrotHyrax,72.5,5.0,0,True,0.0,
38BbM6,68,49,CarrotHyrax,72.5,5.0,0,True,0.0,
38BbM6,68,50,CarrotHyrax,72.5,5.0,0,True,0.0,
38BbM6,68,51,CarrotHyrax,72.5,5.0,0,True,0.0,
38BbM6,68,52,CarrotHyrax,72.5,5.0,1,True,0.0,
38BbM6,68,53,CarrotHyrax,72.5,5.0,1,True,0.0,
38BbM6,68,54,CarrotHyrax,68.8,5.0,0,True,0.0,
38BbM6,68,55,CarrotHyrax,68.8,5.0,1,True,0.0,
38BbM6,68,56,CarrotHyrax,68.8,5.0,0,True,0.0,
38BbM6,68,57,CarrotHyrax,68.8,5.0,0,True,0.0,
38BbM6,68,58,CarrotHyrax,68.8,5.0,1,True,0.0,
38BbM6,68,59,CarrotHyrax,68.8,5.0,1,True,0.0,
38BbM6,68,60,CarrotHyrax,68.8,5.0,0,True,0.0,
38BbM6,68,61,CarrotHyrax,68.8,5.0,3,True,0.0,
38BbM6,68,62,CarrotHyrax,68.8,5.0,0,True,0.0,
38BbM6,68,63,CarrotHyrax,68.8,5.0,1,True,0.0,
38BbM6,68,64,CarrotHyrax,40.4,5.0,0,True,0.0,
38BbM6,68,65,CarrotHyrax,40.4,5.0,0,True,0.0,
38BbM6,68,66,CarrotHyrax,40.4,5.0,0,True,0.0,
38BbM6,68,67,CarrotHyrax,40.4,5.0,0,True,0.0,
38BbM6,68,68,CarrotHyrax,40.4,5.0,1,True,0.0,
38BbM6,68,69,CarrotHyrax,40.4,5.0,0,True,0.0,
38BbM6,68,70,CarrotHyrax,40.4,5.0,1,True,0.0,
38BbM6,68,71,CarrotHyrax,40.4,5.0,0,True,0.0,
38BbM6,68,72,CarrotHyrax,40.4,5.0,0,True,0.0,
38BbM6,68,73,CarrotHyrax,40.4,5.0,0,True,0.0,
38BbM6,68,74,CarrotHyrax,49.7,5.0,1,True,0.0,
38BbM6,68,75,CarrotHyrax,49.7,5.0,0,True,0.0,
38BbM6,68,76,CarrotHyrax,49.7,5.0,0,True,0.0,
38BbM6,68,77,CarrotHyrax,49.7,5.0,0,True,0.0,
38BbM6,68,78,CarrotHyrax,49.7,5.0,0,True,0.0,
38BbM6,68,79,CarrotHyrax,49.7,5.0,1,True,0.0,
38BbM6,68,80,CarrotHyrax,49.7,5.0,1,True,0.0,
38BbM6,68,81,CarrotHyrax,49.7,5.0,2,True,0.0,
38BbM6,68,82,CarrotHyrax,49.7,5.0,0,True,0.0,
38BbM6,68,83,CarrotHyrax,49.7,5.0,1,True,0.0,
38BbM6,68,84,CarrotHyrax,68.1,5.0,1,True,0.0,
38BbM6,68,85,CarrotHyrax,68.1,5.0,0,True,0.0,
38BbM6,68,86,CarrotHyrax,68.1,5.0,0,True,0.0,
38BbM6,68,87,CarrotHyrax,68.1,5.0,0,True,0.0,
38BbM6,68,88,CarrotHyrax,68.1,5.0,0,True,0.0,
38BbM6,68,89,CarrotHyrax,68.1,5.0,2,True,0.0,
38BbM6,68,90,CarrotHyrax,68.1,5.0,2,True,0.0,
38BbM6,68,91,CarrotHyrax,68.1,5.0,1,True,0.0,
38BbM6,68,92,CarrotHyrax,68.1,5.0,0,True,0.0,
38BbM6,68,93,CarrotHyrax,68.1,5.0,0,True,0.0,
38BbM6,68,94,CarrotHyrax,54.0,5.0,2,True,0.0,
38BbM6,68,95,CarrotHyrax,54.0,5.0,1,True,0.0,
38BbM6,68,96,CarrotHyrax,54.0,5.0,1,True,0.0,
38BbM6,68,97,CarrotHyrax,54.0,5.0,2,True,0.0,
38BbM6,68,98,CarrotHyrax,54.0,5.0,0,True,0.0,
38BbM6,68,99,CarrotHyrax,54.0,5.0,0,True,0.0,
38BbM6,68,100,CarrotHyrax,54.0,5.0,1,True,0.0,
38BbM6,69,1,CarrotHyrax,54.0,60.0,1,True,0.001,
38BbM6,69,2,CarrotHyrax,54.0,68.9,0,True,0.0,
38BbM6,69,3,CarrotHyrax,63.1,66.6,0,True,0.0,
38BbM6,69,4,CarrotHyrax,63.1,61.8,0,True,0.0,
38BbM6,69,5,CarrotHyrax,63.1,55.4,1,True,0.0,
38BbM6,69,6,CarrotHyrax,63.1,52.5,0,True,0.0,
38BbM6,69,7,CarrotHyrax,63.1,49.0,0,True,0.0,
38BbM6,69,8,CarrotHyrax,63.1,44.8,0,True,0.0,
38BbM6,69,9,CarrotHyrax,63.1,40.3,0,True,0.0,
38BbM6,69,10,CarrotHyrax,63.1,35.8,1,True,0.0,
38BbM6,69,11,CarrotHyrax,63.1,33.0,0,True,0.0,
38BbM6,69,12,CarrotHyrax,63.1,30.1,1,True,0.0,
38BbM6,69,13,CarrotHyrax,30.8,28.0,0,True,0.0,
38BbM6,69,14,CarrotHyrax,30.8,25.7,1,True,0.0,
38BbM6,69,15,CarrotHyrax,30.8,24.0,1,True,0.0,
38BbM6,69,16,CarrotHyrax,30.8,22.8,0,True,0.0,
38BbM6,69,17,CarrotHyrax,30.8,21.3,0,True,0.0,
38BbM6,69,18,CarrotHyrax,30.8,19.8,0,True,0.0,
38BbM6,69,19,CarrotHyrax,30.8,18.3,0,True,0.0,
38BbM6,69,20,CarrotHyrax,30.8,16.8,0,True,0.001,
38BbM6,69,21,CarrotHyrax,30.8,15.4,1,True,0.0,
38BbM6,69,22,CarrotHyrax,30.8,14.3,0,True,0.001,
38BbM6,69,23,CarrotHyrax,77.1,13.1,1,True,0.0,
38BbM6,69,24,CarrotHyrax,77.1,12.2,0,True,0.0,
38BbM6,69,25,CarrotHyrax,77.1,11.3,0,True,0.0,
38BbM6,69,26,CarrotHyrax,77.1,10.4,0,True,0.0,
38BbM6,69,27,CarrotHyrax,77.1,9.5,1,True,0.0,
38BbM6,69,28,CarrotHyrax,77.1,8.8,0,True,0.0,
38BbM6,69,29,CarrotHyrax,77.1,8.1,0,True,0.0,
38BbM6,69,30,CarrotHyrax,77.1,7.4,0,True,0.0,
38BbM6,69,31,CarrotHyrax,77.1,6.7,0,True,0.0,
38BbM6,69,32,CarrotHyrax,77.1,6.1,0,True,0.0,
38BbM6,69,33,CarrotHyrax,74.1,5.5,0,True,0.0,
38BbM6,69,34,CarrotHyrax,74.1,5.0,1,True,0.0,
38BbM6,69,35,CarrotHyrax,74.1,5.0,1,True,0.0,
38BbM6,69,36,CarrotHyrax,74.1,5.0,0,True,0.0,
38BbM6,69,37,CarrotHyrax,74.1,5.0,1,True,0.0,
38BbM6,69,38,CarrotHyrax,74.1,5.0,1,True,0.0,
38BbM6,69,39,CarrotHyrax,74.1,5.0,1,True,0.0,
38BbM6,69,40,CarrotHyrax,74.1,5.0,0,True,0.0,
38BbM6,69,41,CarrotHyrax,74.1,5.0,0,True,0.0,
38BbM6,69,42,CarrotHyrax,74.1,5.0,1,True,0.001,
38BbM6,69,43,CarrotHyrax,70.1,5.0,0,True,0.0,
38BbM6,69,44,CarrotHyrax,70.1,5.0,1,True,0.0,
38BbM6,69,45,CarrotHyrax,70.1,5.0,1,True,0.0,
38BbM6,69,46,CarrotHyrax,70.1,5.0,0,True,0.0,
38BbM6,69,47,CarrotHyrax,70.1,5.0,0,True,0.001,
38BbM6,69,48,CarrotHyrax,70.1,5.0,1,True,0.0,
38BbM6,69,49,CarrotHyrax,70.1,5.0,1,True,0.001,
38BbM6,69,50,CarrotHyrax,70.1,5.0,0,True,0.0,
38BbM6,69,51,CarrotHyrax,70.1,5.0,0,True,0.0,
38BbM6,69,52,CarrotHyrax,70.1,5.0,1,True,0.0,
38BbM6,69,53,CarrotHyrax,70.8,5.0,1,True,0.0,
38BbM6,69,54,CarrotHyrax,70.8,5.0,0,True,0.0,
38BbM6,69,55,CarrotHyrax,70.8,5.0,1,True,0.0,
38BbM6,69,56,CarrotHyrax,70.8,5.0,1,True,0.0,
38BbM6,69,57,CarrotHyrax,70.8,5.0,0,True,0.0,
38BbM6,69,58,CarrotHyrax,70.8,5.0,2,True,0.0,
38BbM6,69,59,CarrotHyrax,70.8,5.0,0,True,0.0,
38BbM6,69,60,CarrotHyrax,70.8,5.0,0,True,0.0,
38BbM6,69,61,CarrotHyrax,70.8,5.0,0,True,0.0,
38BbM6,69,62,CarrotHyrax,70.8,5.0,0,True,0.0,
38BbM6,69,63,CarrotHyrax,70.3,5.0,1,True,0.0,
38BbM6,69,64,CarrotHyrax,70.3,5.0,0,True,0.001,
38BbM6,69,65,CarrotHyrax,70.3,5.0,1,True,0.0,
38BbM6,69,66,CarrotHyrax,70.3,5.0,0,True,0.0,
38BbM6,69,67,CarrotHyrax,70.3,5.0,0,True,0.0,
38BbM6,69,68,CarrotHyrax,70.3,5.0,0,True,0.0,
38BbM6,69,69,CarrotHyrax,70.3,5.0,0,True,0.0,
38BbM6,69,70,CarrotHyrax,70.3,5.0,0,True,0.0,
38BbM6,69,71,CarrotHyrax,70.3,5.0,1,True,0.0,
38BbM6,69,72,CarrotHyrax,70.3,5.0,1,True,0.0,
38BbM6,69,73,CarrotHyrax,56.9,5.0,0,True,0.0,
38BbM6,69,74,CarrotHyrax,56.9,5.0,1,True,0.0,
38BbM6,69,75,CarrotHyrax,56.9,5.0,0,True,0.0,
38BbM6,69,76,CarrotHyrax,56.9,5.0,1,True,0.0,
38BbM6,69,77,CarrotHyrax,56.9,5.0,1,True,0.0,
38BbM6,69,78,CarrotHyrax,56.9,5.0,1,True,0.0,
38BbM6,69,79,CarrotHyrax,56.9,5.0,1,True,0.0,
38BbM6,69,80,CarrotHyrax,56.9,5.0,0,True,0.0,
38BbM6,69,81,CarrotHyrax,56.9,5.0,0,True,0.0,
38BbM6,69,82,CarrotHyrax,56.9,5.0,0,True,0.0,
38BbM6,69,83,CarrotHyrax,76.2,5.0,0,True,0.0,
38BbM6,69,84,CarrotHyrax,76.2,5.0,1,True,0.0,
38BbM6,69,85,CarrotHyrax,76.2,5.0,0,True,0.0,
38BbM6,69,86,CarrotHyrax,76.2,5.0,1,True,0.0,
38BbM6,69,87,CarrotHyrax,76.2,5.0,1,True,0.0,
38BbM6,69,88,CarrotHyrax,76.2,5.0,1,True,0.0,
38BbM6,69,89,CarrotHyrax,76.2,5.0,0,True,0.0,
38BbM6,69,90,CarrotHyrax,76.2,5.0,0,True,0.0,
38BbM6,69,91,CarrotHyrax,76.2,5.0,0,True,0.0,
38BbM6,69,92,CarrotHyrax,76.2,5.0,0,True,0.0,
38BbM6,69,93,CarrotHyrax,39.9,5.0,0,True,0.0,
38BbM6,69,94,CarrotHyrax,39.9,5.0,0,True,0.0,
38BbM6,69,95,CarrotHyrax,39.9,5.0,0,True,0.0,
38BbM6,69,96,CarrotHyrax,39.9,5.0,0,True,0.0,
38BbM6,69,97,CarrotHyrax,39.9,5.0,0,True,0.0,
38BbM6,69,98,CarrotHyrax,39.9,5.0,0,True,0.0,
38BbM6,69,99,CarrotHyrax,39.9,5.0,0,True,0.0,
38BbM6,69,100,CarrotHyrax,39.9,5.0,3,True,0.0,
38BbM6,70,1,CarrotHyrax,39.9,77.0,0,True,0.0,
38BbM6,70,2,CarrotHyrax,69.9,61.6,0,True,0.0,
38BbM6,70,3,CarrotHyrax,69.9,49.3,0,True,0.0,
38BbM6,70,4,CarrotHyrax,69.9,39.4,0,True,0.0,
38BbM6,70,5,CarrotHyrax,69.9,31.5,0,True,0.0,
38BbM6,70,6,CarrotHyrax,69.9,25.2,0,True,0.0,
38BbM6,70,7,CarrotHyrax,69.9,20.2,2,True,0.0,
38BbM6,70,8,CarrotHyrax,69.9,18.4,0,True,0.0,
38BbM6,70,9,CarrotHyrax,69.9,16.6,0,True,0.0,
38BbM6,70,10,CarrotHyrax,69.9,14.7,0,True,0.0,
38BbM6,70,11,CarrotHyrax,69.9,13.0,0,True,0.0,
38BbM6,70,12,CarrotHyrax,53.3,11.3,0,True,0.0,
38BbM6,70,13,CarrotHyrax,53.3,9.8,0,True,0.0,
38BbM6,70,14,CarrotHyrax,53.3,8.4,0,True,0.0,
38BbM6,70,15,CarrotHyrax,53.3,7.2,0,True,0.0,
38BbM6,70,16,CarrotHyrax,53.3,6.1,0,True,0.0,
38BbM6,70,17,CarrotHyrax,53.3,5.2,1,True,0.0,
38BbM6,70,18,CarrotHyrax,53.3,5.0,0,True,0.0,
38BbM6,70,19,CarrotHyrax,53.3,5.0,1,True,0.0,
38BbM6,70,20,CarrotHyrax,53.3,5.0,0,True,0.0,
38BbM6,70,21,CarrotHyrax,53.3,5.0,1,True,0.0,
38BbM6,70,22,CarrotHyrax,76.9,5.0,2,True,0.0,
38BbM6,70,23,CarrotHyrax,76.9,5.0,0,True,0.0,
38BbM6,70,24,CarrotHyrax,76.9,5.0,0,True,0.0,
38BbM6,70,25,CarrotHyrax,76.9,5.0,1,True,0.0,
38BbM6,70,26,CarrotHyrax,76.9,5.0,0,True,0.0,
38BbM6,70,27,CarrotHyrax,76.9,5.0,0,True,0.0,
38BbM6,70,28,CarrotHyrax,76.9,5.0,0,True,0.0,
38BbM6,70,29,CarrotHyrax,76.9,5.0,2,True,0.0,
38BbM6,70,30,CarrotHyrax,76.9,5.0,0,True,0.0,
38BbM6,70,31,CarrotHyrax,76.9,5.0,0,True,0.0,
38BbM6,70,32,CarrotHyrax,60.0,5.0,0,True,0.0,
38BbM6,70,33,CarrotHyrax,60.0,5.0,1,True,0.0,
38BbM6,70,34,CarrotHyrax,60.0,5.0,0,True,0.0,
38BbM6,70,35,CarrotHyrax,60.0,5.0,0,True,0.0,
38BbM6,70,36,CarrotHyrax,60.0,5.0,0,True,0.0,
38BbM6,70,37,CarrotHyrax,60.0,5.0,1,True,0.0,
38BbM6,70,38,CarrotHyrax,60.0,5.0,0,True,0.0,
38BbM6,70,39,CarrotHyrax,60.0,5.0,2,True,0.0,
38BbM6,70,40,CarrotHyrax,60.0,5.0,1,True,0.0,
38BbM6,70,41,CarrotHyrax,60.0,5.0,0,True,0.0,
38BbM6,70,42,CarrotHyrax,67.0,5.0,0,True,0.001,
38BbM6,70,43,CarrotHyrax,67.0,5.0,0,True,0.0,
38BbM6,70,44,CarrotHyrax,67.0,5.0,0,True,0.0,
38BbM6,70,45,CarrotHyrax,67.0,5.0,1,True,0.0,
38BbM6,70,46,CarrotHyrax,67.0,5.0,1,True,0.0,
38BbM6,70,47,CarrotHyrax,67.0,5.0,0,True,0.0,
38BbM6,70,48,CarrotHyrax,67.0,5.0,0,True,0.0,
38BbM6,70,49,CarrotHyrax,67.0,5.0,1,True,0.0,
38BbM6,70,50,CarrotHyrax,67.0,5.0,1,True,0.0,
38BbM6,70,51,CarrotHyrax,67.0,5.0,0,True,0.0,
38BbM6,70,52,CarrotHyrax,41.7,5.0,0,True,0.001,
38BbM6,70,53,CarrotHyrax,41.7,5.0,1,True,0.0,
38BbM6,70,54,CarrotHyrax,41.7,5.0,0,True,0.0,
38BbM6,70,55,CarrotHyrax,41.7,5.0,1,True,0.0,
38BbM6,70,56,CarrotHyrax,41.7,5.0,1,True,0.0,
38BbM6,70,57,CarrotHyrax,41.7,5.0,2,True,0.0,
38BbM6,70,58,CarrotHyrax,41.7,5.0,0,True,0.0,
38BbM6,70,59,CarrotHyrax,41.7,5.0,0,True,0.0,
38BbM6,70,60,CarrotHyrax,41.7,5.0,1,True,0.0,
38BbM6,70,61,CarrotHyrax,41.7,5.0,2,True,0.0,
38BbM6,70,62,CarrotHyrax,77.3,5.0,2,True,0.0,
38BbM6,70,63,CarrotHyrax,77.3,5.0,0,True,0.0,
38BbM6,70,64,CarrotHyrax,77.3,5.0,0,True,0.0,
38BbM6,70,65,CarrotHyrax,77.3,5.0,0,True,0.0,
38BbM6,70,66,CarrotHyrax,77.3,5.0,0,True,0.0,
38BbM6,70,67,CarrotHyrax,77.3,5.0,0,True,0.0,
38BbM6,70,68,CarrotHyrax,77.3,5.0,1,True,0.0,
38BbM6,70,69,CarrotHyrax,77.3,5.0,0,True,0.0,
38BbM6,70,70,CarrotHyrax,77.3,5.0,2,True,0.0,
38BbM6,70,71,CarrotHyrax,77.3,5.0,1,True,0.0,
38BbM6,70,72,CarrotHyrax,67.2,5.0,1,True,0.0,
38BbM6,70,73,CarrotHyrax,67.2,5.0,0,True,0.0,
38BbM6,70,74,CarrotHyrax,67.2,5.0,0,True,0.0,
38BbM6,70,75,CarrotHyrax,67.2,5.0,0,True,0.0,
38BbM6,70,76,CarrotHyrax,67.2,5.0,2,True,0.0,
38BbM6,70,77,CarrotHyrax,67.2,5.0,0,True,0.0,
38BbM6,70,78,CarrotHyrax,67.2,5.0,0,True,0.0,
38BbM6,70,79,CarrotHyrax,67.2,5.0,0,True,0.0,
38BbM6,70,80,CarrotHyrax,67.2,5.0,1,True,0.0,
38BbM6,70,81,CarrotHyrax,67.2,5.0,1,True,0.0,
38BbM6,70,82,CarrotHyrax,57.6,5.0,1,True,0.0,
38BbM6,70,83,CarrotHyrax,57.6,5.0,2,True,0.0,
38BbM6,70,84,CarrotHyrax,57.6,5.0,0,True,0.0,
38BbM6,70,85,CarrotHyrax,57.6,5.0,0,True,0.0,
38BbM6,70,86,CarrotHyrax,57.6,5.0,1,True,0.0,
38BbM6,70,87,CarrotHyrax,57.6,5.0,2,True,0.0,
38BbM6,70,88,CarrotHyrax,57.6,5.0,0,True,0.0,
38BbM6,70,89,CarrotHyrax,57.6,5.0,0,True,0.0,
38BbM6,70,90,CarrotHyrax,57.6,5.0,1,True,0.0,
38BbM6,70,91,CarrotHyrax,57.6,5.0,0,True,0.0,
38BbM6,70,92,CarrotHyrax,53.4,5.0,0,True,0.0,
38BbM6,70,93,CarrotHyrax,53.4,5.0,0,True,0.0,
38BbM6,70,94,CarrotHyrax,53.4,5.0,0,True,0.0,
38BbM6,70,95,CarrotHyrax,53.4,5.0,0,True,0.001,
38BbM6,70,96,CarrotHyrax,53.4,5.0,1,True,0.0,
38BbM6,70,97,CarrotHyrax,53.4,5.0,0,True,0.0,
38BbM6,70,98,CarrotHyrax,53.4,5.0,0,True,0.0,
38BbM6,70,99,CarrotHyrax,53.4,5.0,1,True,0.0,
38BbM6,70,100,CarrotHyrax,53.4,5.0,1,True,0.0,
38BbM6,71,1,CarrotHyrax,54.6,42.0,0,True,0.0,
38BbM6,71,2,CarrotHyrax,54.6,33.6,0,True,0.0,
38BbM6,71,3,CarrotHyrax,54.6,26.9,0,True,0.0,
38BbM6,71,4,CarrotHyrax,54.6,21.5,0,True,0.0,
38BbM6,71,5,CarrotHyrax,54.6,17.2,0,True,0.0,
38BbM6,71,6,CarrotHyrax,54.6,13.8,0,True,0.0,
38BbM6,71,7,CarrotHyrax,54.6,11.0,1,True,0.0,
38BbM6,71,8,CarrotHyrax,54.6,9.4,1,True,0.0,
38BbM6,71,9,CarrotHyrax,54.6,8.5,0,True,0.0,
38BbM6,71,10,CarrotHyrax,54.6,7.5,0,True,0.0,
38BbM6,71,11,CarrotHyrax,60.8,6.6,0,True,0.0,
38BbM6,71,12,CarrotHyrax,60.8,5.8,0,True,0.0,
38BbM6,71,13,CarrotHyrax,60.8,5.0,1,True,0.0,
38BbM6,71,14,CarrotHyrax,60.8,5.0,1,True,0.001,
38BbM6,71,15,CarrotHyrax,60.8,5.0,1,True,0.0,
38BbM6,71,16,CarrotHyrax,60.8,5.0,0,True,0.0,
38BbM6,71,17,CarrotHyrax,60.8,5.0,0,True,0.0,
38BbM6,71,18,CarrotHyrax,60.8,5.0,1,True,0.0,
38BbM6,71,19,CarrotHyrax,60.8,5.0,1,True,0.0,
38BbM6,71,20,CarrotHyrax,60.8,5.0,0,True,0.0,
38BbM6,71,21,CarrotHyrax,69.0,5.0,0,True,0.0,
38BbM6,71,22,CarrotHyrax,69.0,5.0,0,True,0.0,
38BbM6,71,23,CarrotHyrax,69.0,5.0,0,True,0.0,
38BbM6,71,24,CarrotHyrax,69.0,5.0,0,True,0.0,
38BbM6,71,25,CarrotHyrax,69.0,5.0,1,True,0.0,
38BbM6,71,26,CarrotHyrax,69.0,5.0,0,True,0.0,
38BbM6,71,27,CarrotHyrax,69.0,5.0,0,True,0.0,
38BbM6,71,28,CarrotHyrax,69.0,5.0,0,True,0.0,
38BbM6,71,29,CarrotHyrax,69.0,5.0,0,True,0.0,
38BbM6,71,30,CarrotHyrax,69.0,5.0,2,True,0.0,
38BbM6,71,31,CarrotHyrax,51.4,5.0,1,True,0.0,
38BbM6,71,32,CarrotHyrax,51.4,5.0,1,True,0.0,
38BbM6,71,33,CarrotHyrax,51.4,5.0,2,True,0.0,
38BbM6,71,34,CarrotHyrax,51.4,5.0,1,True,0.0,
38BbM6,71,35,CarrotHyrax,51.4,5.0,2,True,0.0,
38BbM6,71,36,CarrotHyrax,51.4,5.0,0,True,0.0,
38BbM6,71,37,CarrotHyrax,51.4,5.0,0,True,0.0,
38BbM6,71,38,CarrotHyrax,51.4,5.0,0,True,0.0,
38BbM6,71,39,CarrotHyrax,51.4,5.0,0,True,0.0,
38BbM6,71,40,CarrotHyrax,51.4,5.0,0,True,0.0,
38BbM6,71,41,CarrotHyrax,63.3,5.0,1,True,0.0,
38BbM6,71,42,CarrotHyrax,63.3,5.0,0,True,0.0,
38BbM6,71,43,CarrotHyrax,63.3,5.0,0,True,0.0,
38BbM6,71,44,CarrotHyrax,63.3,5.0,1,True,0.0,
38BbM6,71,45,CarrotHyrax,63.3,5.0,0,True,0.0,
38BbM6,71,46,CarrotHyrax,63.3,5.0,0,True,0.0,
38BbM6,71,47,CarrotHyrax,63.3,5.0,2,True,0.0,
38BbM6,71,48,CarrotHyrax,63.3,5.0,1,True,0.0,
38BbM6,71,49,CarrotHyrax,63.3,5.0,0,True,0.0,
38BbM6,71,50,CarrotHyrax,63.3,5.0,0,True,0.0,
38BbM6,71,51,CarrotHyrax,33.1,5.0,0,True,0.0,
38BbM6,71,52,CarrotHyrax,33.1,5.0,0,True,0.0,
38BbM6,71,53,CarrotHyrax,33.1,5.0,1,True,0.0,
38BbM6,71,54,CarrotHyrax,33.1,5.0,3,True,0.0,
38BbM6,71,55,CarrotHyrax,33.1,5.0,0,True,0.0,
38BbM6,71,56,CarrotHyrax,33.1,5.0,0,True,0.0,
38BbM6,71,57,CarrotHyrax,33.1,5.0,1,True,0.0,
38BbM6,71,58,CarrotHyrax,33.1,5.0,0,True,0.0,
38BbM6,71,59,CarrotHyrax,33.1,5.0,0,True,0.0,
38BbM6,71,60,CarrotHyrax,33.1,5.0,0,True,0.0,
38BbM6,71,61,CarrotHyrax,47.1,5.0,1,True,0.0,
38BbM6,71,62,CarrotHyrax,47.1,5.0,0,True,0.0,
38BbM6,71,63,CarrotHyrax,47.1,5.0,0,True,0.0,
38BbM6,71,64,CarrotHyrax,47.1,5.0,1,True,0.0,
38BbM6,71,65,CarrotHyrax,47.1,5.0,0,True,0.0,
38BbM6,71,66,CarrotHyrax,47.1,5.0,0,True,0.0,
38BbM6,71,67,CarrotHyrax,47.1,5.0,1,True,0.0,
38BbM6,71,68,CarrotHyrax,47.1,5.0,0,True,0.0,
38BbM6,71,69,CarrotHyrax,47.1,5.0,0,True,0.0,
38BbM6,71,70,CarrotHyrax,47.1,5.0,2,True,0.001,
38BbM6,71,71,CarrotHyrax,68.2,5.0,1,True,0.0,
38BbM6,71,72,CarrotHyrax,68.2,5.0,0,True,0.0,
38BbM6,71,73,CarrotHyrax,68.2,5.0,0,True,0.0,
38BbM6,71,74,CarrotHyrax,68.2,5.0,0,True,0.001,
38BbM6,71,75,CarrotHyrax,68.2,5.0,0,True,0.0,
38BbM6,71,76,CarrotHyrax,68.2,5.0,4,True,0.0,
38BbM6,71,77,CarrotHyrax,68.2,5.0,1,True,0.0,
38BbM6,71,78,CarrotHyrax,68.2,5.0,0,True,0.0,
38BbM6,71,79,CarrotHyrax,68.2,5.0,1,True,0.0,
38BbM6,71,80,CarrotHyrax,68.2,5.0,0,True,0.0,
38BbM6,71,81,CarrotHyrax,47.0,5.0,1,True,0.0,
38BbM6,71,82,CarrotHyrax,47.0,5.0,0,True,0.0,
38BbM6,71,83,CarrotHyrax,47.0,5.0,0,True,0.0,
38BbM6,71,84,CarrotHyrax,47.0,5.0,0,True,0.0,
38BbM6,71,85,CarrotHyrax,47.0,5.0,3,True,0.0,
38BbM6,71,86,CarrotHyrax,47.0,5.0,1,True,0.0,
38BbM6,71,87,CarrotHyrax,47.0,5.0,0,True,0.0,
38BbM6,71,88,CarrotHyrax,47.0,5.0,0,True,0.0,
38BbM6,71,89,CarrotHyrax,47.0,5.0,0,True,0.0,
38BbM6,71,90,CarrotHyrax,47.0,5.0,1,True,0.0,
38BbM6,71,91,CarrotHyrax,71.2,5.0,1,True,0.0,
38BbM6,71,92,CarrotHyrax,71.2,5.0,0,True,0.0,
38BbM6,71,93,CarrotHyrax,71.2,5.0,0,True,0.0,
38BbM6,71,94,CarrotHyrax,71.2,5.0,0,True,0.0,
38BbM6,71,95,CarrotHyrax,71.2,5.0,2,True,0.0,
38BbM6,71,96,CarrotHyrax,71.2,5.0,0,True,0.0,
38BbM6,71,97,CarrotHyrax,71.2,5.0,0,True,0.0,
38BbM6,71,98,CarrotHyrax,71.2,5.0,0,True,0.0,
38BbM6,71,99,CarrotHyrax,71.2,5.0,1,True,0.0,
38BbM6,71,100,CarrotHyrax,71.2,5.0,0,True,0.0,
38BbM6,72,1,CarrotHyrax,58.6,76.0,0,True,0.0,
38BbM6,72,2,CarrotHyrax,58.6,60.8,0,True,0.0,
38BbM6,72,3,CarrotHyrax,58.6,48.6,0,True,0.0,
38BbM6,72,4,CarrotHyrax,58.6,38.9,0,True,0.0,
38BbM6,72,5,CarrotHyrax,58.6,31.1,0,True,0.0,
38BbM6,72,6,CarrotHyrax,58.6,24.9,0,True,0.0,
38BbM6,72,7,CarrotHyrax,58.6,19.9,0,True,0.0,
38BbM6,72,8,CarrotHyrax,58.6,15.9,1,True,0.0,
38BbM6,72,9,CarrotHyrax,58.6,13.5,0,True,0.0,
38BbM6,72,10,CarrotHyrax,52.7,11.4,0,True,0.0,
38BbM6,72,11,CarrotHyrax,52.7,9.6,0,True,0.0,
38BbM6,72,12,CarrotHyrax,52.7,8.0,1,True,0.001,
38BbM6,72,13,CarrotHyrax,52.7,7.0,2,True,0.0,
38BbM6,72,14,CarrotHyrax,52.7,6.4,0,True,0.0,
38BbM6,72,15,CarrotHyrax,52.7,5.8,0,True,0.0,
38BbM6,72,16,CarrotHyrax,52.7,5.2,0,True,0.0,
38BbM6,72,17,CarrotHyrax,52.7,5.0,2,True,0.0,
38BbM6,72,18,CarrotHyrax,52.7,5.0,2,True,0.0,
38BbM6,72,19,CarrotHyrax,52.7,5.0,0,True,0.0,
38BbM6,72,20,CarrotHyrax,31.2,5.0,1,True,0.0,
38BbM6,72,21,CarrotHyrax,31.2,5.0,0,True,0.0,
38BbM6,72,22,CarrotHyrax,31.2,5.0,0,True,0.0,
38BbM6,72,23,CarrotHyrax,31.2,5.0,0,True,0.001,
38BbM6,72,24,CarrotHyrax,31.2,5.0,0,True,0.0,
38BbM6,72,25,CarrotHyrax,31.2,5.0,1,True,0.0,
38BbM6,72,26,CarrotHyrax,31.2,5.0,1,True,0.0,
38BbM6,72,27,CarrotHyrax,31.2,5.0,1,True,0.0,
38BbM6,72,28,CarrotHyrax,31.2,5.0,0,True,0.0,
38BbM6,72,29,CarrotHyrax,31.2,5.0,0,True,0.0,
38BbM6,72,30,CarrotHyrax,65.7,5.0,0,True,0.0,
38BbM6,72,31,CarrotHyrax,65.7,5.0,1,True,0.0,
38BbM6,72,32,CarrotHyrax,65.7,5.0,0,True,0.0,
38BbM6,72,33,CarrotHyrax,65.7,5.0,0,True,0.0,
38BbM6,72,34,CarrotHyrax,65.7,5.0,0,True,0.0,
38BbM6,72,35,CarrotHyrax,65.7,5.0,0,True,0.0,
38BbM6,72,36,CarrotHyrax,65.7,5.0,1,True,0.0,
38BbM6,72,37,CarrotHyrax,65.7,5.0,0,True,0.0,
38BbM6,72,38,CarrotHyrax,65.7,5.0,0,True,0.0,
38BbM6,72,39,CarrotHyrax,65.7,5.0,0,True,0.0,
38BbM6,72,40,CarrotHyrax,59.6,5.0,4,True,0.0,
38BbM6,72,41,CarrotHyrax,59.6,5.0,0,True,0.0,
38BbM6,72,42,CarrotHyrax,59.6,5.0,1,True,0.0,
38BbM6,72,43,CarrotHyrax,59.6,5.0,1,True,0.0,
38BbM6,72,44,CarrotHyrax,59.6,5.0,1,True,0.0,
38BbM6,72,45,CarrotHyrax,59.6,5.0,0,True,0.0,
38BbM6,72,46,CarrotHyrax,59.6,5.0,1,True,0.0,
38BbM6,72,47,CarrotHyrax,59.6,5.0,1,True,0.0,
38BbM6,72,48,CarrotHyrax,59.6,5.0,0,True,0.0,
38BbM6,72,49,CarrotHyrax,59.6,5.0,0,True,0.0,
38BbM6,72,50,CarrotHyrax,63.7,5.0,0,True,0.0,
38BbM6,72,51,CarrotHyrax,63.7,5.0,0,True,0.0,
38BbM6,72,52,CarrotHyrax,63.7,5.0,0,True,0.001,
38BbM6,72,53,CarrotHyrax,63.7,5.0,1,True,0.0,
38BbM6,72,54,CarrotHyrax,63.7,5.0,1,True,0.0,
38BbM6,72,55,CarrotHyrax,63.7,5.0,0,True,0.0,
38BbM6,72,56,CarrotHyrax,63.7,5.0,0,True,0.0,
38BbM6,72,57,CarrotHyrax,63.7,5.0,0,True,0.0,
38BbM6,72,58,CarrotHyrax,63.7,5.0,1,True,0.0,
38BbM6,72,59,CarrotHyrax,63.7,5.0,0,True,0.0,
38BbM6,72,60,CarrotHyrax,43.6,5.0,1,True,0.0,
38BbM6,72,61,CarrotHyrax,43.6,5.0,1,True,0.0,
38BbM6,72,62,CarrotHyrax,43.6,5.0,0,True,0.0,
38BbM6,72,63,CarrotHyrax,43.6,5.0,0,True,0.0,
38BbM6,72,64,CarrotHyrax,43.6,5.0,2,True,0.0,
38BbM6,72,65,CarrotHyrax,43.6,5.0,0,True,0.0,
38BbM6,72,66,CarrotHyrax,43.6,5.0,1,True,0.0,
38BbM6,72,67,CarrotHyrax,43.6,5.0,0,True,0.0,
38BbM6,72,68,CarrotHyrax,43.6,5.0,0,True,0.0,
38BbM6,72,69,CarrotHyrax,43.6,5.0,0,True,0.0,
38BbM6,72,70,CarrotHyrax,56.3,5.0,0,True,0.0,
38BbM6,72,71,CarrotHyrax,56.3,5.0,0,True,0.0,
38BbM6,72,72,CarrotHyrax,56.3,5.0,1,True,0.0,
38BbM6,72,73,CarrotHyrax,56.3,5.0,1,True,0.0,
38BbM6,72,74,CarrotHyrax,56.3,5.0,0,True,0.0,
38BbM6,72,75,CarrotHyrax,56.3,5.0,0,True,0.0,
38BbM6,72,76,CarrotHyrax,56.3,5.0,0,True,0.0,
38BbM6,72,77,CarrotHyrax,56.3,5.0,1,True,0.0,
38BbM6,72,78,CarrotHyrax,56.3,5.0,2,True,0.0,
38BbM6,72,79,CarrotHyrax,56.3,5.0,1,True,0.0,
38BbM6,72,80,CarrotHyrax,54.2,5.0,0,True,0.0,
38BbM6,72,81,CarrotHyrax,54.2,5.0,1,True,0.0,
38BbM6,72,82,CarrotHyrax,54.2,5.0,0,True,0.0,
38BbM6,72,83,CarrotHyrax,54.2,5.0,1,True,0.0,
38BbM6,72,84,CarrotHyrax,54.2,5.0,0,True,0.0,
38BbM6,72,85,CarrotHyrax,54.2,5.0,0,True,0.0,
38BbM6,72,86,CarrotHyrax,54.2,5.0,1,True,0.0,
38BbM6,72,87,CarrotHyrax,54.2,5.0,0,True,0.0,
38BbM6,72,88,CarrotHyrax,54.2,5.0,0,True,0.0,
38BbM6,72,89,CarrotHyrax,54.2,5.0,1,True,0.0,
38BbM6,72,90,CarrotHyrax,38.5,5.0,0,True,0.0,
38BbM6,72,91,CarrotHyrax,38.5,5.0,0,True,0.0,
38BbM6,72,92,CarrotHyrax,38.5,5.0,0,True,0.0,
38BbM6,72,93,CarrotHyrax,38.5,5.0,0,True,0.0,
38BbM6,72,94,CarrotHyrax,38.5,5.0,1,True,0.0,
38BbM6,72,95,CarrotHyrax,38.5,5.0,0,True,0.0,
38BbM6,72,96,CarrotHyrax,38.5,5.0,0,True,0.0,
38BbM6,72,97,CarrotHyrax,38.5,5.0,1,True,0.0,
38BbM6,72,98,CarrotHyrax,38.5,5.0,0,True,0.0,
38BbM6,72,99,CarrotHyrax,38.5,5.0,1,True,0.0,
38BbM6,72,100,CarrotHyrax,73.6,5.0,2,True,0.0,
38BbM6,73,1,CarrotHyrax,73.6,31.0,1,True,0.0,
38BbM6,73,2,CarrotHyrax,73.6,35.6,0,True,0.0,
38BbM6,73,3,CarrotHyrax,73.6,34.4,0,True,0.0,
38BbM6,73,4,CarrotHyrax,73.6,31.9,1,True,0.0,
38BbM6,73,5,CarrotHyrax,73.6,31.7,2,True,0.0,
38BbM6,73,6,CarrotHyrax,73.6,34.7,0,True,0.0,
38BbM6,73,7,CarrotHyrax,73.6,37.1,1,True,0.0,
38BbM6,73,8,CarrotHyrax,73.6,40.2,1,True,0.0,
38BbM6,73,9,CarrotHyrax,77.0,44.0,0,True,0.0,
38BbM6,73,10,CarrotHyrax,77.0,46.9,0,True,0.0,
38BbM6,73,11,CarrotHyrax,77.0,49.0,0,True,0.0,
38BbM6,73,12,CarrotHyrax,77.0,50.1,0,True,0.0,
38BbM6,73,13,CarrotHyrax,77.0,49.9,0,True,0.0,
38BbM6,73,14,CarrotHyrax,77.0,48.9,0,True,0.0,
38BbM6,73,15,CarrotHyrax,77.0,46.9,1,True,0.0,
38BbM6,73,16,CarrotHyrax,77.0,45.7,0,True,0.0,
38BbM6,73,17,CarrotHyrax,77.0,43.8,0,True,0.0,
38BbM6,73,18,CarrotHyrax,77.0,41.7,1,True,0.0,
38BbM6,73,19,CarrotHyrax,35.3,40.3,0,True,0.0,
38BbM6,73,20,CarrotHyrax,35.3,38.6,0,True,0.0,
38BbM6,73,21,CarrotHyrax,35.3,36.7,0,True,0.0,
38BbM6,73,22,CarrotHyrax,35.3,34.7,0,True,0.0,
38BbM6,73,23,CarrotHyrax,35.3,32.6,0,True,0.0,
38BbM6,73,24,CarrotHyrax,35.3,30.3,0,True,0.002,
38BbM6,73,25,CarrotHyrax,35.3,28.0,0,True,0.0,
38BbM6,73,26,CarrotHyrax,35.3,25.8,3,True,0.0,
38BbM6,73,27,CarrotHyrax,35.3,24.7,1,True,0.0,
38BbM6,73,28,CarrotHyrax,35.3,23.9,0,True,0.0,
38BbM6,73,29,CarrotHyrax,41.4,22.9,0,True,0.0,
38BbM6,73,30,CarrotHyrax,41.4,21.8,0,True,0.0,
38BbM6,73,31,CarrotHyrax,41.4,20.7,0,True,0.0,
38BbM6,73,32,CarrotHyrax,41.4,19.5,0,True,0.0,
38BbM6,73,33,CarrotHyrax,41.4,18.3,0,True,0.0,
38BbM6,73,34,CarrotHyrax,41.4,17.2,0,True,0.0,
38BbM6,73,35,CarrotHyrax,41.4,16.0,1,True,0.0,
38BbM6,73,36,CarrotHyrax,41.4,15.0,1,True,0.0,
38BbM6,73,37,CarrotHyrax,41.4,14.2,0,True,0.0,
38BbM6,73,38,CarrotHyrax,41.4,13.4,0,True,0.0,
38BbM6,73,39,CarrotHyrax,45.2,12.5,0,True,0.0,
38BbM6,73,40,CarrotHyrax,45.2,11.7,0,True,0.0,
38BbM6,73,41,CarrotHyrax,45.2,10.9,0,True,0.0,
38BbM6,73,42,CarrotHyrax,45.2,10.2,0,True,0.0,
38BbM6,73,43,CarrotHyrax,45.2,9.4,0,True,0.0,
38BbM6,73,44,CarrotHyrax,45.2,8.7,0,True,0.0,
38BbM6,73,45,CarrotHyrax,45.2,8.0,1,True,0.0,
38BbM6,73,46,CarrotHyrax,45.2,7.4,0,True,0.0,
38BbM6,73,47,CarrotHyrax,45.2,6.9,2,True,0.0,
38BbM6,73,48,CarrotHyrax,45.2,6.4,0,True,0.001,
38BbM6,73,49,CarrotHyrax,59.5,6.0,1,True,0.0,
38BbM6,73,50,CarrotHyrax,59.5,5.7,0,True,0.0,
38BbM6,73,51,CarrotHyrax,59.5,5.3,1,True,0.0,
38BbM6,73,52,CarrotHyrax,59.5,5.0,0,True,0.001,
38BbM6,73,53,CarrotHyrax,59.5,5.0,0,True,0.0,
38BbM6,73,54,CarrotHyrax,59.5,5.0,0,True,0.0,
38BbM6,73,55,CarrotHyrax,59.5,5.0,0,True,0.0,
38BbM6,73,56,CarrotHyrax,59.5,5.0,1,True,0.0,
38BbM6,73,57,CarrotHyrax,59.5,5.0,0,True,0.0,
38BbM6,73,58,CarrotHyrax,59.5,5.0,1,True,0.0,
38BbM6,73,59,CarrotHyrax,57.1,5.0,0,True,0.0,
38BbM6,73,60,CarrotHyrax,57.1,5.0,0,True,0.0,
38BbM6,73,61,CarrotHyrax,57.1,5.0,0,True,0.0,
38BbM6,73,62,CarrotHyrax,57.1,5.0,0,True,0.0,
38BbM6,73,63,CarrotHyrax,57.1,5.0,1,True,0.0,
38BbM6,73,64,CarrotHyrax,57.1,5.0,1,True,0.0,
38BbM6,73,65,CarrotHyrax,57.1,5.0,0,True,0.0,
38BbM6,73,66,CarrotHyrax,57.1,5.0,1,True,0.0,
38BbM6,73,67,CarrotHyrax,57.1,5.0,2,True,0.0,
38BbM6,73,68,CarrotHyrax,57.1,5.0,0,True,0.0,
38BbM6,73,69,CarrotHyrax,37.8,5.0,0,True,0.0,
38BbM6,73,70,CarrotHyrax,37.8,5.0,0,True,0.0,
38BbM6,73,71,CarrotHyrax,37.8,5.0,0,True,0.0,
38BbM6,73,72,CarrotHyrax,37.8,5.0,0,True,0.0,
38BbM6,73,73,CarrotHyrax,37.8,5.0,1,True,0.001,
38BbM6,73,74,CarrotHyrax,37.8,5.0,1,True,0.0,
38BbM6,73,75,CarrotHyrax,37.8,5.0,3,True,0.0,
38BbM6,73,76,CarrotHyrax,37.8,5.0,1,True,0.0,
38BbM6,73,77,CarrotHyrax,37.8,5.0,0,True,0.0,
38BbM6,73,78,CarrotHyrax,37.8,5.0,2,True,0.0,
38BbM6,73,79,CarrotHyrax,40.7,5.0,0,True,0.0,
38BbM6,73,80,CarrotHyrax,40.7,5.0,0,True,0.0,
38BbM6,73,81,CarrotHyrax,40.7,5.0,0,True,0.001,
38BbM6,73,82,CarrotHyrax,40.7,5.0,2,True,0.0,
38BbM6,73,83,CarrotHyrax,40.7,5.0,0,True,0.002,
38BbM6,73,84,CarrotHyrax,40.7,5.0,0,True,0.0,
38BbM6,73,85,CarrotHyrax,40.7,5.0,0,True,0.0,
38BbM6,73,86,CarrotHyrax,40.7,5.0,1,True,0.0,
38BbM6,73,87,CarrotHyrax,40.7,5.0,1,True,0.0,
38BbM6,73,88,CarrotHyrax,40.7,5.0,0,True,0.0,
38BbM6,73,89,CarrotHyrax,32.6,5.0,0,True,0.0,
38BbM6,73,90,CarrotHyrax,32.6,5.0,2,True,0.0,
38BbM6,73,91,CarrotHyrax,32.6,5.0,2,True,0.0,
38BbM6,73,92,CarrotHyrax,32.6,5.0,0,True,0.0,
38BbM6,73,93,CarrotHyrax,32.6,5.0,0,True,0.0,
38BbM6,73,94,CarrotHyrax,32.6,5.0,0,True,0.0,
38BbM6,73,95,CarrotHyrax,32.6,5.0,1,True,0.0,
38BbM6,73,96,CarrotHyrax,32.6,5.0,1,True,0.0,
38BbM6,73,97,CarrotHyrax,32.6,5.0,0,True,0.0,
38BbM6,73,98,CarrotHyrax,32.6,5.0,2,True,0.0,
38BbM6,73,99,CarrotHyrax,64.5,5.0,0,True,0.0,
38BbM6,73,100,CarrotHyrax,64.5,5.0,2,True,0.0,
38BbM6,74,1,CarrotHyrax,64.5,32.0,0,True,0.0,
38BbM6,74,2,CarrotHyrax,64.5,25.6,1,True,0.0,
38BbM6,74,3,CarrotHyrax,64.5,24.7,0,True,0.0,
38BbM6,74,4,CarrotHyrax,64.5,22.9,0,True,0.0,
38BbM6,74,5,CarrotHyrax,64.5,20.6,0,True,0.0,
38BbM6,74,6,CarrotHyrax,64.5,18.0,0,True,0.0,
38BbM6,74,7,CarrotHyrax,64.5,15.6,0,True,0.0,
38BbM6,74,8,CarrotHyrax,41.2,13.4,0,True,0.0,
38BbM6,74,9,CarrotHyrax,41.2,11.3,1,True,0.0,
38BbM6,74,10,CarrotHyrax,41.2,10.1,0,True,0.0,
38BbM6,74,11,CarrotHyrax,41.2,8.9,0,True,0.006,
38BbM6,74,12,CarrotHyrax,41.2,7.8,0,True,0.002,
38BbM6,74,13,CarrotHyrax,41.2,6.7,0,True,0.0,
38BbM6,74,14,CarrotHyrax,41.2,5.8,0,True,0.0,
38BbM6,74,15,CarrotHyrax,41.2,5.0,0,True,0.001,
38BbM6,74,16,CarrotHyrax,41.2,5.0,0,True,0.001,
38BbM6,74,17,CarrotHyrax,41.2,5.0,1,True,0.0,
38BbM6,74,18,CarrotHyrax,72.8,5.0,0,True,0.0,
38BbM6,74,19,CarrotHyrax,72.8,5.0,0,True,0.0,
38BbM6,74,20,CarrotHyrax,72.8,5.0,0,True,0.0,
38BbM6,74,21,CarrotHyrax,72.8,5.0,1,True,0.0,
38BbM6,74,22,CarrotHyrax,72.8,5.0,0,True,0.0,
38BbM6,74,23,CarrotHyrax,72.8,5.0,0,True,0.0,
38BbM6,74,24,CarrotHyrax,72.8,5.0,0,True,0.0,
38BbM6,74,25,CarrotHyrax,72.8,5.0,0,True,0.001,
38BbM6,74,26,CarrotHyrax,72.8,5.0,0,True,0.0,
38BbM6,74,27,CarrotHyrax,72.8,5.0,0,True,0.0,
38BbM6,74,28,CarrotHyrax,46.0,5.0,0,True,0.001,
38BbM6,74,29,CarrotHyrax,46.0,5.0,0,True,0.003,
38BbM6,74,30,CarrotHyrax,46.0,5.0,1,True,0.026,
38BbM6,74,31,CarrotHyrax,46.0,5.0,0,True,0.001,
38BbM6,74,32,CarrotHyrax,46.0,5.0,0,True,0.008,
38BbM6,74,33,CarrotHyrax,46.0,5.0,0,True,0.0,
38BbM6,74,34,CarrotHyrax,46.0,5.0,1,True,0.0,
38BbM6,74,35,CarrotHyrax,46.0,5.0,0,True,0.0,
38BbM6,74,36,CarrotHyrax,46.0,5.0,1,True,0.0,
38BbM6,74,37,CarrotHyrax,46.0,5.0,0,True,0.001,
38BbM6,74,38,CarrotHyrax,63.8,5.0,0,True,0.001,
38BbM6,74,39,CarrotHyrax,63.8,5.0,0,True,0.006,
38BbM6,74,40,CarrotHyrax,63.8,5.0,0,True,0.003,
38BbM6,74,41,CarrotHyrax,63.8,5.0,0,True,0.0,
38BbM6,74,42,CarrotHyrax,63.8,5.0,0,True,0.001,
38BbM6,74,43,CarrotHyrax,63.8,5.0,1,True,0.001,
38BbM6,74,44,CarrotHyrax,63.8,5.0,0,True,0.001,
38BbM6,74,45,CarrotHyrax,63.8,5.0,0,True,0.0,
38BbM6,74,46,CarrotHyrax,63.8,5.0,0,True,0.0,
38BbM6,74,47,CarrotHyrax,63.8,5.0,4,True,0.008,
38BbM6,74,48,CarrotHyrax,41.4,5.0,1,True,0.0,
38BbM6,74,49,CarrotHyrax,41.4,5.0,1,True,0.0,
38BbM6,74,50,CarrotHyrax,41.4,5.0,1,True,0.0,
38BbM6,74,51,CarrotHyrax,41.4,5.0,0,True,0.0,
38BbM6,74,52,CarrotHyrax,41.4,5.0,1,True,0.001,
38BbM6,74,53,CarrotHyrax,41.4,5.0,0,True,0.0,
38BbM6,74,54,CarrotHyrax,41.4,5.0,0,True,0.005,
38BbM6,74,55,CarrotHyrax,41.4,5.0,0,True,0.001,
38BbM6,74,56,CarrotHyrax,41.4,5.0,0,True,0.003,
38BbM6,74,57,CarrotHyrax,41.4,5.0,1,True,0.0,
38BbM6,74,58,CarrotHyrax,72.0,5.0,0,True,0.0,
38BbM6,74,59,CarrotHyrax,72.0,5.0,1,True,0.011,
38BbM6,74,60,CarrotHyrax,72.0,5.0,0,True,0.0,
38BbM6,74,61,CarrotHyrax,72.0,5.0,1,True,0.001,
38BbM6,74,62,CarrotHyrax,72.0,5.0,0,True,0.0,
38BbM6,74,63,CarrotHyrax,72.0,5.0,0,True,0.0,
38BbM6,74,64,CarrotHyrax,72.0,5.0,1,True,0.0,
38BbM6,74,65,CarrotHyrax,72.0,5.0,1,True,0.002,
38BbM6,74,66,CarrotHyrax,72.0,5.0,2,True,0.002,
38BbM6,74,67,CarrotHyrax,72.0,5.0,0,True,0.001,
38BbM6,74,68,CarrotHyrax,73.2,5.0,1,True,0.0,
38BbM6,74,69,CarrotHyrax,73.2,5.0,1,True,0.002,
38BbM6,74,70,CarrotHyrax,73.2,5.0,2,True,0.001,
38BbM6,74,71,CarrotHyrax,73.2,5.0,0,True,0.0,
38BbM6,74,72,CarrotHyrax,73.2,5.0,1,True,0.0,
38BbM6,74,73,CarrotHyrax,73.2,5.0,0,True,0.0,
38BbM6,74,74,CarrotHyrax,73.2,5.0,1,True,0.0,
38BbM6,74,75,CarrotHyrax,73.2,5.0,1,True,0.0,
38BbM6,74,76,CarrotHyrax,73.2,5.0,0,True,0.0,
38BbM6,74,77,CarrotHyrax,73.2,5.0,0,True,0.0,
38BbM6,74,78,CarrotHyrax,58.2,5.0,1,True,0.0,
38BbM6,74,79,CarrotHyrax,58.2,5.0,2,True,0.0,
38BbM6,74,80,CarrotHyrax,58.2,5.0,0,True,0.0,
38BbM6,74,81,CarrotHyrax,58.2,5.0,0,True,0.0,
38BbM6,74,82,CarrotHyrax,58.2,5.0,1,True,0.0,
38BbM6,74,83,CarrotHyrax,58.2,5.0,0,True,0.0,
38BbM6,74,84,CarrotHyrax,58.2,5.0,2,True,0.0,
38BbM6,74,85,CarrotHyrax,58.2,5.0,1,True,0.0,
38BbM6,74,86,CarrotHyrax,58.2,5.0,1,True,0.0,
38BbM6,74,87,CarrotHyrax,58.2,5.0,1,True,0.0,
38BbM6,74,88,CarrotHyrax,68.8,5.0,2,True,0.0,
38BbM6,74,89,CarrotHyrax,68.8,5.0,0,True,0.001,
38BbM6,74,90,CarrotHyrax,68.8,5.0,2,True,0.0,
38BbM6,74,91,CarrotHyrax,68.8,5.0,0,True,0.0,
38BbM6,74,92,CarrotHyrax,68.8,5.0,1,True,0.0,
38BbM6,74,93,CarrotHyrax,68.8,5.0,0,True,0.0,
38BbM6,74,94,CarrotHyrax,68.8,5.0,0,True,0.0,
38BbM6,74,95,CarrotHyrax,68.8,5.0,1,True,0.0,
38BbM6,74,96,CarrotHyrax,68.8,5.0,0,True,0.0,
38BbM6,74,97,CarrotHyrax,68.8,5.0,0,True,0.0,
38BbM6,74,98,CarrotHyrax,30.4,5.0,1,True,0.0,
38BbM6,74,99,CarrotHyrax,30.4,5.0,1,True,0.0,
38BbM6,74,100,CarrotHyrax,30.4,5.0,0,True,0.0,
38BbM6,75,1,CarrotHyrax,30.4,69.0,0,True,0.0,
38BbM6,75,2,CarrotHyrax,30.4,55.2,0,True,0.0,
38BbM6,75,3,CarrotHyrax,30.4,44.2,0,True,0.0,
38BbM6,75,4,CarrotHyrax,30.4,35.3,0,True,0.0,
38BbM6,75,5,CarrotHyrax,30.4,28.3,0,True,0.0,
38BbM6,75,6,CarrotHyrax,30.4,22.6,0,True,0.0,
38BbM6,75,7,CarrotHyrax,35.2,18.1,0,True,0.0,
38BbM6,75,8,CarrotHyrax,35.2,14.5,1,True,0.0,
38BbM6,75,9,CarrotHyrax,35.2,12.3,0,True,0.0,
38BbM6,75,10,CarrotHyrax,35.2,10.4,0,True,0.001,
38BbM6,75,11,CarrotHyrax,35.2,8.7,0,True,0.0,
38BbM6,75,12,CarrotHyrax,35.2,7.3,0,True,0.0,
38BbM6,75,13,CarrotHyrax,35.2,6.1,0,True,0.0,
38BbM6,75,14,CarrotHyrax,35.2,5.0,0,True,0.0,
38BbM6,75,15,CarrotHyrax,35.2,5.0,0,True,0.0,
38BbM6,75,16,CarrotHyrax,35.2,5.0,1,True,0.0,
38BbM6,75,17,CarrotHyrax,69.9,5.0,2,True,0.0,
38BbM6,75,18,CarrotHyrax,69.9,5.0,0,True,0.0,
38BbM6,75,19,CarrotHyrax,69.9,5.0,0,True,0.0,
38BbM6,75,20,CarrotHyrax,69.9,5.0,0,True,0.0,
38BbM6,75,21,CarrotHyrax,69.9,5.0,0,True,0.0,
38BbM6,75,22,CarrotHyrax,69.9,5.0,0,True,0.0,
38BbM6,75,23,CarrotHyrax,69.9,5.0,1,True,0.0,
38BbM6,75,24,CarrotHyrax,69.9,5.0,1,True,0.0,
38BbM6,75,25,CarrotHyrax,69.9,5.0,0,True,0.0,
38BbM6,75,26,CarrotHyrax,69.9,5.0,0,True,0.0,
38BbM6,75,27,CarrotHyrax,64.4,5.0,2,True,0.0,
38BbM6,75,28,CarrotHyrax,64.4,5.0,1,True,0.001,
38BbM6,75,29,CarrotHyrax,64.4,5.0,0,True,0.0,
38BbM6,75,30,CarrotHyrax,64.4,5.0,0,True,0.0,
38BbM6,75,31,CarrotHyrax,64.4,5.0,0,True,0.0,
38BbM6,75,32,CarrotHyrax,64.4,5.0,1,True,0.0,
38BbM6,75,33,CarrotHyrax,64.4,5.0,0,True,0.0,
38BbM6,75,34,CarrotHyrax,64.4,5.0,1,True,0.0,
38BbM6,75,35,CarrotHyrax,64.4,5.0,0,True,0.0,
38BbM6,75,36,CarrotHyrax,64.4,5.0,0,True,0.0,
38BbM6,75,37,CarrotHyrax,62.8,5.0,0,True,0.0,
38BbM6,75,38,CarrotHyrax,62.8,5.0,1,True,0.0,
38BbM6,75,39,CarrotHyrax,62.8,5.0,1,True,0.0,
38BbM6,75,40,CarrotHyrax,62.8,5.0,0,True,0.0,
38BbM6,75,41,CarrotHyrax,62.8,5.0,0,True,0.0,
38BbM6,75,42,CarrotHyrax,62.8,5.0,0,True,0.0,
38BbM6,75,43,CarrotHyrax,62.8,5.0,0,True,0.0,
38BbM6,75,44,CarrotHyrax,62.8,5.0,0,True,0.0,
38BbM6,75,45,CarrotHyrax,62.8,5.0,0,True,0.0,
38BbM6,75,46,CarrotHyrax,62.8,5.0,0,True,0.0,
38BbM6,75,47,CarrotHyrax,65.8,5.0,0,True,0.0,
38BbM6,75,48,CarrotHyrax,65.8,5.0,1,True,0.0,
38BbM6,75,49,CarrotHyrax,65.8,5.0,1,True,0.0,
38BbM6,75,50,CarrotHyrax,65.8,5.0,1,True,0.0,
38BbM6,75,51,CarrotHyrax,65.8,5.0,0,True,0.0,
38BbM6,75,52,CarrotHyrax,65.8,5.0,1,True,0.0,
38BbM6,75,53,CarrotHyrax,65.8,5.0,1,True,0.0,
38BbM6,75,54,CarrotHyrax,65.8,5.0,1,True,0.0,
38BbM6,75,55,CarrotHyrax,65.8,5.0,0,True,0.0,
38BbM6,75,56,CarrotHyrax,65.8,5.0,1,True,0.0,
38BbM6,75,57,CarrotHyrax,76.8,5.0,1,True,0.0,
38BbM6,75,58,CarrotHyrax,76.8,5.0,0,True,0.0,
38BbM6,75,59,CarrotHyrax,76.8,5.0,0,True,0.0,
38BbM6,75,60,CarrotHyrax,76.8,5.0,0,True,0.0,
38BbM6,75,61,CarrotHyrax,76.8,5.0,1,True,0.0,
38BbM6,75,62,CarrotHyrax,76.8,5.0,0,True,0.0,
38BbM6,75,63,CarrotHyrax,76.8,5.0,0,True,0.0,
38BbM6,75,64,CarrotHyrax,76.8,5.0,1,True,0.0,
38BbM6,75,65,CarrotHyrax,76.8,5.0,0,True,0.0,
38BbM6,75,66,CarrotHyrax,76.8,5.0,0,True,0.0,
38BbM6,75,67,CarrotHyrax,73.0,5.0,2,True,0.0,
38BbM6,75,68,CarrotHyrax,73.0,5.0,0,True,0.0,
38BbM6,75,69,CarrotHyrax,73.0,5.0,0,True,0.0,
38BbM6,75,70,CarrotHyrax,73.0,5.0,0,True,0.0,
38BbM6,75,71,CarrotHyrax,73.0,5.0,1,True,0.0,
38BbM6,75,72,CarrotHyrax,73.0,5.0,1,True,0.0,
38BbM6,75,73,CarrotHyrax,73.0,5.0,0,True,0.0,
38BbM6,75,74,CarrotHyrax,73.0,5.0,1,True,0.0,
38BbM6,75,75,CarrotHyrax,73.0,5.0,1,True,0.0,
38BbM6,75,76,CarrotHyrax,73.0,5.0,0,True,0.0,
38BbM6,75,77,CarrotHyrax,72.6,5.0,1,True,0.0,
38BbM6,75,78,CarrotHyrax,72.6,5.0,1,True,0.0,
38BbM6,75,79,CarrotHyrax,72.6,5.0,1,True,0.0,
38BbM6,75,80,CarrotHyrax,72.6,5.0,0,True,0.0,
38BbM6,75,81,CarrotHyrax,72.6,5.0,0,True,0.0,
38BbM6,75,82,CarrotHyrax,72.6,5.0,1,True,0.0,
38BbM6,75,83,CarrotHyrax,72.6,5.0,2,True,0.0,
38BbM6,75,84,CarrotHyrax,72.6,5.0,1,True,0.0,
38BbM6,75,85,CarrotHyrax,72.6,5.0,1,True,0.0,
38BbM6,75,86,CarrotHyrax,72.6,5.0,0,True,0.0,
38BbM6,75,87,CarrotHyrax,78.7,5.0,0,True,0.0,
38BbM6,75,88,CarrotHyrax,78.7,5.0,0,True,0.0,
38BbM6,75,89,CarrotHyrax,78.7,5.0,1,True,0.0,
38BbM6,75,90,CarrotHyrax,78.7,5.0,3,True,0.0,
38BbM6,75,91,CarrotHyrax,78.7,5.0,0,True,0.0,
38BbM6,75,92,CarrotHyrax,78.7,5.0,0,True,0.0,
38BbM6,75,93,CarrotHyrax,78.7,5.0,1,True,0.0,
38BbM6,75,94,CarrotHyrax,78.7,5.0,1,True,0.0,
38BbM6,75,95,CarrotHyrax,78.7,5.0,0,True,0.0,
38BbM6,75,96,CarrotHyrax,78.7,5.0,1,True,0.0,
38BbM6,75,97,CarrotHyrax,31.2,5.0,1,True,0.0,
38BbM6,75,98,CarrotHyrax,31.2,5.0,0,True,0.0,
38BbM6,75,99,CarrotHyrax,31.2,5.0,0,True,0.0,
38BbM6,75,100,CarrotHyrax,31.2,5.0,1,True,0.0,
38BbM6,76,1,CarrotHyrax,31.2,63.0,0,True,0.0,
38BbM6,76,2,CarrotHyrax,31.2,50.4,0,True,0.0,
38BbM6,76,3,CarrotHyrax,31.2,40.3,0,True,0.0,
38BbM6,76,4,CarrotHyrax,31.2,32.3,1,True,0.0,
38BbM6,76,5,CarrotHyrax,31.2,28.9,1,True,0.0,
38BbM6,76,6,CarrotHyrax,54.5,27.4,0,True,0.0,
38BbM6,76,7,CarrotHyrax,54.5,25.6,0,True,0.0,
38BbM6,76,8,CarrotHyrax,54.5,23.4,0,True,0.0,
38BbM6,76,9,CarrotHyrax,54.5,21.0,0,True,0.0,
38BbM6,76,10,CarrotHyrax,54.5,18.7,1,True,0.0,
38BbM6,76,11,CarrotHyrax,54.5,17.2,0,True,0.0,
38BbM6,76,12,CarrotHyrax,54.5,15.7,0,True,0.0,
38BbM6,76,13,CarrotHyrax,54.5,14.1,0,True,0.0,
38BbM6,76,14,CarrotHyrax,54.5,12.5,0,True,0.0,
38BbM6,76,15,CarrotHyrax,54.5,11.0,0,True,0.001,
38BbM6,76,16,CarrotHyrax,34.6,9.6,0,True,0.0,
38BbM6,76,17,CarrotHyrax,34.6,8.4,0,True,0.001,
38BbM6,76,18,CarrotHyrax,34.6,7.2,0,True,0.0,
38BbM6,76,19,CarrotHyrax,34.6,6.2,1,True,0.0,
38BbM6,76,20,CarrotHyrax,34.6,5.5,1,True,0.001,
38BbM6,76,21,CarrotHyrax,34.6,5.0,0,True,0.0,
38BbM6,76,22,CarrotHyrax,34.6,5.0,1,True,0.0,
38BbM6,76,23,CarrotHyrax,34.6,5.0,1,True,0.0,
38BbM6,76,24,CarrotHyrax,34.6,5.0,1,True,0.0,
38BbM6,76,25,CarrotHyrax,34.6,5.0,0,True,0.0,
38BbM6,76,26,CarrotHyrax,62.9,5.0,1,True,0.0,
38BbM6,76,27,CarrotHyrax,62.9,5.0,1,True,0.0,
38BbM6,76,28,CarrotHyrax,62.9,5.0,0,True,0.0,
38BbM6,76,29,CarrotHyrax,62.9,5.0,0,True,0.0,
38BbM6,76,30,CarrotHyrax,62.9,5.0,0,True,0.0,
38BbM6,76,31,CarrotHyrax,62.9,5.0,1,True,0.0,
38BbM6,76,32,CarrotHyrax,62.9,5.0,1,True,0.0,
38BbM6,76,33,CarrotHyrax,62.9,5.0,1,True,0.0,
38BbM6,76,34,CarrotHyrax,62.9,5.0,0,True,0.0,
38BbM6,76,35,CarrotHyrax,62.9,5.0,0,True,0.0,
38BbM6,76,36,CarrotHyrax,78.5,5.0,0,True,0.0,
38BbM6,76,37,CarrotHyrax,78.5,5.0,0,True,0.0,
38BbM6,76,38,CarrotHyrax,78.5,5.0,0,True,0.0,
38BbM6,76,39,CarrotHyrax,78.5,5.0,1,True,0.0,
38BbM6,76,40,CarrotHyrax,78.5,5.0,0,True,0.0,
38BbM6,76,41,CarrotHyrax,78.5,5.0,0,True,0.0,
38BbM6,76,42,CarrotHyrax,78.5,5.0,1,True,0.0,
38BbM6,76,43,CarrotHyrax,78.5,5.0,0,True,0.0,
38BbM6,76,44,CarrotHyrax,78.5,5.0,0,True,0.0,
38BbM6,76,45,CarrotHyrax,78.5,5.0,1,True,0.0,
38BbM6,76,46,CarrotHyrax,59.9,5.0,0,True,0.0,
38BbM6,76,47,CarrotHyrax,59.9,5.0,0,True,0.0,
38BbM6,76,48,CarrotHyrax,59.9,5.0,1,True,0.0,
38BbM6,76,49,CarrotHyrax,59.9,5.0,1,True,0.0,
38BbM6,76,50,CarrotHyrax,59.9,5.0,0,True,0.0,
38BbM6,76,51,CarrotHyrax,59.9,5.0,0,True,0.001,
38BbM6,76,52,CarrotHyrax,59.9,5.0,0,True,0.0,
38BbM6,76,53,CarrotHyrax,59.9,5.0,1,True,0.0,
38BbM6,76,54,CarrotHyrax,59.9,5.0,4,True,0.0,
38BbM6,76,55,CarrotHyrax,59.9,5.0,0,True,0.0,
38BbM6,76,56,CarrotHyrax,76.9,5.0,0,True,0.0,
38BbM6,76,57,CarrotHyrax,76.9,5.0,2,True,0.0,
38BbM6,76,58,CarrotHyrax,76.9,5.0,0,True,0.0,
38BbM6,76,59,CarrotHyrax,76.9,5.0,0,True,0.0,
38BbM6,76,60,CarrotHyrax,76.9,5.0,2,True,0.0,
38BbM6,76,61,CarrotHyrax,76.9,5.0,0,True,0.0,
38BbM6,76,62,CarrotHyrax,76.9,5.0,0,True,0.0,
38BbM6,76,63,CarrotHyrax,76.9,5.0,0,True,0.0,
38BbM6,76,64,CarrotHyrax,76.9,5.0,0,True,0.0,
38BbM6,76,65,CarrotHyrax,76.9,5.0,1,True,0.0,
38BbM6,76,66,CarrotHyrax,75.4,5.0,1,True,0.0,
38BbM6,76,67,CarrotHyrax,75.4,5.0,0,True,0.0,
38BbM6,76,68,CarrotHyrax,75.4,5.0,1,True,0.0,
38BbM6,76,69,CarrotHyrax,75.4,5.0,1,True,0.0,
38BbM6,76,70,CarrotHyrax,75.4,5.0,1,True,0.0,
38BbM6,76,71,CarrotHyrax,75.4,5.0,0,True,0.0,
38BbM6,76,72,CarrotHyrax,75.4,5.0,1,True,0.0,
38BbM6,76,73,CarrotHyrax,75.4,5.0,1,True,0.0,
38BbM6,76,74,CarrotHyrax,75.4,5.0,0,True,0.0,
38BbM6,76,75,CarrotHyrax,75.4,5.0,2,True,0.0,
38BbM6,76,76,CarrotHyrax,76.5,5.0,1,True,0.0,
38BbM6,76,77,CarrotHyrax,76.5,5.0,0,True,0.0,
38BbM6,76,78,CarrotHyrax,76.5,5.0,0,True,0.0,
38BbM6,76,79,CarrotHyrax,76.5,5.0,0,True,0.0,
38BbM6,76,80,CarrotHyrax,76.5,5.0,1,True,0.0,
38BbM6,76,81,CarrotHyrax,76.5,5.0,0,True,0.0,
38BbM6,76,82,CarrotHyrax,76.5,5.0,0,True,0.0,
38BbM6,76,83,CarrotHyrax,76.5,5.0,1,True,0.0,
38BbM6,76,84,CarrotHyrax,76.5,5.0,0,True,0.0,
38BbM6,76,85,CarrotHyrax,76.5,5.0,0,True,0.0,
38BbM6,76,86,CarrotHyrax,32.4,5.0,0,True,0.0,
38BbM6,76,87,CarrotHyrax,32.4,5.0,2,True,0.0,
38BbM6,76,88,CarrotHyrax,32.4,5.0,0,True,0.0,
38BbM6,76,89,CarrotHyrax,32.4,5.0,1,True,0.0,
38BbM6,76,90,CarrotHyrax,32.4,5.0,1,True,0.0,
38BbM6,76,91,CarrotHyrax,32.4,5.0,1,True,0.0,
38BbM6,76,92,CarrotHyrax,32.4,5.0,2,True,0.0,
38BbM6,76,93,CarrotHyrax,32.4,5.0,0,True,0.0,
38BbM6,76,94,CarrotHyrax,32.4,5.0,1,True,0.0,
38BbM6,76,95,CarrotHyrax,32.4,5.0,0,True,0.0,
38BbM6,76,96,CarrotHyrax,77.5,5.0,1,True,0.0,
38BbM6,76,97,CarrotHyrax,77.5,5.0,0,True,0.0,
38BbM6,76,98,CarrotHyrax,77.5,5.0,0,True,0.0,
38BbM6,76,99,CarrotHyrax,77.5,5.0,0,True,0.0,
38BbM6,76,100,CarrotHyrax,77.5,5.0,0,True,0.0,
38BbM6,77,1,CarrotHyrax,77.5,88.0,0,True,0.0,
38BbM6,77,2,CarrotHyrax,77.5,70.4,0,True,0.0,
38BbM6,77,3,CarrotHyrax,77.5,56.3,1,True,0.0,
38BbM6,77,4,CarrotHyrax,77.5,52.2,0,True,0.0,
38BbM6,77,5,CarrotHyrax,55.4,46.8,0,True,0.0,
38BbM6,77,6,CarrotHyrax,55.4,40.9,0,True,0.0,
38BbM6,77,7,CarrotHyrax,55.4,35.5,0,True,0.0,
38BbM6,77,8,CarrotHyrax,55.4,30.4,0,True,0.001,
38BbM6,77,9,CarrotHyrax,55.4,25.8,1,True,0.0,
38BbM6,77,10,CarrotHyrax,55.4,22.9,0,True,0.0,
38BbM6,77,11,CarrotHyrax,55.4,20.2,0,True,0.0,
38BbM6,77,12,CarrotHyrax,55.4,17.7,0,True,0.0,
38BbM6,77,13,CarrotHyrax,55.4,15.3,1,True,0.0,
38BbM6,77,14,CarrotHyrax,55.4,13.6,1,True,0.0,
38BbM6,77,15,CarrotHyrax,50.9,12.3,0,True,0.0,
38BbM6,77,16,CarrotHyrax,50.9,11.1,0,True,0.0,
38BbM6,77,17,CarrotHyrax,50.9,9.9,0,True,0.0,
38BbM6,77,18,CarrotHyrax,50.9,8.8,1,True,0.0,
38BbM6,77,19,CarrotHyrax,50.9,7.9,0,True,0.0,
38BbM6,77,20,CarrotHyrax,50.9,7.1,0,True,0.0,
38BbM6,77,21,CarrotHyrax,50.9,6.4,1,True,0.0,
38BbM6,77,22,CarrotHyrax,50.9,5.8,0,True,0.001,
38BbM6,77,23,CarrotHyrax,50.9,5.2,1,True,0.0,
38BbM6,77,24,CarrotHyrax,50.9,5.0,1,True,0.0,
38BbM6,77,25,CarrotHyrax,66.9,5.0,1,True,0.0,
38BbM6,77,26,CarrotHyrax,66.9,5.0,0,True,0.0,
38BbM6,77,27,CarrotHyrax,66.9,5.0,0,True,0.0,
38BbM6,77,28,CarrotHyrax,66.9,5.0,0,True,0.0,
38BbM6,77,29,CarrotHyrax,66.9,5.0,0,True,0.0,
38BbM6,77,30,CarrotHyrax,66.9,5.0,2,True,0.0,
38BbM6,77,31,CarrotHyrax,66.9,5.0,1,True,0.0,
38BbM6,77,32,CarrotHyrax,66.9,5.0,0,True,0.0,
38BbM6,77,33,CarrotHyrax,66.9,5.0,1,True,0.0,
38BbM6,77,34,CarrotHyrax,66.9,5.0,0,True,0.0,
38BbM6,77,35,CarrotHyrax,68.7,5.0,0,True,0.0,
38BbM6,77,36,CarrotHyrax,68.7,5.0,1,True,0.0,
38BbM6,77,37,CarrotHyrax,68.7,5.0,2,True,0.0,
38BbM6,77,38,CarrotHyrax,68.7,5.0,0,True,0.0,
38BbM6,77,39,CarrotHyrax,68.7,5.0,1,True,0.0,
38BbM6,77,40,CarrotHyrax,68.7,5.0,0,True,0.0,
38BbM6,77,41,CarrotHyrax,68.7,5.0,1,True,0.0,
38BbM6,77,42,CarrotHyrax,68.7,5.0,0,True,0.0,
38BbM6,77,43,CarrotHyrax,68.7,5.0,0,True,0.0,
38BbM6,77,44,CarrotHyrax,68.7,5.0,0,True,0.0,
38BbM6,77,45,CarrotHyrax,64.5,5.0,0,True,0.0,
38BbM6,77,46,CarrotHyrax,64.5,5.0,0,True,0.0,
38BbM6,77,47,CarrotHyrax,64.5,5.0,0,True,0.0,
38BbM6,77,48,CarrotHyrax,64.5,5.0,2,True,0.0,
38BbM6,77,49,CarrotHyrax,64.5,5.0,1,True,0.0,
38BbM6,77,50,CarrotHyrax,64.5,5.0,1,True,0.0,
38BbM6,77,51,CarrotHyrax,64.5,5.0,0,True,0.0,
38BbM6,77,52,CarrotHyrax,64.5,5.0,0,True,0.0,
38BbM6,77,53,CarrotHyrax,64.5,5.0,0,True,0.0,
38BbM6,77,54,CarrotHyrax,64.5,5.0,0,True,0.0,
38BbM6,77,55,CarrotHyrax,76.4,5.0,0,True,0.0,
38BbM6,77,56,CarrotHyrax,76.4,5.0,0,True,0.0,
38BbM6,77,57,CarrotHyrax,76.4,5.0,0,True,0.0,
38BbM6,77,58,CarrotHyrax,76.4,5.0,0,True,0.0,
38BbM6,77,59,CarrotHyrax,76.4,5.0,0,True,0.0,
38BbM6,77,60,CarrotHyrax,76.4,5.0,0,True,0.0,
38BbM6,77,61,CarrotHyrax,76.4,5.0,0,True,0.0,
38BbM6,77,62,CarrotHyrax,76.4,5.0,1,True,0.0,
38BbM6,77,63,CarrotHyrax,76.4,5.0,2,True,0.0,
38BbM6,77,64,CarrotHyrax,76.4,5.0,0,True,0.0,
38BbM6,77,65,CarrotHyrax,56.7,5.0,1,True,0.0,
38BbM6,77,66,CarrotHyrax,56.7,5.0,0,True,0.0,
38BbM6,77,67,CarrotHyrax,56.7,5.0,1,True,0.0,
38BbM6,77,68,CarrotHyrax,56.7,5.0,0,True,0.0,
38BbM6,77,69,CarrotHyrax,56.7,5.0,0,True,0.0,
38BbM6,77,70,CarrotHyrax,56.7,5.0,2,True,0.0,
38BbM6,77,71,CarrotHyrax,56.7,5.0,0,True,0.0,
38BbM6,77,72,CarrotHyrax,56.7,5.0,1,True,0.0,
38BbM6,77,73,CarrotHyrax,56.7,5.0,1,True,0.0,
38BbM6,77,74,CarrotHyrax,56.7,5.0,1,True,0.0,
38BbM6,77,75,CarrotHyrax,49.8,5.0,1,True,0.0,
38BbM6,77,76,CarrotHyrax,49.8,5.0,1,True,0.0,
38BbM6,77,77,CarrotHyrax,49.8,5.0,1,True,0.0,
38BbM6,77,78,CarrotHyrax,49.8,5.0,0,True,0.0,
38BbM6,77,79,CarrotHyrax,49.8,5.0,0,True,0.0,
38BbM6,77,80,CarrotHyrax,49.8,5.0,1,True,0.0,
38BbM6,77,81,CarrotHyrax,49.8,5.0,0,True,0.0,
38BbM6,77,82,CarrotHyrax,49.8,5.0,0,True,0.0,
38BbM6,77,83,CarrotHyrax,49.8,5.0,2,True,0.0,
38BbM6,77,84,CarrotHyrax,49.8,5.0,0,True,0.0,
38BbM6,77,85,CarrotHyrax,39.5,5.0,1,True,0.0,
38BbM6,77,86,CarrotHyrax,39.5,5.0,2,True,0.0,
38BbM6,77,87,CarrotHyrax,39.5,5.0,1,True,0.0,
38BbM6,77,88,CarrotHyrax,39.5,5.0,0,True,0.0,
38BbM6,77,89,CarrotHyrax,39.5,5.0,1,True,0.0,
38BbM6,77,90,CarrotHyrax,39.5,5.0,1,True,0.0,
38BbM6,77,91,CarrotHyrax,39.5,5.0,1,True,0.0,
38BbM6,77,92,CarrotHyrax,39.5,5.0,1,True,0.0,
38BbM6,77,93,CarrotHyrax,39.5,5.0,0,True,0.0,
38BbM6,77,94,CarrotHyrax,39.5,5.0,0,True,0.0,
38BbM6,77,95,CarrotHyrax,55.9,5.0,1,True,0.0,
38BbM6,77,96,CarrotHyrax,55.9,5.0,1,True,0.0,
38BbM6,77,97,CarrotHyrax,55.9,5.0,2,True,0.0,
38BbM6,77,98,CarrotHyrax,55.9,5.0,1,True,0.0,
38BbM6,77,99,CarrotHyrax,55.9,5.0,0,True,0.0,
38BbM6,77,100,CarrotHyrax,55.9,5.0,0,True,0.0,
38BbM6,78,1,CarrotHyrax,55.9,45.0,1,True,0.0,
38BbM6,78,2,CarrotHyrax,55.9,51.7,1,True,0.0,
38BbM6,78,3,CarrotHyrax,55.9,58.6,0,True,0.0,
38BbM6,78,4,CarrotHyrax,57.8,61.8,0,True,0.0,
38BbM6,78,5,CarrotHyrax,57.8,61.3,0,True,0.0,
38BbM6,78,6,CarrotHyrax,57.8,58.1,0,True,0.0,
38BbM6,78,7,CarrotHyrax,57.8,54.3,0,True,0.0,
38BbM6,78,8,CarrotHyrax,57.8,49.6,0,True,0.0,
38BbM6,78,9,CarrotHyrax,57.8,44.6,0,True,0.0,
38BbM6,78,10,CarrotHyrax,57.8,39.6,0,True,0.0,
38BbM6,78,11,CarrotHyrax,57.8,34.9,0,True,0.001,
38BbM6,78,12,CarrotHyrax,57.8,30.5,0,True,0.0,
38BbM6,78,13,CarrotHyrax,57.8,26.4,0,True,0.0,
38BbM6,78,14,CarrotHyrax,36.2,22.7,0,True,0.0,
38BbM6,78,15,CarrotHyrax,36.2,19.4,0,True,0.0,
38BbM6,78,16,CarrotHyrax,36.2,16.5,0,True,0.0,
38BbM6,78,17,CarrotHyrax,36.2,13.9,0,True,0.0,
38BbM6,78,18,CarrotHyrax,36.2,11.7,0,True,0.0,
38BbM6,78,19,CarrotHyrax,36.2,9.9,1,True,0.0,
38BbM6,78,20,CarrotHyrax,36.2,8.5,0,True,0.0,
38BbM6,78,21,CarrotHyrax,36.2,7.3,1,True,0.0,
38BbM6,78,22,CarrotHyrax,36.2,6.3,0,True,0.0,
38BbM6,78,23,CarrotHyrax,36.2,5.5,0,True,0.0,
38BbM6,78,24,CarrotHyrax,42.8,5.0,1,True,0.0,
38BbM6,78,25,CarrotHyrax,42.8,5.0,1,True,0.0,
38BbM6,78,26,CarrotHyrax,42.8,5.0,1,True,0.0,
38BbM6,78,27,CarrotHyrax,42.8,5.0,0,True,0.0,
38BbM6,78,28,CarrotHyrax,42.8,5.0,0,True,0.0,
38BbM6,78,29,CarrotHyrax,42.8,5.0,0,True,0.0,
38BbM6,78,30,CarrotHyrax,42.8,5.0,1,True,0.0,
38BbM6,78,31,CarrotHyrax,42.8,5.0,0,True,0.0,
38BbM6,78,32,CarrotHyrax,42.8,5.0,2,True,0.0,
38BbM6,78,33,CarrotHyrax,42.8,5.0,0,True,0.0,
38BbM6,78,34,CarrotHyrax,76.6,5.0,0,True,0.0,
38BbM6,78,35,CarrotHyrax,76.6,5.0,0,True,0.0,
38BbM6,78,36,CarrotHyrax,76.6,5.0,0,True,0.0,
38BbM6,78,37,CarrotHyrax,76.6,5.0,0,True,0.0,
38BbM6,78,38,CarrotHyrax,76.6,5.0,0,True,0.0,
38BbM6,78,39,CarrotHyrax,76.6,5.0,0,True,0.0,
38BbM6,78,40,CarrotHyrax,76.6,5.0,1,True,0.0,
38BbM6,78,41,CarrotHyrax,76.6,5.0,0,True,0.0,
38BbM6,78,42,CarrotHyrax,76.6,5.0,1,True,0.0,
38BbM6,78,43,CarrotHyrax,76.6,5.0,0,True,0.0,
38BbM6,78,44,CarrotHyrax,32.7,5.0,1,True,0.0,
38BbM6,78,45,CarrotHyrax,32.7,5.0,1,True,0.0,
38BbM6,78,46,CarrotHyrax,32.7,5.0,0,True,0.0,
38BbM6,78,47,CarrotHyrax,32.7,5.0,0,True,0.0,
38BbM6,78,48,CarrotHyrax,32.7,5.0,1,True,0.0,
38BbM6,78,49,CarrotHyrax,32.7,5.0,1,True,0.0,
38BbM6,78,50,CarrotHyrax,32.7,5.0,0,True,0.0,
38BbM6,78,51,CarrotHyrax,32.7,5.0,0,True,0.0,
38BbM6,78,52,CarrotHyrax,32.7,5.0,0,True,0.0,
38BbM6,78,53,CarrotHyrax,32.7,5.0,0,True,0.0,
38BbM6,78,54,CarrotHyrax,74.0,5.0,0,True,0.0,
38BbM6,78,55,CarrotHyrax,74.0,5.0,0,True,0.0,
38BbM6,78,56,CarrotHyrax,74.0,5.0,0,True,0.0,
38BbM6,78,57,CarrotHyrax,74.0,5.0,0,True,0.0,
38BbM6,78,58,CarrotHyrax,74.0,5.0,2,True,0.0,
38BbM6,78,59,CarrotHyrax,74.0,5.0,0,True,0.0,
38BbM6,78,60,CarrotHyrax,74.0,5.0,1,True,0.0,
38BbM6,78,61,CarrotHyrax,74.0,5.0,2,True,0.0,
38BbM6,78,62,CarrotHyrax,74.0,5.0,4,True,0.0,
38BbM6,78,63,CarrotHyrax,74.0,5.0,0,True,0.0,
38BbM6,78,64,CarrotHyrax,67.6,5.0,0,True,0.0,
38BbM6,78,65,CarrotHyrax,67.6,5.0,0,True,0.0,
38BbM6,78,66,CarrotHyrax,67.6,5.0,1,True,0.0,
38BbM6,78,67,CarrotHyrax,67.6,5.0,0,True,0.0,
38BbM6,78,68,CarrotHyrax,67.6,5.0,1,True,0.0,
38BbM6,78,69,CarrotHyrax,67.6,5.0,0,True,0.0,
38BbM6,78,70,CarrotHyrax,67.6,5.0,0,True,0.0,
38BbM6,78,71,CarrotHyrax,67.6,5.0,0,True,0.0,
38BbM6,78,72,CarrotHyrax,67.6,5.0,0,True,0.0,
38BbM6,78,73,CarrotHyrax,67.6,5.0,1,True,0.0,
38BbM6,78,74,CarrotHyrax,73.7,5.0,1,True,0.0,
38BbM6,78,75,CarrotHyrax,73.7,5.0,0,True,0.0,
38BbM6,78,76,CarrotHyrax,73.7,5.0,0,True,0.0,
38BbM6,78,77,CarrotHyrax,73.7,5.0,0,True,0.0,
38BbM6,78,78,CarrotHyrax,73.7,5.0,1,True,0.0,
38BbM6,78,79,CarrotHyrax,73.7,5.0,0,True,0.0,
38BbM6,78,80,CarrotHyrax,73.7,5.0,0,True,0.001,
38BbM6,78,81,CarrotHyrax,73.7,5.0,1,True,0.0,
38BbM6,78,82,CarrotHyrax,73.7,5.0,1,True,0.0,
38BbM6,78,83,CarrotHyrax,73.7,5.0,1,True,0.0,
38BbM6,78,84,CarrotHyrax,38.5,5.0,0,True,0.0,
38BbM6,78,85,CarrotHyrax,38.5,5.0,0,True,0.0,
38BbM6,78,86,CarrotHyrax,38.5,5.0,1,True,0.0,
38BbM6,78,87,CarrotHyrax,38.5,5.0,0,True,0.0,
38BbM6,78,88,CarrotHyrax,38.5,5.0,0,True,0.0,
38BbM6,78,89,CarrotHyrax,38.5,5.0,2,True,0.0,
38BbM6,78,90,CarrotHyrax,38.5,5.0,0,True,0.0,
38BbM6,78,91,CarrotHyrax,38.5,5.0,1,True,0.0,
38BbM6,78,92,CarrotHyrax,38.5,5.0,0,True,0.0,
38BbM6,78,93,CarrotHyrax,38.5,5.0,1,True,0.0,
38BbM6,78,94,CarrotHyrax,54.8,5.0,0,True,0.0,
38BbM6,78,95,CarrotHyrax,54.8,5.0,2,True,0.0,
38BbM6,78,96,CarrotHyrax,54.8,5.0,0,True,0.0,
38BbM6,78,97,CarrotHyrax,54.8,5.0,0,True,0.0,
38BbM6,78,98,CarrotHyrax,54.8,5.0,0,True,0.0,
38BbM6,78,99,CarrotHyrax,54.8,5.0,0,True,0.0,
38BbM6,78,100,CarrotHyrax,54.8,5.0,1,True,0.0,
38BbM6,79,1,CarrotHyrax,54.8,60.0,0,True,0.0,
38BbM6,79,2,CarrotHyrax,54.8,48.0,1,True,0.0,
38BbM6,79,3,CarrotHyrax,65.9,46.4,0,True,0.0,
38BbM6,79,4,CarrotHyrax,65.9,43.0,0,True,0.0,
38BbM6,79,5,CarrotHyrax,65.9,38.6,1,True,0.0,
38BbM6,79,6,CarrotHyrax,65.9,36.6,0,True,0.0,
38BbM6,79,7,CarrotHyrax,65.9,34.2,0,True,0.0,
38BbM6,79,8,CarrotHyrax,65.9,31.2,0,True,0.0,
38BbM6,79,9,CarrotHyrax,65.9,28.0,0,True,0.0,
38BbM6,79,10,CarrotHyrax,65.9,24.9,1,True,0.0,
38BbM6,79,11,CarrotHyrax,65.9,23.0,0,True,0.0,
38BbM6,79,12,CarrotHyrax,65.9,20.9,0,True,0.0,
38BbM6,79,13,CarrotHyrax,52.6,18.8,0,True,0.0,
38BbM6,79,14,CarrotHyrax,52.6,16.7,1,True,0.0,
38BbM6,79,15,CarrotHyrax,52.6,15.2,1,True,0.0,
38BbM6,79,16,CarrotHyrax,52.6,14.0,1,True,0.0,
38BbM6,79,17,CarrotHyrax,52.6,13.1,0,True,0.0,
38BbM6,79,18,CarrotHyrax,52.6,12.2,0,True,0.0,
38BbM6,79,19,CarrotHyrax,52.6,11.3,1,True,0.0,
38BbM6,79,20,CarrotHyrax,52.6,10.6,0,True,0.0,
38BbM6,79,21,CarrotHyrax,52.6,9.9,1,True,0.0,
38BbM6,79,22,CarrotHyrax,52.6,9.3,0,True,0.0,
38BbM6,79,23,CarrotHyrax,52.1,8.8,0,True,0.0,
38BbM6,79,24,CarrotHyrax,52.1,8.1,0,True,0.0,
38BbM6,79,25,CarrotHyrax,52.1,7.5,1,True,0.0,
38BbM6,79,26,CarrotHyrax,52.1,7.0,0,True,0.0,
38BbM6,79,27,CarrotHyrax,52.1,6.5,1,True,0.0,
38BbM6,79,28,CarrotHyrax,52.1,6.1,0,True,0.0,
38BbM6,79,29,CarrotHyrax,52.1,5.7,1,True,0.0,
38BbM6,79,30,CarrotHyrax,52.1,5.4,2,True,0.0,
38BbM6,79,31,CarrotHyrax,52.1,5.2,0,True,0.0,
38BbM6,79,32,CarrotHyrax,52.1,5.0,0,True,0.0,
38BbM6,79,33,CarrotHyrax,68.6,5.0,0,True,0.0,
38BbM6,79,34,CarrotHyrax,68.6,5.0,2,True,0.0,
38BbM6,79,35,CarrotHyrax,68.6,5.0,1,True,0.0,
38BbM6,79,36,CarrotHyrax,68.6,5.0,0,True,0.001,
38BbM6,79,37,CarrotHyrax,68.6,5.0,1,True,0.0,
38BbM6,79,38,CarrotHyrax,68.6,5.0,0,True,0.0,
38BbM6,79,39,CarrotHyrax,68.6,5.0,0,True,0.0,
38BbM6,79,40,CarrotHyrax,68.6,5.0,1,True,0.0,
38BbM6,79,41,CarrotHyrax,68.6,5.0,0,True,0.0,
38BbM6,79,42,CarrotHyrax,68.6,5.0,0,True,0.0,
38BbM6,79,43,CarrotHyrax,72.1,5.0,1,True,0.0,
38BbM6,79,44,CarrotHyrax,72.1,5.0,0,True,0.0,
38BbM6,79,45,CarrotHyrax,72.1,5.0,1,True,0.0,
38BbM6,79,46,CarrotHyrax,72.1,5.0,0,True,0.0,
38BbM6,79,47,CarrotHyrax,72.1,5.0,1,True,0.0,
38BbM6,79,48,CarrotHyrax,72.1,5.0,1,True,0.0,
38BbM6,79,49,CarrotHyrax,72.1,5.0,0,True,0.0,
38BbM6,79,50,CarrotHyrax,72.1,5.0,1,True,0.0,
38BbM6,79,51,CarrotHyrax,72.1,5.0,0,True,0.0,
38BbM6,79,52,CarrotHyrax,72.1,5.0,1,True,0.0,
38BbM6,79,53,CarrotHyrax,39.8,5.0,1,True,0.0,
38BbM6,79,54,CarrotHyrax,39.8,5.0,2,True,0.0,
38BbM6,79,55,CarrotHyrax,39.8,5.0,1,True,0.0,
38BbM6,79,56,CarrotHyrax,39.8,5.0,0,True,0.0,
38BbM6,79,57,CarrotHyrax,39.8,5.0,0,True,0.0,
38BbM6,79,58,CarrotHyrax,39.8,5.0,0,True,0.0,
38BbM6,79,59,CarrotHyrax,39.8,5.0,0,True,0.0,
38BbM6,79,60,CarrotHyrax,39.8,5.0,0,True,0.0,
38BbM6,79,61,CarrotHyrax,39.8,5.0,0,True,0.0,
38BbM6,79,62,CarrotHyrax,39.8,5.0,2,True,0.0,
38BbM6,79,63,CarrotHyrax,49.3,5.0,0,True,0.0,
38BbM6,79,64,CarrotHyrax,49.3,5.0,0,True,0.0,
38BbM6,79,65,CarrotHyrax,49.3,5.0,1,True,0.0,
38BbM6,79,66,CarrotHyrax,49.3,5.0,0,True,0.0,
38BbM6,79,67,CarrotHyrax,49.3,5.0,0,True,0.0,
38BbM6,79,68,CarrotHyrax,49.3,5.0,0,True,0.0,
38BbM6,79,69,CarrotHyrax,49.3,5.0,0,True,0.0,
38BbM6,79,70,CarrotHyrax,49.3,5.0,0,True,0.0,
38BbM6,79,71,CarrotHyrax,49.3,5.0,1,True,0.001,
38BbM6,79,72,CarrotHyrax,49.3,5.0,2,True,0.0,
38BbM6,79,73,CarrotHyrax,49.5,5.0,0,True,0.0,
38BbM6,79,74,CarrotHyrax,49.5,5.0,2,True,0.0,
38BbM6,79,75,CarrotHyrax,49.5,5.0,0,True,0.0,
38BbM6,79,76,CarrotHyrax,49.5,5.0,1,True,0.0,
38BbM6,79,77,CarrotHyrax,49.5,5.0,0,True,0.0,
38BbM6,79,78,CarrotHyrax,49.5,5.0,0,True,0.0,
38BbM6,79,79,CarrotHyrax,49.5,5.0,0,True,0.0,
38BbM6,79,80,CarrotHyrax,49.5,5.0,0,True,0.0,
38BbM6,79,81,CarrotHyrax,49.5,5.0,0,True,0.0,
38BbM6,79,82,CarrotHyrax,49.5,5.0,0,True,0.0,
38BbM6,79,83,CarrotHyrax,65.5,5.0,1,True,0.0,
38BbM6,79,84,CarrotHyrax,65.5,5.0,3,True,0.0,
38BbM6,79,85,CarrotHyrax,65.5,5.0,0,True,0.0,
38BbM6,79,86,CarrotHyrax,65.5,5.0,0,True,0.0,
38BbM6,79,87,CarrotHyrax,65.5,5.0,0,True,0.0,
38BbM6,79,88,CarrotHyrax,65.5,5.0,0,True,0.0,
38BbM6,79,89,CarrotHyrax,65.5,5.0,0,True,0.0,
38BbM6,79,90,CarrotHyrax,65.5,5.0,0,True,0.0,
38BbM6,79,91,CarrotHyrax,65.5,5.0,0,True,0.001,
38BbM6,79,92,CarrotHyrax,65.5,5.0,0,True,0.0,
38BbM6,79,93,CarrotHyrax,58.9,5.0,3,True,0.0,
38BbM6,79,94,CarrotHyrax,58.9,5.0,0,True,0.0,
38BbM6,79,95,CarrotHyrax,58.9,5.0,1,True,0.0,
38BbM6,79,96,CarrotHyrax,58.9,5.0,0,True,0.0,
38BbM6,79,97,CarrotHyrax,58.9,5.0,0,True,0.0,
38BbM6,79,98,CarrotHyrax,58.9,5.0,0,True,0.0,
38BbM6,79,99,CarrotHyrax,58.9,5.0,1,True,0.0,
38BbM6,79,100,CarrotHyrax,58.9,5.0,1,True,0.0,
38BbM6,80,1,CarrotHyrax,58.9,52.0,0,True,0.0,
38BbM6,80,2,CarrotHyrax,40.1,41.6,0,True,0.0,
38BbM6,80,3,CarrotHyrax,40.1,33.3,0,True,0.0,
38BbM6,80,4,CarrotHyrax,40.1,26.6,0,True,0.0,
38BbM6,80,5,CarrotHyrax,40.1,21.3,1,True,0.0,
38BbM6,80,6,CarrotHyrax,40.1,18.6,1,True,0.0,
38BbM6,80,7,CarrotHyrax,40.1,17.4,0,True,0.0,
38BbM6,80,8,CarrotHyrax,40.1,15.9,0,True,0.0,
38BbM6,80,9,CarrotHyrax,40.1,14.3,0,True,0.0,
38BbM6,80,10,CarrotHyrax,40.1,12.7,0,True,0.0,
38BbM6,80,11,CarrotHyrax,40.1,11.2,0,True,0.0,
38BbM6,80,12,CarrotHyrax,70.9,9.8,1,True,0.0,
38BbM6,80,13,CarrotHyrax,70.9,8.8,0,True,0.0,
38BbM6,80,14,CarrotHyrax,70.9,7.8,0,True,0.0,
38BbM6,80,15,CarrotHyrax,70.9,6.9,0,True,0.0,
38BbM6,80,16,CarrotHyrax,70.9,6.0,0,True,0.0,
38BbM6,80,17,CarrotHyrax,70.9,5.2,0,True,0.0,
38BbM6,80,18,CarrotHyrax,70.9,5.0,0,True,0.0,
38BbM6,80,19,CarrotHyrax,70.9,5.0,0,True,0.0,
38BbM6,80,20,CarrotHyrax,70.9,5.0,0,True,0.0,
38BbM6,80,21,CarrotHyrax,70.9,5.0,0,True,0.0,
38BbM6,80,22,CarrotHyrax,68.9,5.0,0,True,0.0,
38BbM6,80,23,CarrotHyrax,68.9,5.0,0,True,0.0,
38BbM6,80,24,CarrotHyrax,68.9,5.0,0,True,0.0,
38BbM6,80,25,CarrotHyrax,68.9,5.0,0,True,0.0,
38BbM6,80,26,CarrotHyrax,68.9,5.0,1,True,0.0,
38BbM6,80,27,CarrotHyrax,68.9,5.0,0,True,0.0,
38BbM6,80,28,CarrotHyrax,68.9,5.0,0,True,0.0,
38BbM6,80,29,CarrotHyrax,68.9,5.0,0,True,0.0,
38BbM6,80,30,CarrotHyrax,68.9,5.0,2,True,0.0,
38BbM6,80,31,CarrotHyrax,68.9,5.0,0,True,0.0,
38BbM6,80,32,CarrotHyrax,34.0,5.0,1,True,0.0,
38BbM6,80,33,CarrotHyrax,34.0,5.0,2,True,0.0,
38BbM6,80,34,CarrotHyrax,34.0,5.0,0,True,0.0,
38BbM6,80,35,CarrotHyrax,34.0,5.0,1,True,0.0,
38BbM6,80,36,CarrotHyrax,34.0,5.0,0,True,0.0,
38BbM6,80,37,CarrotHyrax,34.0,5.0,0,True,0.0,
38BbM6,80,38,CarrotHyrax,34.0,5.0,2,True,0.0,
38BbM6,80,39,CarrotHyrax,34.0,5.0,0,True,0.0,
38BbM6,80,40,CarrotHyrax,34.0,5.0,0,True,0.0,
38BbM6,80,41,CarrotHyrax,34.0,5.0,0,True,0.0,
38BbM6,80,42,CarrotHyrax,60.5,5.0,0,True,0.0,
38BbM6,80,43,CarrotHyrax,60.5,5.0,1,True,0.0,
38BbM6,80,44,CarrotHyrax,60.5,5.0,1,True,0.0,
38BbM6,80,45,CarrotHyrax,60.5,5.0,2,True,0.0,
38BbM6,80,46,CarrotHyrax,60.5,5.0,0,True,0.0,
38BbM6,80,47,CarrotHyrax,60.5,5.0,0,True,0.0,
38BbM6,80,48,CarrotHyrax,60.5,5.0,0,True,0.0,
38BbM6,80,49,CarrotHyrax,60.5,5.0,1,True,0.0,
38BbM6,80,50,CarrotHyrax,60.5,5.0,2,True,0.0,
38BbM6,80,51,CarrotHyrax,60.5,5.0,0,True,0.0,
38BbM6,80,52,CarrotHyrax,61.3,5.0,1,True,0.001,
38BbM6,80,53,CarrotHyrax,61.3,5.0,0,True,0.0,
38BbM6,80,54,CarrotHyrax,61.3,5.0,0,True,0.0,
38BbM6,80,55,CarrotHyrax,61.3,5.0,0,True,0.0,
38BbM6,80,56,CarrotHyrax,61.3,5.0,1,True,0.0,
38BbM6,80,57,CarrotHyrax,61.3,5.0,0,True,0.0,
38BbM6,80,58,CarrotHyrax,61.3,5.0,1,True,0.0,
38BbM6,80,59,CarrotHyrax,61.3,5.0,0,True,0.002,
38BbM6,80,60,CarrotHyrax,61.3,5.0,1,True,0.0,
38BbM6,80,61,CarrotHyrax,61.3,5.0,0,True,0.0,
38BbM6,80,62,CarrotHyrax,79.4,5.0,0,True,0.0,
38BbM6,80,63,CarrotHyrax,79.4,5.0,1,True,0.0,
38BbM6,80,64,CarrotHyrax,79.4,5.0,1,True,0.0,
38BbM6,80,65,CarrotHyrax,79.4,5.0,1,True,0.0,
38BbM6,80,66,CarrotHyrax,79.4,5.0,0,True,0.001,
38BbM6,80,67,CarrotHyrax,79.4,5.0,0,True,0.0,
38BbM6,80,68,CarrotHyrax,79.4,5.0,0,True,0.0,
38BbM6,80,69,CarrotHyrax,79.4,5.0,1,True,0.0,
38BbM6,80,70,CarrotHyrax,79.4,5.0,0,True,0.0,
38BbM6,80,71,CarrotHyrax,79.4,5.0,0,True,0.0,
38BbM6,80,72,CarrotHyrax,41.1,5.0,2,True,0.0,
38BbM6,80,73,CarrotHyrax,41.1,5.0,1,True,0.001,
38BbM6,80,74,CarrotHyrax,41.1,5.0,0,True,0.0,
38BbM6,80,75,CarrotHyrax,41.1,5.0,1,True,0.0,
38BbM6,80,76,CarrotHyrax,41.1,5.0,1,True,0.0,
38BbM6,80,77,CarrotHyrax,41.1,5.0,0,True,0.0,
38BbM6,80,78,CarrotHyrax,41.1,5.0,0,True,0.0,
38BbM6,80,79,CarrotHyrax,41.1,5.0,0,True,0.0,
38BbM6,80,80,CarrotHyrax,41.1,5.0,0,True,0.0,
38BbM6,80,81,CarrotHyrax,41.1,5.0,0,True,0.0,
38BbM6,80,82,CarrotHyrax,33.0,5.0,0,True,0.0,
38BbM6,80,83,CarrotHyrax,33.0,5.0,2,True,0.0,
38BbM6,80,84,CarrotHyrax,33.0,5.0,0,True,0.002,
38BbM6,80,85,CarrotHyrax,33.0,5.0,0,True,0.0,
38BbM6,80,86,CarrotHyrax,33.0,5.0,0,True,0.0,
38BbM6,80,87,CarrotHyrax,33.0,5.0,0,True,0.0,
38BbM6,80,88,CarrotHyrax,33.0,5.0,0,True,0.0,
38BbM6,80,89,CarrotHyrax,33.0,5.0,0,True,0.0,
38BbM6,80,90,CarrotHyrax,33.0,5.0,1,True,0.0,
38BbM6,80,91,CarrotHyrax,33.0,5.0,2,True,0.0,
38BbM6,80,92,CarrotHyrax,75.3,5.0,0,True,0.0,
38BbM6,80,93,CarrotHyrax,75.3,5.0,0,True,0.0,
38BbM6,80,94,CarrotHyrax,75.3,5.0,0,True,0.0,
38BbM6,80,95,CarrotHyrax,75.3,5.0,0,True,0.0,
38BbM6,80,96,CarrotHyrax,75.3,5.0,1,True,0.0,
38BbM6,80,97,CarrotHyrax,75.3,5.0,0,True,0.0,
38BbM6,80,98,CarrotHyrax,75.3,5.0,1,True,0.0,
38BbM6,80,99,CarrotHyrax,75.3,5.0,2,True,0.0,
38BbM6,80,100,CarrotHyrax,75.3,5.0,0,True,0.0,
38BbM6,81,1,CarrotHyrax,73.9,60.0,0,True,0.001,
38BbM6,81,2,CarrotHyrax,73.9,48.0,1,True,0.001,
38BbM6,81,3,CarrotHyrax,73.9,46.4,0,True,0.001,
38BbM6,81,4,CarrotHyrax,73.9,43.0,0,True,0.0,
38BbM6,81,5,CarrotHyrax,73.9,38.6,0,True,0.0,
38BbM6,81,6,CarrotHyrax,73.9,33.7,0,True,0.0,
38BbM6,81,7,CarrotHyrax,73.9,29.2,1,True,0.0,
38BbM6,81,8,CarrotHyrax,73.9,26.7,0,True,0.002,
38BbM6,81,9,CarrotHyrax,73.9,24.0,1,True,0.001,
38BbM6,81,10,CarrotHyrax,73.9,22.4,0,True,0.0,
38BbM6,81,11,CarrotHyrax,78.6,20.6,0,True,0.001,
38BbM6,81,12,CarrotHyrax,78.6,18.8,1,True,0.001,
38BbM6,81,13,CarrotHyrax,78.6,17.5,1,True,0.0,
38BbM6,81,14,CarrotHyrax,78.6,16.6,0,True,0.0,
38BbM6,81,15,CarrotHyrax,78.6,15.5,0,True,0.0,
38BbM6,81,16,CarrotHyrax,78.6,14.3,1,True,0.002,
38BbM6,81,17,CarrotHyrax,78.6,13.4,1,True,0.002,
38BbM6,81,18,CarrotHyrax,78.6,12.8,0,True,0.0,
38BbM6,81,19,CarrotHyrax,78.6,12.1,0,True,0.014,
38BbM6,81,20,CarrotHyrax,78.6,11.3,3,True,0.01,
38BbM6,81,21,CarrotHyrax,40.4,11.2,0,True,0.001,
38BbM6,81,22,CarrotHyrax,40.4,11.0,0,True,0.004,
38BbM6,81,23,CarrotHyrax,40.4,10.7,0,True,0.01,
38BbM6,81,24,CarrotHyrax,40.4,10.3,0,True,0.027,
38BbM6,81,25,CarrotHyrax,40.4,9.8,1,True,0.001,
38BbM6,81,26,CarrotHyrax,40.4,9.5,0,True,0.0,
38BbM6,81,27,CarrotHyrax,40.4,9.1,0,True,0.0,
38BbM6,81,28,CarrotHyrax,40.4,8.7,1,True,0.0,
38BbM6,81,29,CarrotHyrax,40.4,8.3,1,True,0.0,
38BbM6,81,30,CarrotHyrax,40.4,8.0,0,True,0.0,
38BbM6,81,31,CarrotHyrax,36.3,7.7,0,True,0.0,
38BbM6,81,32,CarrotHyrax,36.3,7.4,0,True,0.0,
38BbM6,81,33,CarrotHyrax,36.3,7.0,1,True,0.0,
38BbM6,81,34,CarrotHyrax,36.3,6.7,0,True,0.001,
38BbM6,81,35,CarrotHyrax,36.3,6.4,0,True,0.0,
38BbM6,81,36,CarrotHyrax,36.3,6.1,1,True,0.0,
38BbM6,81,37,CarrotHyrax,36.3,5.8,0,True,0.0,
38BbM6,81,38,CarrotHyrax,36.3,5.5,1,True,0.0,
38BbM6,81,39,CarrotHyrax,36.3,5.3,1,True,0.0,
38BbM6,81,40,CarrotHyrax,36.3,5.1,1,True,0.0,
38BbM6,81,41,CarrotHyrax,52.3,5.0,1,True,0.0,
38BbM6,81,42,CarrotHyrax,52.3,5.0,0,True,0.0,
38BbM6,81,43,CarrotHyrax,52.3,5.0,2,True,0.0,
38BbM6,81,44,CarrotHyrax,52.3,5.0,0,True,0.0,
38BbM6,81,45,CarrotHyrax,52.3,5.0,2,True,0.001,
38BbM6,81,46,CarrotHyrax,52.3,5.0,3,True,0.0,
38BbM6,81,47,CarrotHyrax,52.3,5.1,0,True,0.0,
38BbM6,81,48,CarrotHyrax,52.3,5.1,0,True,0.0,
38BbM6,81,49,CarrotHyrax,52.3,5.2,0,True,0.0,
38BbM6,81,50,CarrotHyrax,52.3,5.2,0,True,0.0,
38BbM6,81,51,CarrotHyrax,71.3,5.2,0,True,0.001,
38BbM6,81,52,CarrotHyrax,71.3,5.2,0,True,0.002,
38BbM6,81,53,CarrotHyrax,71.3,5.1,0,True,0.001,
38BbM6,81,54,CarrotHyrax,71.3,5.0,1,True,0.0,
38BbM6,81,55,CarrotHyrax,71.3,5.0,0,True,0.0,
38BbM6,81,56,CarrotHyrax,71.3,5.0,0,True,0.001,
38BbM6,81,57,CarrotHyrax,71.3,5.0,0,True,0.0,
38BbM6,81,58,CarrotHyrax,71.3,5.0,0,True,0.0,
38BbM6,81,59,CarrotHyrax,71.3,5.0,0,True,0.0,
38BbM6,81,60,CarrotHyrax,71.3,5.0,0,True,0.011,
38BbM6,81,61,CarrotHyrax,30.7,5.0,0,True,0.0,
38BbM6,81,62,CarrotHyrax,30.7,5.0,1,True,0.004,
38BbM6,81,63,CarrotHyrax,30.7,5.0,0,True,0.0,
38BbM6,81,64,CarrotHyrax,30.7,5.0,0,True,0.0,
38BbM6,81,65,CarrotHyrax,30.7,5.0,1,True,0.001,
38BbM6,81,66,CarrotHyrax,30.7,5.0,0,True,0.0,
38BbM6,81,67,CarrotHyrax,30.7,5.0,0,True,0.0,
38BbM6,81,68,CarrotHyrax,30.7,5.0,0,True,0.001,
38BbM6,81,69,CarrotHyrax,30.7,5.0,0,True,0.0,
38BbM6,81,70,CarrotHyrax,30.7,5.0,0,True,0.0,
38BbM6,81,71,CarrotHyrax,59.0,5.0,0,True,0.0,
38BbM6,81,72,CarrotHyrax,59.0,5.0,0,True,0.0,
38BbM6,81,73,CarrotHyrax,59.0,5.0,0,True,0.0,
38BbM6,81,74,CarrotHyrax,59.0,5.0,2,True,0.0,
38BbM6,81,75,CarrotHyrax,59.0,5.0,0,True,0.0,
38BbM6,81,76,CarrotHyrax,59.0,5.0,1,True,0.0,
38BbM6,81,77,CarrotHyrax,59.0,5.0,1,True,0.001,
38BbM6,81,78,CarrotHyrax,59.0,5.0,1,True,0.0,
38BbM6,81,79,CarrotHyrax,59.0,5.0,2,True,0.0,
38BbM6,81,80,CarrotHyrax,59.0,5.0,0,True,0.0,
38BbM6,81,81,CarrotHyrax,31.0,5.0,0,True,0.001,
38BbM6,81,82,CarrotHyrax,31.0,5.0,0,True,0.0,
38BbM6,81,83,CarrotHyrax,31.0,5.0,0,True,0.0,
38BbM6,81,84,CarrotHyrax,31.0,5.0,2,True,0.0,
38BbM6,81,85,CarrotHyrax,31.0,5.0,0,True,0.0,
38BbM6,81,86,CarrotHyrax,31.0,5.0,1,True,0.0,
38BbM6,81,87,CarrotHyrax,31.0,5.0,2,True,0.001,
38BbM6,81,88,CarrotHyrax,31.0,5.0,0,True,0.0,
38BbM6,81,89,CarrotHyrax,31.0,5.0,1,True,0.001,
38BbM6,81,90,CarrotHyrax,31.0,5.0,3,True,0.0,
38BbM6,81,91,CarrotHyrax,57.2,5.0,3,True,0.0,
38BbM6,81,92,CarrotHyrax,57.2,5.0,1,True,0.0,
38BbM6,81,93,CarrotHyrax,57.2,5.0,1,True,0.0,
38BbM6,81,94,CarrotHyrax,57.2,5.0,1,True,0.0,
38BbM6,81,95,CarrotHyrax,57.2,5.0,0,True,0.0,
38BbM6,81,96,CarrotHyrax,57.2,5.0,0,True,0.0,
38BbM6,81,97,CarrotHyrax,57.2,5.0,0,True,0.0,
38BbM6,81,98,CarrotHyrax,57.2,5.0,1,True,0.0,
38BbM6,81,99,CarrotHyrax,57.2,5.0,1,True,0.0,
38BbM6,81,100,CarrotHyrax,57.2,5.0,0,True,0.001,
38BbM6,82,1,CarrotHyrax,56.0,62.0,0,True,0.001,
38BbM6,82,2,CarrotHyrax,56.0,49.6,0,True,0.0,
38BbM6,82,3,CarrotHyrax,56.0,39.7,0,True,0.0,
38BbM6,82,4,CarrotHyrax,56.0,31.7,0,True,0.0,
38BbM6,82,5,CarrotHyrax,56.0,25.4,0,True,0.0,
38BbM6,82,6,CarrotHyrax,56.0,20.3,2,True,0.0,
38BbM6,82,7,CarrotHyrax,56.0,19.0,1,True,0.0,
38BbM6,82,8,CarrotHyrax,56.0,18.4,0,True,0.0,
38BbM6,82,9,CarrotHyrax,56.0,17.4,0,True,0.0,
38BbM6,82,10,CarrotHyrax,41.8,16.3,0,True,0.0,
38BbM6,82,11,CarrotHyrax,41.8,15.0,0,True,0.0,
38BbM6,82,12,CarrotHyrax,41.8,13.7,0,True,0.0,
38BbM6,82,13,CarrotHyrax,41.8,12.3,0,True,0.0,
38BbM6,82,14,CarrotHyrax,41.8,10.9,0,True,0.001,
38BbM6,82,15,CarrotHyrax,41.8,9.6,1,True,0.0,
38BbM6,82,16,CarrotHyrax,41.8,8.6,0,True,0.0,
38BbM6,82,17,CarrotHyrax,41.8,7.7,0,True,0.0,
38BbM6,82,18,CarrotHyrax,41.8,6.8,1,True,0.0,
38BbM6,82,19,CarrotHyrax,41.8,6.2,1,True,0.0,
38BbM6,82,20,CarrotHyrax,76.0,5.7,1,True,0.001,
38BbM6,82,21,CarrotHyrax,76.0,5.3,0,True,0.001,
38BbM6,82,22,CarrotHyrax,76.0,5.0,0,True,0.0,
38BbM6,82,23,CarrotHyrax,76.0,5.0,0,True,0.0,
38BbM6,82,24,CarrotHyrax,76.0,5.0,1,True,0.0,
38BbM6,82,25,CarrotHyrax,76.0,5.0,0,True,0.0,
38BbM6,82,26,CarrotHyrax,76.0,5.0,0,True,0.0,
38BbM6,82,27,CarrotHyrax,76.0,5.0,0,True,0.0,
38BbM6,82,28,CarrotHyrax,76.0,5.0,0,True,0.0,
38BbM6,82,29,CarrotHyrax,76.0,5.0,1,True,0.0,
38BbM6,82,30,CarrotHyrax,41.7,5.0,0,True,0.0,
38BbM6,82,31,CarrotHyrax,41.7,5.0,0,True,0.001,
38BbM6,82,32,CarrotHyrax,41.7,5.0,0,True,0.0,
38BbM6,82,33,CarrotHyrax,41.7,5.0,1,True,0.0,
38BbM6,82,34,CarrotHyrax,41.7,5.0,0,True,0.0,
38BbM6,82,35,CarrotHyrax,41.7,5.0,0,True,0.0,
38BbM6,82,36,CarrotHyrax,41.7,5.0,0,True,0.0,
38BbM6,82,37,CarrotHyrax,41.7,5.0,0,True,0.0,
38BbM6,82,38,CarrotHyrax,41.7,5.0,0,True,0.0,
38BbM6,82,39,CarrotHyrax,41.7,5.0,0,True,0.0,
38BbM6,82,40,CarrotHyrax,40.0,5.0,1,True,0.0,
38BbM6,82,41,CarrotHyrax,40.0,5.0,1,True,0.0,
38BbM6,82,42,CarrotHyrax,40.0,5.0,0,True,0.0,
38BbM6,82,43,CarrotHyrax,40.0,5.0,0,True,0.0,
38BbM6,82,44,CarrotHyrax,40.0,5.0,0,True,0.0,
38BbM6,82,45,CarrotHyrax,40.0,5.0,1,True,0.0,
38BbM6,82,46,CarrotHyrax,40.0,5.0,0,True,0.0,
38BbM6,82,47,CarrotHyrax,40.0,5.0,0,True,0.0,
38BbM6,82,48,CarrotHyrax,40.0,5.0,0,True,0.0,
38BbM6,82,49,CarrotHyrax,40.0,5.0,1,True,0.001,
38BbM6,82,50,CarrotHyrax,55.7,5.0,0,True,0.0,
38BbM6,82,51,CarrotHyrax,55.7,5.0,1,True,0.001,
38BbM6,82,52,CarrotHyrax,55.7,5.0,0,True,0.0,
38BbM6,82,53,CarrotHyrax,55.7,5.0,2,True,0.0,
38BbM6,82,54,CarrotHyrax,55.7,5.0,0,True,0.0,
38BbM6,82,55,CarrotHyrax,55.7,5.0,0,True,0.0,
38BbM6,82,56,CarrotHyrax,55.7,5.0,0,True,0.0,
38BbM6,82,57,CarrotHyrax,55.7,5.0,1,True,0.0,
38BbM6,82,58,CarrotHyrax,55.7,5.0,0,True,0.0,
38BbM6,82,59,CarrotHyrax,55.7,5.0,3,True,0.0,
38BbM6,82,60,CarrotHyrax,59.9,5.0,0,True,0.0,
38BbM6,82,61,CarrotHyrax,59.9,5.0,0,True,0.0,
38BbM6,82,62,CarrotHyrax,59.9,5.0,0,True,0.0,
38BbM6,82,63,CarrotHyrax,59.9,5.0,2,True,0.0,
38BbM6,82,64,CarrotHyrax,59.9,5.0,0,True,0.0,
38BbM6,82,65,CarrotHyrax,59.9,5.0,0,True,0.0,
38BbM6,82,66,CarrotHyrax,59.9,5.0,0,True,0.0,
38BbM6,82,67,CarrotHyrax,59.9,5.0,1,True,0.0,
38BbM6,82,68,CarrotHyrax,59.9,5.0,1,True,0.0,
38BbM6,82,69,CarrotHyrax,59.9,5.0,0,True,0.0,
38BbM6,82,70,CarrotHyrax,66.8,5.0,0,True,0.0,
38BbM6,82,71,CarrotHyrax,66.8,5.0,0,True,0.0,
38BbM6,82,72,CarrotHyrax,66.8,5.0,1,True,0.0,
38BbM6,82,73,CarrotHyrax,66.8,5.0,0,True,0.0,
38BbM6,82,74,CarrotHyrax,66.8,5.0,0,True,0.0,
38BbM6,82,75,CarrotHyrax,66.8,5.0,0,True,0.0,
38BbM6,82,76,CarrotHyrax,66.8,5.0,0,True,0.0,
38BbM6,82,77,CarrotHyrax,66.8,5.0,1,True,0.0,
38BbM6,82,78,CarrotHyrax,66.8,5.0,0,True,0.0,
38BbM6,82,79,CarrotHyrax,66.8,5.0,1,True,0.0,
38BbM6,82,80,CarrotHyrax,31.2,5.0,0,True,0.0,
38BbM6,82,81,CarrotHyrax,31.2,5.0,0,True,0.0,
38BbM6,82,82,CarrotHyrax,31.2,5.0,0,True,0.0,
38BbM6,82,83,CarrotHyrax,31.2,5.0,0,True,0.0,
38BbM6,82,84,CarrotHyrax,31.2,5.0,0,True,0.0,
38BbM6,82,85,CarrotHyrax,31.2,5.0,0,True,0.0,
38BbM6,82,86,CarrotHyrax,31.2,5.0,0,True,0.0,
38BbM6,82,87,CarrotHyrax,31.2,5.0,0,True,0.0,
38BbM6,82,88,CarrotHyrax,31.2,5.0,0,True,0.0,
38BbM6,82,89,CarrotHyrax,31.2,5.0,0,True,0.0,
38BbM6,82,90,CarrotHyrax,79.2,5.0,2,True,0.0,
38BbM6,82,91,CarrotHyrax,79.2,5.0,0,True,0.0,
38BbM6,82,92,CarrotHyrax,79.2,5.0,1,True,0.0,
38BbM6,82,93,CarrotHyrax,79.2,5.0,0,True,0.0,
38BbM6,82,94,CarrotHyrax,79.2,5.0,2,True,0.0,
38BbM6,82,95,CarrotHyrax,79.2,5.0,0,True,0.0,
38BbM6,82,96,CarrotHyrax,79.2,5.0,0,True,0.0,
38BbM6,82,97,CarrotHyrax,79.2,5.0,1,True,0.0,
38BbM6,82,98,CarrotHyrax,79.2,5.0,1,True,0.0,
38BbM6,82,99,CarrotHyrax,79.2,5.0,0,True,0.0,
38BbM6,82,100,CarrotHyrax,58.6,5.0,0,True,0.0,
38BbM6,83,1,CarrotHyrax,58.6,33.0,0,True,0.0,
38BbM6,83,2,CarrotHyrax,58.6,26.4,1,True,0.0,
38BbM6,83,3,CarrotHyrax,58.6,25.5,0,True,0.0,
38BbM6,83,4,CarrotHyrax,58.6,23.7,1,True,0.0,
38BbM6,83,5,CarrotHyrax,58.6,23.5,0,True,0.0,
38BbM6,83,6,CarrotHyrax,58.6,22.3,1,True,0.0,
38BbM6,83,7,CarrotHyrax,58.6,22.3,0,True,0.0,
38BbM6,83,8,CarrotHyrax,58.6,21.6,0,True,0.0,
38BbM6,83,9,CarrotHyrax,68.7,20.5,0,True,0.0,
38BbM6,83,10,CarrotHyrax,68.7,19.1,0,True,0.0,
38BbM6,83,11,CarrotHyrax,68.7,17.6,0,True,0.0,
38BbM6,83,12,CarrotHyrax,68.7,16.1,0,True,0.0,
38BbM6,83,13,CarrotHyrax,68.7,14.4,1,True,0.0,
38BbM6,83,14,CarrotHyrax,68.7,13.3,0,True,0.0,
38BbM6,83,15,CarrotHyrax,68.7,12.0,0,True,0.0,
38BbM6,83,16,CarrotHyrax,68.7,10.8,0,True,0.001,
38BbM6,83,17,CarrotHyrax,68.7,9.6,0,True,0.0,
38BbM6,83,18,CarrotHyrax,68.7,8.5,0,True,0.0,
38BbM6,83,19,CarrotHyrax,55.7,7.5,0,True,0.0,
38BbM6,83,20,CarrotHyrax,55.7,6.6,0,True,0.0,
38BbM6,83,21,CarrotHyrax,55.7,5.8,0,True,0.0,
38BbM6,83,22,CarrotHyrax,55.7,5.1,0,True,0.0,
38BbM6,83,23,CarrotHyrax,55.7,5.0,0,True,0.0,
38BbM6,83,24,CarrotHyrax,55.7,5.0,1,True,0.0,
38BbM6,83,25,CarrotHyrax,55.7,5.0,0,True,0.0,
38BbM6,83,26,CarrotHyrax,55.7,5.0,0,True,0.0,
38BbM6,83,27,CarrotHyrax,55.7,5.0,0,True,0.0,
38BbM6,83,28,CarrotHyrax,55.7,5.0,1,True,0.0,
38BbM6,83,29,CarrotHyrax,31.0,5.0,0,True,0.0,
38BbM6,83,30,CarrotHyrax,31.0,5.0,0,True,0.0,
38BbM6,83,31,CarrotHyrax,31.0,5.0,1,True,0.0,
38BbM6,83,32,CarrotHyrax,31.0,5.0,0,True,0.0,
38BbM6,83,33,CarrotHyrax,31.0,5.0,2,True,0.0,
38BbM6,83,34,CarrotHyrax,31.0,5.0,0,True,0.0,
38BbM6,83,35,CarrotHyrax,31.0,5.0,0,True,0.0,
38BbM6,83,36,CarrotHyrax,31.0,5.0,0,True,0.0,
38BbM6,83,37,CarrotHyrax,31.0,5.0,0,True,0.0,
38BbM6,83,38,CarrotHyrax,31.0,5.0,1,True,0.0,
38BbM6,83,39,CarrotHyrax,41.0,5.0,1,True,0.001,
38BbM6,83,40,CarrotHyrax,41.0,5.0,2,True,0.0,
38BbM6,83,41,CarrotHyrax,41.0,5.0,1,True,0.0,
38BbM6,83,42,CarrotHyrax,41.0,5.0,0,True,0.0,
38BbM6,83,43,CarrotHyrax,41.0,5.0,2,True,0.0,
38BbM6,83,44,CarrotHyrax,41.0,5.0,1,True,0.0,
38BbM6,83,45,CarrotHyrax,41.0,5.0,0,True,0.0,
38BbM6,83,46,CarrotHyrax,41.0,5.0,0,True,0.0,
38BbM6,83,47,CarrotHyrax,41.0,5.0,0,True,0.0,
38BbM6,83,48,CarrotHyrax,41.0,5.0,0,True,0.0,
38BbM6,83,49,CarrotHyrax,60.2,5.0,0,True,0.001,
38BbM6,83,50,CarrotHyrax,60.2,5.0,0,True,0.001,
38BbM6,83,51,CarrotHyrax,60.2,5.0,0,True,0.001,
38BbM6,83,52,CarrotHyrax,60.2,5.0,2,True,0.0,
38BbM6,83,53,CarrotHyrax,60.2,5.0,0,True,0.0,
38BbM6,83,54,CarrotHyrax,60.2,5.0,1,True,0.0,
38BbM6,83,55,CarrotHyrax,60.2,5.0,0,True,0.0,
38BbM6,83,56,CarrotHyrax,60.2,5.0,0,True,0.0,
38BbM6,83,57,CarrotHyrax,60.2,5.0,1,True,0.0,
38BbM6,83,58,CarrotHyrax,60.2,5.0,0,True,0.0,
38BbM6,83,59,CarrotHyrax,62.8,5.0,1,True,0.0,
38BbM6,83,60,CarrotHyrax,62.8,5.0,0,True,0.0,
38BbM6,83,61,CarrotHyrax,62.8,5.0,1,True,0.0,
38BbM6,83,62,CarrotHyrax,62.8,5.0,1,True,0.0,
38BbM6,83,63,CarrotHyrax,62.8,5.0,0,True,0.0,
38BbM6,83,64,CarrotHyrax,62.8,5.0,0,True,0.0,
38BbM6,83,65,CarrotHyrax,62.8,5.0,0,True,0.0,
38BbM6,83,66,CarrotHyrax,62.8,5.0,1,True,0.0,
38BbM6,83,67,CarrotHyrax,62.8,5.0,0,True,0.0,
38BbM6,83,68,CarrotHyrax,62.8,5.0,1,True,0.0,
38BbM6,83,69,CarrotHyrax,45.2,5.0,0,True,0.0,
38BbM6,83,70,CarrotHyrax,45.2,5.0,3,True,0.0,
38BbM6,83,71,CarrotHyrax,45.2,5.0,1,True,0.0,
38BbM6,83,72,CarrotHyrax,45.2,5.0,2,True,0.0,
38BbM6,83,73,CarrotHyrax,45.2,5.0,0,True,0.0,
38BbM6,83,74,CarrotHyrax,45.2,5.0,1,True,0.0,
38BbM6,83,75,CarrotHyrax,45.2,5.0,0,True,0.0,
38BbM6,83,76,CarrotHyrax,45.2,5.0,1,True,0.0,
38BbM6,83,77,CarrotHyrax,45.2,5.0,0,True,0.0,
38BbM6,83,78,CarrotHyrax,45.2,5.0,0,True,0.0,
38BbM6,83,79,CarrotHyrax,70.0,5.0,0,True,0.0,
38BbM6,83,80,CarrotHyrax,70.0,5.0,0,True,0.0,
38BbM6,83,81,CarrotHyrax,70.0,5.0,2,True,0.0,
38BbM6,83,82,CarrotHyrax,70.0,5.0,0,True,0.0,
38BbM6,83,83,CarrotHyrax,70.0,5.0,1,True,0.0,
38BbM6,83,84,CarrotHyrax,70.0,5.0,0,True,0.0,
38BbM6,83,85,CarrotHyrax,70.0,5.0,2,True,0.0,
38BbM6,83,86,CarrotHyrax,70.0,5.0,0,True,0.0,
38BbM6,83,87,CarrotHyrax,70.0,5.0,1,True,0.0,
38BbM6,83,88,CarrotHyrax,70.0,5.0,1,True,0.0,
38BbM6,83,89,CarrotHyrax,47.8,5.0,0,True,0.0,
38BbM6,83,90,CarrotHyrax,47.8,5.0,2,True,0.0,
38BbM6,83,91,CarrotHyrax,47.8,5.0,0,True,0.0,
38BbM6,83,92,CarrotHyrax,47.8,5.0,0,True,0.0,
38BbM6,83,93,CarrotHyrax,47.8,5.0,0,True,0.0,
38BbM6,83,94,CarrotHyrax,47.8,5.0,0,True,0.0,
38BbM6,83,95,CarrotHyrax,47.8,5.0,2,True,0.0,
38BbM6,83,96,CarrotHyrax,47.8,5.0,1,True,0.001,
38BbM6,83,97,CarrotHyrax,47.8,5.0,0,True,0.001,
38BbM6,83,98,CarrotHyrax,47.8,5.0,1,True,0.0,
38BbM6,83,99,CarrotHyrax,66.4,5.0,0,True,0.0,
38BbM6,83,100,CarrotHyrax,66.4,5.0,1,True,0.0,
38BbM6,84,1,CarrotHyrax,66.4,70.0,0,True,0.0,
38BbM6,84,2,CarrotHyrax,66.4,56.0,0,True,0.0,
38BbM6,84,3,CarrotHyrax,66.4,44.8,0,True,0.001,
38BbM6,84,4,CarrotHyrax,66.4,35.8,0,True,0.0,
38BbM6,84,5,CarrotHyrax,66.4,28.7,0,True,0.0,
38BbM6,84,6,CarrotHyrax,66.4,22.9,0,True,0.0,
38BbM6,84,7,CarrotHyrax,66.4,18.4,0,True,0.001,
38BbM6,84,8,CarrotHyrax,60.4,14.7,0,True,0.0,
38BbM6,84,9,CarrotHyrax,60.4,11.7,0,True,0.0,
38BbM6,84,10,CarrotHyrax,60.4,9.4,1,True,0.0,
38BbM6,84,11,CarrotHyrax,60.4,7.9,0,True,0.0,
38BbM6,84,12,CarrotHyrax,60.4,6.6,0,True,0.0,
38BbM6,84,13,CarrotHyrax,60.4,5.5,2,True,0.0,
38BbM6,84,14,CarrotHyrax,60.4,5.0,0,True,0.0,
38BbM6,84,15,CarrotHyrax,60.4,5.0,0,True,0.0,
38BbM6,84,16,CarrotHyrax,60.4,5.0,0,True,0.0,
38BbM6,84,17,CarrotHyrax,60.4,5.0,1,True,0.0,
38BbM6,84,18,CarrotHyrax,57.1,5.0,1,True,0.0,
38BbM6,84,19,CarrotHyrax,57.1,5.0,0,True,0.0,
38BbM6,84,20,CarrotHyrax,57.1,5.0,0,True,0.0,
38BbM6,84,21,CarrotHyrax,57.1,5.0,0,True,0.0,
38BbM6,84,22,CarrotHyrax,57.1,5.0,0,True,0.0,
38BbM6,84,23,CarrotHyrax,57.1,5.0,0,True,0.0,
38BbM6,84,24,CarrotHyrax,57.1,5.0,1,True,0.0,
38BbM6,84,25,CarrotHyrax,57.1,5.0,0,True,0.0,
38BbM6,84,26,CarrotHyrax,57.1,5.0,0,True,0.0,
38BbM6,84,27,CarrotHyrax,57.1,5.0,0,True,0.0,
38BbM6,84,28,CarrotHyrax,35.4,5.0,0,True,0.0,
38BbM6,84,29,CarrotHyrax,35.4,5.0,0,True,0.0,
38BbM6,84,30,CarrotHyrax,35.4,5.0,0,True,0.0,
38BbM6,84,31,CarrotHyrax,35.4,5.0,0,True,0.0,
38BbM6,84,32,CarrotHyrax,35.4,5.0,1,True,0.0,
38BbM6,84,33,CarrotHyrax,35.4,5.0,0,True,0.0,
38BbM6,84,34,CarrotHyrax,35.4,5.0,2,True,0.0,
38BbM6,84,35,CarrotHyrax,35.4,5.0,0,True,0.0,
38BbM6,84,36,CarrotHyrax,35.4,5.0,0,True,0.0,
38BbM6,84,37,CarrotHyrax,35.4,5.0,0,True,0.0,
38BbM6,84,38,CarrotHyrax,52.2,5.0,0,True,0.0,
38BbM6,84,39,CarrotHyrax,52.2,5.0,0,True,0.0,
38BbM6,84,40,CarrotHyrax,52.2,5.0,0,True,0.0,
38BbM6,84,41,CarrotHyrax,52.2,5.0,0,True,0.0,
38BbM6,84,42,CarrotHyrax,52.2,5.0,2,True,0.0,
38BbM6,84,43,CarrotHyrax,52.2,5.0,0,True,0.0,
38BbM6,84,44,CarrotHyrax,52.2,5.0,1,True,0.0,
38BbM6,84,45,CarrotHyrax,52.2,5.0,0,True,0.0,
38BbM6,84,46,CarrotHyrax,52.2,5.0,0,True,0.0,
38BbM6,84,47,CarrotHyrax,52.2,5.0,0,True,0.0,
38BbM6,84,48,CarrotHyrax,63.5,5.0,0,True,0.0,
38BbM6,84,49,CarrotHyrax,63.5,5.0,0,True,0.001,
38BbM6,84,50,CarrotHyrax,63.5,5.0,1,True,0.0,
38BbM6,84,51,CarrotHyrax,63.5,5.0,1,True,0.0,
38BbM6,84,52,CarrotHyrax,63.5,5.0,0,True,0.0,
38BbM6,84,53,CarrotHyrax,63.5,5.0,1,True,0.001,
38BbM6,84,54,CarrotHyrax,63.5,5.0,0,True,0.0,
38BbM6,84,55,CarrotHyrax,63.5,5.0,1,True,0.0,
38BbM6,84,56,CarrotHyrax,63.5,5.0,0,True,0.0,
38BbM6,84,57,CarrotHyrax,63.5,5.0,2,True,0.0,
38BbM6,84,58,CarrotHyrax,74.0,5.0,3,True,0.0,
38BbM6,84,59,CarrotHyrax,74.0,5.0,1,True,0.0,
38BbM6,84,60,CarrotHyrax,74.0,5.0,1,True,0.0,
38BbM6,84,61,CarrotHyrax,74.0,5.0,0,True,0.0,
38BbM6,84,62,CarrotHyrax,74.0,5.0,0,True,0.0,
38BbM6,84,63,CarrotHyrax,74.0,5.0,0,True,0.0,
38BbM6,84,64,CarrotHyrax,74.0,5.0,1,True,0.0,
38BbM6,84,65,CarrotHyrax,74.0,5.0,0,True,0.0,
38BbM6,84,66,CarrotHyrax,74.0,5.0,0,True,0.0,
38BbM6,84,67,CarrotHyrax,74.0,5.0,0,True,0.0,
38BbM6,84,68,CarrotHyrax,77.7,5.0,0,True,0.0,
38BbM6,84,69,CarrotHyrax,77.7,5.0,0,True,0.0,
38BbM6,84,70,CarrotHyrax,77.7,5.0,0,True,0.0,
38BbM6,84,71,CarrotHyrax,77.7,5.0,1,True,0.0,
38BbM6,84,72,CarrotHyrax,77.7,5.0,1,True,0.0,
38BbM6,84,73,CarrotHyrax,77.7,5.0,1,True,0.0,
38BbM6,84,74,CarrotHyrax,77.7,5.0,0,True,0.0,
38BbM6,84,75,CarrotHyrax,77.7,5.0,2,True,0.0,
38BbM6,84,76,CarrotHyrax,77.7,5.0,2,True,0.0,
38BbM6,84,77,CarrotHyrax,77.7,5.0,0,True,0.0,
38BbM6,84,78,CarrotHyrax,41.2,5.0,2,True,0.0,
38BbM6,84,79,CarrotHyrax,41.2,5.0,0,True,0.0,
38BbM6,84,80,CarrotHyrax,41.2,5.0,0,True,0.0,
38BbM6,84,81,CarrotHyrax,41.2,5.0,0,True,0.0,
38BbM6,84,82,CarrotHyrax,41.2,5.0,0,True,0.0,
38BbM6,84,83,CarrotHyrax,41.2,5.0,0,True,0.0,
38BbM6,84,84,CarrotHyrax,41.2,5.0,2,True,0.0,
38BbM6,84,85,CarrotHyrax,41.2,5.0,0,True,0.0,
38BbM6,84,86,CarrotHyrax,41.2,5.0,0,True,0.0,
38BbM6,84,87,CarrotHyrax,41.2,5.0,2,True,0.0,
38BbM6,84,88,CarrotHyrax,64.0,5.0,1,True,0.0,
38BbM6,84,89,CarrotHyrax,64.0,5.0,0,True,0.001,
38BbM6,84,90,CarrotHyrax,64.0,5.0,1,True,0.0,
38BbM6,84,91,CarrotHyrax,64.0,5.0,1,True,0.0,
38BbM6,84,92,CarrotHyrax,64.0,5.0,0,True,0.0,
38BbM6,84,93,CarrotHyrax,64.0,5.0,1,True,0.0,
38BbM6,84,94,CarrotHyrax,64.0,5.0,0,True,0.0,
38BbM6,84,95,CarrotHyrax,64.0,5.0,1,True,0.0,
38BbM6,84,96,CarrotHyrax,64.0,5.0,1,True,0.0,
38BbM6,84,97,CarrotHyrax,64.0,5.0,1,True,0.0,
38BbM6,84,98,CarrotHyrax,50.1,5.0,0,True,0.0,
38BbM6,84,99,CarrotHyrax,50.1,5.0,1,True,0.0,
38BbM6,84,100,CarrotHyrax,50.1,5.0,1,True,0.0,
38BbM6,85,1,CarrotHyrax,50.1,36.0,1,True,0.0,
38BbM6,85,2,CarrotHyrax,50.1,41.4,0,True,0.0,
38BbM6,85,3,CarrotHyrax,50.1,40.0,0,True,0.0,
38BbM6,85,4,CarrotHyrax,50.1,37.1,0,True,0.0,
38BbM6,85,5,CarrotHyrax,50.1,33.2,0,True,0.0,
38BbM6,85,6,CarrotHyrax,50.1,29.0,0,True,0.0,
38BbM6,85,7,CarrotHyrax,34.7,25.2,0,True,0.0,
38BbM6,85,8,CarrotHyrax,34.7,21.6,1,True,0.0,
38BbM6,85,9,CarrotHyrax,34.7,19.4,0,True,0.0,
38BbM6,85,10,CarrotHyrax,34.7,17.2,2,True,0.0,
38BbM6,85,11,CarrotHyrax,34.7,16.6,0,True,0.0,
38BbM6,85,12,CarrotHyrax,34.7,15.7,0,True,0.0,
38BbM6,85,13,CarrotHyrax,34.7,14.6,0,True,0.0,
38BbM6,85,14,CarrotHyrax,34.7,13.5,0,True,0.0,
38BbM6,85,15,CarrotHyrax,34.7,12.2,1,True,0.0,
38BbM6,85,16,CarrotHyrax,34.7,11.3,0,True,0.0,
38BbM6,85,17,CarrotHyrax,47.0,10.3,1,True,0.0,
38BbM6,85,18,CarrotHyrax,47.0,9.6,0,True,0.0,
38BbM6,85,19,CarrotHyrax,47.0,8.9,1,True,0.0,
38BbM6,85,20,CarrotHyrax,47.0,8.3,1,True,0.0,
38BbM6,85,21,CarrotHyrax,47.0,7.9,1,True,0.0,
38BbM6,85,22,CarrotHyrax,47.0,7.6,0,True,0.0,
38BbM6,85,23,CarrotHyrax,47.0,7.3,1,True,0.0,
38BbM6,85,24,CarrotHyrax,47.0,7.0,0,True,0.0,
38BbM6,85,25,CarrotHyrax,47.0,6.7,0,True,0.0,
38BbM6,85,26,CarrotHyrax,47.0,6.4,0,True,0.0,
38BbM6,85,27,CarrotHyrax,37.3,6.0,0,True,0.0,
38BbM6,85,28,CarrotHyrax,37.3,5.6,1,True,0.0,
38BbM6,85,29,CarrotHyrax,37.3,5.3,1,True,0.0,
38BbM6,85,30,CarrotHyrax,37.3,5.1,0,True,0.0,
38BbM6,85,31,CarrotHyrax,37.3,5.0,1,True,0.0,
38BbM6,85,32,CarrotHyrax,37.3,5.0,1,True,0.0,
38BbM6,85,33,CarrotHyrax,37.3,5.0,0,True,0.0,
38BbM6,85,34,CarrotHyrax,37.3,5.0,0,True,0.0,
38BbM6,85,35,CarrotHyrax,37.3,5.0,0,True,0.0,
38BbM6,85,36,CarrotHyrax,37.3,5.0,2,True,0.0,
38BbM6,85,37,CarrotHyrax,55.4,5.0,0,True,0.0,
38BbM6,85,38,CarrotHyrax,55.4,5.0,1,True,0.0,
38BbM6,85,39,CarrotHyrax,55.4,5.0,0,True,0.0,
38BbM6,85,40,CarrotHyrax,55.4,5.0,0,True,0.0,
38BbM6,85,41,CarrotHyrax,55.4,5.0,1,True,0.0,
38BbM6,85,42,CarrotHyrax,55.4,5.0,1,True,0.0,
38BbM6,85,43,CarrotHyrax,55.4,5.0,1,True,0.0,
38BbM6,85,44,CarrotHyrax,55.4,5.0,0,True,0.003,
38BbM6,85,45,CarrotHyrax,55.4,5.0,0,True,0.0,
38BbM6,85,46,CarrotHyrax,55.4,5.0,0,True,0.0,
38BbM6,85,47,CarrotHyrax,66.6,5.0,0,True,0.0,
38BbM6,85,48,CarrotHyrax,66.6,5.0,1,True,0.0,
38BbM6,85,49,CarrotHyrax,66.6,5.0,3,True,0.0,
38BbM6,85,50,CarrotHyrax,66.6,5.0,0,True,0.001,
38BbM6,85,51,CarrotHyrax,66.6,5.0,0,True,0.0,
38BbM6,85,52,CarrotHyrax,66.6,5.0,0,True,0.0,
38BbM6,85,53,CarrotHyrax,66.6,5.0,0,True,0.0,
38BbM6,85,54,CarrotHyrax,66.6,5.0,0,True,0.0,
38BbM6,85,55,CarrotHyrax,66.6,5.0,2,True,0.0,
38BbM6,85,56,CarrotHyrax,66.6,5.0,2,True,0.0,
38BbM6,85,57,CarrotHyrax,62.6,5.0,2,True,0.001,
38BbM6,85,58,CarrotHyrax,62.6,5.0,1,True,0.0,
38BbM6,85,59,CarrotHyrax,62.6,5.0,0,True,0.0,
38BbM6,85,60,CarrotHyrax,62.6,5.0,1,True,0.0,
38BbM6,85,61,CarrotHyrax,62.6,5.0,0,True,0.0,
38BbM6,85,62,CarrotHyrax,62.6,5.0,3,True,0.0,
38BbM6,85,63,CarrotHyrax,62.6,5.0,0,True,0.0,
38BbM6,85,64,CarrotHyrax,62.6,5.0,2,True,0.0,
38BbM6,85,65,CarrotHyrax,62.6,5.0,2,True,0.0,
38BbM6,85,66,CarrotHyrax,62.6,5.0,1,True,0.0,
38BbM6,85,67,CarrotHyrax,57.5,5.0,0,True,0.0,
38BbM6,85,68,CarrotHyrax,57.5,5.0,1,True,0.0,
38BbM6,85,69,CarrotHyrax,57.5,5.0,1,True,0.0,
38BbM6,85,70,CarrotHyrax,57.5,5.0,1,True,0.0,
38BbM6,85,71,CarrotHyrax,57.5,5.0,1,True,0.0,
38BbM6,85,72,CarrotHyrax,57.5,5.0,2,True,0.0,
38BbM6,85,73,CarrotHyrax,57.5,5.0,0,True,0.0,
38BbM6,85,74,CarrotHyrax,57.5,5.0,0,True,0.0,
38BbM6,85,75,CarrotHyrax,57.5,5.0,2,True,0.0,
38BbM6,85,76,CarrotHyrax,57.5,5.0,2,True,0.0,
38BbM6,85,77,CarrotHyrax,51.2,5.0,0,True,0.0,
38BbM6,85,78,CarrotHyrax,51.2,5.0,0,True,0.001,
38BbM6,85,79,CarrotHyrax,51.2,5.0,3,True,0.0,
38BbM6,85,80,CarrotHyrax,51.2,5.0,0,True,0.0,
38BbM6,85,81,CarrotHyrax,51.2,5.0,0,True,0.0,
38BbM6,85,82,CarrotHyrax,51.2,5.0,0,True,0.0,
38BbM6,85,83,CarrotHyrax,51.2,5.0,0,True,0.0,
38BbM6,85,84,CarrotHyrax,51.2,5.0,0,True,0.0,
38BbM6,85,85,CarrotHyrax,51.2,5.0,0,True,0.0,
38BbM6,85,86,CarrotHyrax,51.2,5.0,0,True,0.0,
38BbM6,85,87,CarrotHyrax,75.3,5.0,1,True,0.0,
38BbM6,85,88,CarrotHyrax,75.3,5.0,0,True,0.0,
38BbM6,85,89,CarrotHyrax,75.3,5.0,2,True,0.0,
38BbM6,85,90,CarrotHyrax,75.3,5.0,0,True,0.0,
38BbM6,85,91,CarrotHyrax,75.3,5.0,2,True,0.0,
38BbM6,85,92,CarrotHyrax,75.3,5.0,0,True,0.0,
38BbM6,85,93,CarrotHyrax,75.3,5.0,0,True,0.0,
38BbM6,85,94,CarrotHyrax,75.3,5.0,1,True,0.0,
38BbM6,85,95,CarrotHyrax,75.3,5.0,1,True,0.0,
38BbM6,85,96,CarrotHyrax,75.3,5.0,1,True,0.0,
38BbM6,85,97,CarrotHyrax,37.3,5.0,0,True,0.0,
38BbM6,85,98,CarrotHyrax,37.3,5.0,0,True,0.0,
38BbM6,85,99,CarrotHyrax,37.3,5.0,0,True,0.0,
38BbM6,85,100,CarrotHyrax,37.3,5.0,0,True,0.0,
38BbM6,86,1,CarrotHyrax,37.3,79.0,0,True,0.0,
38BbM6,86,2,CarrotHyrax,37.3,63.2,0,True,0.0,
38BbM6,86,3,CarrotHyrax,37.3,50.6,0,True,0.0,
38BbM6,86,4,CarrotHyrax,37.3,40.4,0,True,0.0,
38BbM6,86,5,CarrotHyrax,37.3,32.4,0,True,0.0,
38BbM6,86,6,CarrotHyrax,71.2,25.9,0,True,0.0,
38BbM6,86,7,CarrotHyrax,71.2,20.7,1,True,0.0,
38BbM6,86,8,CarrotHyrax,71.2,17.7,0,True,0.0,
38BbM6,86,9,CarrotHyrax,71.2,15.1,0,True,0.0,
38BbM6,86,10,CarrotHyrax,71.2,12.7,0,True,0.0,
38BbM6,86,11,CarrotHyrax,71.2,10.7,1,True,0.0,
38BbM6,86,12,CarrotHyrax,71.2,9.3,0,True,0.0,
38BbM6,86,13,CarrotHyrax,71.2,8.1,0,True,0.0,
38BbM6,86,14,CarrotHyrax,71.2,7.0,0,True,0.0,
38BbM6,86,15,CarrotHyrax,71.2,5.9,0,True,0.0,
38BbM6,86,16,CarrotHyrax,31.0,5.0,0,True,0.0,
38BbM6,86,17,CarrotHyrax,31.0,5.0,0,True,0.0,
38BbM6,86,18,CarrotHyrax,31.0,5.0,1,True,0.0,
38BbM6,86,19,CarrotHyrax,31.0,5.0,1,True,0.0,
38BbM6,86,20,CarrotHyrax,31.0,5.0,0,True,0.0,
38BbM6,86,21,CarrotHyrax,31.0,5.0,1,True,0.0,
38BbM6,86,22,CarrotHyrax,31.0,5.0,0,True,0.0,
38BbM6,86,23,CarrotHyrax,31.0,5.0,0,True,0.0,
38BbM6,86,24,CarrotHyrax,31.0,5.0,2,True,0.0,
38BbM6,86,25,CarrotHyrax,31.0,5.0,0,True,0.0,
38BbM6,86,26,CarrotHyrax,48.5,5.0,0,True,0.0,
38BbM6,86,27,CarrotHyrax,48.5,5.0,3,True,0.0,
38BbM6,86,28,CarrotHyrax,48.5,5.0,1,True,0.0,
38BbM6,86,29,CarrotHyrax,48.5,5.0,1,True,0.0,
38BbM6,86,30,CarrotHyrax,48.5,5.0,0,True,0.0,
38BbM6,86,31,CarrotHyrax,48.5,5.0,1,True,0.0,
38BbM6,86,32,CarrotHyrax,48.5,5.0,0,True,0.0,
38BbM6,86,33,CarrotHyrax,48.5,5.0,1,True,0.0,
38BbM6,86,34,CarrotHyrax,48.5,5.0,1,True,0.0,
38BbM6,86,35,CarrotHyrax,48.5,5.0,0,True,0.0,
38BbM6,86,36,CarrotHyrax,31.6,5.0,1,True,0.0,
38BbM6,86,37,CarrotHyrax,31.6,5.0,1,True,0.0,
38BbM6,86,38,CarrotHyrax,31.6,5.0,0,True,0.0,
38BbM6,86,39,CarrotHyrax,31.6,5.0,0,True,0.0,
38BbM6,86,40,CarrotHyrax,31.6,5.0,1,True,0.0,
38BbM6,86,41,CarrotHyrax,31.6,5.0,0,True,0.0,
38BbM6,86,42,CarrotHyrax,31.6,5.0,2,True,0.001,
38BbM6,86,43,CarrotHyrax,31.6,5.0,0,True,0.0,
38BbM6,86,44,CarrotHyrax,31.6,5.0,0,True,0.0,
38BbM6,86,45,CarrotHyrax,31.6,5.0,1,True,0.0,
38BbM6,86,46,CarrotHyrax,78.1,5.0,0,True,0.0,
38BbM6,86,47,CarrotHyrax,78.1,5.0,1,True,0.0,
38BbM6,86,48,CarrotHyrax,78.1,5.0,0,True,0.001,
38BbM6,86,49,CarrotHyrax,78.1,5.0,0,True,0.0,
38BbM6,86,50,CarrotHyrax,78.1,5.0,1,True,0.001,
38BbM6,86,51,CarrotHyrax,78.1,5.0,0,True,0.0,
38BbM6,86,52,CarrotHyrax,78.1,5.0,0,True,0.001,
38BbM6,86,53,CarrotHyrax,78.1,5.0,0,True,0.0,
38BbM6,86,54,CarrotHyrax,78.1,5.0,1,True,0.0,
38BbM6,86,55,CarrotHyrax,78.1,5.0,0,True,0.0,
38BbM6,86,56,CarrotHyrax,46.2,5.0,1,True,0.0,
38BbM6,86,57,CarrotHyrax,46.2,5.0,0,True,0.0,
38BbM6,86,58,CarrotHyrax,46.2,5.0,0,True,0.0,
38BbM6,86,59,CarrotHyrax,46.2,5.0,0,True,0.001,
38BbM6,86,60,CarrotHyrax,46.2,5.0,1,True,0.0,
38BbM6,86,61,CarrotHyrax,46.2,5.0,0,True,0.0,
38BbM6,86,62,CarrotHyrax,46.2,5.0,0,True,0.0,
38BbM6,86,63,CarrotHyrax,46.2,5.0,0,True,0.0,
38BbM6,86,64,CarrotHyrax,46.2,5.0,0,True,0.0,
38BbM6,86,65,CarrotHyrax,46.2,5.0,0,True,0.0,
38BbM6,86,66,CarrotHyrax,67.7,5.0,0,True,0.001,
38BbM6,86,67,CarrotHyrax,67.7,5.0,1,True,0.0,
38BbM6,86,68,CarrotHyrax,67.7,5.0,2,True,0.0,
38BbM6,86,69,CarrotHyrax,67.7,5.0,0,True,0.0,
38BbM6,86,70,CarrotHyrax,67.7,5.0,0,True,0.0,
38BbM6,86,71,CarrotHyrax,67.7,5.0,1,True,0.0,
38BbM6,86,72,CarrotHyrax,67.7,5.0,0,True,0.0,
38BbM6,86,73,CarrotHyrax,67.7,5.0,1,True,0.0,
38BbM6,86,74,CarrotHyrax,67.7,5.0,0,True,0.0,
38BbM6,86,75,CarrotHyrax,67.7,5.0,3,True,0.0,
38BbM6,86,76,CarrotHyrax,39.5,5.0,0,True,0.0,
38BbM6,86,77,CarrotHyrax,39.5,5.0,0,True,0.0,
38BbM6,86,78,CarrotHyrax,39.5,5.0,0,True,0.0,
38BbM6,86,79,CarrotHyrax,39.5,5.0,1,True,0.0,
38BbM6,86,80,CarrotHyrax,39.5,5.0,0,True,0.0,
38BbM6,86,81,CarrotHyrax,39.5,5.0,3,True,0.0,
38BbM6,86,82,CarrotHyrax,39.5,5.0,1,True,0.0,
38BbM6,86,83,CarrotHyrax,39.5,5.0,0,True,0.0,
38BbM6,86,84,CarrotHyrax,39.5,5.0,0,True,0.0,
38BbM6,86,85,CarrotHyrax,39.5,5.0,1,True,0.0,
38BbM6,86,86,CarrotHyrax,61.2,5.0,0,True,0.0,
38BbM6,86,87,CarrotHyrax,61.2,5.0,1,True,0.0,
38BbM6,86,88,CarrotHyrax,61.2,5.0,0,True,0.0,
38BbM6,86,89,CarrotHyrax,61.2,5.0,1,True,0.0,
38BbM6,86,90,CarrotHyrax,61.2,5.0,1,True,0.0,
38BbM6,86,91,CarrotHyrax,61.2,5.0,0,True,0.0,
38BbM6,86,92,CarrotHyrax,61.2,5.0,0,True,0.0,
38BbM6,86,93,CarrotHyrax,61.2,5.0,0,True,0.0,
38BbM6,86,94,CarrotHyrax,61.2,5.0,0,True,0.001,
38BbM6,86,95,CarrotHyrax,61.2,5.0,0,True,0.0,
38BbM6,86,96,CarrotHyrax,76.4,5.0,0,True,0.0,
38BbM6,86,97,CarrotHyrax,76.4,5.0,2,True,0.0,
38BbM6,86,98,CarrotHyrax,76.4,5.0,1,True,0.0,
38BbM6,86,99,CarrotHyrax,76.4,5.0,0,True,0.0,
38BbM6,86,100,CarrotHyrax,76.4,5.0,0,True,0.0,
38BbM6,87,1,CarrotHyrax,76.4,88.0,0,True,0.0,
38BbM6,87,2,CarrotHyrax,76.4,70.4,0,True,0.0,
38BbM6,87,3,CarrotHyrax,76.4,56.3,0,True,0.0,
38BbM6,87,4,CarrotHyrax,76.4,45.1,1,True,0.0,
38BbM6,87,5,CarrotHyrax,38.3,40.4,0,True,0.0,
38BbM6,87,6,CarrotHyrax,38.3,35.3,0,True,0.0,
38BbM6,87,7,CarrotHyrax,38.3,30.6,0,True,0.0,
38BbM6,87,8,CarrotHyrax,38.3,26.2,0,True,0.0,
38BbM6,87,9,CarrotHyrax,38.3,22.3,0,True,0.0,
38BbM6,87,10,CarrotHyrax,38.3,18.8,0,True,0.0,
38BbM6,87,11,CarrotHyrax,38.3,15.8,0,True,0.0,
38BbM6,87,12,CarrotHyrax,38.3,13.2,0,True,0.0,
38BbM6,87,13,CarrotHyrax,38.3,11.0,1,True,0.0,
38BbM6,87,14,CarrotHyrax,38.3,9.5,0,True,0.0,
38BbM6,87,15,CarrotHyrax,52.2,8.1,0,True,0.0,
38BbM6,87,16,CarrotHyrax,52.2,6.9,0,True,0.0,
38BbM6,87,17,CarrotHyrax,52.2,5.8,1,True,0.0,
38BbM6,87,18,CarrotHyrax,52.2,5.0,1,True,0.0,
38BbM6,87,19,CarrotHyrax,52.2,5.0,0,True,0.0,
38BbM6,87,20,CarrotHyrax,52.2,5.0,0,True,0.0,
38BbM6,87,21,CarrotHyrax,52.2,5.0,1,True,0.001,
38BbM6,87,22,CarrotHyrax,52.2,5.0,2,True,0.0,
38BbM6,87,23,CarrotHyrax,52.2,5.0,0,True,0.0,
38BbM6,87,24,CarrotHyrax,52.2,5.0,0,True,0.0,
38BbM6,87,25,CarrotHyrax,73.8,5.0,1,True,0.0,
38BbM6,87,26,CarrotHyrax,73.8,5.0,1,True,0.0,
38BbM6,87,27,CarrotHyrax,73.8,5.0,1,True,0.0,
38BbM6,87,28,CarrotHyrax,73.8,5.0,0,True,0.0,
38BbM6,87,29,CarrotHyrax,73.8,5.0,0,True,0.0,
38BbM6,87,30,CarrotHyrax,73.8,5.0,1,True,0.0,
38BbM6,87,31,CarrotHyrax,73.8,5.0,0,True,0.0,
38BbM6,87,32,CarrotHyrax,73.8,5.0,0,True,0.0,
38BbM6,87,33,CarrotHyrax,73.8,5.0,0,True,0.0,
38BbM6,87,34,CarrotHyrax,73.8,5.0,0,True,0.0,
38BbM6,87,35,CarrotHyrax,37.4,5.0,1,True,0.0,
38BbM6,87,36,CarrotHyrax,37.4,5.0,1,True,0.0,
38BbM6,87,37,CarrotHyrax,37.4,5.0,1,True,0.0,
38BbM6,87,38,CarrotHyrax,37.4,5.0,0,True,0.0,
38BbM6,87,39,CarrotHyrax,37.4,5.0,0,True,0.0,
38BbM6,87,40,CarrotHyrax,37.4,5.0,0,True,0.0,
38BbM6,87,41,CarrotHyrax,37.4,5.0,0,True,0.0,
38BbM6,87,42,CarrotHyrax,37.4,5.0,0,True,0.0,
38BbM6,87,43,CarrotHyrax,37.4,5.0,2,True,0.0,
38BbM6,87,44,CarrotHyrax,37.4,5.0,0,True,0.0,
38BbM6,87,45,CarrotHyrax,52.7,5.0,1,True,0.0,
38BbM6,87,46,CarrotHyrax,52.7,5.0,3,True,0.0,
38BbM6,87,47,CarrotHyrax,52.7,5.0,0,True,0.0,
38BbM6,87,48,CarrotHyrax,52.7,5.0,1,True,0.0,
38BbM6,87,49,CarrotHyrax,52.7,5.0,2,True,0.0,
38BbM6,87,50,CarrotHyrax,52.7,5.0,1,True,0.0,
38BbM6,87,51,CarrotHyrax,52.7,5.0,0,True,0.001,
38BbM6,87,52,CarrotHyrax,52.7,5.0,0,True,0.0,
38BbM6,87,53,CarrotHyrax,52.7,5.0,0,True,0.0,
38BbM6,87,54,CarrotHyrax,52.7,5.0,1,True,0.001,
38BbM6,87,55,CarrotHyrax,43.7,5.0,2,True,0.0,
38BbM6,87,56,CarrotHyrax,43.7,5.0,1,True,0.0,
38BbM6,87,57,CarrotHyrax,43.7,5.0,0,True,0.0,
38BbM6,87,58,CarrotHyrax,43.7,5.0,0,True,0.0,
38BbM6,87,59,CarrotHyrax,43.7,5.0,0,True,0.0,
38BbM6,87,60,CarrotHyrax,43.7,5.0,1,True,0.0,
38BbM6,87,61,CarrotHyrax,43.7,5.0,0,True,0.0,
38BbM6,87,62,CarrotHyrax,43.7,5.0,0,True,0.0,
38BbM6,87,63,CarrotHyrax,43.7,5.0,0,True,0.0,
38BbM6,87,64,CarrotHyrax,43.7,5.0,0,True,0.0,
38BbM6,87,65,CarrotHyrax,57.6,5.0,0,True,0.0,
38BbM6,87,66,CarrotHyrax,57.6,5.0,0,True,0.0,
38BbM6,87,67,CarrotHyrax,57.6,5.0,1,True,0.0,
38BbM6,87,68,CarrotHyrax,57.6,5.0,1,True,0.0,
38BbM6,87,69,CarrotHyrax,57.6,5.0,1,True,0.0,
38BbM6,87,70,CarrotHyrax,57.6,5.0,1,True,0.0,
38BbM6,87,71,CarrotHyrax,57.6,5.0,0,True,0.0,
38BbM6,87,72,CarrotHyrax,57.6,5.0,2,True,0.0,
38BbM6,87,73,CarrotHyrax,57.6,5.0,0,True,0.0,
38BbM6,87,74,CarrotHyrax,57.6,5.0,0,True,0.001,
38BbM6,87,75,CarrotHyrax,65.0,5.0,0,True,0.0,
38BbM6,87,76,CarrotHyrax,65.0,5.0,0,True,0.0,
38BbM6,87,77,CarrotHyrax,65.0,5.0,0,True,0.0,
38BbM6,87,78,CarrotHyrax,65.0,5.0,1,True,0.0,
38BbM6,87,79,CarrotHyrax,65.0,5.0,1,True,0.0,
38BbM6,87,80,CarrotHyrax,65.0,5.0,1,True,0.001,
38BbM6,87,81,CarrotHyrax,65.0,5.0,1,True,0.0,
38BbM6,87,82,CarrotHyrax,65.0,5.0,2,True,0.001,
38BbM6,87,83,CarrotHyrax,65.0,5.0,0,True,0.0,
38BbM6,87,84,CarrotHyrax,65.0,5.0,0,True,0.0,
38BbM6,87,85,CarrotHyrax,66.2,5.0,0,True,0.0,
38BbM6,87,86,CarrotHyrax,66.2,5.0,1,True,0.0,
38BbM6,87,87,CarrotHyrax,66.2,5.0,0,True,0.0,
38BbM6,87,88,CarrotHyrax,66.2,5.0,0,True,0.002,
38BbM6,87,89,CarrotHyrax,66.2,5.0,0,True,0.0,
38BbM6,87,90,CarrotHyrax,66.2,5.0,1,True,0.0,
38BbM6,87,91,CarrotHyrax,66.2,5.0,0,True,0.0,
38BbM6,87,92,CarrotHyrax,66.2,5.0,0,True,0.001,
38BbM6,87,93,CarrotHyrax,66.2,5.0,0,True,0.0,
38BbM6,87,94,CarrotHyrax,66.2,5.0,0,True,0.0,
38BbM6,87,95,CarrotHyrax,41.5,5.0,0,True,0.0,
38BbM6,87,96,CarrotHyrax,41.5,5.0,2,True,0.0,
38BbM6,87,97,CarrotHyrax,41.5,5.0,0,True,0.0,
38BbM6,87,98,CarrotHyrax,41.5,5.0,0,True,0.0,
38BbM6,87,99,CarrotHyrax,41.5,5.0,0,True,0.0,
38BbM6,87,100,CarrotHyrax,41.5,5.0,1,True,0.001,
38BbM6,88,1,CarrotHyrax,41.5,75.0,0,True,0.0,
38BbM6,88,2,CarrotHyrax,41.5,60.0,0,True,0.002,
38BbM6,88,3,CarrotHyrax,41.5,48.0,0,True,0.0,
38BbM6,88,4,CarrotHyrax,76.2,38.4,1,True,0.0,
38BbM6,88,5,CarrotHyrax,76.2,34.4,1,True,0.0,
38BbM6,88,6,CarrotHyrax,76.2,32.6,0,True,0.0,
38BbM6,88,7,CarrotHyrax,76.2,30.5,3,True,0.0,
38BbM6,88,8,CarrotHyrax,76.2,33.0,1,True,0.0,
38BbM6,88,9,CarrotHyrax,76.2,36.2,0,True,0.0,
38BbM6,88,10,CarrotHyrax,76.2,38.5,2,True,0.0,
38BbM6,88,11,CarrotHyrax,76.2,43.4,2,True,0.0,
38BbM6,88,12,CarrotHyrax,76.2,50.8,0,True,0.0,
38BbM6,88,13,CarrotHyrax,76.2,57.3,0,True,0.0,
38BbM6,88,14,CarrotHyrax,57.8,62.9,0,True,0.0,
38BbM6,88,15,CarrotHyrax,57.8,67.2,0,True,0.0,
38BbM6,88,16,CarrotHyrax,57.8,70.4,0,True,0.0,
38BbM6,88,17,CarrotHyrax,57.8,72.3,0,True,0.0,
38BbM6,88,18,CarrotHyrax,57.8,73.5,0,True,0.0,
38BbM6,88,19,CarrotHyrax,57.8,74.1,0,True,0.0,
38BbM6,88,20,CarrotHyrax,57.8,73.9,0,True,0.002,
38BbM6,88,21,CarrotHyrax,57.8,73.1,1,True,0.0,
38BbM6,88,22,CarrotHyrax,57.8,73.0,0,True,0.0,
38BbM6,88,23,CarrotHyrax,57.8,72.4,0,True,0.001,
38BbM6,88,24,CarrotHyrax,42.4,70.8,0,True,0.0,
38BbM6,88,25,CarrotHyrax,42.4,68.7,0,True,0.001,
38BbM6,88,26,CarrotHyrax,42.4,66.4,0,True,0.0,
38BbM6,88,27,CarrotHyrax,42.4,63.7,0,True,0.004,
38BbM6,88,28,CarrotHyrax,42.4,60.6,0,True,0.0,
38BbM6,88,29,CarrotHyrax,42.4,57.3,0,True,0.0,
38BbM6,88,30,CarrotHyrax,42.4,53.9,0,True,0.0,
38BbM6,88,31,CarrotHyrax,42.4,50.4,0,True,0.0,
38BbM6,88,32,CarrotHyrax,42.4,47.0,0,True,0.0,
38BbM6,88,33,CarrotHyrax,42.4,43.6,0,True,0.0,
38BbM6,88,34,CarrotHyrax,31.7,40.3,0,True,0.0,
38BbM6,88,35,CarrotHyrax,31.7,37.1,0,True,0.0,
38BbM6,88,36,CarrotHyrax,31.7,34.0,0,True,0.0,
38BbM6,88,37,CarrotHyrax,31.7,31.1,0,True,0.0,
38BbM6,88,38,CarrotHyrax,31.7,28.4,0,True,0.0,
38BbM6,88,39,CarrotHyrax,31.7,25.8,0,True,0.0,
38BbM6,88,40,CarrotHyrax,31.7,23.4,0,True,0.0,
38BbM6,88,41,CarrotHyrax,31.7,21.1,1,True,0.0,
38BbM6,88,42,CarrotHyrax,31.7,19.2,1,True,0.0,
38BbM6,88,43,CarrotHyrax,31.7,17.7,1,True,0.0,
38BbM6,88,44,CarrotHyrax,69.3,16.3,0,True,0.0,
38BbM6,88,45,CarrotHyrax,69.3,15.0,1,True,0.0,
38BbM6,88,46,CarrotHyrax,69.3,13.9,1,True,0.001,
38BbM6,88,47,CarrotHyrax,69.3,13.0,0,True,0.0,
38BbM6,88,48,CarrotHyrax,69.3,12.1,0,True,0.0,
38BbM6,88,49,CarrotHyrax,69.3,11.2,0,True,0.001,
38BbM6,88,50,CarrotHyrax,69.3,10.4,0,True,0.001,
38BbM6,88,51,CarrotHyrax,69.3,9.6,2,True,0.0,
38BbM6,88,52,CarrotHyrax,69.3,8.9,3,True,0.0,
38BbM6,88,53,CarrotHyrax,69.3,8.5,0,True,0.0,
38BbM6,88,54,CarrotHyrax,76.8,8.0,1,True,0.0,
38BbM6,88,55,CarrotHyrax,76.8,7.6,1,True,0.0,
38BbM6,88,56,CarrotHyrax,76.8,7.3,1,True,0.0,
38BbM6,88,57,CarrotHyrax,76.8,7.0,4,True,0.0,
38BbM6,88,58,CarrotHyrax,76.8,6.8,1,True,0.0,
38BbM6,88,59,CarrotHyrax,76.8,6.7,0,True,0.0,
38BbM6,88,60,CarrotHyrax,76.8,6.6,1,True,0.0,
38BbM6,88,61,CarrotHyrax,76.8,6.4,1,True,0.0,
38BbM6,88,62,CarrotHyrax,76.8,6.3,0,True,0.0,
38BbM6,88,63,CarrotHyrax,76.8,6.1,0,True,0.0,
38BbM6,88,64,CarrotHyrax,68.1,6.0,0,True,0.0,
38BbM6,88,65,CarrotHyrax,68.1,5.8,1,True,0.0,
38BbM6,88,66,CarrotHyrax,68.1,5.6,4,True,0.0,
38BbM6,88,67,CarrotHyrax,68.1,5.5,0,True,0.0,
38BbM6,88,68,CarrotHyrax,68.1,5.3,2,True,0.0,
38BbM6,88,69,CarrotHyrax,68.1,5.2,0,True,0.0,
38BbM6,88,70,CarrotHyrax,68.1,5.1,2,True,0.0,
38BbM6,88,71,CarrotHyrax,68.1,5.0,0,True,0.002,
38BbM6,88,72,CarrotHyrax,68.1,5.0,0,True,0.0,
38BbM6,88,73,CarrotHyrax,68.1,5.0,2,True,0.0,
38BbM6,88,74,CarrotHyrax,70.1,5.0,0,True,0.0,
38BbM6,88,75,CarrotHyrax,70.1,5.0,0,True,0.0,
38BbM6,88,76,CarrotHyrax,70.1,5.0,2,True,0.0,
38BbM6,88,77,CarrotHyrax,70.1,5.0,0,True,0.0,
38BbM6,88,78,CarrotHyrax,70.1,5.0,1,True,0.0,
38BbM6,88,79,CarrotHyrax,70.1,5.0,0,True,0.0,
38BbM6,88,80,CarrotHyrax,70.1,5.0,0,True,0.0,
38BbM6,88,81,CarrotHyrax,70.1,5.0,3,True,0.0,
38BbM6,88,82,CarrotHyrax,70.1,5.0,0,True,0.0,
38BbM6,88,83,CarrotHyrax,70.1,5.0,1,True,0.0,
38BbM6,88,84,CarrotHyrax,44.4,5.0,1,True,0.0,
38BbM6,88,85,CarrotHyrax,44.4,5.0,0,True,0.0,
38BbM6,88,86,CarrotHyrax,44.4,5.0,1,True,0.001,
38BbM6,88,87,CarrotHyrax,44.4,5.0,0,True,0.0,
38BbM6,88,88,CarrotHyrax,44.4,5.0,0,True,0.0,
38BbM6,88,89,CarrotHyrax,44.4,5.0,2,True,0.0,
38BbM6,88,90,CarrotHyrax,44.4,5.0,1,True,0.0,
38BbM6,88,91,CarrotHyrax,44.4,5.0,1,True,0.0,
38BbM6,88,92,CarrotHyrax,44.4,5.0,1,True,0.0,
38BbM6,88,93,CarrotHyrax,44.4,5.0,1,True,0.0,
38BbM6,88,94,CarrotHyrax,46.2,5.0,0,True,0.0,
38BbM6,88,95,CarrotHyrax,46.2,5.0,1,True,0.0,
38BbM6,88,96,CarrotHyrax,46.2,5.0,1,True,0.0,
38BbM6,88,97,CarrotHyrax,46.2,5.0,1,True,0.0,
38BbM6,88,98,CarrotHyrax,46.2,5.0,3,True,0.001,
38BbM6,88,99,CarrotHyrax,46.2,5.0,1,True,0.0,
38BbM6,88,100,CarrotHyrax,46.2,5.0,2,True,0.0,
38BbM6,89,1,CarrotHyrax,46.2,83.0,0,True,0.0,
38BbM6,89,2,CarrotHyrax,46.2,66.4,0,True,0.0,
38BbM6,89,3,CarrotHyrax,32.7,53.1,0,True,0.001,
38BbM6,89,4,CarrotHyrax,32.7,42.5,0,True,0.001,
38BbM6,89,5,CarrotHyrax,32.7,34.0,0,True,0.0,
38BbM6,89,6,CarrotHyrax,32.7,27.2,0,True,0.0,
38BbM6,89,7,CarrotHyrax,32.7,21.8,0,True,0.001,
38BbM6,89,8,CarrotHyrax,32.7,17.4,0,True,0.0,
38BbM6,89,9,CarrotHyrax,32.7,13.9,0,True,0.0,
38BbM6,89,10,CarrotHyrax,32.7,11.1,1,True,0.0,
38BbM6,89,11,CarrotHyrax,32.7,9.4,0,True,0.0,
38BbM6,89,12,CarrotHyrax,32.7,7.8,0,True,0.0,
38BbM6,89,13,CarrotHyrax,35.5,6.5,0,True,0.0,
38BbM6,89,14,CarrotHyrax,35.5,5.4,1,True,0.0,
38BbM6,89,15,CarrotHyrax,35.5,5.0,1,True,0.0,
38BbM6,89,16,CarrotHyrax,35.5,5.0,0,True,0.0,
38BbM6,89,17,CarrotHyrax,35.5,5.0,0,True,0.0,
38BbM6,89,18,CarrotHyrax,35.5,5.0,0,True,0.0,
38BbM6,89,19,CarrotHyrax,35.5,5.0,0,True,0.0,
38BbM6,89,20,CarrotHyrax,35.5,5.0,1,True,0.0,
38BbM6,89,21,CarrotHyrax,35.5,5.0,0,True,0.0,
38BbM6,89,22,CarrotHyrax,35.5,5.0,0,True,0.001,
38BbM6,89,23,CarrotHyrax,68.7,5.0,0,True,0.0,
38BbM6,89,24,CarrotHyrax,68.7,5.0,1,True,0.0,
38BbM6,89,25,CarrotHyrax,68.7,5.0,2,True,0.0,
38BbM6,89,26,CarrotHyrax,68.7,5.0,0,True,0.0,
38BbM6,89,27,CarrotHyrax,68.7,5.0,1,True,0.0,
38BbM6,89,28,CarrotHyrax,68.7,5.0,1,True,0.0,
38BbM6,89,29,CarrotHyrax,68.7,5.0,1,True,0.0,
38BbM6,89,30,CarrotHyrax,68.7,5.0,0,True,0.0,
38BbM6,89,31,CarrotHyrax,68.7,5.0,0,True,0.0,
38BbM6,89,32,CarrotHyrax,68.7,5.0,0,True,0.0,
38BbM6,89,33,CarrotHyrax,41.5,5.0,0,True,0.0,
38BbM6,89,34,CarrotHyrax,41.5,5.0,2,True,0.003,
38BbM6,89,35,CarrotHyrax,41.5,5.0,0,True,0.0,
38BbM6,89,36,CarrotHyrax,41.5,5.0,2,True,0.0,
38BbM6,89,37,CarrotHyrax,41.5,5.0,1,True,0.0,
38BbM6,89,38,CarrotHyrax,41.5,5.0,0,True,0.0,
38BbM6,89,39,CarrotHyrax,41.5,5.0,0,True,0.001,
38BbM6,89,40,CarrotHyrax,41.5,5.0,0,True,0.001,
38BbM6,89,41,CarrotHyrax,41.5,5.0,0,True,0.0,
38BbM6,89,42,CarrotHyrax,41.5,5.0,1,True,0.0,
38BbM6,89,43,CarrotHyrax,54.9,5.0,0,True,0.0,
38BbM6,89,44,CarrotHyrax,54.9,5.0,0,True,0.0,
38BbM6,89,45,CarrotHyrax,54.9,5.0,1,True,0.0,
38BbM6,89,46,CarrotHyrax,54.9,5.0,0,True,0.0,
38BbM6,89,47,CarrotHyrax,54.9,5.0,0,True,0.001,
38BbM6,89,48,CarrotHyrax,54.9,5.0,1,True,0.0,
38BbM6,89,49,CarrotHyrax,54.9,5.0,0,True,0.001,
38BbM6,89,50,CarrotHyrax,54.9,5.0,0,True,0.0,
38BbM6,89,51,CarrotHyrax,54.9,5.0,1,True,0.0,
38BbM6,89,52,CarrotHyrax,54.9,5.0,1,True,0.0,
38BbM6,89,53,CarrotHyrax,45.0,5.0,0,True,0.001,
38BbM6,89,54,CarrotHyrax,45.0,5.0,0,True,0.0,
38BbM6,89,55,CarrotHyrax,45.0,5.0,0,True,0.001,
38BbM6,89,56,CarrotHyrax,45.0,5.0,2,True,0.0,
38BbM6,89,57,CarrotHyrax,45.0,5.0,1,True,0.0,
38BbM6,89,58,CarrotHyrax,45.0,5.0,1,True,0.0,
38BbM6,89,59,CarrotHyrax,45.0,5.0,1,True,0.001,
38BbM6,89,60,CarrotHyrax,45.0,5.0,1,True,0.0,
38BbM6,89,61,CarrotHyrax,45.0,5.0,1,True,0.0,
38BbM6,89,62,CarrotHyrax,45.0,5.0,3,True,0.0,
38BbM6,89,63,CarrotHyrax,49.8,5.0,0,True,0.0,
38BbM6,89,64,CarrotHyrax,49.8,5.0,0,True,0.0,
38BbM6,89,65,CarrotHyrax,49.8,5.0,1,True,0.0,
38BbM6,89,66,CarrotHyrax,49.8,5.0,0,True,0.0,
38BbM6,89,67,CarrotHyrax,49.8,5.0,1,True,0.0,
38BbM6,89,68,CarrotHyrax,49.8,5.0,0,True,0.0,
38BbM6,89,69,CarrotHyrax,49.8,5.0,0,True,0.0,
38BbM6,89,70,CarrotHyrax,49.8,5.0,1,True,0.001,
38BbM6,89,71,CarrotHyrax,49.8,5.0,0,True,0.001,
38BbM6,89,72,CarrotHyrax,49.8,5.0,0,True,0.0,
38BbM6,89,73,CarrotHyrax,41.1,5.0,1,True,0.0,
38BbM6,89,74,CarrotHyrax,41.1,5.0,0,True,0.0,
38BbM6,89,75,CarrotHyrax,41.1,5.0,2,True,0.0,
38BbM6,89,76,CarrotHyrax,41.1,5.0,1,True,0.0,
38BbM6,89,77,CarrotHyrax,41.1,5.0,0,True,0.0,
38BbM6,89,78,CarrotHyrax,41.1,5.0,1,True,0.0,
38BbM6,89,79,CarrotHyrax,41.1,5.0,1,True,0.0,
38BbM6,89,80,CarrotHyrax,41.1,5.0,0,True,0.0,
38BbM6,89,81,CarrotHyrax,41.1,5.0,1,True,0.0,
38BbM6,89,82,CarrotHyrax,41.1,5.0,1,True,0.0,
38BbM6,89,83,CarrotHyrax,49.9,5.0,0,True,0.001,
38BbM6,89,84,CarrotHyrax,49.9,5.0,0,True,0.0,
38BbM6,89,85,CarrotHyrax,49.9,5.0,0,True,0.0,
38BbM6,89,86,CarrotHyrax,49.9,5.0,1,True,0.0,
38BbM6,89,87,CarrotHyrax,49.9,5.0,0,True,0.0,
38BbM6,89,88,CarrotHyrax,49.9,5.0,0,True,0.0,
38BbM6,89,89,CarrotHyrax,49.9,5.0,0,True,0.0,
38BbM6,89,90,CarrotHyrax,49.9,5.0,0,True,0.0,
38BbM6,89,91,CarrotHyrax,49.9,5.0,0,True,0.0,
38BbM6,89,92,CarrotHyrax,49.9,5.0,0,True,0.0,
38BbM6,89,93,CarrotHyrax,44.5,5.0,1,True,0.0,
38BbM6,89,94,CarrotHyrax,44.5,5.0,1,True,0.0,
38BbM6,89,95,CarrotHyrax,44.5,5.0,1,True,0.0,
38BbM6,89,96,CarrotHyrax,44.5,5.0,0,True,0.0,
38BbM6,89,97,CarrotHyrax,44.5,5.0,1,True,0.0,
38BbM6,89,98,CarrotHyrax,44.5,5.0,1,True,0.001,
38BbM6,89,99,CarrotHyrax,44.5,5.0,1,True,0.0,
38BbM6,89,100,CarrotHyrax,44.5,5.0,2,True,0.0,
38BbM6,90,1,CarrotHyrax,44.5,78.0,0,True,0.0,
38BbM6,90,2,CarrotHyrax,77.2,62.4,0,True,0.0,
38BbM6,90,3,CarrotHyrax,77.2,49.9,1,True,0.001,
38BbM6,90,4,CarrotHyrax,77.2,46.3,1,True,0.0,
38BbM6,90,5,CarrotHyrax,77.2,45.9,0,True,0.0,
38BbM6,90,6,CarrotHyrax,77.2,43.6,0,True,0.001,
38BbM6,90,7,CarrotHyrax,77.2,40.7,1,True,0.0,
38BbM6,90,8,CarrotHyrax,77.2,39.5,1,True,0.0,
38BbM6,90,9,CarrotHyrax,77.2,39.4,0,True,0.0,
38BbM6,90,10,CarrotHyrax,77.2,38.4,1,True,0.0,
38BbM6,90,11,CarrotHyrax,77.2,38.6,0,True,0.0,
38BbM6,90,12,CarrotHyrax,58.0,38.0,0,True,0.0,
38BbM6,90,13,CarrotHyrax,58.0,36.6,0,True,0.0,
38BbM6,90,14,CarrotHyrax,58.0,34.8,0,True,0.0,
38BbM6,90,15,CarrotHyrax,58.0,32.5,0,True,0.0,
38BbM6,90,16,CarrotHyrax,58.0,30.0,0,True,0.0,
38BbM6,90,17,CarrotHyrax,58.0,27.4,0,True,0.0,
38BbM6,90,18,CarrotHyrax,58.0,24.9,0,True,0.0,
38BbM6,90,19,CarrotHyrax,58.0,22.5,0,True,0.0,
38BbM6,90,20,CarrotHyrax,58.0,20.2,0,True,0.001,
38BbM6,90,21,CarrotHyrax,58.0,18.1,0,True,0.0,
38BbM6,90,22,CarrotHyrax,50.2,16.1,0,True,0.0,
38BbM6,90,23,CarrotHyrax,50.2,14.3,0,True,0.0,
38BbM6,90,24,CarrotHyrax,50.2,12.6,3,True,0.0,
38BbM6,90,25,CarrotHyrax,50.2,11.6,0,True,0.0,
38BbM6,90,26,CarrotHyrax,50.2,10.7,1,True,0.0,
38BbM6,90,27,CarrotHyrax,50.2,10.0,0,True,0.0,
38BbM6,90,28,CarrotHyrax,50.2,9.2,1,True,0.0,
38BbM6,90,29,CarrotHyrax,50.2,8.6,2,True,0.0,
38BbM6,90,30,CarrotHyrax,50.2,8.2,0,True,0.0,
38BbM6,90,31,CarrotHyrax,50.2,7.7,0,True,0.0,
38BbM6,90,32,CarrotHyrax,42.6,7.3,0,True,0.0,
38BbM6,90,33,CarrotHyrax,42.6,6.9,0,True,0.0,
38BbM6,90,34,CarrotHyrax,42.6,6.4,0,True,0.0,
38BbM6,90,35,CarrotHyrax,42.6,6.0,2,True,0.0,
38BbM6,90,36,CarrotHyrax,42.6,5.7,2,True,0.0,
38BbM6,90,37,CarrotHyrax,42.6,5.5,0,True,0.0,
38BbM6,90,38,CarrotHyrax,42.6,5.3,1,True,0.0,
38BbM6,90,39,CarrotHyrax,42.6,5.1,0,True,0.0,
38BbM6,90,40,CarrotHyrax,42.6,5.0,1,True,0.0,
38BbM6,90,41,CarrotHyrax,42.6,5.0,0,True,0.0,
38BbM6,90,42,CarrotHyrax,64.8,5.0,0,True,0.0,
38BbM6,90,43,CarrotHyrax,64.8,5.0,0,True,0.0,
38BbM6,90,44,CarrotHyrax,64.8,5.0,0,True,0.0,
38BbM6,90,45,CarrotHyrax,64.8,5.0,1,True,0.0,
38BbM6,90,46,CarrotHyrax,64.8,5.0,0,True,0.0,
38BbM6,90,47,CarrotHyrax,64.8,5.0,0,True,0.0,
38BbM6,90,48,CarrotHyrax,64.8,5.0,0,True,0.0,
38BbM6,90,49,CarrotHyrax,64.8,5.0,0,True,0.0,
38BbM6,90,50,CarrotHyrax,64.8,5.0,0,True,0.0,
38BbM6,90,51,CarrotHyrax,64.8,5.0,1,True,0.0,
38BbM6,90,52,CarrotHyrax,66.7,5.0,1,True,0.0,
38BbM6,90,53,CarrotHyrax,66.7,5.0,0,True,0.0,
38BbM6,90,54,CarrotHyrax,66.7,5.0,1,True,0.0,
38BbM6,90,55,CarrotHyrax,66.7,5.0,0,True,0.0,
38BbM6,90,56,CarrotHyrax,66.7,5.0,2,True,0.0,
38BbM6,90,57,CarrotHyrax,66.7,5.0,1,True,0.0,
38BbM6,90,58,CarrotHyrax,66.7,5.0,0,True,0.0,
38BbM6,90,59,CarrotHyrax,66.7,5.0,1,True,0.0,
38BbM6,90,60,CarrotHyrax,66.7,5.0,0,True,0.0,
38BbM6,90,61,CarrotHyrax,66.7,5.0,0,True,0.0,
38BbM6,90,62,CarrotHyrax,75.3,5.0,2,True,0.0,
38BbM6,90,63,CarrotHyrax,75.3,5.0,1,True,0.001,
38BbM6,90,64,CarrotHyrax,75.3,5.0,0,True,0.0,
38BbM6,90,65,CarrotHyrax,75.3,5.0,0,True,0.0,
38BbM6,90,66,CarrotHyrax,75.3,5.0,1,True,0.0,
38BbM6,90,67,CarrotHyrax,75.3,5.0,0,True,0.0,
38BbM6,90,68,CarrotHyrax,75.3,5.0,0,True,0.0,
38BbM6,90,69,CarrotHyrax,75.3,5.0,0,True,0.0,
38BbM6,90,70,CarrotHyrax,75.3,5.0,1,True,0.0,
38BbM6,90,71,CarrotHyrax,75.3,5.0,0,True,0.0,
38BbM6,90,72,CarrotHyrax,64.2,5.0,0,True,0.0,
38BbM6,90,73,CarrotHyrax,64.2,5.0,2,True,0.0,
38BbM6,90,74,CarrotHyrax,64.2,5.0,0,True,0.0,
38BbM6,90,75,CarrotHyrax,64.2,5.0,2,True,0.0,
38BbM6,90,76,CarrotHyrax,64.2,5.0,2,True,0.0,
38BbM6,90,77,CarrotHyrax,64.2,5.0,1,True,0.0,
38BbM6,90,78,CarrotHyrax,64.2,5.0,2,True,0.0,
38BbM6,90,79,CarrotHyrax,64.2,5.0,1,True,0.0,
38BbM6,90,80,CarrotHyrax,64.2,5.0,0,True,0.0,
38BbM6,90,81,CarrotHyrax,64.2,5.0,0,True,0.0,
38BbM6,90,82,CarrotHyrax,37.4,5.0,0,True,0.0,
38BbM6,90,83,CarrotHyrax,37.4,5.0,0,True,0.0,
38BbM6,90,84,CarrotHyrax,37.4,5.0,0,True,0.0,
38BbM6,90,85,CarrotHyrax,37.4,5.0,1,True,0.0,
38BbM6,90,86,CarrotHyrax,37.4,5.0,0,True,0.0,
38BbM6,90,87,CarrotHyrax,37.4,5.0,1,True,0.0,
38BbM6,90,88,CarrotHyrax,37.4,5.0,0,True,0.0,
38BbM6,90,89,CarrotHyrax,37.4,5.0,1,True,0.0,
38BbM6,90,90,CarrotHyrax,37.4,5.0,2,True,0.0,
38BbM6,90,91,CarrotHyrax,37.4,5.0,0,True,0.0,
38BbM6,90,92,CarrotHyrax,32.1,5.0,1,True,0.0,
38BbM6,90,93,CarrotHyrax,32.1,5.0,1,True,0.0,
38BbM6,90,94,CarrotHyrax,32.1,5.0,0,True,0.0,
38BbM6,90,95,CarrotHyrax,32.1,5.0,0,True,0.0,
38BbM6,90,96,CarrotHyrax,32.1,5.0,0,True,0.0,
38BbM6,90,97,CarrotHyrax,32.1,5.0,1,True,0.0,
38BbM6,90,98,CarrotHyrax,32.1,5.0,0,True,0.0,
38BbM6,90,99,CarrotHyrax,32.1,5.0,1,True,0.0,
38BbM6,90,100,CarrotHyrax,32.1,5.0,1,True,0.0,
38BbM6,91,1,CarrotHyrax,65.9,82.0,0,True,0.0,
38BbM6,91,2,CarrotHyrax,65.9,65.6,0,True,0.0,
38BbM6,91,3,CarrotHyrax,65.9,52.5,0,True,0.0,
38BbM6,91,4,CarrotHyrax,65.9,42.0,0,True,0.0,
38BbM6,91,5,CarrotHyrax,65.9,33.6,0,True,0.0,
38BbM6,91,6,CarrotHyrax,65.9,26.9,1,True,0.0,
38BbM6,91,7,CarrotHyrax,65.9,23.3,0,True,0.0,
38BbM6,91,8,CarrotHyrax,65.9,20.0,0,True,0.0,
38BbM6,91,9,CarrotHyrax,65.9,16.9,0,True,0.0,
38BbM6,91,10,CarrotHyrax,65.9,14.3,0,True,0.0,
38BbM6,91,11,CarrotHyrax,62.1,12.0,1,True,0.0,
38BbM6,91,12,CarrotHyrax,62.1,10.5,1,True,0.0,
38BbM6,91,13,CarrotHyrax,62.1,9.4,0,True,0.0,
38BbM6,91,14,CarrotHyrax,62.1,8.4,0,True,0.0,
38BbM6,91,15,CarrotHyrax,62.1,7.4,0,True,0.0,
38BbM6,91,16,CarrotHyrax,62.1,6.5,0,True,0.0,
38BbM6,91,17,CarrotHyrax,62.1,5.6,0,True,0.0,
38BbM6,91,18,CarrotHyrax,62.1,5.0,0,True,0.0,
38BbM6,91,19,CarrotHyrax,62.1,5.0,0,True,0.0,
38BbM6,91,20,CarrotHyrax,62.1,5.0,0,True,0.0,
38BbM6,91,21,CarrotHyrax,57.1,5.0,0,True,0.0,
38BbM6,91,22,CarrotHyrax,57.1,5.0,0,True,0.0,
38BbM6,91,23,CarrotHyrax,57.1,5.0,1,True,0.0,
38BbM6,91,24,CarrotHyrax,57.1,5.0,0,True,0.0,
38BbM6,91,25,CarrotHyrax,57.1,5.0,0,True,0.0,
38BbM6,91,26,CarrotHyrax,57.1,5.0,1,True,0.0,
38BbM6,91,27,CarrotHyrax,57.1,5.0,1,True,0.0,
38BbM6,91,28,CarrotHyrax,57.1,5.0,2,True,0.0,
38BbM6,91,29,CarrotHyrax,57.1,5.0,1,True,0.0,
38BbM6,91,30,CarrotHyrax,57.1,5.0,1,True,0.0,
38BbM6,91,31,CarrotHyrax,77.9,5.0,0,True,0.0,
38BbM6,91,32,CarrotHyrax,77.9,5.0,0,True,0.0,
38BbM6,91,33,CarrotHyrax,77.9,5.0,1,True,0.0,
38BbM6,91,34,CarrotHyrax,77.9,5.0,0,True,0.0,
38BbM6,91,35,CarrotHyrax,77.9,5.0,0,True,0.0,
38BbM6,91,36,CarrotHyrax,77.9,5.0,1,True,0.0,
38BbM6,91,37,CarrotHyrax,77.9,5.0,0,True,0.0,
38BbM6,91,38,CarrotHyrax,77.9,5.0,1,True,0.0,
38BbM6,91,39,CarrotHyrax,77.9,5.0,1,True,0.0,
38BbM6,91,40,CarrotHyrax,77.9,5.0,0,True,0.0,
38BbM6,91,41,CarrotHyrax,38.2,5.0,0,True,0.0,
38BbM6,91,42,CarrotHyrax,38.2,5.0,2,True,0.0,
38BbM6,91,43,CarrotHyrax,38.2,5.0,0,True,0.0,
38BbM6,91,44,CarrotHyrax,38.2,5.0,1,True,0.0,
38BbM6,91,45,CarrotHyrax,38.2,5.0,0,True,0.0,
38BbM6,91,46,CarrotHyrax,38.2,5.0,0,True,0.0,
38BbM6,91,47,CarrotHyrax,38.2,5.0,1,True,0.0,
38BbM6,91,48,CarrotHyrax,38.2,5.0,1,True,0.0,
38BbM6,91,49,CarrotHyrax,38.2,5.0,0,True,0.0,
38BbM6,91,50,CarrotHyrax,38.2,5.0,1,True,0.0,
38BbM6,91,51,CarrotHyrax,50.3,5.0,1,True,0.0,
38BbM6,91,52,CarrotHyrax,50.3,5.0,0,True,0.0,
38BbM6,91,53,CarrotHyrax,50.3,5.0,2,True,0.0,
38BbM6,91,54,CarrotHyrax,50.3,5.0,1,True,0.0,
38BbM6,91,55,CarrotHyrax,50.3,5.0,0,True,0.0,
38BbM6,91,56,CarrotHyrax,50.3,5.0,0,True,0.0,
38BbM6,91,57,CarrotHyrax,50.3,5.0,1,True,0.0,
38BbM6,91,58,CarrotHyrax,50.3,5.0,0,True,0.0,
38BbM6,91,59,CarrotHyrax,50.3,5.0,0,True,0.0,
38BbM6,91,60,CarrotHyrax,50.3,5.0,0,True,0.0,
38BbM6,91,61,CarrotHyrax,37.0,5.0,2,True,0.0,
38BbM6,91,62,CarrotHyrax,37.0,5.0,0,True,0.0,
38BbM6,91,63,CarrotHyrax,37.0,5.0,0,True,0.0,
38BbM6,91,64,CarrotHyrax,37.0,5.0,0,True,0.0,
38BbM6,91,65,CarrotHyrax,37.0,5.0,0,True,0.0,
38BbM6,91,66,CarrotHyrax,37.0,5.0,1,True,0.0,
38BbM6,91,67,CarrotHyrax,37.0,5.0,1,True,0.0,
38BbM6,91,68,CarrotHyrax,37.0,5.0,1,True,0.0,
38BbM6,91,69,CarrotHyrax,37.0,5.0,0,True,0.0,
38BbM6,91,70,CarrotHyrax,37.0,5.0,1,True,0.0,
38BbM6,91,71,CarrotHyrax,37.0,5.0,0,True,0.0,
38BbM6,91,72,CarrotHyrax,37.0,5.0,0,True,0.0,
38BbM6,91,73,CarrotHyrax,37.0,5.0,0,True,0.0,
38BbM6,91,74,CarrotHyrax,37.0,5.0,0,True,0.0,
38BbM6,91,75,CarrotHyrax,37.0,5.0,1,True,0.0,
38BbM6,91,76,CarrotHyrax,37.0,5.0,1,True,0.0,
38BbM6,91,77,CarrotHyrax,37.0,5.0,1,True,0.0,
38BbM6,91,78,CarrotHyrax,37.0,5.0,0,True,0.0,
38BbM6,91,79,CarrotHyrax,37.0,5.0,1,True,0.0,
38BbM6,91,80,CarrotHyrax,37.0,5.0,0,True,0.0,
38BbM6,91,81,CarrotHyrax,61.7,5.0,0,True,0.0,
38BbM6,91,82,CarrotHyrax,61.7,5.0,0,True,0.0,
38BbM6,91,83,CarrotHyrax,61.7,5.0,0,True,0.0,
38BbM6,91,84,CarrotHyrax,61.7,5.0,0,True,0.0,
38BbM6,91,85,CarrotHyrax,61.7,5.0,0,True,0.0,
38BbM6,91,86,CarrotHyrax,61.7,5.0,0,True,0.0,
38BbM6,91,87,CarrotHyrax,61.7,5.0,0,True,0.0,
38BbM6,91,88,CarrotHyrax,61.7,5.0,1,True,0.0,
38BbM6,91,89,CarrotHyrax,61.7,5.0,0,True,0.0,
38BbM6,91,90,CarrotHyrax,61.7,5.0,2,True,0.0,
38BbM6,91,91,CarrotHyrax,64.3,5.0,0,True,0.0,
38BbM6,91,92,CarrotHyrax,64.3,5.0,1,True,0.0,
38BbM6,91,93,CarrotHyrax,64.3,5.0,0,True,0.0,
38BbM6,91,94,CarrotHyrax,64.3,5.0,0,True,0.0,
38BbM6,91,95,CarrotHyrax,64.3,5.0,0,True,0.0,
38BbM6,91,96,CarrotHyrax,64.3,5.0,1,True,0.0,
38BbM6,91,97,CarrotHyrax,64.3,5.0,1,True,0.0,
38BbM6,91,98,CarrotHyrax,64.3,5.0,1,True,0.0,
38BbM6,91,99,CarrotHyrax,64.3,5.0,0,True,0.0,
38BbM6,91,100,CarrotHyrax,64.3,5.0,2,True,0.0,
38BbM6,92,1,CarrotHyrax,72.3,71.0,0,True,0.0,
38BbM6,92,2,CarrotHyrax,72.3,56.8,0,True,0.0,
38BbM6,92,3,CarrotHyrax,72.3,45.4,1,True,0.001,
38BbM6,92,4,CarrotHyrax,72.3,42.1,0,True,0.0,
38BbM6,92,5,CarrotHyrax,72.3,37.8,0,True,0.0,
38BbM6,92,6,CarrotHyrax,72.3,33.0,1,True,0.0,
38BbM6,92,7,CarrotHyrax,72.3,30.8,0,True,0.0,
38BbM6,92,8,CarrotHyrax,72.3,28.2,0,True,0.0,
38BbM6,92,9,CarrotHyrax,72.3,25.3,0,True,0.0,
38BbM6,92,10,CarrotHyrax,46.1,22.5,0,True,0.0,
38BbM6,92,11,CarrotHyrax,46.1,19.8,0,True,0.0,
38BbM6,92,12,CarrotHyrax,46.1,17.3,0,True,0.0,
38BbM6,92,13,CarrotHyrax,46.1,15.0,0,True,0.0,
38BbM6,92,14,CarrotHyrax,46.1,12.9,0,True,0.0,
38BbM6,92,15,CarrotHyrax,46.1,11.0,0,True,0.0,
38BbM6,92,16,CarrotHyrax,46.1,9.3,0,True,0.0,
38BbM6,92,17,CarrotHyrax,46.1,7.9,0,True,0.0,
38BbM6,92,18,CarrotHyrax,46.1,6.7,0,True,0.0,
38BbM6,92,19,CarrotHyrax,46.1,5.6,1,True,0.0,
38BbM6,92,20,CarrotHyrax,77.3,5.0,1,True,0.0,
38BbM6,92,21,CarrotHyrax,77.3,5.0,0,True,0.0,
38BbM6,92,22,CarrotHyrax,77.3,5.0,0,True,0.0,
38BbM6,92,23,CarrotHyrax,77.3,5.0,0,True,0.0,
38BbM6,92,24,CarrotHyrax,77.3,5.0,0,True,0.0,
38BbM6,92,25,CarrotHyrax,77.3,5.0,0,True,0.0,
38BbM6,92,26,CarrotHyrax,77.3,5.0,0,True,0.0,
38BbM6,92,27,CarrotHyrax,77.3,5.0,1,True,0.0,
38BbM6,92,28,CarrotHyrax,77.3,5.0,0,True,0.0,
38BbM6,92,29,CarrotHyrax,77.3,5.0,0,True,0.0,
38BbM6,92,30,CarrotHyrax,61.6,5.0,0,True,0.0,
38BbM6,92,31,CarrotHyrax,61.6,5.0,1,True,0.0,
38BbM6,92,32,CarrotHyrax,61.6,5.0,0,True,0.0,
38BbM6,92,33,CarrotHyrax,61.6,5.0,1,True,0.0,
38BbM6,92,34,CarrotHyrax,61.6,5.0,1,True,0.0,
38BbM6,92,35,CarrotHyrax,61.6,5.0,0,True,0.0,
38BbM6,92,36,CarrotHyrax,61.6,5.0,1,True,0.0,
38BbM6,92,37,CarrotHyrax,61.6,5.0,0,True,0.0,
38BbM6,92,38,CarrotHyrax,61.6,5.0,1,True,0.0,
38BbM6,92,39,CarrotHyrax,61.6,5.0,0,True,0.0,
38BbM6,92,40,CarrotHyrax,70.7,5.0,1,True,0.0,
38BbM6,92,41,CarrotHyrax,70.7,5.0,1,True,0.001,
38BbM6,92,42,CarrotHyrax,70.7,5.0,0,True,0.0,
38BbM6,92,43,CarrotHyrax,70.7,5.0,0,True,0.0,
38BbM6,92,44,CarrotHyrax,70.7,5.0,0,True,0.0,
38BbM6,92,45,CarrotHyrax,70.7,5.0,0,True,0.0,
38BbM6,92,46,CarrotHyrax,70.7,5.0,0,True,0.0,
38BbM6,92,47,CarrotHyrax,70.7,5.0,1,True,0.0,
38BbM6,92,48,CarrotHyrax,70.7,5.0,0,True,0.0,
38BbM6,92,49,CarrotHyrax,70.7,5.0,0,True,0.0,
38BbM6,92,50,CarrotHyrax,78.1,5.0,1,True,0.0,
38BbM6,92,51,CarrotHyrax,78.1,5.0,0,True,0.0,
38BbM6,92,52,CarrotHyrax,78.1,5.0,0,True,0.0,
38BbM6,92,53,CarrotHyrax,78.1,5.0,1,True,0.0,
38BbM6,92,54,CarrotHyrax,78.1,5.0,1,True,0.0,
38BbM6,92,55,CarrotHyrax,78.1,5.0,1,True,0.0,
38BbM6,92,56,CarrotHyrax,78.1,5.0,1,True,0.0,
38BbM6,92,57,CarrotHyrax,78.1,5.0,0,True,0.0,
38BbM6,92,58,CarrotHyrax,78.1,5.0,0,True,0.0,
38BbM6,92,59,CarrotHyrax,78.1,5.0,1,True,0.0,
38BbM6,92,60,CarrotHyrax,64.4,5.0,1,True,0.0,
38BbM6,92,61,CarrotHyrax,64.4,5.0,0,True,0.0,
38BbM6,92,62,CarrotHyrax,64.4,5.0,1,True,0.0,
38BbM6,92,63,CarrotHyrax,64.4,5.0,0,True,0.0,
38BbM6,92,64,CarrotHyrax,64.4,5.0,1,True,0.0,
38BbM6,92,65,CarrotHyrax,64.4,5.0,0,True,0.0,
38BbM6,92,66,CarrotHyrax,64.4,5.0,0,True,0.0,
38BbM6,92,67,CarrotHyrax,64.4,5.0,1,True,0.0,
38BbM6,92,68,CarrotHyrax,64.4,5.0,0,True,0.0,
38BbM6,92,69,CarrotHyrax,64.4,5.0,0,True,0.0,
38BbM6,92,70,CarrotHyrax,40.0,5.0,0,True,0.0,
38BbM6,92,71,CarrotHyrax,40.0,5.0,0,True,0.0,
38BbM6,92,72,CarrotHyrax,40.0,5.0,2,True,0.0,
38BbM6,92,73,CarrotHyrax,40.0,5.0,0,True,0.0,
38BbM6,92,74,CarrotHyrax,40.0,5.0,0,True,0.0,
38BbM6,92,75,CarrotHyrax,40.0,5.0,1,True,0.0,
38BbM6,92,76,CarrotHyrax,40.0,5.0,1,True,0.0,
38BbM6,92,77,CarrotHyrax,40.0,5.0,0,True,0.0,
38BbM6,92,78,CarrotHyrax,40.0,5.0,1,True,0.0,
38BbM6,92,79,CarrotHyrax,40.0,5.0,3,True,0.0,
38BbM6,92,80,CarrotHyrax,36.2,5.0,1,True,0.0,
38BbM6,92,81,CarrotHyrax,36.2,5.0,0,True,0.0,
38BbM6,92,82,CarrotHyrax,36.2,5.0,1,True,0.0,
38BbM6,92,83,CarrotHyrax,36.2,5.0,0,True,0.0,
38BbM6,92,84,CarrotHyrax,36.2,5.0,0,True,0.0,
38BbM6,92,85,CarrotHyrax,36.2,5.0,1,True,0.0,
38BbM6,92,86,CarrotHyrax,36.2,5.0,0,True,0.0,
38BbM6,92,87,CarrotHyrax,36.2,5.0,0,True,0.0,
38BbM6,92,88,CarrotHyrax,36.2,5.0,3,True,0.0,
38BbM6,92,89,CarrotHyrax,36.2,5.0,0,True,0.0,
38BbM6,92,90,CarrotHyrax,73.0,5.0,0,True,0.0,
38BbM6,92,91,CarrotHyrax,73.0,5.0,0,True,0.0,
38BbM6,92,92,CarrotHyrax,73.0,5.0,1,True,0.0,
38BbM6,92,93,CarrotHyrax,73.0,5.0,1,True,0.0,
38BbM6,92,94,CarrotHyrax,73.0,5.0,0,True,0.0,
38BbM6,92,95,CarrotHyrax,73.0,5.0,1,True,0.0,
38BbM6,92,96,CarrotHyrax,73.0,5.0,0,True,0.0,
38BbM6,92,97,CarrotHyrax,73.0,5.0,1,True,0.0,
38BbM6,92,98,CarrotHyrax,73.0,5.0,1,True,0.0,
38BbM6,92,99,CarrotHyrax,73.0,5.0,0,True,0.0,
38BbM6,92,100,CarrotHyrax,51.8,5.0,1,True,0.0,
38BbM6,93,1,CarrotHyrax,51.8,70.0,0,True,0.0,
38BbM6,93,2,CarrotHyrax,51.8,56.0,0,True,0.0,
38BbM6,93,3,CarrotHyrax,51.8,44.8,2,True,0.0,
38BbM6,93,4,CarrotHyrax,51.8,47.2,0,True,0.0,
38BbM6,93,5,CarrotHyrax,51.8,46.9,0,True,0.0,
38BbM6,93,6,CarrotHyrax,51.8,44.5,0,True,0.001,
38BbM6,93,7,CarrotHyrax,51.8,41.5,0,True,0.0,
38BbM6,93,8,CarrotHyrax,51.8,37.9,1,True,0.0,
38BbM6,93,9,CarrotHyrax,71.7,35.9,0,True,0.0,
38BbM6,93,10,CarrotHyrax,71.7,33.5,0,True,0.0,
38BbM6,93,11,CarrotHyrax,71.7,30.9,1,True,0.0,
38BbM6,93,12,CarrotHyrax,71.7,29.3,0,True,0.0,
38BbM6,93,13,CarrotHyrax,71.7,27.3,1,True,0.0,
38BbM6,93,14,CarrotHyrax,71.7,25.9,0,True,0.0,
38BbM6,93,15,CarrotHyrax,71.7,24.2,0,True,0.0,
38BbM6,93,16,CarrotHyrax,71.7,22.3,0,True,0.0,
38BbM6,93,17,CarrotHyrax,71.7,20.4,0,True,0.0,
38BbM6,93,18,CarrotHyrax,71.7,18.5,1,True,0.0,
38BbM6,93,19,CarrotHyrax,32.9,17.1,1,True,0.0,
38BbM6,93,20,CarrotHyrax,32.9,16.1,0,True,0.0,
38BbM6,93,21,CarrotHyrax,32.9,15.0,0,True,0.0,
38BbM6,93,22,CarrotHyrax,32.9,13.9,0,True,0.0,
38BbM6,93,23,CarrotHyrax,32.9,12.8,0,True,0.0,
38BbM6,93,24,CarrotHyrax,32.9,11.7,0,True,0.0,
38BbM6,93,25,CarrotHyrax,32.9,10.6,0,True,0.0,
38BbM6,93,26,CarrotHyrax,32.9,9.6,2,True,0.0,
38BbM6,93,27,CarrotHyrax,32.9,9.0,0,True,0.0,
38BbM6,93,28,CarrotHyrax,32.9,8.3,0,True,0.0,
38BbM6,93,29,CarrotHyrax,47.5,7.6,1,True,0.0,
38BbM6,93,30,CarrotHyrax,47.5,7.1,1,True,0.0,
38BbM6,93,31,CarrotHyrax,47.5,6.6,0,True,0.0,
38BbM6,93,32,CarrotHyrax,47.5,6.2,0,True,0.0,
38BbM6,93,33,CarrotHyrax,47.5,5.7,0,True,0.0,
38BbM6,93,34,CarrotHyrax,47.5,5.3,1,True,0.0,
38BbM6,93,35,CarrotHyrax,47.5,5.0,0,True,0.0,
38BbM6,93,36,CarrotHyrax,47.5,5.0,1,True,0.0,
38BbM6,93,37,CarrotHyrax,47.5,5.0,0,True,0.0,
38BbM6,93,38,CarrotHyrax,47.5,5.0,0,True,0.0,
38BbM6,93,39,CarrotHyrax,79.3,5.0,0,True,0.0,
38BbM6,93,40,CarrotHyrax,79.3,5.0,1,True,0.0,
38BbM6,93,41,CarrotHyrax,79.3,5.0,0,True,0.0,
38BbM6,93,42,CarrotHyrax,79.3,5.0,1,True,0.0,
38BbM6,93,43,CarrotHyrax,79.3,5.0,0,True,0.0,
38BbM6,93,44,CarrotHyrax,79.3,5.0,0,True,0.0,
38BbM6,93,45,CarrotHyrax,79.3,5.0,0,True,0.0,
38BbM6,93,46,CarrotHyrax,79.3,5.0,1,True,0.0,
38BbM6,93,47,CarrotHyrax,79.3,5.0,0,True,0.0,
38BbM6,93,48,CarrotHyrax,79.3,5.0,0,True,0.0,
38BbM6,93,49,CarrotHyrax,78.9,5.0,0,True,0.0,
38BbM6,93,50,CarrotHyrax,78.9,5.0,1,True,0.0,
38BbM6,93,51,CarrotHyrax,78.9,5.0,0,True,0.0,
38BbM6,93,52,CarrotHyrax,78.9,5.0,1,True,0.0,
38BbM6,93,53,CarrotHyrax,78.9,5.0,0,True,0.0,
38BbM6,93,54,CarrotHyrax,78.9,5.0,0,True,0.0,
38BbM6,93,55,CarrotHyrax,78.9,5.0,0,True,0.0,
38BbM6,93,56,CarrotHyrax,78.9,5.0,0,True,0.0,
38BbM6,93,57,CarrotHyrax,78.9,5.0,2,True,0.0,
38BbM6,93,58,CarrotHyrax,78.9,5.0,0,True,0.0,
38BbM6,93,59,CarrotHyrax,55.0,5.0,1,True,0.0,
38BbM6,93,60,CarrotHyrax,55.0,5.0,0,True,0.0,
38BbM6,93,61,CarrotHyrax,55.0,5.0,1,True,0.0,
38BbM6,93,62,CarrotHyrax,55.0,5.0,1,True,0.0,
38BbM6,93,63,CarrotHyrax,55.0,5.0,1,True,0.0,
38BbM6,93,64,CarrotHyrax,55.0,5.0,2,True,0.0,
38BbM6,93,65,CarrotHyrax,55.0,5.0,0,True,0.0,
38BbM6,93,66,CarrotHyrax,55.0,5.0,1,True,0.0,
38BbM6,93,67,CarrotHyrax,55.0,5.0,0,True,0.0,
38BbM6,93,68,CarrotHyrax,55.0,5.0,1,True,0.0,
38BbM6,93,69,CarrotHyrax,51.4,5.0,0,True,0.0,
38BbM6,93,70,CarrotHyrax,51.4,5.0,0,True,0.0,
38BbM6,93,71,CarrotHyrax,51.4,5.0,1,True,0.0,
38BbM6,93,72,CarrotHyrax,51.4,5.0,1,True,0.0,
38BbM6,93,73,CarrotHyrax,51.4,5.0,0,True,0.0,
38BbM6,93,74,CarrotHyrax,51.4,5.0,0,True,0.0,
38BbM6,93,75,CarrotHyrax,51.4,5.0,1,True,0.0,
38BbM6,93,76,CarrotHyrax,51.4,5.0,1,True,0.0,
38BbM6,93,77,CarrotHyrax,51.4,5.0,1,True,0.0,
38BbM6,93,78,CarrotHyrax,51.4,5.0,0,True,0.0,
38BbM6,93,79,CarrotHyrax,51.4,5.0,1,True,0.0,
38BbM6,93,80,CarrotHyrax,51.4,5.0,0,True,0.0,
38BbM6,93,81,CarrotHyrax,51.4,5.0,1,True,0.0,
38BbM6,93,82,CarrotHyrax,51.4,5.0,0,True,0.0,
38BbM6,93,83,CarrotHyrax,51.4,5.0,1,True,0.0,
38BbM6,93,84,CarrotHyrax,51.4,5.0,0,True,0.0,
38BbM6,93,85,CarrotHyrax,51.4,5.0,1,True,0.0,
38BbM6,93,86,CarrotHyrax,51.4,5.0,1,True,0.0,
38BbM6,93,87,CarrotHyrax,51.4,5.0,1,True,0.0,
38BbM6,93,88,CarrotHyrax,51.4,5.0,1,True,0.0,
38BbM6,93,89,CarrotHyrax,41.8,5.0,2,True,0.0,
38BbM6,93,90,CarrotHyrax,41.8,5.0,0,True,0.0,
38BbM6,93,91,CarrotHyrax,41.8,5.0,0,True,0.0,
38BbM6,93,92,CarrotHyrax,41.8,5.0,1,True,0.0,
38BbM6,93,93,CarrotHyrax,41.8,5.0,0,True,0.0,
38BbM6,93,94,CarrotHyrax,41.8,5.0,0,True,0.0,
38BbM6,93,95,CarrotHyrax,41.8,5.0,1,True,0.0,
38BbM6,93,96,CarrotHyrax,41.8,5.0,0,True,0.0,
38BbM6,93,97,CarrotHyrax,41.8,5.0,1,True,0.0,
38BbM6,93,98,CarrotHyrax,41.8,5.0,1,True,0.0,
38BbM6,93,99,CarrotHyrax,56.9,5.0,1,True,0.0,
38BbM6,93,100,CarrotHyrax,56.9,5.0,2,True,0.0,
38BbM6,94,1,CarrotHyrax,56.9,65.0,0,True,0.0,
38BbM6,94,2,CarrotHyrax,56.9,52.0,0,True,0.0,
38BbM6,94,3,CarrotHyrax,56.9,41.6,0,True,0.0,
38BbM6,94,4,CarrotHyrax,56.9,33.3,0,True,0.001,
38BbM6,94,5,CarrotHyrax,56.9,26.6,0,True,0.0,
38BbM6,94,6,CarrotHyrax,56.9,21.3,0,True,0.0,
38BbM6,94,7,CarrotHyrax,56.9,17.0,0,True,0.0,
38BbM6,94,8,CarrotHyrax,37.5,13.6,0,True,0.0,
38BbM6,94,9,CarrotHyrax,37.5,10.9,0,True,0.0,
38BbM6,94,10,CarrotHyrax,37.5,8.7,1,True,0.0,
38BbM6,94,11,CarrotHyrax,37.5,7.3,0,True,0.0,
38BbM6,94,12,CarrotHyrax,37.5,6.1,0,True,0.0,
38BbM6,94,13,CarrotHyrax,37.5,5.1,1,True,0.0,
38BbM6,94,14,CarrotHyrax,37.5,5.0,1,True,0.0,
38BbM6,94,15,CarrotHyrax,37.5,5.0,0,True,0.0,
38BbM6,94,16,CarrotHyrax,37.5,5.0,0,True,0.0,
38BbM6,94,17,CarrotHyrax,37.5,5.0,0,True,0.0,
38BbM6,94,18,CarrotHyrax,74.5,5.0,0,True,0.0,
38BbM6,94,19,CarrotHyrax,74.5,5.0,1,True,0.0,
38BbM6,94,20,CarrotHyrax,74.5,5.0,1,True,0.0,
38BbM6,94,21,CarrotHyrax,74.5,5.0,0,True,0.0,
38BbM6,94,22,CarrotHyrax,74.5,5.0,0,True,0.0,
38BbM6,94,23,CarrotHyrax,74.5,5.0,1,True,0.0,
38BbM6,94,24,CarrotHyrax,74.5,5.0,1,True,0.0,
38BbM6,94,25,CarrotHyrax,74.5,5.0,1,True,0.0,
38BbM6,94,26,CarrotHyrax,74.5,5.0,0,True,0.0,
38BbM6,94,27,CarrotHyrax,74.5,5.0,0,True,0.0,
38BbM6,94,28,CarrotHyrax,76.8,5.0,2,True,0.0,
38BbM6,94,29,CarrotHyrax,76.8,5.0,0,True,0.0,
38BbM6,94,30,CarrotHyrax,76.8,5.0,1,True,0.0,
38BbM6,94,31,CarrotHyrax,76.8,5.0,0,True,0.008,
38BbM6,94,32,CarrotHyrax,76.8,5.0,0,True,0.002,
38BbM6,94,33,CarrotHyrax,76.8,5.0,0,True,0.001,
38BbM6,94,34,CarrotHyrax,76.8,5.0,1,True,0.0,
38BbM6,94,35,CarrotHyrax,76.8,5.0,0,True,0.0,
38BbM6,94,36,CarrotHyrax,76.8,5.0,0,True,0.0,
38BbM6,94,37,CarrotHyrax,76.8,5.0,0,True,0.0,
38BbM6,94,38,CarrotHyrax,32.7,5.0,0,True,0.0,
38BbM6,94,39,CarrotHyrax,32.7,5.0,0,True,0.0,
38BbM6,94,40,CarrotHyrax,32.7,5.0,2,True,0.0,
38BbM6,94,41,CarrotHyrax,32.7,5.0,0,True,0.0,
38BbM6,94,42,CarrotHyrax,32.7,5.0,0,True,0.0,
38BbM6,94,43,CarrotHyrax,32.7,5.0,1,True,0.0,
38BbM6,94,44,CarrotHyrax,32.7,5.0,0,True,0.0,
38BbM6,94,45,CarrotHyrax,32.7,5.0,0,True,0.0,
38BbM6,94,46,CarrotHyrax,32.7,5.0,1,True,0.0,
38BbM6,94,47,CarrotHyrax,32.7,5.0,0,True,0.0,
38BbM6,94,48,CarrotHyrax,35.5,5.0,0,True,0.001,
38BbM6,94,49,CarrotHyrax,35.5,5.0,0,True,0.002,
38BbM6,94,50,CarrotHyrax,35.5,5.0,0,True,0.002,
38BbM6,94,51,CarrotHyrax,35.5,5.0,0,True,0.001,
38BbM6,94,52,CarrotHyrax,35.5,5.0,0,True,0.001,
38BbM6,94,53,CarrotHyrax,35.5,5.0,0,True,0.001,
38BbM6,94,54,CarrotHyrax,35.5,5.0,0,True,0.0,
38BbM6,94,55,CarrotHyrax,35.5,5.0,1,True,0.0,
38BbM6,94,56,CarrotHyrax,35.5,5.0,0,True,0.002,
38BbM6,94,57,CarrotHyrax,35.5,5.0,0,True,0.0,
38BbM6,94,58,CarrotHyrax,69.0,5.0,1,True,0.0,
38BbM6,94,59,CarrotHyrax,69.0,5.0,0,True,0.0,
38BbM6,94,60,CarrotHyrax,69.0,5.0,1,True,0.0,
38BbM6,94,61,CarrotHyrax,69.0,5.0,0,True,0.002,
38BbM6,94,62,CarrotHyrax,69.0,5.0,1,True,0.003,
38BbM6,94,63,CarrotHyrax,69.0,5.0,0,True,0.0,
38BbM6,94,64,CarrotHyrax,69.0,5.0,0,True,0.001,
38BbM6,94,65,CarrotHyrax,69.0,5.0,1,True,0.0,
38BbM6,94,66,CarrotHyrax,69.0,5.0,2,True,0.0,
38BbM6,94,67,CarrotHyrax,69.0,5.0,0,True,0.0,
38BbM6,94,68,CarrotHyrax,65.0,5.0,0,True,0.0,
38BbM6,94,69,CarrotHyrax,65.0,5.0,0,True,0.001,
38BbM6,94,70,CarrotHyrax,65.0,5.0,0,True,0.001,
38BbM6,94,71,CarrotHyrax,65.0,5.0,0,True,0.001,
38BbM6,94,72,CarrotHyrax,65.0,5.0,0,True,0.005,
38BbM6,94,73,CarrotHyrax,65.0,5.0,0,True,0.0,
38BbM6,94,74,CarrotHyrax,65.0,5.0,0,True,0.0,
38BbM6,94,75,CarrotHyrax,65.0,5.0,0,True,0.0,
38BbM6,94,76,CarrotHyrax,65.0,5.0,1,True,0.001,
38BbM6,94,77,CarrotHyrax,65.0,5.0,3,True,0.0,
38BbM6,94,78,CarrotHyrax,34.2,5.0,1,True,0.0,
38BbM6,94,79,CarrotHyrax,34.2,5.0,0,True,0.001,
38BbM6,94,80,CarrotHyrax,34.2,5.0,0,True,0.0,
38BbM6,94,81,CarrotHyrax,34.2,5.0,0,True,0.0,
38BbM6,94,82,CarrotHyrax,34.2,5.0,1,True,0.0,
38BbM6,94,83,CarrotHyrax,34.2,5.0,0,True,0.0,
38BbM6,94,84,CarrotHyrax,34.2,5.0,0,True,0.0,
38BbM6,94,85,CarrotHyrax,34.2,5.0,1,True,0.0,
38BbM6,94,86,CarrotHyrax,34.2,5.0,0,True,0.0,
38BbM6,94,87,CarrotHyrax,34.2,5.0,0,True,0.0,
38BbM6,94,88,CarrotHyrax,65.4,5.0,0,True,0.001,
38BbM6,94,89,CarrotHyrax,65.4,5.0,1,True,0.0,
38BbM6,94,90,CarrotHyrax,65.4,5.0,1,True,0.0,
38BbM6,94,91,CarrotHyrax,65.4,5.0,0,True,0.0,
38BbM6,94,92,CarrotHyrax,65.4,5.0,0,True,0.0,
38BbM6,94,93,CarrotHyrax,65.4,5.0,0,True,0.0,
38BbM6,94,94,CarrotHyrax,65.4,5.0,0,True,0.0,
38BbM6,94,95,CarrotHyrax,65.4,5.0,1,True,0.0,
38BbM6,94,96,CarrotHyrax,65.4,5.0,0,True,0.0,
38BbM6,94,97,CarrotHyrax,65.4,5.0,2,True,0.0,
38BbM6,94,98,CarrotHyrax,45.5,5.0,0,True,0.0,
38BbM6,94,99,CarrotHyrax,45.5,5.0,1,True,0.0,
38BbM6,94,100,CarrotHyrax,45.5,5.0,0,True,0.0,
38BbM6,95,1,CarrotHyrax,45.5,83.0,0,True,0.0,
38BbM6,95,2,CarrotHyrax,45.5,66.4,0,True,0.0,
38BbM6,95,3,CarrotHyrax,45.5,53.1,0,True,0.0,
38BbM6,95,4,CarrotHyrax,45.5,42.5,0,True,0.0,
38BbM6,95,5,CarrotHyrax,45.5,34.0,0,True,0.0,
38BbM6,95,6,CarrotHyrax,45.5,27.2,0,True,0.0,
38BbM6,95,7,CarrotHyrax,50.5,21.8,0,True,0.0,
38BbM6,95,8,CarrotHyrax,50.5,17.4,1,True,0.0,
38BbM6,95,9,CarrotHyrax,50.5,14.8,1,True,0.0,
38BbM6,95,10,CarrotHyrax,50.5,13.1,1,True,0.0,
38BbM6,95,11,CarrotHyrax,50.5,12.1,2,True,0.0,
38BbM6,95,12,CarrotHyrax,50.5,11.9,0,True,0.0,
38BbM6,95,13,CarrotHyrax,50.5,11.5,0,True,0.0,
38BbM6,95,14,CarrotHyrax,50.5,10.9,0,True,0.0,
38BbM6,95,15,CarrotHyrax,50.5,10.2,1,True,0.0,
38BbM6,95,16,CarrotHyrax,50.5,9.7,0,True,0.0,
38BbM6,95,17,CarrotHyrax,69.9,9.1,0,True,0.0,
38BbM6,95,18,CarrotHyrax,69.9,8.4,0,True,0.0,
38BbM6,95,19,CarrotHyrax,69.9,7.8,2,True,0.0,
38BbM6,95,20,CarrotHyrax,69.9,7.5,0,True,0.0,
38BbM6,95,21,CarrotHyrax,69.9,7.1,1,True,0.0,
38BbM6,95,22,CarrotHyrax,69.9,6.8,1,True,0.0,
38BbM6,95,23,CarrotHyrax,69.9,6.7,0,True,0.0,
38BbM6,95,24,CarrotHyrax,69.9,6.4,1,True,0.0,
38BbM6,95,25,CarrotHyrax,69.9,6.2,0,True,0.0,
38BbM6,95,26,CarrotHyrax,69.9,6.0,1,True,0.0,
38BbM6,95,27,CarrotHyrax,74.6,5.8,1,True,0.0,
38BbM6,95,28,CarrotHyrax,74.6,5.7,0,True,0.0,
38BbM6,95,29,CarrotHyrax,74.6,5.6,0,True,0.0,
38BbM6,95,30,CarrotHyrax,74.6,5.4,0,True,0.0,
38BbM6,95,31,CarrotHyrax,74.6,5.2,2,True,0.0,
38BbM6,95,32,CarrotHyrax,74.6,5.1,0,True,0.0,
38BbM6,95,33,CarrotHyrax,74.6,5.0,0,True,0.0,
38BbM6,95,34,CarrotHyrax,74.6,5.0,3,True,0.0,
38BbM6,95,35,CarrotHyrax,74.6,5.0,1,True,0.0,
38BbM6,95,36,CarrotHyrax,74.6,5.0,2,True,0.0,
38BbM6,95,37,CarrotHyrax,56.1,5.1,0,True,0.001,
38BbM6,95,38,CarrotHyrax,56.1,5.2,0,True,0.0,
38BbM6,95,39,CarrotHyrax,56.1,5.2,1,True,0.0,
38BbM6,95,40,CarrotHyrax,56.1,5.3,0,True,0.0,
38BbM6,95,41,CarrotHyrax,56.1,5.3,1,True,0.0,
38BbM6,95,42,CarrotHyrax,56.1,5.4,2,True,0.0,
38BbM6,95,43,CarrotHyrax,56.1,5.5,0,True,0.0,
38BbM6,95,44,CarrotHyrax,56.1,5.6,0,True,0.0,
38BbM6,95,45,CarrotHyrax,56.1,5.7,1,True,0.0,
38BbM6,95,46,CarrotHyrax,56.1,5.8,1,True,0.0,
38BbM6,95,47,CarrotHyrax,72.4,6.0,0,True,0.0,
38BbM6,95,48,CarrotHyrax,72.4,6.1,0,True,0.0,
38BbM6,95,49,CarrotHyrax,72.4,6.2,0,True,0.0,
38BbM6,95,50,CarrotHyrax,72.4,6.3,1,True,0.0,
38BbM6,95,51,CarrotHyrax,72.4,6.4,0,True,0.0,
38BbM6,95,52,CarrotHyrax,72.4,6.4,0,True,0.0,
38BbM6,95,53,CarrotHyrax,72.4,6.4,0,True,0.0,
38BbM6,95,54,CarrotHyrax,72.4,6.4,2,True,0.0,
38BbM6,95,55,CarrotHyrax,72.4,6.4,0,True,0.0,
38BbM6,95,56,CarrotHyrax,72.4,6.4,1,True,0.0,
38BbM6,95,57,CarrotHyrax,62.7,6.4,0,True,0.0,
38BbM6,95,58,CarrotHyrax,62.7,6.4,2,True,0.0,
38BbM6,95,59,CarrotHyrax,62.7,6.5,0,True,0.0,
38BbM6,95,60,CarrotHyrax,62.7,6.5,1,True,0.0,
38BbM6,95,61,CarrotHyrax,62.7,6.5,2,True,0.0,
38BbM6,95,62,CarrotHyrax,62.7,6.6,1,True,0.0,
38BbM6,95,63,CarrotHyrax,62.7,6.6,0,True,0.0,
38BbM6,95,64,CarrotHyrax,62.7,6.7,1,True,0.0,
38BbM6,95,65,CarrotHyrax,62.7,6.7,1,True,0.0,
38BbM6,95,66,CarrotHyrax,62.7,6.7,1,True,0.0,
38BbM6,95,67,CarrotHyrax,31.4,6.7,0,True,0.0,
38BbM6,95,68,CarrotHyrax,31.4,6.7,2,True,0.0,
38BbM6,95,69,CarrotHyrax,31.4,6.7,0,True,0.0,
38BbM6,95,70,CarrotHyrax,31.4,6.7,0,True,0.0,
38BbM6,95,71,CarrotHyrax,31.4,6.6,1,True,0.0,
38BbM6,95,72,CarrotHyrax,31.4,6.5,0,True,0.0,
38BbM6,95,73,CarrotHyrax,31.4,6.4,2,True,0.0,
38BbM6,95,74,CarrotHyrax,31.4,6.3,0,True,0.0,
38BbM6,95,75,CarrotHyrax,31.4,6.2,0,True,0.0,
38BbM6,95,76,CarrotHyrax,31.4,6.1,0,True,0.0,
38BbM6,95,77,CarrotHyrax,70.0,5.9,0,True,0.0,
38BbM6,95,78,CarrotHyrax,70.0,5.7,1,True,0.0,
38BbM6,95,79,CarrotHyrax,70.0,5.5,0,True,0.0,
38BbM6,95,80,CarrotHyrax,70.0,5.3,0,True,0.0,
38BbM6,95,81,CarrotHyrax,70.0,5.1,0,True,0.0,
38BbM6,95,82,CarrotHyrax,70.0,5.0,0,True,0.0,
38BbM6,95,83,CarrotHyrax,70.0,5.0,0,True,0.0,
38BbM6,95,84,CarrotHyrax,70.0,5.0,1,True,0.0,
38BbM6,95,85,CarrotHyrax,70.0,5.0,0,True,0.0,
38BbM6,95,86,CarrotHyrax,70.0,5.0,1,True,0.0,
38BbM6,95,87,CarrotHyrax,79.8,5.0,0,True,0.0,
38BbM6,95,88,CarrotHyrax,79.8,5.0,0,True,0.0,
38BbM6,95,89,CarrotHyrax,79.8,5.0,0,True,0.0,
38BbM6,95,90,CarrotHyrax,79.8,5.0,1,True,0.0,
38BbM6,95,91,CarrotHyrax,79.8,5.0,2,True,0.0,
38BbM6,95,92,CarrotHyrax,79.8,5.0,0,True,0.0,
38BbM6,95,93,CarrotHyrax,79.8,5.0,0,True,0.0,
38BbM6,95,94,CarrotHyrax,79.8,5.0,1,True,0.0,
38BbM6,95,95,CarrotHyrax,79.8,5.0,0,True,0.0,
38BbM6,95,96,CarrotHyrax,79.8,5.0,2,True,0.0,
38BbM6,95,97,CarrotHyrax,58.2,5.0,0,True,0.0,
38BbM6,95,98,CarrotHyrax,58.2,5.0,0,True,0.0,
38BbM6,95,99,CarrotHyrax,58.2,5.0,1,True,0.0,
38BbM6,95,100,CarrotHyrax,58.2,5.0,0,True,0.0,
38BbM6,96,1,CarrotHyrax,58.2,58.0,0,True,0.0,
38BbM6,96,2,CarrotHyrax,58.2,46.4,0,True,0.0,
38BbM6,96,3,CarrotHyrax,58.2,37.1,1,True,0.0,
38BbM6,96,4,CarrotHyrax,58.2,34.4,1,True,0.0,
38BbM6,96,5,CarrotHyrax,58.2,34.1,0,True,0.0,
38BbM6,96,6,CarrotHyrax,57.9,32.4,0,True,0.0,
38BbM6,96,7,CarrotHyrax,57.9,30.3,1,True,0.0,
38BbM6,96,8,CarrotHyrax,57.9,29.4,0,True,0.0,
38BbM6,96,9,CarrotHyrax,57.9,27.8,0,True,0.0,
38BbM6,96,10,CarrotHyrax,57.9,25.9,0,True,0.0,
38BbM6,96,11,CarrotHyrax,57.9,23.9,0,True,0.0,
38BbM6,96,12,CarrotHyrax,57.9,21.8,0,True,0.0,
38BbM6,96,13,CarrotHyrax,57.9,19.6,0,True,0.0,
38BbM6,96,14,CarrotHyrax,57.9,17.4,0,True,0.0,
38BbM6,96,15,CarrotHyrax,57.9,15.3,0,True,0.0,
38BbM6,96,16,CarrotHyrax,72.7,13.4,0,True,0.0,
38BbM6,96,17,CarrotHyrax,72.7,11.6,0,True,0.0,
38BbM6,96,18,CarrotHyrax,72.7,10.1,0,True,0.0,
38BbM6,96,19,CarrotHyrax,72.7,8.7,1,True,0.0,
38BbM6,96,20,CarrotHyrax,72.7,7.6,2,True,0.0,
38BbM6,96,21,CarrotHyrax,72.7,7.0,0,True,0.0,
38BbM6,96,22,CarrotHyrax,72.7,6.3,1,True,0.0,
38BbM6,96,23,CarrotHyrax,72.7,5.8,0,True,0.0,
38BbM6,96,24,CarrotHyrax,72.7,5.3,0,True,0.0,
38BbM6,96,25,CarrotHyrax,72.7,5.0,0,True,0.0,
38BbM6,96,26,CarrotHyrax,75.3,5.0,0,True,0.0,
38BbM6,96,27,CarrotHyrax,75.3,5.0,1,True,0.0,
38BbM6,96,28,CarrotHyrax,75.3,5.0,0,True,0.0,
38BbM6,96,29,CarrotHyrax,75.3,5.0,0,True,0.0,
38BbM6,96,30,CarrotHyrax,75.3,5.0,0,True,0.0,
38BbM6,96,31,CarrotHyrax,75.3,5.0,0,True,0.0,
38BbM6,96,32,CarrotHyrax,75.3,5.0,0,True,0.0,
38BbM6,96,33,CarrotHyrax,75.3,5.0,0,True,0.0,
38BbM6,96,34,CarrotHyrax,75.3,5.0,0,True,0.0,
38BbM6,96,35,CarrotHyrax,75.3,5.0,2,True,0.0,
38BbM6,96,36,CarrotHyrax,64.5,5.0,0,True,0.0,
38BbM6,96,37,CarrotHyrax,64.5,5.0,4,True,0.0,
38BbM6,96,38,CarrotHyrax,64.5,5.0,0,True,0.0,
38BbM6,96,39,CarrotHyrax,64.5,5.0,0,True,0.0,
38BbM6,96,40,CarrotHyrax,64.5,5.0,0,True,0.0,
38BbM6,96,41,CarrotHyrax,64.5,5.0,0,True,0.0,
38BbM6,96,42,CarrotHyrax,64.5,5.0,1,True,0.0,
38BbM6,96,43,CarrotHyrax,64.5,5.0,0,True,0.0,
38BbM6,96,44,CarrotHyrax,64.5,5.0,0,True,0.0,
38BbM6,96,45,CarrotHyrax,64.5,5.0,0,True,0.0,
38BbM6,96,46,CarrotHyrax,70.6,5.0,0,True,0.0,
38BbM6,96,47,CarrotHyrax,70.6,5.0,0,True,0.0,
38BbM6,96,48,CarrotHyrax,70.6,5.0,0,True,0.001,
38BbM6,96,49,CarrotHyrax,70.6,5.0,1,True,0.0,
38BbM6,96,50,CarrotHyrax,70.6,5.0,2,True,0.0,
38BbM6,96,51,CarrotHyrax,70.6,5.0,1,True,0.0,
38BbM6,96,52,CarrotHyrax,70.6,5.0,0,True,0.0,
38BbM6,96,53,CarrotHyrax,70.6,5.0,0,True,0.0,
38BbM6,96,54,CarrotHyrax,70.6,5.0,0,True,0.0,
38BbM6,96,55,CarrotHyrax,70.6,5.0,1,True,0.0,
38BbM6,96,56,CarrotHyrax,33.9,5.0,0,True,0.0,
38BbM6,96,57,CarrotHyrax,33.9,5.0,0,True,0.0,
38BbM6,96,58,CarrotHyrax,33.9,5.0,0,True,0.0,
38BbM6,96,59,CarrotHyrax,33.9,5.0,1,True,0.0,
38BbM6,96,60,CarrotHyrax,33.9,5.0,0,True,0.0,
38BbM6,96,61,CarrotHyrax,33.9,5.0,1,True,0.0,
38BbM6,96,62,CarrotHyrax,33.9,5.0,0,True,0.0,
38BbM6,96,63,CarrotHyrax,33.9,5.0,0,True,0.0,
38BbM6,96,64,CarrotHyrax,33.9,5.0,1,True,0.0,
38BbM6,96,65,CarrotHyrax,33.9,5.0,1,True,0.0,
38BbM6,96,66,CarrotHyrax,30.6,5.0,0,True,0.0,
38BbM6,96,67,CarrotHyrax,30.6,5.0,0,True,0.0,
38BbM6,96,68,CarrotHyrax,30.6,5.0,0,True,0.0,
38BbM6,96,69,CarrotHyrax,30.6,5.0,0,True,0.0,
38BbM6,96,70,CarrotHyrax,30.6,5.0,1,True,0.0,
38BbM6,96,71,CarrotHyrax,30.6,5.0,0,True,0.0,
38BbM6,96,72,CarrotHyrax,30.6,5.0,0,True,0.0,
38BbM6,96,73,CarrotHyrax,30.6,5.0,0,True,0.0,
38BbM6,96,74,CarrotHyrax,30.6,5.0,0,True,0.0,
38BbM6,96,75,CarrotHyrax,30.6,5.0,1,True,0.0,
38BbM6,96,76,CarrotHyrax,46.5,5.0,0,True,0.0,
38BbM6,96,77,CarrotHyrax,46.5,5.0,1,True,0.0,
38BbM6,96,78,CarrotHyrax,46.5,5.0,1,True,0.0,
38BbM6,96,79,CarrotHyrax,46.5,5.0,1,True,0.0,
38BbM6,96,80,CarrotHyrax,46.5,5.0,1,True,0.0,
38BbM6,96,81,CarrotHyrax,46.5,5.0,1,True,0.0,
38BbM6,96,82,CarrotHyrax,46.5,5.0,0,True,0.0,
38BbM6,96,83,CarrotHyrax,46.5,5.0,0,True,0.0,
38BbM6,96,84,CarrotHyrax,46.5,5.0,0,True,0.0,
38BbM6,96,85,CarrotHyrax,46.5,5.0,1,True,0.0,
38BbM6,96,86,CarrotHyrax,75.4,5.0,0,True,0.0,
38BbM6,96,87,CarrotHyrax,75.4,5.0,1,True,0.0,
38BbM6,96,88,CarrotHyrax,75.4,5.0,1,True,0.0,
38BbM6,96,89,CarrotHyrax,75.4,5.0,0,True,0.0,
38BbM6,96,90,CarrotHyrax,75.4,5.0,0,True,0.0,
38BbM6,96,91,CarrotHyrax,75.4,5.0,2,True,0.0,
38BbM6,96,92,CarrotHyrax,75.4,5.0,1,True,0.0,
38BbM6,96,93,CarrotHyrax,75.4,5.0,0,True,0.0,
38BbM6,96,94,CarrotHyrax,75.4,5.0,0,True,0.0,
38BbM6,96,95,CarrotHyrax,75.4,5.0,1,True,0.0,
38BbM6,96,96,CarrotHyrax,69.3,5.0,1,True,0.0,
38BbM6,96,97,CarrotHyrax,69.3,5.0,0,True,0.0,
38BbM6,96,98,CarrotHyrax,69.3,5.0,1,True,0.0,
38BbM6,96,99,CarrotHyrax,69.3,5.0,0,True,0.0,
38BbM6,96,100,CarrotHyrax,69.3,5.0,2,True,0.0,
38BbM6,97,1,CarrotHyrax,69.3,57.0,0,True,0.0,
38BbM6,97,2,CarrotHyrax,69.3,45.6,1,True,0.0,
38BbM6,97,3,CarrotHyrax,69.3,44.1,2,True,0.0,
38BbM6,97,4,CarrotHyrax,69.3,52.1,0,True,0.0,
38BbM6,97,5,CarrotHyrax,78.5,56.7,0,True,0.0,
38BbM6,97,6,CarrotHyrax,78.5,58.0,0,True,0.0,
38BbM6,97,7,CarrotHyrax,78.5,58.0,1,True,0.0,
38BbM6,97,8,CarrotHyrax,78.5,59.6,0,True,0.0,
38BbM6,97,9,CarrotHyrax,78.5,59.4,0,True,0.0,
38BbM6,97,10,CarrotHyrax,78.5,58.0,0,True,0.0,
38BbM6,97,11,CarrotHyrax,78.5,55.8,0,True,0.0,
38BbM6,97,12,CarrotHyrax,78.5,53.0,1,True,0.0,
38BbM6,97,13,CarrotHyrax,78.5,51.1,0,True,0.0,
38BbM6,97,14,CarrotHyrax,78.5,48.5,1,True,0.0,
38BbM6,97,15,CarrotHyrax,67.8,46.6,0,True,0.0,
38BbM6,97,16,CarrotHyrax,67.8,44.2,1,True,0.0,
38BbM6,97,17,CarrotHyrax,67.8,42.4,2,True,0.0,
38BbM6,97,18,CarrotHyrax,67.8,42.2,0,True,0.0,
38BbM6,97,19,CarrotHyrax,67.8,41.6,0,True,0.0,
38BbM6,97,20,CarrotHyrax,67.8,40.7,0,True,0.0,
38BbM6,97,21,CarrotHyrax,67.8,39.5,1,True,0.0,
38BbM6,97,22,CarrotHyrax,67.8,38.7,1,True,0.0,
38BbM6,97,23,CarrotHyrax,67.8,38.4,0,True,0.0,
38BbM6,97,24,CarrotHyrax,67.8,37.5,0,True,0.0,
38BbM6,97,25,CarrotHyrax,71.7,36.4,0,True,0.0,
38BbM6,97,26,CarrotHyrax,71.7,35.2,0,True,0.0,
38BbM6,97,27,CarrotHyrax,71.7,33.7,1,True,0.0,
38BbM6,97,28,CarrotHyrax,71.7,32.6,0,True,0.0,
38BbM6,97,29,CarrotHyrax,71.7,31.3,0,True,0.0,
38BbM6,97,30,CarrotHyrax,71.7,29.8,0,True,0.0,
38BbM6,97,31,CarrotHyrax,71.7,28.2,0,True,0.0,
38BbM6,97,32,CarrotHyrax,71.7,26.6,1,True,0.0,
38BbM6,97,33,CarrotHyrax,71.7,25.3,0,True,0.0,
38BbM6,97,34,CarrotHyrax,71.7,24.0,0,True,0.0,
38BbM6,97,35,CarrotHyrax,69.1,22.6,1,True,0.0,
38BbM6,97,36,CarrotHyrax,69.1,21.5,0,True,0.0,
38BbM6,97,37,CarrotHyrax,69.1,20.3,1,True,0.0,
38BbM6,97,38,CarrotHyrax,69.1,19.3,1,True,0.0,
38BbM6,97,39,CarrotHyrax,69.1,18.5,1,True,0.0,
38BbM6,97,40,CarrotHyrax,69.1,17.9,0,True,0.0,
38BbM6,97,41,CarrotHyrax,69.1,17.2,0,True,0.0,
38BbM6,97,42,CarrotHyrax,69.1,16.4,0,True,0.0,
38BbM6,97,43,CarrotHyrax,69.1,15.7,0,True,0.0,
38BbM6,97,44,CarrotHyrax,69.1,14.9,1,True,0.0,
38BbM6,97,45,CarrotHyrax,46.4,14.2,0,True,0.0,
38BbM6,97,46,CarrotHyrax,46.4,13.5,0,True,0.0,
38BbM6,97,47,CarrotHyrax,46.4,12.8,1,True,0.0,
38BbM6,97,48,CarrotHyrax,46.4,12.3,2,True,0.0,
38BbM6,97,49,CarrotHyrax,46.4,11.9,0,True,0.001,
38BbM6,97,50,CarrotHyrax,46.4,11.5,1,True,0.0,
38BbM6,97,51,CarrotHyrax,46.4,11.1,1,True,0.0,
38BbM6,97,52,CarrotHyrax,46.4,10.8,1,True,0.0,
38BbM6,97,53,CarrotHyrax,46.4,10.5,0,True,0.0,
38BbM6,97,54,CarrotHyrax,46.4,10.2,0,True,0.0,
38BbM6,97,55,CarrotHyrax,60.3,9.8,0,True,0.0,
38BbM6,97,56,CarrotHyrax,60.3,9.4,0,True,0.0,
38BbM6,97,57,CarrotHyrax,60.3,9.0,0,True,0.0,
38BbM6,97,58,CarrotHyrax,60.3,8.6,0,True,0.0,
38BbM6,97,59,CarrotHyrax,60.3,8.1,0,True,0.0,
38BbM6,97,60,CarrotHyrax,60.3,7.7,1,True,0.0,
38BbM6,97,61,CarrotHyrax,60.3,7.3,0,True,0.0,
38BbM6,97,62,CarrotHyrax,60.3,6.9,0,True,0.0,
38BbM6,97,63,CarrotHyrax,60.3,6.5,0,True,0.0,
38BbM6,97,64,CarrotHyrax,60.3,6.1,2,True,0.0,
38BbM6,97,65,CarrotHyrax,50.4,5.8,2,True,0.0,
38BbM6,97,66,CarrotHyrax,50.4,5.5,0,True,0.0,
38BbM6,97,67,CarrotHyrax,50.4,5.2,1,True,0.0,
38BbM6,97,68,CarrotHyrax,50.4,5.0,1,True,0.0,
38BbM6,97,69,CarrotHyrax,50.4,5.0,2,True,0.0,
38BbM6,97,70,CarrotHyrax,50.4,5.0,1,True,0.0,
38BbM6,97,71,CarrotHyrax,50.4,5.0,1,True,0.0,
38BbM6,97,72,CarrotHyrax,50.4,5.0,0,True,0.0,
38BbM6,97,73,CarrotHyrax,50.4,5.0,2,True,0.0,
38BbM6,97,74,CarrotHyrax,50.4,5.0,0,True,0.0,
38BbM6,97,75,CarrotHyrax,48.5,5.0,1,True,0.0,
38BbM6,97,76,CarrotHyrax,48.5,5.0,1,True,0.0,
38BbM6,97,77,CarrotHyrax,48.5,5.0,0,True,0.0,
38BbM6,97,78,CarrotHyrax,48.5,5.0,0,True,0.0,
38BbM6,97,79,CarrotHyrax,48.5,5.0,0,True,0.0,
38BbM6,97,80,CarrotHyrax,48.5,5.0,1,True,0.0,
38BbM6,97,81,CarrotHyrax,48.5,5.0,0,True,0.0,
38BbM6,97,82,CarrotHyrax,48.5,5.0,0,True,0.0,
38BbM6,97,83,CarrotHyrax,48.5,5.0,0,True,0.0,
38BbM6,97,84,CarrotHyrax,48.5,5.0,2,True,0.001,
38BbM6,97,85,CarrotHyrax,59.1,5.0,1,True,0.0,
38BbM6,97,86,CarrotHyrax,59.1,5.0,1,True,0.0,
38BbM6,97,87,CarrotHyrax,59.1,5.0,1,True,0.0,
38BbM6,97,88,CarrotHyrax,59.1,5.0,1,True,0.001,
38BbM6,97,89,CarrotHyrax,59.1,5.0,0,True,0.0,
38BbM6,97,90,CarrotHyrax,59.1,5.0,0,True,0.0,
38BbM6,97,91,CarrotHyrax,59.1,5.0,2,True,0.0,
38BbM6,97,92,CarrotHyrax,59.1,5.0,0,True,0.0,
38BbM6,97,93,CarrotHyrax,59.1,5.0,2,True,0.001,
38BbM6,97,94,CarrotHyrax,59.1,5.0,3,True,0.0,
38BbM6,97,95,CarrotHyrax,40.3,5.0,2,True,0.0,
38BbM6,97,96,CarrotHyrax,40.3,5.0,0,True,0.0,
38BbM6,97,97,CarrotHyrax,40.3,5.0,1,True,0.0,
38BbM6,97,98,CarrotHyrax,40.3,5.0,0,True,0.0,
38BbM6,97,99,CarrotHyrax,40.3,5.0,1,True,0.0,
38BbM6,97,100,CarrotHyrax,40.3,5.0,0,True,0.0,
38BbM6,98,1,CarrotHyrax,40.3,44.0,0,True,0.0,
38BbM6,98,2,CarrotHyrax,40.3,35.2,0,True,0.0,
38BbM6,98,3,CarrotHyrax,40.3,28.2,0,True,0.0,
38BbM6,98,4,CarrotHyrax,55.5,22.5,0,True,0.0,
38BbM6,98,5,CarrotHyrax,55.5,18.0,0,True,0.0,
38BbM6,98,6,CarrotHyrax,55.5,14.4,0,True,0.0,
38BbM6,98,7,CarrotHyrax,55.5,11.5,1,True,0.0,
38BbM6,98,8,CarrotHyrax,55.5,9.9,0,True,0.0,
38BbM6,98,9,CarrotHyrax,55.5,8.4,2,True,0.0,
38BbM6,98,10,CarrotHyrax,55.5,7.8,1,True,0.0,
38BbM6,98,11,CarrotHyrax,55.5,7.5,3,True,0.0,
38BbM6,98,12,CarrotHyrax,55.5,8.0,1,True,0.0,
38BbM6,98,13,CarrotHyrax,55.5,8.5,0,True,0.0,
38BbM6,98,14,CarrotHyrax,77.6,8.8,0,True,0.0,
38BbM6,98,15,CarrotHyrax,77.6,8.9,1,True,0.0,
38BbM6,98,16,CarrotHyrax,77.6,9.1,1,True,0.0,
38BbM6,98,17,CarrotHyrax,77.6,9.4,1,True,0.0,
38BbM6,98,18,CarrotHyrax,77.6,9.7,0,True,0.0,
38BbM6,98,19,CarrotHyrax,77.6,10.0,0,True,0.0,
38BbM6,98,20,CarrotHyrax,77.6,10.2,2,True,0.0,
38BbM6,98,21,CarrotHyrax,77.6,10.7,2,True,0.0,
38BbM6,98,22,CarrotHyrax,77.6,11.4,0,True,0.0,
38BbM6,98,23,CarrotHyrax,77.6,12.1,0,True,0.0,
38BbM6,98,24,CarrotHyrax,68.8,12.6,0,True,0.0,
38BbM6,98,25,CarrotHyrax,68.8,13.1,0,True,0.0,
38BbM6,98,26,CarrotHyrax,68.8,13.4,1,True,0.0,
38BbM6,98,27,CarrotHyrax,68.8,13.8,0,True,0.0,
38BbM6,98,28,CarrotHyrax,68.8,14.1,1,True,0.0,
38BbM6,98,29,CarrotHyrax,68.8,14.5,1,True,0.0,
38BbM6,98,30,CarrotHyrax,68.8,14.9,0,True,0.0,
38BbM6,98,31,CarrotHyrax,68.8,15.2,1,True,0.0,
38BbM6,98,32,CarrotHyrax,68.8,15.6,0,True,0.0,
38BbM6,98,33,CarrotHyrax,68.8,16.0,0,True,0.0,
38BbM6,98,34,CarrotHyrax,42.1,16.2,0,True,0.0,
38BbM6,98,35,CarrotHyrax,42.1,16.3,0,True,0.0,
38BbM6,98,36,CarrotHyrax,42.1,16.4,1,True,0.0,
38BbM6,98,37,CarrotHyrax,42.1,16.5,1,True,0.0,
38BbM6,98,38,CarrotHyrax,42.1,16.7,1,True,0.0,
38BbM6,98,39,CarrotHyrax,42.1,17.0,1,True,0.0,
38BbM6,98,40,CarrotHyrax,42.1,17.4,0,True,0.0,
38BbM6,98,41,CarrotHyrax,42.1,17.7,0,True,0.0,
38BbM6,98,42,CarrotHyrax,42.1,17.9,0,True,0.0,
38BbM6,98,43,CarrotHyrax,42.1,18.1,0,True,0.0,
38BbM6,98,44,CarrotHyrax,50.0,18.1,0,True,0.0,
38BbM6,98,45,CarrotHyrax,50.0,18.1,0,True,0.0,
38BbM6,98,46,CarrotHyrax,50.0,18.0,2,True,0.0,
38BbM6,98,47,CarrotHyrax,50.0,18.1,0,True,0.0,
38BbM6,98,48,CarrotHyrax,50.0,18.2,0,True,0.0,
38BbM6,98,49,CarrotHyrax,50.0,18.2,1,True,0.0,
38BbM6,98,50,CarrotHyrax,50.0,18.2,0,True,0.0,
38BbM6,98,51,CarrotHyrax,50.0,18.2,0,True,0.0,
38BbM6,98,52,CarrotHyrax,50.0,18.1,1,True,0.0,
38BbM6,98,53,CarrotHyrax,50.0,18.0,1,True,0.0,
38BbM6,98,54,CarrotHyrax,69.6,18.0,0,True,0.0,
38BbM6,98,55,CarrotHyrax,69.6,17.8,0,True,0.0,
38BbM6,98,56,CarrotHyrax,69.6,17.5,0,True,0.0,
38BbM6,98,57,CarrotHyrax,69.6,17.3,0,True,0.0,
38BbM6,98,58,CarrotHyrax,69.6,16.9,0,True,0.0,
38BbM6,98,59,CarrotHyrax,69.6,16.5,0,True,0.0,
38BbM6,98,60,CarrotHyrax,69.6,16.0,1,True,0.0,
38BbM6,98,61,CarrotHyrax,69.6,15.6,1,True,0.0,
38BbM6,98,62,CarrotHyrax,69.6,15.2,0,True,0.0,
38BbM6,98,63,CarrotHyrax,69.6,14.7,2,True,0.0,
38BbM6,98,64,CarrotHyrax,52.6,14.4,0,True,0.0,
38BbM6,98,65,CarrotHyrax,52.6,14.0,0,True,0.0,
38BbM6,98,66,CarrotHyrax,52.6,13.5,0,True,0.0,
38BbM6,98,67,CarrotHyrax,52.6,13.0,0,True,0.0,
38BbM6,98,68,CarrotHyrax,52.6,12.4,1,True,0.0,
38BbM6,98,69,CarrotHyrax,52.6,11.9,0,True,0.0,
38BbM6,98,70,CarrotHyrax,52.6,11.3,0,True,0.0,
38BbM6,98,71,CarrotHyrax,52.6,10.8,3,True,0.0,
38BbM6,98,72,CarrotHyrax,52.6,10.3,1,True,0.0,
38BbM6,98,73,CarrotHyrax,52.6,9.9,1,True,0.0,
38BbM6,98,74,CarrotHyrax,71.0,9.5,0,True,0.0,
38BbM6,98,75,CarrotHyrax,71.0,9.0,0,True,0.0,
38BbM6,98,76,CarrotHyrax,71.0,8.6,0,True,0.0,
38BbM6,98,77,CarrotHyrax,71.0,8.1,0,True,0.0,
38BbM6,98,78,CarrotHyrax,71.0,7.6,0,True,0.0,
38BbM6,98,79,CarrotHyrax,71.0,7.2,0,True,0.0,
38BbM6,98,80,CarrotHyrax,71.0,6.7,1,True,0.0,
38BbM6,98,81,CarrotHyrax,71.0,6.3,0,True,0.001,
38BbM6,98,82,CarrotHyrax,71.0,5.8,1,True,0.0,
38BbM6,98,83,CarrotHyrax,71.0,5.5,0,True,0.0,
38BbM6,98,84,CarrotHyrax,45.1,5.1,0,True,0.0,
38BbM6,98,85,CarrotHyrax,45.1,5.0,0,True,0.0,
38BbM6,98,86,CarrotHyrax,45.1,5.0,0,True,0.0,
38BbM6,98,87,CarrotHyrax,45.1,5.0,0,True,0.0,
38BbM6,98,88,CarrotHyrax,45.1,5.0,0,True,0.0,
38BbM6,98,89,CarrotHyrax,45.1,5.0,0,True,0.0,
38BbM6,98,90,CarrotHyrax,45.1,5.0,0,True,0.0,
38BbM6,98,91,CarrotHyrax,45.1,5.0,0,True,0.0,
38BbM6,98,92,CarrotHyrax,45.1,5.0,1,True,0.0,
38BbM6,98,93,CarrotHyrax,45.1,5.0,0,True,0.0,
38BbM6,98,94,CarrotHyrax,59.5,5.0,1,True,0.0,
38BbM6,98,95,CarrotHyrax,59.5,5.0,0,True,0.0,
38BbM6,98,96,CarrotHyrax,59.5,5.0,0,True,0.0,
38BbM6,98,97,CarrotHyrax,59.5,5.0,0,True,0.0,
38BbM6,98,98,CarrotHyrax,59.5,5.0,0,True,0.0,
38BbM6,98,99,CarrotHyrax,59.5,5.0,0,True,0.0,
38BbM6,98,100,CarrotHyrax,59.5,5.0,0,True,0.0,
38BbM6,99,1,CarrotHyrax,59.5,84.0,0,True,0.0,
38BbM6,99,2,CarrotHyrax,59.5,67.2,0,True,0.0,
38BbM6,99,3,CarrotHyrax,66.7,53.8,0,True,0.0,
38BbM6,99,4,CarrotHyrax,66.7,43.0,0,True,0.0,
38BbM6,99,5,CarrotHyrax,66.7,34.4,1,True,0.0,
38BbM6,99,6,CarrotHyrax,66.7,30.1,0,True,0.0,
38BbM6,99,7,CarrotHyrax,66.7,26.1,1,True,0.0,
38BbM6,99,8,CarrotHyrax,66.7,23.8,1,True,0.0,
38BbM6,99,9,CarrotHyrax,66.7,22.6,0,True,0.0,
38BbM6,99,10,CarrotHyrax,66.7,21.0,1,True,0.002,
38BbM6,99,11,CarrotHyrax,66.7,20.3,1,True,0.001,
38BbM6,99,12,CarrotHyrax,66.7,20.0,0,True,0.0,
38BbM6,99,13,CarrotHyrax,38.1,19.3,0,True,0.0,
38BbM6,99,14,CarrotHyrax,38.1,18.3,0,True,0.0,
38BbM6,99,15,CarrotHyrax,38.1,17.1,1,True,0.001,
38BbM6,99,16,CarrotHyrax,38.1,16.2,0,True,0.0,
38BbM6,99,17,CarrotHyrax,38.1,15.2,1,True,0.0,
38BbM6,99,18,CarrotHyrax,38.1,14.4,2,True,0.0,
38BbM6,99,19,CarrotHyrax,38.1,14.2,0,True,0.0,
38BbM6,99,20,CarrotHyrax,38.1,13.9,0,True,0.0,
38BbM6,99,21,CarrotHyrax,38.1,13.5,0,True,0.0,
38BbM6,99,22,CarrotHyrax,38.1,13.0,0,True,0.0,
38BbM6,99,23,CarrotHyrax,36.5,12.4,0,True,0.0,
38BbM6,99,24,CarrotHyrax,36.5,11.8,1,True,0.0,
38BbM6,99,25,CarrotHyrax,36.5,11.2,1,True,0.0,
38BbM6,99,26,CarrotHyrax,36.5,10.9,1,True,0.0,
38BbM6,99,27,CarrotHyrax,36.5,10.6,0,True,0.0,
38BbM6,99,28,CarrotHyrax,36.5,10.2,0,True,0.001,
38BbM6,99,29,CarrotHyrax,36.5,9.8,1,True,0.0,
38BbM6,99,30,CarrotHyrax,36.5,9.4,0,True,0.0,
38BbM6,99,31,CarrotHyrax,36.5,9.1,0,True,0.0,
38BbM6,99,32,CarrotHyrax,36.5,8.7,0,True,0.0,
38BbM6,99,33,CarrotHyrax,52.5,8.2,1,True,0.0,
38BbM6,99,34,CarrotHyrax,52.5,7.9,2,True,0.0,
38BbM6,99,35,CarrotHyrax,52.5,7.7,3,True,0.0,
38BbM6,99,36,CarrotHyrax,52.5,7.7,0,True,0.0,
38BbM6,99,37,CarrotHyrax,52.5,7.7,0,True,0.0,
38BbM6,99,38,CarrotHyrax,52.5,7.7,2,True,0.0,
38BbM6,99,39,CarrotHyrax,52.5,7.7,0,True,0.0,
38BbM6,99,40,CarrotHyrax,52.5,7.7,0,True,0.0,
38BbM6,99,41,CarrotHyrax,52.5,7.7,1,True,0.0,
38BbM6,99,42,CarrotHyrax,52.5,7.8,0,True,0.0,
38BbM6,99,43,CarrotHyrax,46.8,7.7,1,True,0.0,
38BbM6,99,44,CarrotHyrax,46.8,7.8,1,True,0.0,
38BbM6,99,45,CarrotHyrax,46.8,7.8,0,True,0.0,
38BbM6,99,46,CarrotHyrax,46.8,7.8,0,True,0.0,
38BbM6,99,47,CarrotHyrax,46.8,7.8,0,True,0.0,
38BbM6,99,48,CarrotHyrax,46.8,7.8,0,True,0.0,
38BbM6,99,49,CarrotHyrax,46.8,7.7,2,True,0.0,
38BbM6,99,50,CarrotHyrax,46.8,7.8,0,True,0.0,
38BbM6,99,51,CarrotHyrax,46.8,7.8,1,True,0.0,
38BbM6,99,52,CarrotHyrax,46.8,7.8,2,True,0.0,
38BbM6,99,53,CarrotHyrax,55.2,7.8,0,True,0.0,
38BbM6,99,54,CarrotHyrax,55.2,7.9,1,True,0.0,
38BbM6,99,55,CarrotHyrax,55.2,7.9,1,True,0.0,
38BbM6,99,56,CarrotHyrax,55.2,7.9,0,True,0.0,
38BbM6,99,57,CarrotHyrax,55.2,8.0,0,True,0.0,
38BbM6,99,58,CarrotHyrax,55.2,8.0,0,True,0.0,
38BbM6,99,59,CarrotHyrax,55.2,7.9,0,True,0.0,
38BbM6,99,60,CarrotHyrax,55.2,7.8,2,True,0.0,
38BbM6,99,61,CarrotHyrax,55.2,7.8,2,True,0.0,
38BbM6,99,62,CarrotHyrax,55.2,7.8,0,True,0.0,
38BbM6,99,63,CarrotHyrax,79.7,7.8,1,True,0.0,
38BbM6,99,64,CarrotHyrax,79.7,7.8,0,True,0.0,
38BbM6,99,65,CarrotHyrax,79.7,7.8,0,True,0.0,
38BbM6,99,66,CarrotHyrax,79.7,7.7,1,True,0.0,
38BbM6,99,67,CarrotHyrax,79.7,7.6,1,True,0.0,
38BbM6,99,68,CarrotHyrax,79.7,7.4,0,True,0.0,
38BbM6,99,69,CarrotHyrax,79.7,7.3,0,True,0.0,
38BbM6,99,70,CarrotHyrax,79.7,7.1,0,True,0.0,
38BbM6,99,71,CarrotHyrax,79.7,6.9,0,True,0.0,
38BbM6,99,72,CarrotHyrax,79.7,6.7,0,True,0.0,
38BbM6,99,73,CarrotHyrax,44.4,6.5,2,True,0.001,
38BbM6,99,74,CarrotHyrax,44.4,6.3,0,True,0.0,
38BbM6,99,75,CarrotHyrax,44.4,6.0,1,True,0.0,
38BbM6,99,76,CarrotHyrax,44.4,5.8,0,True,0.0,
38BbM6,99,77,CarrotHyrax,44.4,5.5,0,True,0.0,
38BbM6,99,78,CarrotHyrax,44.4,5.3,0,True,0.001,
38BbM6,99,79,CarrotHyrax,44.4,5.0,2,True,0.0,
38BbM6,99,80,CarrotHyrax,44.4,5.0,0,True,0.0,
38BbM6,99,81,CarrotHyrax,44.4,5.0,0,True,0.0,
38BbM6,99,82,CarrotHyrax,44.4,5.0,0,True,0.0,
38BbM6,99,83,CarrotHyrax,34.2,5.0,1,True,0.0,
38BbM6,99,84,CarrotHyrax,34.2,5.0,0,True,0.001,
38BbM6,99,85,CarrotHyrax,34.2,5.0,0,True,0.0,
38BbM6,99,86,CarrotHyrax,34.2,5.0,0,True,0.0,
38BbM6,99,87,CarrotHyrax,34.2,5.0,1,True,0.0,
38BbM6,99,88,CarrotHyrax,34.2,5.0,0,True,0.0,
38BbM6,99,89,CarrotHyrax,34.2,5.0,0,True,0.0,
38BbM6,99,90,CarrotHyrax,34.2,5.0,1,True,0.0,
38BbM6,99,91,CarrotHyrax,34.2,5.0,3,True,0.0,
38BbM6,99,92,CarrotHyrax,34.2,5.0,0,True,0.0,
38BbM6,99,93,CarrotHyrax,75.6,5.0,2,True,0.0,
38BbM6,99,94,CarrotHyrax,75.6,5.0,1,True,0.0,
38BbM6,99,95,CarrotHyrax,75.6,5.0,1,True,0.0,
38BbM6,99,96,CarrotHyrax,75.6,5.0,1,True,0.0,
38BbM6,99,97,CarrotHyrax,75.6,5.0,1,True,0.0,
38BbM6,99,98,CarrotHyrax,75.6,5.0,1,True,0.0,
38BbM6,99,99,CarrotHyrax,75.6,5.0,0,True,0.001,
38BbM6,99,100,CarrotHyrax,75.6,5.0,1,True,0.0,
38BbM6,100,1,CarrotHyrax,75.6,38.0,0,True,0.0,
38BbM6,100,2,CarrotHyrax,69.8,30.4,1,True,0.0,
38BbM6,100,3,CarrotHyrax,69.8,29.4,1,True,0.0,
38BbM6,100,4,CarrotHyrax,69.8,31.0,0,True,0.0,
38BbM6,100,5,CarrotHyrax,69.8,30.7,1,True,0.0,
38BbM6,100,6,CarrotHyrax,69.8,31.4,0,True,0.0,
38BbM6,100,7,CarrotHyrax,69.8,31.5,1,True,0.0,
38BbM6,100,8,CarrotHyrax,69.8,32.3,1,True,0.0,
38BbM6,100,9,CarrotHyrax,69.8,33.8,0,True,0.0,
38BbM6,100,10,CarrotHyrax,69.8,34.5,1,True,0.0,
38BbM6,100,11,CarrotHyrax,69.8,36.0,0,True,0.0,
38BbM6,100,12,CarrotHyrax,34.6,36.9,0,True,0.0,
38BbM6,100,13,CarrotHyrax,34.6,36.7,0,True,0.0,
38BbM6,100,14,CarrotHyrax,34.6,35.9,0,True,0.0,
38BbM6,100,15,CarrotHyrax,34.6,34.5,0,True,0.0,
38BbM6,100,16,CarrotHyrax,34.6,32.8,0,True,0.0,
38BbM6,100,17,CarrotHyrax,34.6,30.7,0,True,0.0,
38BbM6,100,18,CarrotHyrax,34.6,28.5,0,True,0.0,
38BbM6,100,19,CarrotHyrax,34.6,26.4,0,True,0.0,
38BbM6,100,20,CarrotHyrax,34.6,24.2,0,True,0.0,
38BbM6,100,21,CarrotHyrax,34.6,22.1,0,True,0.0,
38BbM6,100,22,CarrotHyrax,78.5,20.1,1,True,0.0,
38BbM6,100,23,CarrotHyrax,78.5,18.5,2,True,0.001,
38BbM6,100,24,CarrotHyrax,78.5,17.5,0,True,0.0,
38BbM6,100,25,CarrotHyrax,78.5,16.5,0,True,0.0,
38BbM6,100,26,CarrotHyrax,78.5,15.4,0,True,0.0,
38BbM6,100,27,CarrotHyrax,78.5,14.3,0,True,0.0,
38BbM6,100,28,CarrotHyrax,78.5,13.3,0,True,0.0,
38BbM6,100,29,CarrotHyrax,78.5,12.2,0,True,0.0,
38BbM6,100,30,CarrotHyrax,78.5,11.1,0,True,0.0,
38BbM6,100,31,CarrotHyrax,78.5,10.1,0,True,0.0,
38BbM6,100,32,CarrotHyrax,51.9,9.2,0,True,0.0,
38BbM6,100,33,CarrotHyrax,51.9,8.3,0,True,0.0,
38BbM6,100,34,CarrotHyrax,51.9,7.5,0,True,0.0,
38BbM6,100,35,CarrotHyrax,51.9,6.8,0,True,0.0,
38BbM6,100,36,CarrotHyrax,51.9,6.1,1,True,0.0,
38BbM6,100,37,CarrotHyrax,51.9,5.5,1,True,0.0,
38BbM6,100,38,CarrotHyrax,51.9,5.0,0,True,0.0,
38BbM6,100,39,CarrotHyrax,51.9,5.0,1,True,0.0,
38BbM6,100,40,CarrotHyrax,51.9,5.0,0,True,0.0,
38BbM6,100,41,CarrotHyrax,51.9,5.0,1,True,0.0,
38BbM6,100,42,CarrotHyrax,32.1,5.0,0,True,0.0,
38BbM6,100,43,CarrotHyrax,32.1,5.0,1,True,0.0,
38BbM6,100,44,CarrotHyrax,32.1,5.0,0,True,0.0,
38BbM6,100,45,CarrotHyrax,32.1,5.0,0,True,0.0,
38BbM6,100,46,CarrotHyrax,32.1,5.0,1,True,0.0,
38BbM6,100,47,CarrotHyrax,32.1,5.0,0,True,0.0,
38BbM6,100,48,CarrotHyrax,32.1,5.0,0,True,0.0,
38BbM6,100,49,CarrotHyrax,32.1,5.0,1,True,0.0,
38BbM6,100,50,CarrotHyrax,32.1,5.0,0,True,0.0,
38BbM6,100,51,CarrotHyrax,32.1,5.0,1,True,0.0,
38BbM6,100,52,CarrotHyrax,38.9,5.0,0,True,0.0,
38BbM6,100,53,CarrotHyrax,38.9,5.0,1,True,0.0,
38BbM6,100,54,CarrotHyrax,38.9,5.0,0,True,0.001,
38BbM6,100,55,CarrotHyrax,38.9,5.0,0,True,0.0,
38BbM6,100,56,CarrotHyrax,38.9,5.0,2,True,0.0,
38BbM6,100,57,CarrotHyrax,38.9,5.0,0,True,0.0,
38BbM6,100,58,CarrotHyrax,38.9,5.0,1,True,0.0,
38BbM6,100,59,CarrotHyrax,38.9,5.0,1,True,0.0,
38BbM6,100,60,CarrotHyrax,38.9,5.0,0,True,0.0,
38BbM6,100,61,CarrotHyrax,38.9,5.0,0,True,0.0,
38BbM6,100,62,CarrotHyrax,71.2,5.0,1,True,0.0,
38BbM6,100,63,CarrotHyrax,71.2,5.0,2,True,0.0,
38BbM6,100,64,CarrotHyrax,71.2,5.0,0,True,0.0,
38BbM6,100,65,CarrotHyrax,71.2,5.0,1,True,0.0,
38BbM6,100,66,CarrotHyrax,71.2,5.0,0,True,0.0,
38BbM6,100,67,CarrotHyrax,71.2,5.0,0,True,0.0,
38BbM6,100,68,CarrotHyrax,71.2,5.0,0,True,0.001,
38BbM6,100,69,CarrotHyrax,71.2,5.0,0,True,0.0,
38BbM6,100,70,CarrotHyrax,71.2,5.0,1,True,0.0,
38BbM6,100,71,CarrotHyrax,71.2,5.0,0,True,0.0,
38BbM6,100,72,CarrotHyrax,73.2,5.0,0,True,0.0,
38BbM6,100,73,CarrotHyrax,73.2,5.0,0,True,0.0,
38BbM6,100,74,CarrotHyrax,73.2,5.0,1,True,0.0,
38BbM6,100,75,CarrotHyrax,73.2,5.0,1,True,0.0,
38BbM6,100,76,CarrotHyrax,73.2,5.0,1,True,0.0,
38BbM6,100,77,CarrotHyrax,73.2,5.0,0,True,0.0,
38BbM6,100,78,CarrotHyrax,73.2,5.0,1,True,0.0,
38BbM6,100,79,CarrotHyrax,73.2,5.0,1,True,0.0,
38BbM6,100,80,CarrotHyrax,73.2,5.0,5,True,0.0,
38BbM6,100,81,CarrotHyrax,73.2,5.0,1,True,0.0,
38BbM6,100,82,CarrotHyrax,71.0,5.0,1,True,0.0,
38BbM6,100,83,CarrotHyrax,71.0,5.0,0,True,0.0,
38BbM6,100,84,CarrotHyrax,71.0,5.0,0,True,0.0,
38BbM6,100,85,CarrotHyrax,71.0,5.0,0,True,0.0,
38BbM6,100,86,CarrotHyrax,71.0,5.0,1,True,0.0,
38BbM6,100,87,CarrotHyrax,71.0,5.0,0,True,0.0,
38BbM6,100,88,CarrotHyrax,71.0,5.0,1,True,0.0,
38BbM6,100,89,CarrotHyrax,71.0,5.0,1,True,0.0,
38BbM6,100,90,CarrotHyrax,71.0,5.0,0,True,0.0,
38BbM6,100,91,CarrotHyrax,71.0,5.0,1,True,0.001,
38BbM6,100,92,CarrotHyrax,50.4,5.0,0,True,0.0,
38BbM6,100,93,CarrotHyrax,50.4,5.0,2,True,0.0,
38BbM6,100,94,CarrotHyrax,50.4,5.0,2,True,0.0,
38BbM6,100,95,CarrotHyrax,50.4,5.0,0,True,0.0,
38BbM6,100,96,CarrotHyrax,50.4,5.0,0,True,0.001,
38BbM6,100,97,CarrotHyrax,50.4,5.0,0,True,0.0,
38BbM6,100,98,CarrotHyrax,50.4,5.0,0,True,0.0,
38BbM6,100,99,CarrotHyrax,50.4,5.0,1,True,0.0,
38BbM6,100,100,CarrotHyrax,50.4,5.0,1,True,0.0,
3koaWT,1,1,CarrotHyrax,54.1,89.0,0,True,0.0,
3koaWT,1,2,CarrotHyrax,54.1,71.2,0,True,0.001,
3koaWT,1,3,CarrotHyrax,54.1,57.0,0,True,0.001,
3koaWT,1,4,CarrotHyrax,54.1,45.6,1,True,0.001,
3koaWT,1,5,CarrotHyrax,54.1,40.8,1,True,0.001,
3koaWT,1,6,CarrotHyrax,54.1,38.7,0,True,0.001,
3koaWT,1,7,CarrotHyrax,54.1,36.2,0,True,0.001,
3koaWT,1,8,CarrotHyrax,54.1,33.1,0,True,0.001,
3koaWT,1,9,CarrotHyrax,54.1,29.7,0,True,0.001,
3koaWT,1,10,CarrotHyrax,54.1,26.4,0,True,0.001,
3koaWT,1,11,CarrotHyrax,46.6,23.2,0,True,0.001,
3koaWT,1,12,CarrotHyrax,46.6,20.3,0,True,0.001,
3koaWT,1,13,CarrotHyrax,46.6,17.6,0,True,0.001,
3koaWT,1,14,CarrotHyrax,46.6,15.1,0,True,0.001,
3koaWT,1,15,CarrotHyrax,46.6,12.9,0,True,0.001,
3koaWT,1,16,CarrotHyrax,46.6,11.0,1,True,0.001,
3koaWT,1,17,CarrotHyrax,46.6,9.5,0,True,0.001,
3koaWT,1,18,CarrotHyrax,46.6,8.2,0,True,0.001,
3koaWT,1,19,CarrotHyrax,46.6,7.1,0,True,0.001,
3koaWT,1,20,CarrotHyrax,46.6,6.1,0,True,0.001,
3koaWT,1,21,CarrotHyrax,65.9,5.2,0,True,0.001,
3koaWT,1,22,CarrotHyrax,65.9,5.0,0,True,0.001,
3koaWT,1,23,CarrotHyrax,65.9,5.0,0,True,0.001,
3koaWT,1,24,CarrotHyrax,65.9,5.0,1,True,0.001,
3koaWT,1,25,CarrotHyrax,65.9,5.0,0,True,0.001,
3koaWT,1,26,CarrotHyrax,65.9,5.0,0,True,0.001,
3koaWT,1,27,CarrotHyrax,65.9,5.0,1,True,0.001,
3koaWT,1,28,CarrotHyrax,65.9,5.0,0,True,0.001,
3koaWT,1,29,CarrotHyrax,65.9,5.0,3,True,0.001,
3koaWT,1,30,CarrotHyrax,65.9,5.0,1,True,0.001,
3koaWT,1,31,CarrotHyrax,79.6,5.0,1,True,0.001,
3koaWT,1,32,CarrotHyrax,79.6,5.0,0,True,0.001,
3koaWT,1,33,CarrotHyrax,79.6,5.0,0,True,0.001,
3koaWT,1,34,CarrotHyrax,79.6,5.0,1,True,0.001,
3koaWT,1,35,CarrotHyrax,79.6,5.0,0,True,0.001,
3koaWT,1,36,CarrotHyrax,79.6,5.0,0,True,0.002,
3koaWT,1,37,CarrotHyrax,79.6,5.0,2,True,0.001,
3koaWT,1,38,CarrotHyrax,79.6,5.0,0,True,0.001,
3koaWT,1,39,CarrotHyrax,79.6,5.0,0,True,0.001,
3koaWT,1,40,CarrotHyrax,79.6,5.0,2,True,0.001,
3koaWT,1,41,CarrotHyrax,68.5,5.0,0,True,0.001,
3koaWT,1,42,CarrotHyrax,68.5,5.0,1,True,0.001,
3koaWT,1,43,CarrotHyrax,68.5,5.0,1,True,0.001,
3koaWT,1,44,CarrotHyrax,68.5,5.0,0,True,0.001,
3koaWT,1,45,CarrotHyrax,68.5,5.0,0,True,0.001,
3koaWT,1,46,CarrotHyrax,68.5,5.0,0,True,0.001,
3koaWT,1,47,CarrotHyrax,68.5,5.0,0,True,0.001,
3koaWT,1,48,CarrotHyrax,68.5,5.0,0,True,0.001,
3koaWT,1,49,CarrotHyrax,68.5,5.0,0,True,0.001,
3koaWT,1,50,CarrotHyrax,68.5,5.0,0,True,0.001,
3koaWT,1,51,CarrotHyrax,69.4,5.0,0,True,0.002,
3koaWT,1,52,CarrotHyrax,69.4,5.0,0,True,0.001,
3koaWT,1,53,CarrotHyrax,69.4,5.0,1,True,0.001,
3koaWT,1,54,CarrotHyrax,69.4,5.0,2,True,0.001,
3koaWT,1,55,CarrotHyrax,69.4,5.0,1,True,0.001,
3koaWT,1,56,CarrotHyrax,69.4,5.0,1,True,0.002,
3koaWT,1,57,CarrotHyrax,69.4,5.0,1,True,0.001,
3koaWT,1,58,CarrotHyrax,69.4,5.0,0,True,0.001,
3koaWT,1,59,CarrotHyrax,69.4,5.0,2,True,0.001,
3koaWT,1,60,CarrotHyrax,69.4,5.0,0,True,0.001,
3koaWT,1,61,CarrotHyrax,54.9,5.0,2,True,0.001,
3koaWT,1,62,CarrotHyrax,54.9,5.0,0,True,0.001,
3koaWT,1,63,CarrotHyrax,54.9,5.0,0,True,0.001,
3koaWT,1,64,CarrotHyrax,54.9,5.0,0,True,0.002,
3koaWT,1,65,CarrotHyrax,54.9,5.0,0,True,0.001,
3koaWT,1,66,CarrotHyrax,54.9,5.0,0,True,0.001,
3koaWT,1,67,CarrotHyrax,54.9,5.0,0,True,0.001,
3koaWT,1,68,CarrotHyrax,54.9,5.0,0,True,0.001,
3koaWT,1,69,CarrotHyrax,54.9,5.0,1,True,0.001,
3koaWT,1,70,CarrotHyrax,54.9,5.0,1,True,0.001,
3koaWT,1,71,CarrotHyrax,46.6,5.0,0,True,0.002,
3koaWT,1,72,CarrotHyrax,46.6,5.0,1,True,0.001,
3koaWT,1,73,CarrotHyrax,46.6,5.0,0,True,0.002,
3koaWT,1,74,CarrotHyrax,46.6,5.0,0,True,0.003,
3koaWT,1,75,CarrotHyrax,46.6,5.0,0,True,0.001,
3koaWT,1,76,CarrotHyrax,46.6,5.0,2,True,0.001,
3koaWT,1,77,CarrotHyrax,46.6,5.0,0,True,0.001,
3koaWT,1,78,CarrotHyrax,46.6,5.0,3,True,0.002,
3koaWT,1,79,CarrotHyrax,46.6,5.0,0,True,0.001,
3koaWT,1,80,CarrotHyrax,46.6,5.0,0,True,0.001,
3koaWT,1,81,CarrotHyrax,67.5,5.0,0,True,0.001,
3koaWT,1,82,CarrotHyrax,67.5,5.0,0,True,0.001,
3koaWT,1,83,CarrotHyrax,67.5,5.0,2,True,0.002,
3koaWT,1,84,CarrotHyrax,67.5,5.0,0,True,0.003,
3koaWT,1,85,CarrotHyrax,67.5,5.0,1,True,0.002,
3koaWT,1,86,CarrotHyrax,67.5,5.0,1,True,0.001,
3koaWT,1,87,CarrotHyrax,67.5,5.0,0,True,0.002,
3koaWT,1,88,CarrotHyrax,67.5,5.0,1,True,0.007,
3koaWT,1,89,CarrotHyrax,67.5,5.0,2,True,0.002,
3koaWT,1,90,CarrotHyrax,67.5,5.0,0,True,0.001,
3koaWT,1,91,CarrotHyrax,68.2,5.0,1,True,0.003,
3koaWT,1,92,CarrotHyrax,68.2,5.0,0,True,0.001,
3koaWT,1,93,CarrotHyrax,68.2,5.0,0,True,0.001,
3koaWT,1,94,CarrotHyrax,68.2,5.0,0,True,0.001,
3koaWT,1,95,CarrotHyrax,68.2,5.0,0,True,0.001,
3koaWT,1,96,CarrotHyrax,68.2,5.0,1,True,0.005,
3koaWT,1,97,CarrotHyrax,68.2,5.0,1,True,0.002,
3koaWT,1,98,CarrotHyrax,68.2,5.0,0,True,0.001,
3koaWT,1,99,CarrotHyrax,68.2,5.0,0,True,0.002,
3koaWT,1,100,CarrotHyrax,68.2,5.0,0,True,0.001,
3koaWT,2,1,CarrotHyrax,63.5,89.0,0,True,0.001,
3koaWT,2,2,CarrotHyrax,63.5,71.2,0,True,0.005,
3koaWT,2,3,CarrotHyrax,63.5,57.0,0,True,0.003,
3koaWT,2,4,CarrotHyrax,63.5,45.6,0,True,0.001,
3koaWT,2,5,CarrotHyrax,63.5,36.5,0,True,0.001,
3koaWT,2,6,CarrotHyrax,63.5,29.2,0,True,0.002,
3koaWT,2,7,CarrotHyrax,63.5,23.3,0,True,0.006,
3koaWT,2,8,CarrotHyrax,63.5,18.7,0,True,0.001,
3koaWT,2,9,CarrotHyrax,63.5,14.9,0,True,0.001,
3koaWT,2,10,CarrotHyrax,45.6,11.9,2,True,0.005,
3koaWT,2,11,CarrotHyrax,45.6,10.5,0,True,0.001,
3koaWT,2,12,CarrotHyrax,45.6,9.2,0,True,0.001,
3koaWT,2,13,CarrotHyrax,45.6,8.0,0,True,0.002,
3koaWT,2,14,CarrotHyrax,45.6,6.8,0,True,0.002,
3koaWT,2,15,CarrotHyrax,45.6,5.8,1,True,0.002,
3koaWT,2,16,CarrotHyrax,45.6,5.1,0,True,0.001,
3koaWT,2,17,CarrotHyrax,45.6,5.0,0,True,0.001,
3koaWT,2,18,CarrotHyrax,45.6,5.0,0,True,0.001,
3koaWT,2,19,CarrotHyrax,45.6,5.0,0,True,0.007,
3koaWT,2,20,CarrotHyrax,64.3,5.0,0,True,0.005,
3koaWT,2,21,CarrotHyrax,64.3,5.0,0,True,0.001,
3koaWT,2,22,CarrotHyrax,64.3,5.0,0,True,0.002,
3koaWT,2,23,CarrotHyrax,64.3,5.0,0,True,0.001,
3koaWT,2,24,CarrotHyrax,64.3,5.0,1,True,0.001,
3koaWT,2,25,CarrotHyrax,64.3,5.0,0,True,0.003,
3koaWT,2,26,CarrotHyrax,64.3,5.0,0,True,0.001,
3koaWT,2,27,CarrotHyrax,64.3,5.0,0,True,0.001,
3koaWT,2,28,CarrotHyrax,64.3,5.0,1,True,0.002,
3koaWT,2,29,CarrotHyrax,64.3,5.0,1,True,0.001,
3koaWT,2,30,CarrotHyrax,78.2,5.0,0,True,0.002,
3koaWT,2,31,CarrotHyrax,78.2,5.0,1,True,0.001,
3koaWT,2,32,CarrotHyrax,78.2,5.0,1,True,0.001,
3koaWT,2,33,CarrotHyrax,78.2,5.0,2,True,0.001,
3koaWT,2,34,CarrotHyrax,78.2,5.0,0,True,0.001,
3koaWT,2,35,CarrotHyrax,78.2,5.0,0,True,0.002,
3koaWT,2,36,CarrotHyrax,78.2,5.0,0,True,0.001,
3koaWT,2,37,CarrotHyrax,78.2,5.0,0,True,0.001,
3koaWT,2,38,CarrotHyrax,78.2,5.0,0,True,0.002,
3koaWT,2,39,CarrotHyrax,78.2,5.0,1,True,0.001,
3koaWT,2,40,CarrotHyrax,33.6,5.0,1,True,0.001,
3koaWT,2,41,CarrotHyrax,33.6,5.0,1,True,0.001,
3koaWT,2,42,CarrotHyrax,33.6,5.0,1,True,0.001,
3koaWT,2,43,CarrotHyrax,33.6,5.0,2,True,0.001,
3koaWT,2,44,CarrotHyrax,33.6,5.0,1,True,0.001,
3koaWT,2,45,CarrotHyrax,33.6,5.0,0,True,0.001,
3koaWT,2,46,CarrotHyrax,33.6,5.0,1,True,0.001,
3koaWT,2,47,CarrotHyrax,33.6,5.0,0,True,0.001,
3koaWT,2,48,CarrotHyrax,33.6,5.0,0,True,0.001,
3koaWT,2,49,CarrotHyrax,33.6,5.0,0,True,0.001,
3koaWT,2,50,CarrotHyrax,56.4,5.0,1,True,0.001,
3koaWT,2,51,CarrotHyrax,56.4,5.0,1,True,0.001,
3koaWT,2,52,CarrotHyrax,56.4,5.0,0,True,0.001,
3koaWT,2,53,CarrotHyrax,56.4,5.0,0,True,0.001,
3koaWT,2,54,CarrotHyrax,56.4,5.0,0,True,0.001,
3koaWT,2,55,CarrotHyrax,56.4,5.0,1,True,0.001,
3koaWT,2,56,CarrotHyrax,56.4,5.0,1,True,0.001,
3koaWT,2,57,CarrotHyrax,56.4,5.0,1,True,0.001,
3koaWT,2,58,CarrotHyrax,56.4,5.0,0,True,0.001,
3koaWT,2,59,CarrotHyrax,56.4,5.0,0,True,0.001,
3koaWT,2,60,CarrotHyrax,55.2,5.0,0,True,0.001,
3koaWT,2,61,CarrotHyrax,55.2,5.0,0,True,0.001,
3koaWT,2,62,CarrotHyrax,55.2,5.0,0,True,0.001,
3koaWT,2,63,CarrotHyrax,55.2,5.0,0,True,0.002,
3koaWT,2,64,CarrotHyrax,55.2,5.0,0,True,0.001,
3koaWT,2,65,CarrotHyrax,55.2,5.0,0,True,0.001,
3koaWT,2,66,CarrotHyrax,55.2,5.0,0,True,0.001,
3koaWT,2,67,CarrotHyrax,55.2,5.0,1,True,0.001,
3koaWT,2,68,CarrotHyrax,55.2,5.0,1,True,0.001,
3koaWT,2,69,CarrotHyrax,55.2,5.0,1,True,0.001,
3koaWT,2,70,CarrotHyrax,62.2,5.0,1,True,0.001,
3koaWT,2,71,CarrotHyrax,62.2,5.0,0,True,0.001,
3koaWT,2,72,CarrotHyrax,62.2,5.0,1,True,0.001,
3koaWT,2,73,CarrotHyrax,62.2,5.0,0,True,0.001,
3koaWT,2,74,CarrotHyrax,62.2,5.0,0,True,0.001,
3koaWT,2,75,CarrotHyrax,62.2,5.0,0,True,0.002,
3koaWT,2,76,CarrotHyrax,62.2,5.0,1,True,0.001,
3koaWT,2,77,CarrotHyrax,62.2,5.0,0,True,0.002,
3koaWT,2,78,CarrotHyrax,62.2,5.0,1,True,0.001,
3koaWT,2,79,CarrotHyrax,62.2,5.0,0,True,0.004,
3koaWT,2,80,CarrotHyrax,71.8,5.0,0,True,0.001,
3koaWT,2,81,CarrotHyrax,71.8,5.0,1,True,0.002,
3koaWT,2,82,CarrotHyrax,71.8,5.0,2,True,0.001,
3koaWT,2,83,CarrotHyrax,71.8,5.0,0,True,0.001,
3koaWT,2,84,CarrotHyrax,71.8,5.0,0,True,0.001,
3koaWT,2,85,CarrotHyrax,71.8,5.0,2,True,0.001,
3koaWT,2,86,CarrotHyrax,71.8,5.0,0,True,0.001,
3koaWT,2,87,CarrotHyrax,71.8,5.0,0,True,0.001,
3koaWT,2,88,CarrotHyrax,71.8,5.0,0,True,0.001,
3koaWT,2,89,CarrotHyrax,71.8,5.0,1,True,0.001,
3koaWT,2,90,CarrotHyrax,48.2,5.0,1,True,0.002,
3koaWT,2,91,CarrotHyrax,48.2,5.0,1,True,0.001,
3koaWT,2,92,CarrotHyrax,48.2,5.0,0,True,0.002,
3koaWT,2,93,CarrotHyrax,48.2,5.0,0,True,0.002,
3koaWT,2,94,CarrotHyrax,48.2,5.0,0,True,0.006,
3koaWT,2,95,CarrotHyrax,48.2,5.0,0,True,0.001,
3koaWT,2,96,CarrotHyrax,48.2,5.0,1,True,0.001,
3koaWT,2,97,CarrotHyrax,48.2,5.0,1,True,0.001,
3koaWT,2,98,CarrotHyrax,48.2,5.0,0,True,0.001,
3koaWT,2,99,CarrotHyrax,48.2,5.0,0,True,0.002,
3koaWT,2,100,CarrotHyrax,51.8,5.0,0,True,0.002,
3koaWT,3,1,CarrotHyrax,51.8,60.0,0,True,0.0,
3koaWT,3,2,CarrotHyrax,51.8,48.0,0,True,0.001,
3koaWT,3,3,CarrotHyrax,51.8,38.4,0,True,0.001,
3koaWT,3,4,CarrotHyrax,51.8,30.7,0,True,0.001,
3koaWT,3,5,CarrotHyrax,51.8,24.6,0,True,0.001,
3koaWT,3,6,CarrotHyrax,51.8,19.7,1,True,0.001,
3koaWT,3,7,CarrotHyrax,51.8,17.0,0,True,0.001,
3koaWT,3,8,CarrotHyrax,51.8,14.6,0,True,0.001,
3koaWT,3,9,CarrotHyrax,59.5,12.4,0,True,0.001,
3koaWT,3,10,CarrotHyrax,59.5,10.5,2,True,0.001,
3koaWT,3,11,CarrotHyrax,59.5,9.7,0,True,0.001,
3koaWT,3,12,CarrotHyrax,59.5,8.8,0,True,0.001,
3koaWT,3,13,CarrotHyrax,59.5,7.9,1,True,0.001,
3koaWT,3,14,CarrotHyrax,59.5,7.3,1,True,0.002,
3koaWT,3,15,CarrotHyrax,59.5,6.8,0,True,0.001,
3koaWT,3,16,CarrotHyrax,59.5,6.3,0,True,0.001,
3koaWT,3,17,CarrotHyrax,59.5,5.7,1,True,0.001,
3koaWT,3,18,CarrotHyrax,59.5,5.3,0,True,0.001,
3koaWT,3,19,CarrotHyrax,79.8,5.0,0,True,0.001,
3koaWT,3,20,CarrotHyrax,79.8,5.0,0,True,0.001,
3koaWT,3,21,CarrotHyrax,79.8,5.0,0,True,0.001,
3koaWT,3,22,CarrotHyrax,79.8,5.0,0,True,0.001,
3koaWT,3,23,CarrotHyrax,79.8,5.0,2,True,0.001,
3koaWT,3,24,CarrotHyrax,79.8,5.0,0,True,0.001,
3koaWT,3,25,CarrotHyrax,79.8,5.0,1,True,0.001,
3koaWT,3,26,CarrotHyrax,79.8,5.0,0,True,0.002,
3koaWT,3,27,CarrotHyrax,79.8,5.0,0,True,0.001,
3koaWT,3,28,CarrotHyrax,79.8,5.0,0,True,0.001,
3koaWT,3,29,CarrotHyrax,71.3,5.0,0,True,0.001,
3koaWT,3,30,CarrotHyrax,71.3,5.0,0,True,0.001,
3koaWT,3,31,CarrotHyrax,71.3,5.0,2,True,0.002,
3koaWT,3,32,CarrotHyrax,71.3,5.0,0,True,0.002,
3koaWT,3,33,CarrotHyrax,71.3,5.0,1,True,0.001,
3koaWT,3,34,CarrotHyrax,71.3,5.0,0,True,0.001,
3koaWT,3,35,CarrotHyrax,71.3,5.0,0,True,0.001,
3koaWT,3,36,CarrotHyrax,71.3,5.0,2,True,0.001,
3koaWT,3,37,CarrotHyrax,71.3,5.0,0,True,0.001,
3koaWT,3,38,CarrotHyrax,71.3,5.0,0,True,0.001,
3koaWT,3,39,CarrotHyrax,50.4,5.0,0,True,0.001,
3koaWT,3,40,CarrotHyrax,50.4,5.0,0,True,0.001,
3koaWT,3,41,CarrotHyrax,50.4,5.0,0,True,0.001,
3koaWT,3,42,CarrotHyrax,50.4,5.0,0,True,0.001,
3koaWT,3,43,CarrotHyrax,50.4,5.0,1,True,0.001,
3koaWT,3,44,CarrotHyrax,50.4,5.0,0,True,0.001,
3koaWT,3,45,CarrotHyrax,50.4,5.0,2,True,0.001,
3koaWT,3,46,CarrotHyrax,50.4,5.0,0,True,0.001,
3koaWT,3,47,CarrotHyrax,50.4,5.0,1,True,0.001,
3koaWT,3,48,CarrotHyrax,50.4,5.0,1,True,0.001,
3koaWT,3,49,CarrotHyrax,51.8,5.0,0,True,0.001,
3koaWT,3,50,CarrotHyrax,51.8,5.0,1,True,0.001,
3koaWT,3,51,CarrotHyrax,51.8,5.0,1,True,0.001,
3koaWT,3,52,CarrotHyrax,51.8,5.0,0,True,0.001,
3koaWT,3,53,CarrotHyrax,51.8,5.0,1,True,0.001,
3koaWT,3,54,CarrotHyrax,51.8,5.0,0,True,0.001,
3koaWT,3,55,CarrotHyrax,51.8,5.0,0,True,0.001,
3koaWT,3,56,CarrotHyrax,51.8,5.0,1,True,0.001,
3koaWT,3,57,CarrotHyrax,51.8,5.0,1,True,0.001,
3koaWT,3,58,CarrotHyrax,51.8,5.0,1,True,0.001,
3koaWT,3,59,CarrotHyrax,55.7,5.0,0,True,0.001,
3koaWT,3,60,CarrotHyrax,55.7,5.0,0,True,0.001,
3koaWT,3,61,CarrotHyrax,55.7,5.0,3,True,0.001,
3koaWT,3,62,CarrotHyrax,55.7,5.0,0,True,0.001,
3koaWT,3,63,CarrotHyrax,55.7,5.0,0,True,0.001,
3koaWT,3,64,CarrotHyrax,55.7,5.0,0,True,0.001,
3koaWT,3,65,CarrotHyrax,55.7,5.0,0,True,0.001,
3koaWT,3,66,CarrotHyrax,55.7,5.0,0,True,0.001,
3koaWT,3,67,CarrotHyrax,55.7,5.0,0,True,0.001,
3koaWT,3,68,CarrotHyrax,55.7,5.0,0,True,0.001,
3koaWT,3,69,CarrotHyrax,37.5,5.0,1,True,0.001,
3koaWT,3,70,CarrotHyrax,37.5,5.0,0,True,0.001,
3koaWT,3,71,CarrotHyrax,37.5,5.0,2,True,0.001,
3koaWT,3,72,CarrotHyrax,37.5,5.0,1,True,0.001,
3koaWT,3,73,CarrotHyrax,37.5,5.0,2,True,0.002,
3koaWT,3,74,CarrotHyrax,37.5,5.0,1,True,0.001,
3koaWT,3,75,CarrotHyrax,37.5,5.0,1,True,0.001,
3koaWT,3,76,CarrotHyrax,37.5,5.0,1,True,0.001,
3koaWT,3,77,CarrotHyrax,37.5,5.0,0,True,0.001,
3koaWT,3,78,CarrotHyrax,37.5,5.0,0,True,0.001,
3koaWT,3,79,CarrotHyrax,79.6,5.0,0,True,0.001,
3koaWT,3,80,CarrotHyrax,79.6,5.0,1,True,0.001,
3koaWT,3,81,CarrotHyrax,79.6,5.0,2,True,0.001,
3koaWT,3,82,CarrotHyrax,79.6,5.0,0,True,0.001,
3koaWT,3,83,CarrotHyrax,79.6,5.0,2,True,0.001,
3koaWT,3,84,CarrotHyrax,79.6,5.0,0,True,0.001,
3koaWT,3,85,CarrotHyrax,79.6,5.0,1,True,0.001,
3koaWT,3,86,CarrotHyrax,79.6,5.0,0,True,0.002,
3koaWT,3,87,CarrotHyrax,79.6,5.0,0,True,0.001,
3koaWT,3,88,CarrotHyrax,79.6,5.0,1,True,0.001,
3koaWT,3,89,CarrotHyrax,74.4,5.0,0,True,0.001,
3koaWT,3,90,CarrotHyrax,74.4,5.0,1,True,0.001,
3koaWT,3,91,CarrotHyrax,74.4,5.0,0,True,0.001,
3koaWT,3,92,CarrotHyrax,74.4,5.0,0,True,0.001,
3koaWT,3,93,CarrotHyrax,74.4,5.0,2,True,0.001,
3koaWT,3,94,CarrotHyrax,74.4,5.0,1,True,0.001,
3koaWT,3,95,CarrotHyrax,74.4,5.0,0,True,0.001,
3koaWT,3,96,CarrotHyrax,74.4,5.0,0,True,0.001,
3koaWT,3,97,CarrotHyrax,74.4,5.0,1,True,0.001,
3koaWT,3,98,CarrotHyrax,74.4,5.0,3,True,0.001,
3koaWT,3,99,CarrotHyrax,72.2,5.0,0,True,0.001,
3koaWT,3,100,CarrotHyrax,72.2,5.0,0,True,0.001,
3koaWT,4,1,CarrotHyrax,72.2,86.0,0,True,0.0,
3koaWT,4,2,CarrotHyrax,72.2,68.8,0,True,0.001,
3koaWT,4,3,CarrotHyrax,72.2,55.0,0,True,0.001,
3koaWT,4,4,CarrotHyrax,72.2,44.0,0,True,0.001,
3koaWT,4,5,CarrotHyrax,72.2,35.2,0,True,0.001,
3koaWT,4,6,CarrotHyrax,72.2,28.2,0,True,0.001,
3koaWT,4,7,CarrotHyrax,72.2,22.5,1,True,0.001,
3koaWT,4,8,CarrotHyrax,76.1,19.3,0,True,0.001,
3koaWT,4,9,CarrotHyrax,76.1,16.4,0,True,0.001,
3koaWT,4,10,CarrotHyrax,76.1,13.8,0,True,0.001,
3koaWT,4,11,CarrotHyrax,76.1,11.6,0,True,0.001,
3koaWT,4,12,CarrotHyrax,76.1,9.7,0,True,0.001,
3koaWT,4,13,CarrotHyrax,76.1,8.1,1,True,0.002,
3koaWT,4,14,CarrotHyrax,76.1,7.0,1,True,0.001,
3koaWT,4,15,CarrotHyrax,76.1,6.1,0,True,0.001,
3koaWT,4,16,CarrotHyrax,76.1,5.4,1,True,0.001,
3koaWT,4,17,CarrotHyrax,76.1,5.0,0,True,0.001,
3koaWT,4,18,CarrotHyrax,53.4,5.0,0,True,0.001,
3koaWT,4,19,CarrotHyrax,53.4,5.0,1,True,0.001,
3koaWT,4,20,CarrotHyrax,53.4,5.0,1,True,0.001,
3koaWT,4,21,CarrotHyrax,53.4,5.0,0,True,0.004,
3koaWT,4,22,CarrotHyrax,53.4,5.0,1,True,0.001,
3koaWT,4,23,CarrotHyrax,53.4,5.0,0,True,0.001,
3koaWT,4,24,CarrotHyrax,53.4,5.0,0,True,0.001,
3koaWT,4,25,CarrotHyrax,53.4,5.0,0,True,0.001,
3koaWT,4,26,CarrotHyrax,53.4,5.0,0,True,0.001,
3koaWT,4,27,CarrotHyrax,53.4,5.0,0,True,0.001,
3koaWT,4,28,CarrotHyrax,68.6,5.0,1,True,0.001,
3koaWT,4,29,CarrotHyrax,68.6,5.0,1,True,0.045,
3koaWT,4,30,CarrotHyrax,68.6,5.0,0,True,0.017,
3koaWT,4,31,CarrotHyrax,68.6,5.0,1,True,0.002,
3koaWT,4,32,CarrotHyrax,68.6,5.0,0,True,0.001,
3koaWT,4,33,CarrotHyrax,68.6,5.0,1,True,0.001,
3koaWT,4,34,CarrotHyrax,68.6,5.0,0,True,0.004,
3koaWT,4,35,CarrotHyrax,68.6,5.0,0,True,0.001,
3koaWT,4,36,CarrotHyrax,68.6,5.0,1,True,0.001,
3koaWT,4,37,CarrotHyrax,68.6,5.0,0,True,0.001,
3koaWT,4,38,CarrotHyrax,59.3,5.0,1,True,0.001,
3koaWT,4,39,CarrotHyrax,59.3,5.0,1,True,0.001,
3koaWT,4,40,CarrotHyrax,59.3,5.0,0,True,0.001,
3koaWT,4,41,CarrotHyrax,59.3,5.0,0,True,0.001,
3koaWT,4,42,CarrotHyrax,59.3,5.0,0,True,0.001,
3koaWT,4,43,CarrotHyrax,59.3,5.0,0,True,0.013,
3koaWT,4,44,CarrotHyrax,59.3,5.0,1,True,0.012,
3koaWT,4,45,CarrotHyrax,59.3,5.0,0,True,0.002,
3koaWT,4,46,CarrotHyrax,59.3,5.0,1,True,0.001,
3koaWT,4,47,CarrotHyrax,59.3,5.0,1,True,0.001,
3koaWT,4,48,CarrotHyrax,50.1,5.0,0,True,0.001,
3koaWT,4,49,CarrotHyrax,50.1,5.0,0,True,0.012,
3koaWT,4,50,CarrotHyrax,50.1,5.0,0,True,0.038,
3koaWT,4,51,CarrotHyrax,50.1,5.0,1,True,0.044,
3koaWT,4,52,CarrotHyrax,50.1,5.0,0,True,0.01,
3koaWT,4,53,CarrotHyrax,50.1,5.0,0,True,0.004,
3koaWT,4,54,CarrotHyrax,50.1,5.0,3,True,0.023,
3koaWT,4,55,CarrotHyrax,50.1,5.0,0,True,0.021,
3koaWT,4,56,CarrotHyrax,50.1,5.0,1,True,0.001,
3koaWT,4,57,CarrotHyrax,50.1,5.0,2,True,0.001,
3koaWT,4,58,CarrotHyrax,43.2,5.0,0,True,0.018,
3koaWT,4,59,CarrotHyrax,43.2,5.0,0,True,0.011,
3koaWT,4,60,CarrotHyrax,43.2,5.0,0,True,0.007,
3koaWT,4,61,CarrotHyrax,43.2,5.0,0,True,0.001,
3koaWT,4,62,CarrotHyrax,43.2,5.0,0,True,0.001,
3koaWT,4,63,CarrotHyrax,43.2,5.0,0,True,0.027,
3koaWT,4,64,CarrotHyrax,43.2,5.0,2,True,0.014,
3koaWT,4,65,CarrotHyrax,43.2,5.0,0,True,0.021,
3koaWT,4,66,CarrotHyrax,43.2,5.0,0,True,0.015,
3koaWT,4,67,CarrotHyrax,43.2,5.0,0,True,0.002,
3koaWT,4,68,CarrotHyrax,70.5,5.0,0,True,0.01,
3koaWT,4,69,CarrotHyrax,70.5,5.0,0,True,0.003,
3koaWT,4,70,CarrotHyrax,70.5,5.0,3,True,0.001,
3koaWT,4,71,CarrotHyrax,70.5,5.0,2,True,0.001,
3koaWT,4,72,CarrotHyrax,70.5,5.0,2,True,0.001,
3koaWT,4,73,CarrotHyrax,70.5,5.0,0,True,0.016,
3koaWT,4,74,CarrotHyrax,70.5,5.0,0,True,0.025,
3koaWT,4,75,CarrotHyrax,70.5,5.0,1,True,0.002,
3koaWT,4,76,CarrotHyrax,70.5,5.0,0,True,0.006,
3koaWT,4,77,CarrotHyrax,70.5,5.0,2,True,0.004,
3koaWT,4,78,CarrotHyrax,75.6,5.0,0,True,0.002,
3koaWT,4,79,CarrotHyrax,75.6,5.0,0,True,0.002,
3koaWT,4,80,CarrotHyrax,75.6,5.0,1,True,0.002,
3koaWT,4,81,CarrotHyrax,75.6,5.0,0,True,0.002,
3koaWT,4,82,CarrotHyrax,75.6,5.0,1,True,0.002,
3koaWT,4,83,CarrotHyrax,75.6,5.0,1,True,0.003,
3koaWT,4,84,CarrotHyrax,75.6,5.0,1,True,0.006,
3koaWT,4,85,CarrotHyrax,75.6,5.0,0,True,0.003,
3koaWT,4,86,CarrotHyrax,75.6,5.0,0,True,0.003,
3koaWT,4,87,CarrotHyrax,75.6,5.0,1,True,0.001,
3koaWT,4,88,CarrotHyrax,73.9,5.0,0,True,0.001,
3koaWT,4,89,CarrotHyrax,73.9,5.0,0,True,0.001,
3koaWT,4,90,CarrotHyrax,73.9,5.0,0,True,0.001,
3koaWT,4,91,CarrotHyrax,73.9,5.0,0,True,0.001,
3koaWT,4,92,CarrotHyrax,73.9,5.0,0,True,0.001,
3koaWT,4,93,CarrotHyrax,73.9,5.0,0,True,0.001,
3koaWT,4,94,CarrotHyrax,73.9,5.0,0,True,0.001,
3koaWT,4,95,CarrotHyrax,73.9,5.0,1,True,0.001,
3koaWT,4,96,CarrotHyrax,73.9,5.0,0,True,0.001,
3koaWT,4,97,CarrotHyrax,73.9,5.0,2,True,0.001,
3koaWT,4,98,CarrotHyrax,42.5,5.0,0,True,0.001,
3koaWT,4,99,CarrotHyrax,42.5,5.0,0,True,0.001,
3koaWT,4,100,CarrotHyrax,42.5,5.0,0,True,0.001,
3koaWT,5,1,CarrotHyrax,42.5,86.0,0,True,0.0,
3koaWT,5,2,CarrotHyrax,42.5,68.8,0,True,0.002,
3koaWT,5,3,CarrotHyrax,42.5,55.0,0,True,0.001,
3koaWT,5,4,CarrotHyrax,42.5,44.0,0,True,0.001,
3koaWT,5,5,CarrotHyrax,42.5,35.2,2,True,0.001,
3koaWT,5,6,CarrotHyrax,42.5,33.4,1,True,0.001,
3koaWT,5,7,CarrotHyrax,62.5,33.4,0,True,0.001,
3koaWT,5,8,CarrotHyrax,62.5,32.5,0,True,0.001,
3koaWT,5,9,CarrotHyrax,62.5,30.8,0,True,0.001,
3koaWT,5,10,CarrotHyrax,62.5,28.7,0,True,0.001,
3koaWT,5,11,CarrotHyrax,62.5,26.4,0,True,0.002,
3koaWT,5,12,CarrotHyrax,62.5,24.1,0,True,0.001,
3koaWT,5,13,CarrotHyrax,62.5,21.6,0,True,0.001,
3koaWT,5,14,CarrotHyrax,62.5,19.2,1,True,0.001,
3koaWT,5,15,CarrotHyrax,62.5,17.5,0,True,0.001,
3koaWT,5,16,CarrotHyrax,62.5,15.7,0,True,0.001,
3koaWT,5,17,CarrotHyrax,35.7,14.0,1,True,0.001,
3koaWT,5,18,CarrotHyrax,35.7,12.7,0,True,0.001,
3koaWT,5,19,CarrotHyrax,35.7,11.5,0,True,0.001,
3koaWT,5,20,CarrotHyrax,35.7,10.3,2,True,0.001,
3koaWT,5,21,CarrotHyrax,35.7,9.6,0,True,0.001,
3koaWT,5,22,CarrotHyrax,35.7,8.9,0,True,0.001,
3koaWT,5,23,CarrotHyrax,35.7,8.2,2,True,0.001,
3koaWT,5,24,CarrotHyrax,35.7,7.8,0,True,0.001,
3koaWT,5,25,CarrotHyrax,35.7,7.3,0,True,0.001,
3koaWT,5,26,CarrotHyrax,35.7,6.8,0,True,0.001,
3koaWT,5,27,CarrotHyrax,40.3,6.4,0,True,0.001,
3koaWT,5,28,CarrotHyrax,40.3,5.9,0,True,0.001,
3koaWT,5,29,CarrotHyrax,40.3,5.4,0,True,0.001,
3koaWT,5,30,CarrotHyrax,40.3,5.0,0,True,0.001,
3koaWT,5,31,CarrotHyrax,40.3,5.0,1,True,0.001,
3koaWT,5,32,CarrotHyrax,40.3,5.0,0,True,0.001,
3koaWT,5,33,CarrotHyrax,40.3,5.0,0,True,0.001,
3koaWT,5,34,CarrotHyrax,40.3,5.0,0,True,0.001,
3koaWT,5,35,CarrotHyrax,40.3,5.0,0,True,0.001,
3koaWT,5,36,CarrotHyrax,40.3,5.0,0,True,0.001,
3koaWT,5,37,CarrotHyrax,41.3,5.0,2,True,0.001,
3koaWT,5,38,CarrotHyrax,41.3,5.0,0,True,0.001,
3koaWT,5,39,CarrotHyrax,41.3,5.0,0,True,0.001,
3koaWT,5,40,CarrotHyrax,41.3,5.0,0,True,0.002,
3koaWT,5,41,CarrotHyrax,41.3,5.0,0,True,0.001,
3koaWT,5,42,CarrotHyrax,41.3,5.0,1,True,0.001,
3koaWT,5,43,CarrotHyrax,41.3,5.0,0,True,0.001,
3koaWT,5,44,CarrotHyrax,41.3,5.0,2,True,0.001,
3koaWT,5,45,CarrotHyrax,41.3,5.0,1,True,0.001,
3koaWT,5,46,CarrotHyrax,41.3,5.0,0,True,0.001,
3koaWT,5,47,CarrotHyrax,62.8,5.0,0,True,0.001,
3koaWT,5,48,CarrotHyrax,62.8,5.0,1,True,0.001,
3koaWT,5,49,CarrotHyrax,62.8,5.0,1,True,0.001,
3koaWT,5,50,CarrotHyrax,62.8,5.0,0,True,0.001,
3koaWT,5,51,CarrotHyrax,62.8,5.0,1,True,0.001,
3koaWT,5,52,CarrotHyrax,62.8,5.0,0,True,0.001,
3koaWT,5,53,CarrotHyrax,62.8,5.0,0,True,0.001,
3koaWT,5,54,CarrotHyrax,62.8,5.0,0,True,0.001,
3koaWT,5,55,CarrotHyrax,62.8,5.0,0,True,0.001,
3koaWT,5,56,CarrotHyrax,62.8,5.0,0,True,0.001,
3koaWT,5,57,CarrotHyrax,57.5,5.0,0,True,0.001,
3koaWT,5,58,CarrotHyrax,57.5,5.0,0,True,0.001,
3koaWT,5,59,CarrotHyrax,57.5,5.0,0,True,0.001,
3koaWT,5,60,CarrotHyrax,57.5,5.0,0,True,0.001,
3koaWT,5,61,CarrotHyrax,57.5,5.0,1,True,0.001,
3koaWT,5,62,CarrotHyrax,57.5,5.0,1,True,0.001,
3koaWT,5,63,CarrotHyrax,57.5,5.0,1,True,0.001,
3koaWT,5,64,CarrotHyrax,57.5,5.0,0,True,0.001,
3koaWT,5,65,CarrotHyrax,57.5,5.0,1,True,0.001,
3koaWT,5,66,CarrotHyrax,57.5,5.0,1,True,0.001,
3koaWT,5,67,CarrotHyrax,49.7,5.0,0,True,0.001,
3koaWT,5,68,CarrotHyrax,49.7,5.0,0,True,0.001,
3koaWT,5,69,CarrotHyrax,49.7,5.0,1,True,0.001,
3koaWT,5,70,CarrotHyrax,49.7,5.0,2,True,0.001,
3koaWT,5,71,CarrotHyrax,49.7,5.0,1,True,0.003,
3koaWT,5,72,CarrotHyrax,49.7,5.0,1,True,0.001,
3koaWT,5,73,CarrotHyrax,49.7,5.0,0,True,0.001,
3koaWT,5,74,CarrotHyrax,49.7,5.0,0,True,0.002,
3koaWT,5,75,CarrotHyrax,49.7,5.0,0,True,0.001,
3koaWT,5,76,CarrotHyrax,49.7,5.0,0,True,0.001,
3koaWT,5,77,CarrotHyrax,31.5,5.0,0,True,0.001,
3koaWT,5,78,CarrotHyrax,31.5,5.0,0,True,0.001,
3koaWT,5,79,CarrotHyrax,31.5,5.0,0,True,0.001,
3koaWT,5,80,CarrotHyrax,31.5,5.0,1,True,0.001,
3koaWT,5,81,CarrotHyrax,31.5,5.0,0,True,0.001,
3koaWT,5,82,CarrotHyrax,31.5,5.0,0,True,0.002,
3koaWT,5,83,CarrotHyrax,31.5,5.0,1,True,0.001,
3koaWT,5,84,CarrotHyrax,31.5,5.0,1,True,0.001,
3koaWT,5,85,CarrotHyrax,31.5,5.0,1,True,0.001,
3koaWT,5,86,CarrotHyrax,31.5,5.0,1,True,0.001,
3koaWT,5,87,CarrotHyrax,31.3,5.0,1,True,0.001,
3koaWT,5,88,CarrotHyrax,31.3,5.0,0,True,0.001,
3koaWT,5,89,CarrotHyrax,31.3,5.0,1,True,0.001,
3koaWT,5,90,CarrotHyrax,31.3,5.0,0,True,0.001,
3koaWT,5,91,CarrotHyrax,31.3,5.0,0,True,0.001,
3koaWT,5,92,CarrotHyrax,31.3,5.0,0,True,0.001,
3koaWT,5,93,CarrotHyrax,31.3,5.0,2,True,0.001,
3koaWT,5,94,CarrotHyrax,31.3,5.0,1,True,0.001,
3koaWT,5,95,CarrotHyrax,31.3,5.0,2,True,0.001,
3koaWT,5,96,CarrotHyrax,31.3,5.0,1,True,0.001,
3koaWT,5,97,CarrotHyrax,66.8,5.0,0,True,0.001,
3koaWT,5,98,CarrotHyrax,66.8,5.0,0,True,0.001,
3koaWT,5,99,CarrotHyrax,66.8,5.0,2,True,0.001,
3koaWT,5,100,CarrotHyrax,66.8,5.0,0,True,0.001,
3koaWT,6,1,CarrotHyrax,66.8,32.0,0,True,0.0,
3koaWT,6,2,CarrotHyrax,66.8,25.6,1,True,0.001,
3koaWT,6,3,CarrotHyrax,66.8,24.7,0,True,0.001,
3koaWT,6,4,CarrotHyrax,66.8,22.9,0,True,0.001,
3koaWT,6,5,CarrotHyrax,66.8,20.6,0,True,0.001,
3koaWT,6,6,CarrotHyrax,70.7,18.0,0,True,0.001,
3koaWT,6,7,CarrotHyrax,70.7,15.6,0,True,0.001,
3koaWT,6,8,CarrotHyrax,70.7,13.4,0,True,0.001,
3koaWT,6,9,CarrotHyrax,70.7,11.3,0,True,0.001,
3koaWT,6,10,CarrotHyrax,70.7,9.6,0,True,0.001,
3koaWT,6,11,CarrotHyrax,70.7,8.0,0,True,0.001,
3koaWT,6,12,CarrotHyrax,70.7,6.7,0,True,0.001,
3koaWT,6,13,CarrotHyrax,70.7,5.6,0,True,0.001,
3koaWT,6,14,CarrotHyrax,70.7,5.0,0,True,0.001,
3koaWT,6,15,CarrotHyrax,70.7,5.0,0,True,0.001,
3koaWT,6,16,CarrotHyrax,36.9,5.0,1,True,0.001,
3koaWT,6,17,CarrotHyrax,36.9,5.0,0,True,0.001,
3koaWT,6,18,CarrotHyrax,36.9,5.0,1,True,0.002,
3koaWT,6,19,CarrotHyrax,36.9,5.0,0,True,0.001,
3koaWT,6,20,CarrotHyrax,36.9,5.0,2,True,0.002,
3koaWT,6,21,CarrotHyrax,36.9,5.0,0,True,0.001,
3koaWT,6,22,CarrotHyrax,36.9,5.0,0,True,0.001,
3koaWT,6,23,CarrotHyrax,36.9,5.0,0,True,0.001,
3koaWT,6,24,CarrotHyrax,36.9,5.0,0,True,0.001,
3koaWT,6,25,CarrotHyrax,36.9,5.0,1,True,0.001,
3koaWT,6,26,CarrotHyrax,59.1,5.0,0,True,0.001,
3koaWT,6,27,CarrotHyrax,59.1,5.0,1,True,0.001,
3koaWT,6,28,CarrotHyrax,59.1,5.0,1,True,0.001,
3koaWT,6,29,CarrotHyrax,59.1,5.0,0,True,0.002,
3koaWT,6,30,CarrotHyrax,59.1,5.0,1,True,0.001,
3koaWT,6,31,CarrotHyrax,59.1,5.0,0,True,0.001,
3koaWT,6,32,CarrotHyrax,59.1,5.0,0,True,0.001,
3koaWT,6,33,CarrotHyrax,59.1,5.0,1,True,0.001,
3koaWT,6,34,CarrotHyrax,59.1,5.0,2,True,0.001,
3koaWT,6,35,CarrotHyrax,59.1,5.0,0,True,0.001,
3koaWT,6,36,CarrotHyrax,72.9,5.0,0,True,0.001,
3koaWT,6,37,CarrotHyrax,72.9,5.0,0,True,0.001,
3koaWT,6,38,CarrotHyrax,72.9,5.0,0,True,0.001,
3koaWT,6,39,CarrotHyrax,72.9,5.0,0,True,0.001,
3koaWT,6,40,CarrotHyrax,72.9,5.0,2,True,0.001,
3koaWT,6,41,CarrotHyrax,72.9,5.0,0,True,0.001,
3koaWT,6,42,CarrotHyrax,72.9,5.0,0,True,0.001,
3koaWT,6,43,CarrotHyrax,72.9,5.0,0,True,0.001,
3koaWT,6,44,CarrotHyrax,72.9,5.0,1,True,0.001,
3koaWT,6,45,CarrotHyrax,72.9,5.0,2,True,0.001,
3koaWT,6,46,CarrotHyrax,62.4,5.0,1,True,0.001,
3koaWT,6,47,CarrotHyrax,62.4,5.0,0,True,0.002,
3koaWT,6,48,CarrotHyrax,62.4,5.0,1,True,0.002,
3koaWT,6,49,CarrotHyrax,62.4,5.0,0,True,0.001,
3koaWT,6,50,CarrotHyrax,62.4,5.0,0,True,0.001,
3koaWT,6,51,CarrotHyrax,62.4,5.0,1,True,0.002,
3koaWT,6,52,CarrotHyrax,62.4,5.0,0,True,0.001,
3koaWT,6,53,CarrotHyrax,62.4,5.0,0,True,0.001,
3koaWT,6,54,CarrotHyrax,62.4,5.0,1,True,0.001,
3koaWT,6,55,CarrotHyrax,62.4,5.0,1,True,0.001,
3koaWT,6,56,CarrotHyrax,63.6,5.0,1,True,0.001,
3koaWT,6,57,CarrotHyrax,63.6,5.0,1,True,0.002,
3koaWT,6,58,CarrotHyrax,63.6,5.0,0,True,0.001,
3koaWT,6,59,CarrotHyrax,63.6,5.0,1,True,0.001,
3koaWT,6,60,CarrotHyrax,63.6,5.0,0,True,0.001,
3koaWT,6,61,CarrotHyrax,63.6,5.0,0,True,0.001,
3koaWT,6,62,CarrotHyrax,63.6,5.0,3,True,0.001,
3koaWT,6,63,CarrotHyrax,63.6,5.0,1,True,0.001,
3koaWT,6,64,CarrotHyrax,63.6,5.0,0,True,0.001,
3koaWT,6,65,CarrotHyrax,63.6,5.0,0,True,0.001,
3koaWT,6,66,CarrotHyrax,37.0,5.0,2,True,0.002,
3koaWT,6,67,CarrotHyrax,37.0,5.0,0,True,0.001,
3koaWT,6,68,CarrotHyrax,37.0,5.0,2,True,0.001,
3koaWT,6,69,CarrotHyrax,37.0,5.0,2,True,0.001,
3koaWT,6,70,CarrotHyrax,37.0,5.0,0,True,0.002,
3koaWT,6,71,CarrotHyrax,37.0,5.0,0,True,0.001,
3koaWT,6,72,CarrotHyrax,37.0,5.0,0,True,0.003,
3koaWT,6,73,CarrotHyrax,37.0,5.0,1,True,0.002,
3koaWT,6,74,CarrotHyrax,37.0,5.0,1,True,0.003,
3koaWT,6,75,CarrotHyrax,37.0,5.0,1,True,0.001,
3koaWT,6,76,CarrotHyrax,65.8,5.0,0,True,0.001,
3koaWT,6,77,CarrotHyrax,65.8,5.0,1,True,0.001,
3koaWT,6,78,CarrotHyrax,65.8,5.0,0,True,0.001,
3koaWT,6,79,CarrotHyrax,65.8,5.0,0,True,0.001,
3koaWT,6,80,CarrotHyrax,65.8,5.0,0,True,0.002,
3koaWT,6,81,CarrotHyrax,65.8,5.0,2,True,0.001,
3koaWT,6,82,CarrotHyrax,65.8,5.0,1,True,0.001,
3koaWT,6,83,CarrotHyrax,65.8,5.0,1,True,0.001,
3koaWT,6,84,CarrotHyrax,65.8,5.0,0,True,0.001,
3koaWT,6,85,CarrotHyrax,65.8,5.0,0,True,0.001,
3koaWT,6,86,CarrotHyrax,42.3,5.0,2,True,0.001,
3koaWT,6,87,CarrotHyrax,42.3,5.0,0,True,0.001,
3koaWT,6,88,CarrotHyrax,42.3,5.0,2,True,0.002,
3koaWT,6,89,CarrotHyrax,42.3,5.0,0,True,0.001,
3koaWT,6,90,CarrotHyrax,42.3,5.0,0,True,0.001,
3koaWT,6,91,CarrotHyrax,42.3,5.0,0,True,0.001,
3koaWT,6,92,CarrotHyrax,42.3,5.0,2,True,0.001,
3koaWT,6,93,CarrotHyrax,42.3,5.0,0,True,0.002,
3koaWT,6,94,CarrotHyrax,42.3,5.0,1,True,0.001,
3koaWT,6,95,CarrotHyrax,42.3,5.0,1,True,0.001,
3koaWT,6,96,CarrotHyrax,46.5,5.0,1,True,0.001,
3koaWT,6,97,CarrotHyrax,46.5,5.0,0,True,0.001,
3koaWT,6,98,CarrotHyrax,46.5,5.0,1,True,0.001,
3koaWT,6,99,CarrotHyrax,46.5,5.0,0,True,0.001,
3koaWT,6,100,CarrotHyrax,46.5,5.0,0,True,0.001,
3koaWT,7,1,CarrotHyrax,46.5,35.0,0,True,0.0,
3koaWT,7,2,CarrotHyrax,46.5,28.0,0,True,0.001,
3koaWT,7,3,CarrotHyrax,46.5,22.4,0,True,0.001,
3koaWT,7,4,CarrotHyrax,46.5,17.9,0,True,0.001,
3koaWT,7,5,CarrotHyrax,35.3,14.3,0,True,0.001,
3koaWT,7,6,CarrotHyrax,35.3,11.5,0,True,0.001,
3koaWT,7,7,CarrotHyrax,35.3,9.2,0,True,0.001,
3koaWT,7,8,CarrotHyrax,35.3,7.3,0,True,0.001,
3koaWT,7,9,CarrotHyrax,35.3,5.9,0,True,0.001,
3koaWT,7,10,CarrotHyrax,35.3,5.0,0,True,0.001,
3koaWT,7,11,CarrotHyrax,35.3,5.0,1,True,0.001,
3koaWT,7,12,CarrotHyrax,35.3,5.0,0,True,0.001,
3koaWT,7,13,CarrotHyrax,35.3,5.0,0,True,0.001,
3koaWT,7,14,CarrotHyrax,35.3,5.0,0,True,0.001,
3koaWT,7,15,CarrotHyrax,61.7,5.0,1,True,0.001,
3koaWT,7,16,CarrotHyrax,61.7,5.0,2,True,0.001,
3koaWT,7,17,CarrotHyrax,61.7,5.0,0,True,0.001,
3koaWT,7,18,CarrotHyrax,61.7,5.0,0,True,0.001,
3koaWT,7,19,CarrotHyrax,61.7,5.0,0,True,0.001,
3koaWT,7,20,CarrotHyrax,61.7,5.0,1,True,0.001,
3koaWT,7,21,CarrotHyrax,61.7,5.0,0,True,0.001,
3koaWT,7,22,CarrotHyrax,61.7,5.0,2,True,0.001,
3koaWT,7,23,CarrotHyrax,61.7,5.0,0,True,0.002,
3koaWT,7,24,CarrotHyrax,61.7,5.0,2,True,0.001,
3koaWT,7,25,CarrotHyrax,57.0,5.0,1,True,0.001,
3koaWT,7,26,CarrotHyrax,57.0,5.0,0,True,0.001,
3koaWT,7,27,CarrotHyrax,57.0,5.0,0,True,0.001,
3koaWT,7,28,CarrotHyrax,57.0,5.0,0,True,0.001,
3koaWT,7,29,CarrotHyrax,57.0,5.0,0,True,0.001,
3koaWT,7,30,CarrotHyrax,57.0,5.0,0,True,0.001,
3koaWT,7,31,CarrotHyrax,57.0,5.0,1,True,0.001,
3koaWT,7,32,CarrotHyrax,57.0,5.0,1,True,0.002,
3koaWT,7,33,CarrotHyrax,57.0,5.0,2,True,0.001,
3koaWT,7,34,CarrotHyrax,57.0,5.0,1,True,0.001,
3koaWT,7,35,CarrotHyrax,32.8,5.0,0,True,0.001,
3koaWT,7,36,CarrotHyrax,32.8,5.0,1,True,0.001,
3koaWT,7,37,CarrotHyrax,32.8,5.0,0,True,0.002,
3koaWT,7,38,CarrotHyrax,32.8,5.0,0,True,0.001,
3koaWT,7,39,CarrotHyrax,32.8,5.0,0,True,0.001,
3koaWT,7,40,CarrotHyrax,32.8,5.0,2,True,0.002,
3koaWT,7,41,CarrotHyrax,32.8,5.0,1,True,0.002,
3koaWT,7,42,CarrotHyrax,32.8,5.0,0,True,0.002,
3koaWT,7,43,CarrotHyrax,32.8,5.0,0,True,0.001,
3koaWT,7,44,CarrotHyrax,32.8,5.0,0,True,0.001,
3koaWT,7,45,CarrotHyrax,77.9,5.0,1,True,0.001,
3koaWT,7,46,CarrotHyrax,77.9,5.0,0,True,0.001,
3koaWT,7,47,CarrotHyrax,77.9,5.0,0,True,0.001,
3koaWT,7,48,CarrotHyrax,77.9,5.0,0,True,0.001,
3koaWT,7,49,CarrotHyrax,77.9,5.0,0,True,0.001,
3koaWT,7,50,CarrotHyrax,77.9,5.0,0,True,0.001,
3koaWT,7,51,CarrotHyrax,77.9,5.0,0,True,0.001,
3koaWT,7,52,CarrotHyrax,77.9,5.0,0,True,0.001,
3koaWT,7,53,CarrotHyrax,77.9,5.0,1,True,0.001,
3koaWT,7,54,CarrotHyrax,77.9,5.0,0,True,0.001,
3koaWT,7,55,CarrotHyrax,42.1,5.0,0,True,0.001,
3koaWT,7,56,CarrotHyrax,42.1,5.0,0,True,0.001,
3koaWT,7,57,CarrotHyrax,42.1,5.0,0,True,0.001,
3koaWT,7,58,CarrotHyrax,42.1,5.0,0,True,0.001,
3koaWT,7,59,CarrotHyrax,42.1,5.0,0,True,0.001,
3koaWT,7,60,CarrotHyrax,42.1,5.0,0,True,0.001,
3koaWT,7,61,CarrotHyrax,42.1,5.0,2,True,0.001,
3koaWT,7,62,CarrotHyrax,42.1,5.0,0,True,0.001,
3koaWT,7,63,CarrotHyrax,42.1,5.0,1,True,0.001,
3koaWT,7,64,CarrotHyrax,42.1,5.0,0,True,0.001,
3koaWT,7,65,CarrotHyrax,50.3,5.0,0,True,0.001,
3koaWT,7,66,CarrotHyrax,50.3,5.0,0,True,0.002,
3koaWT,7,67,CarrotHyrax,50.3,5.0,1,True,0.001,
3koaWT,7,68,CarrotHyrax,50.3,5.0,0,True,0.001,
3koaWT,7,69,CarrotHyrax,50.3,5.0,1,True,0.001,
3koaWT,7,70,CarrotHyrax,50.3,5.0,0,True,0.003,
3koaWT,7,71,CarrotHyrax,50.3,5.0,0,True,0.001,
3koaWT,7,72,CarrotHyrax,50.3,5.0,0,True,0.001,
3koaWT,7,73,CarrotHyrax,50.3,5.0,0,True,0.001,
3koaWT,7,74,CarrotHyrax,50.3,5.0,1,True,0.001,
3koaWT,7,75,CarrotHyrax,72.6,5.0,2,True,0.001,
3koaWT,7,76,CarrotHyrax,72.6,5.0,1,True,0.001,
3koaWT,7,77,CarrotHyrax,72.6,5.0,0,True,0.001,
3koaWT,7,78,CarrotHyrax,72.6,5.0,0,True,0.001,
3koaWT,7,79,CarrotHyrax,72.6,5.0,0,True,0.001,
3koaWT,7,80,CarrotHyrax,72.6,5.0,0,True,0.002,
3koaWT,7,81,CarrotHyrax,72.6,5.0,0,True,0.001,
3koaWT,7,82,CarrotHyrax,72.6,5.0,1,True,0.001,
3koaWT,7,83,CarrotHyrax,72.6,5.0,0,True,0.001,
3koaWT,7,84,CarrotHyrax,72.6,5.0,2,True,0.001,
3koaWT,7,85,CarrotHyrax,59.4,5.0,1,True,0.001,
3koaWT,7,86,CarrotHyrax,59.4,5.0,0,True,0.001,
3koaWT,7,87,CarrotHyrax,59.4,5.0,0,True,0.001,
3koaWT,7,88,CarrotHyrax,59.4,5.0,1,True,0.001,
3koaWT,7,89,CarrotHyrax,59.4,5.0,0,True,0.001,
3koaWT,7,90,CarrotHyrax,59.4,5.0,0,True,0.002,
3koaWT,7,91,CarrotHyrax,59.4,5.0,0,True,0.001,
3koaWT,7,92,CarrotHyrax,59.4,5.0,1,True,0.001,
3koaWT,7,93,CarrotHyrax,59.4,5.0,2,True,0.001,
3koaWT,7,94,CarrotHyrax,59.4,5.0,1,True,0.001,
3koaWT,7,95,CarrotHyrax,38.4,5.0,1,True,0.001,
3koaWT,7,96,CarrotHyrax,38.4,5.0,0,True,0.001,
3koaWT,7,97,CarrotHyrax,38.4,5.0,2,True,0.001,
3koaWT,7,98,CarrotHyrax,38.4,5.0,0,True,0.001,
3koaWT,7,99,CarrotHyrax,38.4,5.0,0,True,0.001,
3koaWT,7,100,CarrotHyrax,38.4,5.0,3,True,0.001,
3koaWT,8,1,CarrotHyrax,38.4,88.0,0,True,0.0,
3koaWT,8,2,CarrotHyrax,38.4,70.4,0,True,0.001,
3koaWT,8,3,CarrotHyrax,38.4,56.3,0,True,0.001,
3koaWT,8,4,CarrotHyrax,40.8,45.1,0,True,0.001,
3koaWT,8,5,CarrotHyrax,40.8,36.0,0,True,0.001,
3koaWT,8,6,CarrotHyrax,40.8,28.8,0,True,0.001,
3koaWT,8,7,CarrotHyrax,40.8,23.1,1,True,0.001,
3koaWT,8,8,CarrotHyrax,40.8,19.8,0,True,0.001,
3koaWT,8,9,CarrotHyrax,40.8,16.8,1,True,0.001,
3koaWT,8,10,CarrotHyrax,40.8,14.9,0,True,0.001,
3koaWT,8,11,CarrotHyrax,40.8,13.1,0,True,0.001,
3koaWT,8,12,CarrotHyrax,40.8,11.5,1,True,0.001,
3koaWT,8,13,CarrotHyrax,40.8,10.3,0,True,0.001,
3koaWT,8,14,CarrotHyrax,41.0,9.2,0,True,0.001,
3koaWT,8,15,CarrotHyrax,41.0,8.1,0,True,0.001,
3koaWT,8,16,CarrotHyrax,41.0,7.1,0,True,0.001,
3koaWT,8,17,CarrotHyrax,41.0,6.1,1,True,0.001,
3koaWT,8,18,CarrotHyrax,41.0,5.4,3,True,0.001,
3koaWT,8,19,CarrotHyrax,41.0,5.1,0,True,0.001,
3koaWT,8,20,CarrotHyrax,41.0,5.0,0,True,0.001,
3koaWT,8,21,CarrotHyrax,41.0,5.0,0,True,0.001,
3koaWT,8,22,CarrotHyrax,41.0,5.0,0,True,0.001,
3koaWT,8,23,CarrotHyrax,41.0,5.0,0,True,0.001,
3koaWT,8,24,CarrotHyrax,38.0,5.0,0,True,0.001,
3koaWT,8,25,CarrotHyrax,38.0,5.0,0,True,0.001,
3koaWT,8,26,CarrotHyrax,38.0,5.0,0,True,0.001,
3koaWT,8,27,CarrotHyrax,38.0,5.0,1,True,0.001,
3koaWT,8,28,CarrotHyrax,38.0,5.0,1,True,0.001,
3koaWT,8,29,CarrotHyrax,38.0,5.0,0,True,0.001,
3koaWT,8,30,CarrotHyrax,38.0,5.0,1,True,0.001,
3koaWT,8,31,CarrotHyrax,38.0,5.0,0,True,0.001,
3koaWT,8,32,CarrotHyrax,38.0,5.0,0,True,0.001,
3koaWT,8,33,CarrotHyrax,38.0,5.0,1,True,0.001,
3koaWT,8,34,CarrotHyrax,38.4,5.0,0,True,0.001,
3koaWT,8,35,CarrotHyrax,38.4,5.0,0,True,0.001,
3koaWT,8,36,CarrotHyrax,38.4,5.0,0,True,0.001,
3koaWT,8,37,CarrotHyrax,38.4,5.0,0,True,0.001,
3koaWT,8,38,CarrotHyrax,38.4,5.0,0,True,0.001,
3koaWT,8,39,CarrotHyrax,38.4,5.0,1,True,0.001,
3koaWT,8,40,CarrotHyrax,38.4,5.0,0,True,0.001,
3koaWT,8,41,CarrotHyrax,38.4,5.0,0,True,0.001,
3koaWT,8,42,CarrotHyrax,38.4,5.0,0,True,0.001,
3koaWT,8,43,CarrotHyrax,38.4,5.0,1,True,0.001,
3koaWT,8,44,CarrotHyrax,48.2,5.0,0,True,0.001,
3koaWT,8,45,CarrotHyrax,48.2,5.0,0,True,0.001,
3koaWT,8,46,CarrotHyrax,48.2,5.0,0,True,0.001,
3koaWT,8,47,CarrotHyrax,48.2,5.0,0,True,0.001,
3koaWT,8,48,CarrotHyrax,48.2,5.0,0,True,0.001,
3koaWT,8,49,CarrotHyrax,48.2,5.0,0,True,0.001,
3koaWT,8,50,CarrotHyrax,48.2,5.0,1,True,0.001,
3koaWT,8,51,CarrotHyrax,48.2,5.0,0,True,0.001,
3koaWT,8,52,CarrotHyrax,48.2,5.0,1,True,0.001,
3koaWT,8,53,CarrotHyrax,48.2,5.0,0,True,0.002,
3koaWT,8,54,CarrotHyrax,52.7,5.0,0,True,0.001,
3koaWT,8,55,CarrotHyrax,52.7,5.0,2,True,0.001,
3koaWT,8,56,CarrotHyrax,52.7,5.0,0,True,0.001,
3koaWT,8,57,CarrotHyrax,52.7,5.0,1,True,0.001,
3koaWT,8,58,CarrotHyrax,52.7,5.0,2,True,0.001,
3koaWT,8,59,CarrotHyrax,52.7,5.0,1,True,0.001,
3koaWT,8,60,CarrotHyrax,52.7,5.0,2,True,0.001,
3koaWT,8,61,CarrotHyrax,52.7,5.0,0,True,0.001,
3koaWT,8,62,CarrotHyrax,52.7,5.0,4,True,0.001,
3koaWT,8,63,CarrotHyrax,52.7,5.0,0,True,0.001,
3koaWT,8,64,CarrotHyrax,33.0,5.0,0,True,0.001,
3koaWT,8,65,CarrotHyrax,33.0,5.0,0,True,0.001,
3koaWT,8,66,CarrotHyrax,33.0,5.0,1,True,0.001,
3koaWT,8,67,CarrotHyrax,33.0,5.0,0,True,0.001,
3koaWT,8,68,CarrotHyrax,33.0,5.0,1,True,0.001,
3koaWT,8,69,CarrotHyrax,33.0,5.0,1,True,0.001,
3koaWT,8,70,CarrotHyrax,33.0,5.0,0,True,0.001,
3koaWT,8,71,CarrotHyrax,33.0,5.0,0,True,0.001,
3koaWT,8,72,CarrotHyrax,33.0,5.0,0,True,0.001,
3koaWT,8,73,CarrotHyrax,33.0,5.0,2,True,0.001,
3koaWT,8,74,CarrotHyrax,71.2,5.0,1,True,0.001,
3koaWT,8,75,CarrotHyrax,71.2,5.0,0,True,0.001,
3koaWT,8,76,CarrotHyrax,71.2,5.0,1,True,0.002,
3koaWT,8,77,CarrotHyrax,71.2,5.0,1,True,0.001,
3koaWT,8,78,CarrotHyrax,71.2,5.0,0,True,0.001,
3koaWT,8,79,CarrotHyrax,71.2,5.0,1,True,0.001,
3koaWT,8,80,CarrotHyrax,71.2,5.0,0,True,0.001,
3koaWT,8,81,CarrotHyrax,71.2,5.0,0,True,0.001,
3koaWT,8,82,CarrotHyrax,71.2,5.0,0,True,0.001,
3koaWT,8,83,CarrotHyrax,71.2,5.0,0,True,0.002,
3koaWT,8,84,CarrotHyrax,67.0,5.0,1,True,0.002,
3koaWT,8,85,CarrotHyrax,67.0,5.0,1,True,0.001,
3koaWT,8,86,CarrotHyrax,67.0,5.0,1,True,0.001,
3koaWT,8,87,CarrotHyrax,67.0,5.0,3,True,0.001,
3koaWT,8,88,CarrotHyrax,67.0,5.0,1,True,0.001,
3koaWT,8,89,CarrotHyrax,67.0,5.0,2,True,0.001,
3koaWT,8,90,CarrotHyrax,67.0,5.0,0,True,0.001,
3koaWT,8,91,CarrotHyrax,67.0,5.0,0,True,0.002,
3koaWT,8,92,CarrotHyrax,67.0,5.0,0,True,0.002,
3koaWT,8,93,CarrotHyrax,67.0,5.0,0,True,0.001,
3koaWT,8,94,CarrotHyrax,47.3,5.0,2,True,0.001,
3koaWT,8,95,CarrotHyrax,47.3,5.0,1,True,0.001,
3koaWT,8,96,CarrotHyrax,47.3,5.0,0,True,0.001,
3koaWT,8,97,CarrotHyrax,47.3,5.0,0,True,0.001,
3koaWT,8,98,CarrotHyrax,47.3,5.0,1,True,0.001,
3koaWT,8,99,CarrotHyrax,47.3,5.0,1,True,0.001,
3koaWT,8,100,CarrotHyrax,47.3,5.0,0,True,0.001,
3koaWT,9,1,CarrotHyrax,47.3,89.0,0,True,0.0,
3koaWT,9,2,CarrotHyrax,47.3,71.2,0,True,0.001,
3koaWT,9,3,CarrotHyrax,39.3,57.0,0,True,0.001,
3koaWT,9,4,CarrotHyrax,39.3,45.6,0,True,0.001,
3koaWT,9,5,CarrotHyrax,39.3,36.5,0,True,0.001,
3koaWT,9,6,CarrotHyrax,39.3,29.2,0,True,0.002,
3koaWT,9,7,CarrotHyrax,39.3,23.3,1,True,0.001,
3koaWT,9,8,CarrotHyrax,39.3,20.0,0,True,0.001,
3koaWT,9,9,CarrotHyrax,39.3,17.0,0,True,0.001,
3koaWT,9,10,CarrotHyrax,39.3,14.3,0,True,0.001,
3koaWT,9,11,CarrotHyrax,39.3,12.0,1,True,0.001,
3koaWT,9,12,CarrotHyrax,39.3,10.5,1,True,0.001,
3koaWT,9,13,CarrotHyrax,63.0,9.5,0,True,0.001,
3koaWT,9,14,CarrotHyrax,63.0,8.4,0,True,0.001,
3koaWT,9,15,CarrotHyrax,63.0,7.4,0,True,0.001,
3koaWT,9,16,CarrotHyrax,63.0,6.5,0,True,0.001,
3koaWT,9,17,CarrotHyrax,63.0,5.6,1,True,0.001,
3koaWT,9,18,CarrotHyrax,63.0,5.0,1,True,0.001,
3koaWT,9,19,CarrotHyrax,63.0,5.0,0,True,0.001,
3koaWT,9,20,CarrotHyrax,63.0,5.0,0,True,0.001,
3koaWT,9,21,CarrotHyrax,63.0,5.0,0,True,0.001,
3koaWT,9,22,CarrotHyrax,63.0,5.0,1,True,0.001,
3koaWT,9,23,CarrotHyrax,56.4,5.0,0,True,0.001,
3koaWT,9,24,CarrotHyrax,56.4,5.0,1,True,0.001,
3koaWT,9,25,CarrotHyrax,56.4,5.0,0,True,0.001,
3koaWT,9,26,CarrotHyrax,56.4,5.0,0,True,0.001,
3koaWT,9,27,CarrotHyrax,56.4,5.0,1,True,0.001,
3koaWT,9,28,CarrotHyrax,56.4,5.0,0,True,0.001,
3koaWT,9,29,CarrotHyrax,56.4,5.0,0,True,0.001,
3koaWT,9,30,CarrotHyrax,56.4,5.0,0,True,0.001,
3koaWT,9,31,CarrotHyrax,56.4,5.0,2,True,0.001,
3koaWT,9,32,CarrotHyrax,56.4,5.0,0,True,0.001,
3koaWT,9,33,CarrotHyrax,58.9,5.0,1,True,0.001,
3koaWT,9,34,CarrotHyrax,58.9,5.0,1,True,0.001,
3koaWT,9,35,CarrotHyrax,58.9,5.0,0,True,0.001,
3koaWT,9,36,CarrotHyrax,58.9,5.0,2,True,0.001,
3koaWT,9,37,CarrotHyrax,58.9,5.0,2,True,0.001,
3koaWT,9,38,CarrotHyrax,58.9,5.0,0,True,0.001,
3koaWT,9,39,CarrotHyrax,58.9,5.0,1,True,0.001,
3koaWT,9,40,CarrotHyrax,58.9,5.0,0,True,0.001,
3koaWT,9,41,CarrotHyrax,58.9,5.0,2,True,0.001,
3koaWT,9,42,CarrotHyrax,58.9,5.0,1,True,0.001,
3koaWT,9,43,CarrotHyrax,78.6,5.0,1,True,0.001,
3koaWT,9,44,CarrotHyrax,78.6,5.0,0,True,0.001,
3koaWT,9,45,CarrotHyrax,78.6,5.0,0,True,0.001,
3koaWT,9,46,CarrotHyrax,78.6,5.0,0,True,0.001,
3koaWT,9,47,CarrotHyrax,78.6,5.0,0,True,0.001,
3koaWT,9,48,CarrotHyrax,78.6,5.0,0,True,0.001,
3koaWT,9,49,CarrotHyrax,78.6,5.0,1,True,0.001,
3koaWT,9,50,CarrotHyrax,78.6,5.0,0,True,0.001,
3koaWT,9,51,CarrotHyrax,78.6,5.0,1,True,0.001,
3koaWT,9,52,CarrotHyrax,78.6,5.0,0,True,0.001,
3koaWT,9,53,CarrotHyrax,46.0,5.0,0,True,0.001,
3koaWT,9,54,CarrotHyrax,46.0,5.0,0,True,0.001,
3koaWT,9,55,CarrotHyrax,46.0,5.0,2,True,0.003,
3koaWT,9,56,CarrotHyrax,46.0,5.0,1,True,0.001,
3koaWT,9,57,CarrotHyrax,46.0,5.0,0,True,0.001,
3koaWT,9,58,CarrotHyrax,46.0,5.0,1,True,0.001,
3koaWT,9,59,CarrotHyrax,46.0,5.0,2,True,0.001,
3koaWT,9,60,CarrotHyrax,46.0,5.0,1,True,0.001,
3koaWT,9,61,CarrotHyrax,46.0,5.0,0,True,0.001,
3koaWT,9,62,CarrotHyrax,46.0,5.0,1,True,0.001,
3koaWT,9,63,CarrotHyrax,67.4,5.0,1,True,0.001,
3koaWT,9,64,CarrotHyrax,67.4,5.0,0,True,0.001,
3koaWT,9,65,CarrotHyrax,67.4,5.0,1,True,0.001,
3koaWT,9,66,CarrotHyrax,67.4,5.0,1,True,0.001,
3koaWT,9,67,CarrotHyrax,67.4,5.0,1,True,0.002,
3koaWT,9,68,CarrotHyrax,67.4,5.0,0,True,0.001,
3koaWT,9,69,CarrotHyrax,67.4,5.0,1,True,0.001,
3koaWT,9,70,CarrotHyrax,67.4,5.0,1,True,0.001,
3koaWT,9,71,CarrotHyrax,67.4,5.0,0,True,0.001,
3koaWT,9,72,CarrotHyrax,67.4,5.0,0,True,0.001,
3koaWT,9,73,CarrotHyrax,38.2,5.0,0,True,0.002,
3koaWT,9,74,CarrotHyrax,38.2,5.0,0,True,0.001,
3koaWT,9,75,CarrotHyrax,38.2,5.0,1,True,0.001,
3koaWT,9,76,CarrotHyrax,38.2,5.0,0,True,0.001,
3koaWT,9,77,CarrotHyrax,38.2,5.0,0,True,0.001,
3koaWT,9,78,CarrotHyrax,38.2,5.0,0,True,0.001,
3koaWT,9,79,CarrotHyrax,38.2,5.0,0,True,0.001,
3koaWT,9,80,CarrotHyrax,38.2,5.0,0,True,0.001,
3koaWT,9,81,CarrotHyrax,38.2,5.0,1,True,0.001,
3koaWT,9,82,CarrotHyrax,38.2,5.0,1,True,0.001,
3koaWT,9,83,CarrotHyrax,71.8,5.0,0,True,0.001,
3koaWT,9,84,CarrotHyrax,71.8,5.0,2,True,0.001,
3koaWT,9,85,CarrotHyrax,71.8,5.0,0,True,0.001,
3koaWT,9,86,CarrotHyrax,71.8,5.0,3,True,0.001,
3koaWT,9,87,CarrotHyrax,71.8,5.0,0,True,0.001,
3koaWT,9,88,CarrotHyrax,71.8,5.0,2,True,0.001,
3koaWT,9,89,CarrotHyrax,71.8,5.0,1,True,0.001,
3koaWT,9,90,CarrotHyrax,71.8,5.0,1,True,0.001,
3koaWT,9,91,CarrotHyrax,71.8,5.0,0,True,0.001,
3koaWT,9,92,CarrotHyrax,71.8,5.0,1,True,0.001,
3koaWT,9,93,CarrotHyrax,74.2,5.0,0,True,0.001,
3koaWT,9,94,CarrotHyrax,74.2,5.0,0,True,0.001,
3koaWT,9,95,CarrotHyrax,74.2,5.0,0,True,0.001,
3koaWT,9,96,CarrotHyrax,74.2,5.0,0,True,0.001,
3koaWT,9,97,CarrotHyrax,74.2,5.0,0,True,0.001,
3koaWT,9,98,CarrotHyrax,74.2,5.0,0,True,0.001,
3koaWT,9,99,CarrotHyrax,74.2,5.0,2,True,0.001,
3koaWT,9,100,CarrotHyrax,74.2,5.0,0,True,0.001,
3koaWT,10,1,CarrotHyrax,74.2,76.0,2,True,0.0,
3koaWT,10,2,CarrotHyrax,35.8,91.2,0,True,0.001,
3koaWT,10,3,CarrotHyrax,35.8,100.0,0,True,0.001,
3koaWT,10,4,CarrotHyrax,35.8,100.0,0,True,0.001,
3koaWT,10,5,CarrotHyrax,35.8,99.2,0,True,0.001,
3koaWT,10,6,CarrotHyrax,35.8,94.1,0,True,0.001,
3koaWT,10,7,CarrotHyrax,35.8,87.9,0,True,0.001,
3koaWT,10,8,CarrotHyrax,35.8,80.3,0,True,0.001,
3koaWT,10,9,CarrotHyrax,35.8,72.1,0,True,0.001,
3koaWT,10,10,CarrotHyrax,35.8,64.1,0,True,0.001,
3koaWT,10,11,CarrotHyrax,35.8,56.5,0,True,0.001,
3koaWT,10,12,CarrotHyrax,75.2,49.4,0,True,0.001,
3koaWT,10,13,CarrotHyrax,75.2,42.7,0,True,0.001,
3koaWT,10,14,CarrotHyrax,75.2,36.7,0,True,0.001,
3koaWT,10,15,CarrotHyrax,75.2,31.4,0,True,0.001,
3koaWT,10,16,CarrotHyrax,75.2,26.6,0,True,0.001,
3koaWT,10,17,CarrotHyrax,75.2,22.5,0,True,0.001,
3koaWT,10,18,CarrotHyrax,75.2,19.0,0,True,0.001,
3koaWT,10,19,CarrotHyrax,75.2,16.0,1,True,0.001,
3koaWT,10,20,CarrotHyrax,75.2,13.7,0,True,0.001,
3koaWT,10,21,CarrotHyrax,75.2,11.8,1,True,0.002,
3koaWT,10,22,CarrotHyrax,41.3,10.3,0,True,0.001,
3koaWT,10,23,CarrotHyrax,41.3,8.9,0,True,0.001,
3koaWT,10,24,CarrotHyrax,41.3,7.7,0,True,0.001,
3koaWT,10,25,CarrotHyrax,41.3,6.7,0,True,0.001,
3koaWT,10,26,CarrotHyrax,41.3,5.7,1,True,0.001,
3koaWT,10,27,CarrotHyrax,41.3,5.0,1,True,0.001,
3koaWT,10,28,CarrotHyrax,41.3,5.0,0,True,0.001,
3koaWT,10,29,CarrotHyrax,41.3,5.0,0,True,0.001,
3koaWT,10,30,CarrotHyrax,41.3,5.0,0,True,0.001,
3koaWT,10,31,CarrotHyrax,41.3,5.0,1,True,0.001,
3koaWT,10,32,CarrotHyrax,63.1,5.0,0,True,0.001,
3koaWT,10,33,CarrotHyrax,63.1,5.0,2,True,0.001,
3koaWT,10,34,CarrotHyrax,63.1,5.0,0,True,0.001,
3koaWT,10,35,CarrotHyrax,63.1,5.0,0,True,0.001,
3koaWT,10,36,CarrotHyrax,63.1,5.0,0,True,0.001,
3koaWT,10,37,CarrotHyrax,63.1,5.0,0,True,0.001,
3koaWT,10,38,CarrotHyrax,63.1,5.0,0,True,0.001,
3koaWT,10,39,CarrotHyrax,63.1,5.0,0,True,0.001,
3koaWT,10,40,CarrotHyrax,63.1,5.0,0,True,0.001,
3koaWT,10,41,CarrotHyrax,63.1,5.0,0,True,0.001,
3koaWT,10,42,CarrotHyrax,31.8,5.0,0,True,0.001,
3koaWT,10,43,CarrotHyrax,31.8,5.0,0,True,0.001,
3koaWT,10,44,CarrotHyrax,31.8,5.0,1,True,0.001,
3koaWT,10,45,CarrotHyrax,31.8,5.0,1,True,0.001,
3koaWT,10,46,CarrotHyrax,31.8,5.0,1,True,0.001,
3koaWT,10,47,CarrotHyrax,31.8,5.0,1,True,0.001,
3koaWT,10,48,CarrotHyrax,31.8,5.0,1,True,0.001,
3koaWT,10,49,CarrotHyrax,31.8,5.0,1,True,0.001,
3koaWT,10,50,CarrotHyrax,31.8,5.0,0,True,0.001,
3koaWT,10,51,CarrotHyrax,31.8,5.0,0,True,0.001,
3koaWT,10,52,CarrotHyrax,66.0,5.0,0,True,0.001,
3koaWT,10,53,CarrotHyrax,66.0,5.0,0,True,0.001,
3koaWT,10,54,CarrotHyrax,66.0,5.0,0,True,0.001,
3koaWT,10,55,CarrotHyrax,66.0,5.0,0,True,0.001,
3koaWT,10,56,CarrotHyrax,66.0,5.0,0,True,0.001,
3koaWT,10,57,CarrotHyrax,66.0,5.0,0,True,0.001,
3koaWT,10,58,CarrotHyrax,66.0,5.0,1,True,0.001,
3koaWT,10,59,CarrotHyrax,66.0,5.0,0,True,0.001,
3koaWT,10,60,CarrotHyrax,66.0,5.0,1,True,0.001,
3koaWT,10,61,CarrotHyrax,66.0,5.0,0,True,0.001,
3koaWT,10,62,CarrotHyrax,31.6,5.0,0,True,0.001,
3koaWT,10,63,CarrotHyrax,31.6,5.0,0,True,0.001,
3koaWT,10,64,CarrotHyrax,31.6,5.0,0,True,0.001,
3koaWT,10,65,CarrotHyrax,31.6,5.0,0,True,0.001,
3koaWT,10,66,CarrotHyrax,31.6,5.0,0,True,0.001,
3koaWT,10,67,CarrotHyrax,31.6,5.0,1,True,0.001,
3koaWT,10,68,CarrotHyrax,31.6,5.0,1,True,0.001,
3koaWT,10,69,CarrotHyrax,31.6,5.0,0,True,0.001,
3koaWT,10,70,CarrotHyrax,31.6,5.0,0,True,0.001,
3koaWT,10,71,CarrotHyrax,31.6,5.0,0,True,0.001,
3koaWT,10,72,CarrotHyrax,76.3,5.0,1,True,0.001,
3koaWT,10,73,CarrotHyrax,76.3,5.0,0,True,0.001,
3koaWT,10,74,CarrotHyrax,76.3,5.0,3,True,0.001,
3koaWT,10,75,CarrotHyrax,76.3,5.0,0,True,0.001,
3koaWT,10,76,CarrotHyrax,76.3,5.0,0,True,0.001,
3koaWT,10,77,CarrotHyrax,76.3,5.0,0,True,0.001,
3koaWT,10,78,CarrotHyrax,76.3,5.0,1,True,0.001,
3koaWT,10,79,CarrotHyrax,76.3,5.0,1,True,0.001,
3koaWT,10,80,CarrotHyrax,76.3,5.0,2,True,0.001,
3koaWT,10,81,CarrotHyrax,76.3,5.0,0,True,0.001,
3koaWT,10,82,CarrotHyrax,59.8,5.0,1,True,0.001,
3koaWT,10,83,CarrotHyrax,59.8,5.0,1,True,0.001,
3koaWT,10,84,CarrotHyrax,59.8,5.0,0,True,0.001,
3koaWT,10,85,CarrotHyrax,59.8,5.0,0,True,0.001,
3koaWT,10,86,CarrotHyrax,59.8,5.0,0,True,0.001,
3koaWT,10,87,CarrotHyrax,59.8,5.0,0,True,0.001,
3koaWT,10,88,CarrotHyrax,59.8,5.0,1,True,0.001,
3koaWT,10,89,CarrotHyrax,59.8,5.0,0,True,0.001,
3koaWT,10,90,CarrotHyrax,59.8,5.0,4,True,0.001,
3koaWT,10,91,CarrotHyrax,59.8,5.0,1,True,0.001,
3koaWT,10,92,CarrotHyrax,43.2,5.0,1,True,0.001,
3koaWT,10,93,CarrotHyrax,43.2,5.0,0,True,0.001,
3koaWT,10,94,CarrotHyrax,43.2,5.0,0,True,0.001,
3koaWT,10,95,CarrotHyrax,43.2,5.0,0,True,0.001,
3koaWT,10,96,CarrotHyrax,43.2,5.0,1,True,0.001,
3koaWT,10,97,CarrotHyrax,43.2,5.0,1,True,0.001,
3koaWT,10,98,CarrotHyrax,43.2,5.0,0,True,0.001,
3koaWT,10,99,CarrotHyrax,43.2,5.0,0,True,0.001,
3koaWT,10,100,CarrotHyrax,43.2,5.0,0,True,0.001,
3koaWT,11,1,CarrotHyrax,58.6,40.0,1,True,0.0,
3koaWT,11,2,CarrotHyrax,58.6,46.0,0,True,0.001,
3koaWT,11,3,CarrotHyrax,58.6,44.4,1,True,0.001,
3koaWT,11,4,CarrotHyrax,58.6,46.8,0,True,0.001,
3koaWT,11,5,CarrotHyrax,58.6,46.5,0,True,0.001,
3koaWT,11,6,CarrotHyrax,58.6,44.1,0,True,0.001,
3koaWT,11,7,CarrotHyrax,58.6,41.2,0,True,0.001,
3koaWT,11,8,CarrotHyrax,58.6,37.6,1,True,0.001,
3koaWT,11,9,CarrotHyrax,58.6,35.6,0,True,0.001,
3koaWT,11,10,CarrotHyrax,58.6,33.2,0,True,0.001,
3koaWT,11,11,CarrotHyrax,44.2,30.6,0,True,0.001,
3koaWT,11,12,CarrotHyrax,44.2,27.9,0,True,0.001,
3koaWT,11,13,CarrotHyrax,44.2,25.1,0,True,0.001,
3koaWT,11,14,CarrotHyrax,44.2,22.3,1,True,0.001,
3koaWT,11,15,CarrotHyrax,44.2,20.2,0,True,0.001,
3koaWT,11,16,CarrotHyrax,44.2,18.2,0,True,0.001,
3koaWT,11,17,CarrotHyrax,44.2,16.2,0,True,0.001,
3koaWT,11,18,CarrotHyrax,44.2,14.4,1,True,0.001,
3koaWT,11,19,CarrotHyrax,44.2,13.0,1,True,0.013,
3koaWT,11,20,CarrotHyrax,44.2,11.9,0,True,0.006,
3koaWT,11,21,CarrotHyrax,40.1,10.9,2,True,0.001,
3koaWT,11,22,CarrotHyrax,40.1,10.3,0,True,0.001,
3koaWT,11,23,CarrotHyrax,40.1,9.7,0,True,0.001,
3koaWT,11,24,CarrotHyrax,40.1,9.0,0,True,0.001,
3koaWT,11,25,CarrotHyrax,40.1,8.3,0,True,0.001,
3koaWT,11,26,CarrotHyrax,40.1,7.6,1,True,0.001,
3koaWT,11,27,CarrotHyrax,40.1,7.1,0,True,0.001,
3koaWT,11,28,CarrotHyrax,40.1,6.6,0,True,0.001,
3koaWT,11,29,CarrotHyrax,40.1,6.0,0,True,0.001,
3koaWT,11,30,CarrotHyrax,40.1,5.5,2,True,0.001,
3koaWT,11,31,CarrotHyrax,79.7,5.2,2,True,0.001,
3koaWT,11,32,CarrotHyrax,79.7,5.0,1,True,0.001,
3koaWT,11,33,CarrotHyrax,79.7,5.0,0,True,0.002,
3koaWT,11,34,CarrotHyrax,79.7,5.0,0,True,0.003,
3koaWT,11,35,CarrotHyrax,79.7,5.0,1,True,0.003,
3koaWT,11,36,CarrotHyrax,79.7,5.0,0,True,0.01,
3koaWT,11,37,CarrotHyrax,79.7,5.0,1,True,0.003,
3koaWT,11,38,CarrotHyrax,79.7,5.0,0,True,0.016,
3koaWT,11,39,CarrotHyrax,79.7,5.0,0,True,0.029,
3koaWT,11,40,CarrotHyrax,79.7,5.0,3,True,0.018,
3koaWT,11,41,CarrotHyrax,60.4,5.0,0,True,0.002,
3koaWT,11,42,CarrotHyrax,60.4,5.0,0,True,0.014,
3koaWT,11,43,CarrotHyrax,60.4,5.0,0,True,0.012,
3koaWT,11,44,CarrotHyrax,60.4,5.0,1,True,0.015,
3koaWT,11,45,CarrotHyrax,60.4,5.0,1,True,0.002,
3koaWT,11,46,CarrotHyrax,60.4,5.0,0,True,0.02,
3koaWT,11,47,CarrotHyrax,60.4,5.0,0,True,0.008,
3koaWT,11,48,CarrotHyrax,60.4,5.0,1,True,0.015,
3koaWT,11,49,CarrotHyrax,60.4,5.0,0,True,0.002,
3koaWT,11,50,CarrotHyrax,60.4,5.0,0,True,0.001,
3koaWT,11,51,CarrotHyrax,66.7,5.0,0,True,0.004,
3koaWT,11,52,CarrotHyrax,66.7,5.0,0,True,0.005,
3koaWT,11,53,CarrotHyrax,66.7,5.0,0,True,0.006,
3koaWT,11,54,CarrotHyrax,66.7,5.0,0,True,0.006,
3koaWT,11,55,CarrotHyrax,66.7,5.0,0,True,0.002,
3koaWT,11,56,CarrotHyrax,66.7,5.0,1,True,0.005,
3koaWT,11,57,CarrotHyrax,66.7,5.0,0,True,0.005,
3koaWT,11,58,CarrotHyrax,66.7,5.0,0,True,0.001,
3koaWT,11,59,CarrotHyrax,66.7,5.0,1,True,0.003,
3koaWT,11,60,CarrotHyrax,66.7,5.0,1,True,0.001,
3koaWT,11,61,CarrotHyrax,51.8,5.0,1,True,0.004,
3koaWT,11,62,CarrotHyrax,51.8,5.0,0,True,0.002,
3koaWT,11,63,CarrotHyrax,51.8,5.0,0,True,0.003,
3koaWT,11,64,CarrotHyrax,51.8,5.0,2,True,0.001,
3koaWT,11,65,CarrotHyrax,51.8,5.0,1,True,0.001,
3koaWT,11,66,CarrotHyrax,51.8,5.0,0,True,0.001,
3koaWT,11,67,CarrotHyrax,51.8,5.0,1,True,0.002,
3koaWT,11,68,CarrotHyrax,51.8,5.0,0,True,0.001,
3koaWT,11,69,CarrotHyrax,51.8,5.0,0,True,0.001,
3koaWT,11,70,CarrotHyrax,51.8,5.0,1,True,0.001,
3koaWT,11,71,CarrotHyrax,54.5,5.0,3,True,0.001,
3koaWT,11,72,CarrotHyrax,54.5,5.0,0,True,0.001,
3koaWT,11,73,CarrotHyrax,54.5,5.0,0,True,0.001,
3koaWT,11,74,CarrotHyrax,54.5,5.0,0,True,0.001,
3koaWT,11,75,CarrotHyrax,54.5,5.0,1,True,0.001,
3koaWT,11,76,CarrotHyrax,54.5,5.0,1,True,0.001,
3koaWT,11,77,CarrotHyrax,54.5,5.0,1,True,0.001,
3koaWT,11,78,CarrotHyrax,54.5,5.0,0,True,0.001,
3koaWT,11,79,CarrotHyrax,54.5,5.0,1,True,0.001,
3koaWT,11,80,CarrotHyrax,54.5,5.0,1,True,0.001,
3koaWT,11,81,CarrotHyrax,71.2,5.0,0,True,0.001,
3koaWT,11,82,CarrotHyrax,71.2,5.0,0,True,0.001,
3koaWT,11,83,CarrotHyrax,71.2,5.0,1,True,0.001,
3koaWT,11,84,CarrotHyrax,71.2,5.0,0,True,0.001,
3koaWT,11,85,CarrotHyrax,71.2,5.0,1,True,0.001,
3koaWT,11,86,CarrotHyrax,71.2,5.0,0,True,0.001,
3koaWT,11,87,CarrotHyrax,71.2,5.0,0,True,0.001,
3koaWT,11,88,CarrotHyrax,71.2,5.0,1,True,0.001,
3koaWT,11,89,CarrotHyrax,71.2,5.0,1,True,0.001,
3koaWT,11,90,CarrotHyrax,71.2,5.0,0,True,0.001,
3koaWT,11,91,CarrotHyrax,39.1,5.0,0,True,0.001,
3koaWT,11,92,CarrotHyrax,39.1,5.0,1,True,0.001,
3koaWT,11,93,CarrotHyrax,39.1,5.0,0,True,0.001,
3koaWT,11,94,CarrotHyrax,39.1,5.0,0,True,0.001,
3koaWT,11,95,CarrotHyrax,39.1,5.0,0,True,0.001,
3koaWT,11,96,CarrotHyrax,39.1,5.0,0,True,0.001,
3koaWT,11,97,CarrotHyrax,39.1,5.0,0,True,0.001,
3koaWT,11,98,CarrotHyrax,39.1,5.0,0,True,0.001,
3koaWT,11,99,CarrotHyrax,39.1,5.0,1,True,0.001,
3koaWT,11,100,CarrotHyrax,39.1,5.0,2,True,0.001,
3koaWT,12,1,CarrotHyrax,35.0,74.0,0,True,0.0,
3koaWT,12,2,CarrotHyrax,35.0,59.2,0,True,0.001,
3koaWT,12,3,CarrotHyrax,35.0,47.4,0,True,0.001,
3koaWT,12,4,CarrotHyrax,35.0,37.9,0,True,0.001,
3koaWT,12,5,CarrotHyrax,35.0,30.3,0,True,0.001,
3koaWT,12,6,CarrotHyrax,35.0,24.2,0,True,0.002,
3koaWT,12,7,CarrotHyrax,35.0,19.4,0,True,0.001,
3koaWT,12,8,CarrotHyrax,35.0,15.5,1,True,0.001,
3koaWT,12,9,CarrotHyrax,35.0,13.2,0,True,0.001,
3koaWT,12,10,CarrotHyrax,51.4,11.1,0,True,0.001,
3koaWT,12,11,CarrotHyrax,51.4,9.4,1,True,0.001,
3koaWT,12,12,CarrotHyrax,51.4,8.2,0,True,0.001,
3koaWT,12,13,CarrotHyrax,51.4,7.1,1,True,0.001,
3koaWT,12,14,CarrotHyrax,51.4,6.3,0,True,0.001,
3koaWT,12,15,CarrotHyrax,51.4,5.5,0,True,0.001,
3koaWT,12,16,CarrotHyrax,51.4,5.0,0,True,0.001,
3koaWT,12,17,CarrotHyrax,51.4,5.0,0,True,0.001,
3koaWT,12,18,CarrotHyrax,51.4,5.0,0,True,0.001,
3koaWT,12,19,CarrotHyrax,51.4,5.0,1,True,0.001,
3koaWT,12,20,CarrotHyrax,52.3,5.0,0,True,0.001,
3koaWT,12,21,CarrotHyrax,52.3,5.0,0,True,0.001,
3koaWT,12,22,CarrotHyrax,52.3,5.0,0,True,0.001,
3koaWT,12,23,CarrotHyrax,52.3,5.0,0,True,0.001,
3koaWT,12,24,CarrotHyrax,52.3,5.0,0,True,0.001,
3koaWT,12,25,CarrotHyrax,52.3,5.0,1,True,0.002,
3koaWT,12,26,CarrotHyrax,52.3,5.0,2,True,0.001,
3koaWT,12,27,CarrotHyrax,52.3,5.0,0,True,0.003,
3koaWT,12,28,CarrotHyrax,52.3,5.0,0,True,0.001,
3koaWT,12,29,CarrotHyrax,52.3,5.0,0,True,0.001,
3koaWT,12,30,CarrotHyrax,41.9,5.0,0,True,0.001,
3koaWT,12,31,CarrotHyrax,41.9,5.0,1,True,0.003,
3koaWT,12,32,CarrotHyrax,41.9,5.0,0,True,0.001,
3koaWT,12,33,CarrotHyrax,41.9,5.0,0,True,0.002,
3koaWT,12,34,CarrotHyrax,41.9,5.0,1,True,0.001,
3koaWT,12,35,CarrotHyrax,41.9,5.0,0,True,0.001,
3koaWT,12,36,CarrotHyrax,41.9,5.0,0,True,0.002,
3koaWT,12,37,CarrotHyrax,41.9,5.0,0,True,0.001,
3koaWT,12,38,CarrotHyrax,41.9,5.0,0,True,0.001,
3koaWT,12,39,CarrotHyrax,41.9,5.0,1,True,0.001,
3koaWT,12,40,CarrotHyrax,76.8,5.0,1,True,0.001,
3koaWT,12,41,CarrotHyrax,76.8,5.0,1,True,0.001,
3koaWT,12,42,CarrotHyrax,76.8,5.0,0,True,0.001,
3koaWT,12,43,CarrotHyrax,76.8,5.0,1,True,0.001,
3koaWT,12,44,CarrotHyrax,76.8,5.0,0,True,0.001,
3koaWT,12,45,CarrotHyrax,76.8,5.0,0,True,0.001,
3koaWT,12,46,CarrotHyrax,76.8,5.0,0,True,0.001,
3koaWT,12,47,CarrotHyrax,76.8,5.0,1,True,0.001,
3koaWT,12,48,CarrotHyrax,76.8,5.0,0,True,0.001,
3koaWT,12,49,CarrotHyrax,76.8,5.0,0,True,0.001,
3koaWT,12,50,CarrotHyrax,38.5,5.0,2,True,0.002,
3koaWT,12,51,CarrotHyrax,38.5,5.0,0,True,0.001,
3koaWT,12,52,CarrotHyrax,38.5,5.0,3,True,0.001,
3koaWT,12,53,CarrotHyrax,38.5,5.0,0,True,0.001,
3koaWT,12,54,CarrotHyrax,38.5,5.0,0,True,0.001,
3koaWT,12,55,CarrotHyrax,38.5,5.0,2,True,0.001,
3koaWT,12,56,CarrotHyrax,38.5,5.0,1,True,0.001,
3koaWT,12,57,CarrotHyrax,38.5,5.0,1,True,0.001,
3koaWT,12,58,CarrotHyrax,38.5,5.0,0,True,0.001,
3koaWT,12,59,CarrotHyrax,38.5,5.0,0,True,0.001,
3koaWT,12,60,CarrotHyrax,40.9,5.0,0,True,0.001,
3koaWT,12,61,CarrotHyrax,40.9,5.0,1,True,0.001,
3koaWT,12,62,CarrotHyrax,40.9,5.0,0,True,0.001,
3koaWT,12,63,CarrotHyrax,40.9,5.0,1,True,0.002,
3koaWT,12,64,CarrotHyrax,40.9,5.0,0,True,0.001,
3koaWT,12,65,CarrotHyrax,40.9,5.0,0,True,0.001,
3koaWT,12,66,CarrotHyrax,40.9,5.0,0,True,0.001,
3koaWT,12,67,CarrotHyrax,40.9,5.0,1,True,0.001,
3koaWT,12,68,CarrotHyrax,40.9,5.0,1,True,0.001,
3koaWT,12,69,CarrotHyrax,40.9,5.0,1,True,0.001,
3koaWT,12,70,CarrotHyrax,57.6,5.0,0,True,0.001,
3koaWT,12,71,CarrotHyrax,57.6,5.0,1,True,0.001,
3koaWT,12,72,CarrotHyrax,57.6,5.0,2,True,0.001,
3koaWT,12,73,CarrotHyrax,57.6,5.0,1,True,0.001,
3koaWT,12,74,CarrotHyrax,57.6,5.0,0,True,0.001,
3koaWT,12,75,CarrotHyrax,57.6,5.0,0,True,0.001,
3koaWT,12,76,CarrotHyrax,57.6,5.0,0,True,0.001,
3koaWT,12,77,CarrotHyrax,57.6,5.0,0,True,0.001,
3koaWT,12,78,CarrotHyrax,57.6,5.0,0,True,0.001,
3koaWT,12,79,CarrotHyrax,57.6,5.0,1,True,0.001,
3koaWT,12,80,CarrotHyrax,39.7,5.0,2,True,0.001,
3koaWT,12,81,CarrotHyrax,39.7,5.0,0,True,0.001,
3koaWT,12,82,CarrotHyrax,39.7,5.0,1,True,0.001,
3koaWT,12,83,CarrotHyrax,39.7,5.0,0,True,0.001,
3koaWT,12,84,CarrotHyrax,39.7,5.0,0,True,0.001,
3koaWT,12,85,CarrotHyrax,39.7,5.0,0,True,0.001,
3koaWT,12,86,CarrotHyrax,39.7,5.0,0,True,0.001,
3koaWT,12,87,CarrotHyrax,39.7,5.0,0,True,0.001,
3koaWT,12,88,CarrotHyrax,39.7,5.0,0,True,0.001,
3koaWT,12,89,CarrotHyrax,39.7,5.0,1,True,0.001,
3koaWT,12,90,CarrotHyrax,39.8,5.0,1,True,0.001,
3koaWT,12,91,CarrotHyrax,39.8,5.0,0,True,0.001,
3koaWT,12,92,CarrotHyrax,39.8,5.0,0,True,0.001,
3koaWT,12,93,CarrotHyrax,39.8,5.0,1,True,0.001,
3koaWT,12,94,CarrotHyrax,39.8,5.0,0,True,0.001,
3koaWT,12,95,CarrotHyrax,39.8,5.0,2,True,0.001,
3koaWT,12,96,CarrotHyrax,39.8,5.0,1,True,0.001,
3koaWT,12,97,CarrotHyrax,39.8,5.0,0,True,0.001,
3koaWT,12,98,CarrotHyrax,39.8,5.0,2,True,0.001,
3koaWT,12,99,CarrotHyrax,39.8,5.0,1,True,0.001,
3koaWT,12,100,CarrotHyrax,67.1,5.0,3,True,0.001,
3koaWT,13,1,CarrotHyrax,67.1,71.0,1,True,0.0,
3koaWT,13,2,CarrotHyrax,67.1,81.6,0,True,0.001,
3koaWT,13,3,CarrotHyrax,67.1,78.8,0,True,0.001,
3koaWT,13,4,CarrotHyrax,67.1,73.1,0,True,0.001,
3koaWT,13,5,CarrotHyrax,67.1,65.5,2,True,0.001,
3koaWT,13,6,CarrotHyrax,67.1,67.0,0,True,0.001,
3koaWT,13,7,CarrotHyrax,67.1,67.1,0,True,0.001,
3koaWT,13,8,CarrotHyrax,67.1,65.1,0,True,0.002,
3koaWT,13,9,CarrotHyrax,37.1,61.7,0,True,0.001,
3koaWT,13,10,CarrotHyrax,37.1,57.5,0,True,0.001,
3koaWT,13,11,CarrotHyrax,37.1,53.0,0,True,0.001,
3koaWT,13,12,CarrotHyrax,37.1,48.3,0,True,0.001,
3koaWT,13,13,CarrotHyrax,37.1,43.4,0,True,0.001,
3koaWT,13,14,CarrotHyrax,37.1,38.6,0,True,0.001,
3koaWT,13,15,CarrotHyrax,37.1,34.0,2,True,0.001,
3koaWT,13,16,CarrotHyrax,37.1,31.4,1,True,0.001,
3koaWT,13,17,CarrotHyrax,37.1,29.4,2,True,0.001,
3koaWT,13,18,CarrotHyrax,37.1,28.6,1,True,0.001,
3koaWT,13,19,CarrotHyrax,33.6,28.2,1,True,0.001,
3koaWT,13,20,CarrotHyrax,33.6,28.2,0,True,0.001,
3koaWT,13,21,CarrotHyrax,33.6,27.9,0,True,0.001,
3koaWT,13,22,CarrotHyrax,33.6,27.3,0,True,0.001,
3koaWT,13,23,CarrotHyrax,33.6,26.6,0,True,0.001,
3koaWT,13,24,CarrotHyrax,33.6,25.6,0,True,0.001,
3koaWT,13,25,CarrotHyrax,33.6,24.5,0,True,0.001,
3koaWT,13,26,CarrotHyrax,33.6,23.3,1,True,0.001,
3koaWT,13,27,CarrotHyrax,33.6,22.3,4,True,0.001,
3koaWT,13,28,CarrotHyrax,33.6,22.5,0,True,0.001,
3koaWT,13,29,CarrotHyrax,35.9,22.4,0,True,0.001,
3koaWT,13,30,CarrotHyrax,35.9,22.2,1,True,0.001,
3koaWT,13,31,CarrotHyrax,35.9,22.2,0,True,0.001,
3koaWT,13,32,CarrotHyrax,35.9,22.0,1,True,0.001,
3koaWT,13,33,CarrotHyrax,35.9,21.9,0,True,0.001,
3koaWT,13,34,CarrotHyrax,35.9,21.8,0,True,0.001,
3koaWT,13,35,CarrotHyrax,35.9,21.5,0,True,0.001,
3koaWT,13,36,CarrotHyrax,35.9,21.1,0,True,0.001,
3koaWT,13,37,CarrotHyrax,35.9,20.6,1,True,0.001,
3koaWT,13,38,CarrotHyrax,35.9,20.2,0,True,0.001,
3koaWT,13,39,CarrotHyrax,38.6,19.8,1,True,0.001,
3koaWT,13,40,CarrotHyrax,38.6,19.5,1,True,0.001,
3koaWT,13,41,CarrotHyrax,38.6,19.3,1,True,0.001,
3koaWT,13,42,CarrotHyrax,38.6,19.1,1,True,0.001,
3koaWT,13,43,CarrotHyrax,38.6,19.1,0,True,0.001,
3koaWT,13,44,CarrotHyrax,38.6,19.0,2,True,0.001,
3koaWT,13,45,CarrotHyrax,38.6,19.1,2,True,0.001,
3koaWT,13,46,CarrotHyrax,38.6,19.5,1,True,0.001,
3koaWT,13,47,CarrotHyrax,38.6,20.0,0,True,0.001,
3koaWT,13,48,CarrotHyrax,38.6,20.4,1,True,0.001,
3koaWT,13,49,CarrotHyrax,52.2,20.9,2,True,0.001,
3koaWT,13,50,CarrotHyrax,52.2,21.6,0,True,0.001,
3koaWT,13,51,CarrotHyrax,52.2,22.2,1,True,0.001,
3koaWT,13,52,CarrotHyrax,52.2,22.9,1,True,0.001,
3koaWT,13,53,CarrotHyrax,52.2,23.6,1,True,0.001,
3koaWT,13,54,CarrotHyrax,52.2,24.4,1,True,0.001,
3koaWT,13,55,CarrotHyrax,52.2,25.1,0,True,0.001,
3koaWT,13,56,CarrotHyrax,52.2,25.8,1,True,0.001,
3koaWT,13,57,CarrotHyrax,52.2,26.5,0,True,0.001,
3koaWT,13,58,CarrotHyrax,52.2,27.2,1,True,0.002,
3koaWT,13,59,CarrotHyrax,46.4,27.9,0,True,0.001,
3koaWT,13,60,CarrotHyrax,46.4,28.5,2,True,0.001,
3koaWT,13,61,CarrotHyrax,46.4,29.2,0,True,0.001,
3koaWT,13,62,CarrotHyrax,46.4,29.8,1,True,0.001,
3koaWT,13,63,CarrotHyrax,46.4,30.5,0,True,0.001,
3koaWT,13,64,CarrotHyrax,46.4,31.0,0,True,0.001,
3koaWT,13,65,CarrotHyrax,46.4,31.2,0,True,0.001,
3koaWT,13,66,CarrotHyrax,46.4,31.3,0,True,0.001,
3koaWT,13,67,CarrotHyrax,46.4,31.2,1,True,0.001,
3koaWT,13,68,CarrotHyrax,46.4,31.0,0,True,0.001,
3koaWT,13,69,CarrotHyrax,53.7,30.7,1,True,0.001,
3koaWT,13,70,CarrotHyrax,53.7,30.4,0,True,0.001,
3koaWT,13,71,CarrotHyrax,53.7,30.0,1,True,0.001,
3koaWT,13,72,CarrotHyrax,53.7,29.6,0,True,0.001,
3koaWT,13,73,CarrotHyrax,53.7,29.0,0,True,0.001,
3koaWT,13,74,CarrotHyrax,53.7,28.3,1,True,0.001,
3koaWT,13,75,CarrotHyrax,53.7,27.5,0,True,0.001,
3koaWT,13,76,CarrotHyrax,53.7,26.7,1,True,0.001,
3koaWT,13,77,CarrotHyrax,53.7,25.8,0,True,0.001,
3koaWT,13,78,CarrotHyrax,53.7,24.9,0,True,0.001,
3koaWT,13,79,CarrotHyrax,59.5,23.9,1,True,0.001,
3koaWT,13,80,CarrotHyrax,59.5,23.0,1,True,0.001,
3koaWT,13,81,CarrotHyrax,59.5,22.0,2,True,0.001,
3koaWT,13,82,CarrotHyrax,59.5,21.2,2,True,0.001,
3koaWT,13,83,CarrotHyrax,59.5,20.5,1,True,0.001,
3koaWT,13,84,CarrotHyrax,59.5,19.8,0,True,0.001,
3koaWT,13,85,CarrotHyrax,59.5,19.0,0,True,0.001,
3koaWT,13,86,CarrotHyrax,59.5,18.2,1,True,0.001,
3koaWT,13,87,CarrotHyrax,59.5,17.5,0,True,0.001,
3koaWT,13,88,CarrotHyrax,59.5,16.7,1,True,0.001,
3koaWT,13,89,CarrotHyrax,57.4,15.9,0,True,0.001,
3koaWT,13,90,CarrotHyrax,57.4,15.1,0,True,0.001,
3koaWT,13,91,CarrotHyrax,57.4,14.4,1,True,0.001,
3koaWT,13,92,CarrotHyrax,57.4,13.7,1,True,0.001,
3koaWT,13,93,CarrotHyrax,57.4,13.0,0,True,0.001,
3koaWT,13,94,CarrotHyrax,57.4,12.3,0,True,0.001,
3koaWT,13,95,CarrotHyrax,57.4,11.7,0,True,0.001,
3koaWT,13,96,CarrotHyrax,57.4,11.0,1,True,0.001,
3koaWT,13,97,CarrotHyrax,57.4,10.4,1,True,0.001,
3koaWT,13,98,CarrotHyrax,57.4,9.9,0,True,0.001,
3koaWT,13,99,CarrotHyrax,31.0,9.4,2,True,0.001,
3koaWT,13,100,CarrotHyrax,31.0,8.9,0,True,0.001,
3koaWT,14,1,CarrotHyrax,31.0,32.0,0,True,0.0,
3koaWT,14,2,CarrotHyrax,31.0,25.6,0,True,0.001,
3koaWT,14,3,CarrotHyrax,31.0,20.5,0,True,0.001,
3koaWT,14,4,CarrotHyrax,31.0,16.4,0,True,0.001,
3koaWT,14,5,CarrotHyrax,31.0,13.1,0,True,0.001,
3koaWT,14,6,CarrotHyrax,31.0,10.5,0,True,0.001,
3koaWT,14,7,CarrotHyrax,31.0,8.4,0,True,0.001,
3koaWT,14,8,CarrotHyrax,40.9,6.7,1,True,0.001,
3koaWT,14,9,CarrotHyrax,40.9,5.7,0,True,0.001,
3koaWT,14,10,CarrotHyrax,40.9,5.0,1,True,0.001,
3koaWT,14,11,CarrotHyrax,40.9,5.0,1,True,0.001,
3koaWT,14,12,CarrotHyrax,40.9,5.0,1,True,0.001,
3koaWT,14,13,CarrotHyrax,40.9,5.0,0,True,0.001,
3koaWT,14,14,CarrotHyrax,40.9,5.0,0,True,0.001,
3koaWT,14,15,CarrotHyrax,40.9,5.0,1,True,0.001,
3koaWT,14,16,CarrotHyrax,40.9,5.0,0,True,0.001,
3koaWT,14,17,CarrotHyrax,40.9,5.0,0,True,0.001,
3koaWT,14,18,CarrotHyrax,46.1,5.0,1,True,0.001,
3koaWT,14,19,CarrotHyrax,46.1,5.0,1,True,0.001,
3koaWT,14,20,CarrotHyrax,46.1,5.0,0,True,0.001,
3koaWT,14,21,CarrotHyrax,46.1,5.0,0,True,0.001,
3koaWT,14,22,CarrotHyrax,46.1,5.0,0,True,0.001,
3koaWT,14,23,CarrotHyrax,46.1,5.0,1,True,0.001,
3koaWT,14,24,CarrotHyrax,46.1,5.0,0,True,0.001,
3koaWT,14,25,CarrotHyrax,46.1,5.0,0,True,0.001,
3koaWT,14,26,CarrotHyrax,46.1,5.0,0,True,0.001,
3koaWT,14,27,CarrotHyrax,46.1,5.0,0,True,0.001,
3koaWT,14,28,CarrotHyrax,71.2,5.0,0,True,0.001,
3koaWT,14,29,CarrotHyrax,71.2,5.0,0,True,0.001,
3koaWT,14,30,CarrotHyrax,71.2,5.0,0,True,0.001,
3koaWT,14,31,CarrotHyrax,71.2,5.0,1,True,0.001,
3koaWT,14,32,CarrotHyrax,71.2,5.0,2,True,0.001,
3koaWT,14,33,CarrotHyrax,71.2,5.0,0,True,0.001,
3koaWT,14,34,CarrotHyrax,71.2,5.0,1,True,0.001,
3koaWT,14,35,CarrotHyrax,71.2,5.0,0,True,0.001,
3koaWT,14,36,CarrotHyrax,71.2,5.0,0,True,0.001,
3koaWT,14,37,CarrotHyrax,71.2,5.0,1,True,0.001,
3koaWT,14,38,CarrotHyrax,31.7,5.0,0,True,0.001,
3koaWT,14,39,CarrotHyrax,31.7,5.0,0,True,0.001,
3koaWT,14,40,CarrotHyrax,31.7,5.0,1,True,0.001,
3koaWT,14,41,CarrotHyrax,31.7,5.0,0,True,0.001,
3koaWT,14,42,CarrotHyrax,31.7,5.0,3,True,0.001,
3koaWT,14,43,CarrotHyrax,31.7,5.0,0,True,0.001,
3koaWT,14,44,CarrotHyrax,31.7,5.0,0,True,0.001,
3koaWT,14,45,CarrotHyrax,31.7,5.0,0,True,0.001,
3koaWT,14,46,CarrotHyrax,31.7,5.0,1,True,0.001,
3koaWT,14,47,CarrotHyrax,31.7,5.0,0,True,0.001,
3koaWT,14,48,CarrotHyrax,76.8,5.0,0,True,0.001,
3koaWT,14,49,CarrotHyrax,76.8,5.0,0,True,0.001,
3koaWT,14,50,CarrotHyrax,76.8,5.0,0,True,0.001,
3koaWT,14,51,CarrotHyrax,76.8,5.0,0,True,0.001,
3koaWT,14,52,CarrotHyrax,76.8,5.0,1,True,0.001,
3koaWT,14,53,CarrotHyrax,76.8,5.0,0,True,0.001,
3koaWT,14,54,CarrotHyrax,76.8,5.0,0,True,0.001,
3koaWT,14,55,CarrotHyrax,76.8,5.0,1,True,0.001,
3koaWT,14,56,CarrotHyrax,76.8,5.0,0,True,0.001,
3koaWT,14,57,CarrotHyrax,76.8,5.0,1,True,0.001,
3koaWT,14,58,CarrotHyrax,55.7,5.0,1,True,0.001,
3koaWT,14,59,CarrotHyrax,55.7,5.0,1,True,0.001,
3koaWT,14,60,CarrotHyrax,55.7,5.0,1,True,0.001,
3koaWT,14,61,CarrotHyrax,55.7,5.0,0,True,0.001,
3koaWT,14,62,CarrotHyrax,55.7,5.0,0,True,0.001,
3koaWT,14,63,CarrotHyrax,55.7,5.0,0,True,0.001,
3koaWT,14,64,CarrotHyrax,55.7,5.0,0,True,0.001,
3koaWT,14,65,CarrotHyrax,55.7,5.0,0,True,0.001,
3koaWT,14,66,CarrotHyrax,55.7,5.0,1,True,0.001,
3koaWT,14,67,CarrotHyrax,55.7,5.0,0,True,0.001,
3koaWT,14,68,CarrotHyrax,48.5,5.0,1,True,0.001,
3koaWT,14,69,CarrotHyrax,48.5,5.0,0,True,0.001,
3koaWT,14,70,CarrotHyrax,48.5,5.0,0,True,0.001,
3koaWT,14,71,CarrotHyrax,48.5,5.0,1,True,0.001,
3koaWT,14,72,CarrotHyrax,48.5,5.0,1,True,0.001,
3koaWT,14,73,CarrotHyrax,48.5,5.0,1,True,0.001,
3koaWT,14,74,CarrotHyrax,48.5,5.0,1,True,0.001,
3koaWT,14,75,CarrotHyrax,48.5,5.0,0,True,0.001,
3koaWT,14,76,CarrotHyrax,48.5,5.0,1,True,0.001,
3koaWT,14,77,CarrotHyrax,48.5,5.0,1,True,0.001,
3koaWT,14,78,CarrotHyrax,40.5,5.0,0,True,0.001,
3koaWT,14,79,CarrotHyrax,40.5,5.0,1,True,0.001,
3koaWT,14,80,CarrotHyrax,40.5,5.0,1,True,0.001,
3koaWT,14,81,CarrotHyrax,40.5,5.0,1,True,0.001,
3koaWT,14,82,CarrotHyrax,40.5,5.0,0,True,0.001,
3koaWT,14,83,CarrotHyrax,40.5,5.0,2,True,0.001,
3koaWT,14,84,CarrotHyrax,40.5,5.0,1,True,0.001,
3koaWT,14,85,CarrotHyrax,40.5,5.0,0,True,0.001,
3koaWT,14,86,CarrotHyrax,40.5,5.0,0,True,0.001,
3koaWT,14,87,CarrotHyrax,40.5,5.0,1,True,0.001,
3koaWT,14,88,CarrotHyrax,42.0,5.0,0,True,0.001,
3koaWT,14,89,CarrotHyrax,42.0,5.0,3,True,0.001,
3koaWT,14,90,CarrotHyrax,42.0,5.0,0,True,0.001,
3koaWT,14,91,CarrotHyrax,42.0,5.0,0,True,0.001,
3koaWT,14,92,CarrotHyrax,42.0,5.0,1,True,0.001,
3koaWT,14,93,CarrotHyrax,42.0,5.0,2,True,0.002,
3koaWT,14,94,CarrotHyrax,42.0,5.0,3,True,0.001,
3koaWT,14,95,CarrotHyrax,42.0,5.0,1,True,0.001,
3koaWT,14,96,CarrotHyrax,42.0,5.0,0,True,0.001,
3koaWT,14,97,CarrotHyrax,42.0,5.0,1,True,0.001,
3koaWT,14,98,CarrotHyrax,61.9,5.0,0,True,0.001,
3koaWT,14,99,CarrotHyrax,61.9,5.0,0,True,0.001,
3koaWT,14,100,CarrotHyrax,61.9,5.0,1,True,0.001,
3koaWT,15,1,CarrotHyrax,61.9,62.0,0,True,0.0,
3koaWT,15,2,CarrotHyrax,61.9,49.6,1,True,0.001,
3koaWT,15,3,CarrotHyrax,61.9,47.9,0,True,0.001,
3koaWT,15,4,CarrotHyrax,61.9,44.5,0,True,0.001,
3koaWT,15,5,CarrotHyrax,61.9,39.8,1,True,0.001,
3koaWT,15,6,CarrotHyrax,61.9,37.8,0,True,0.001,
3koaWT,15,7,CarrotHyrax,66.0,35.3,1,True,0.001,
3koaWT,15,8,CarrotHyrax,66.0,34.2,1,True,0.001,
3koaWT,15,9,CarrotHyrax,66.0,34.1,0,True,0.001,
3koaWT,15,10,CarrotHyrax,66.0,33.3,0,True,0.001,
3koaWT,15,11,CarrotHyrax,66.0,32.1,1,True,0.001,
3koaWT,15,12,CarrotHyrax,66.0,31.6,0,True,0.002,
3koaWT,15,13,CarrotHyrax,66.0,30.5,0,True,0.001,
3koaWT,15,14,CarrotHyrax,66.0,28.9,0,True,0.001,
3koaWT,15,15,CarrotHyrax,66.0,27.0,0,True,0.001,
3koaWT,15,16,CarrotHyrax,66.0,25.0,0,True,0.001,
3koaWT,15,17,CarrotHyrax,34.7,22.8,0,True,0.001,
3koaWT,15,18,CarrotHyrax,34.7,20.7,0,True,0.001,
3koaWT,15,19,CarrotHyrax,34.7,18.7,0,True,0.001,
3koaWT,15,20,CarrotHyrax,34.7,16.8,0,True,0.001,
3koaWT,15,21,CarrotHyrax,34.7,15.1,0,True,0.001,
3koaWT,15,22,CarrotHyrax,34.7,13.4,1,True,0.001,
3koaWT,15,23,CarrotHyrax,34.7,12.1,1,True,0.001,
3koaWT,15,24,CarrotHyrax,34.7,11.1,0,True,0.001,
3koaWT,15,25,CarrotHyrax,34.7,10.1,0,True,0.001,
3koaWT,15,26,CarrotHyrax,34.7,9.1,0,True,0.001,
3koaWT,15,27,CarrotHyrax,69.0,8.2,0,True,0.001,
3koaWT,15,28,CarrotHyrax,69.0,7.4,0,True,0.001,
3koaWT,15,29,CarrotHyrax,69.0,6.6,0,True,0.001,
3koaWT,15,30,CarrotHyrax,69.0,5.8,0,True,0.001,
3koaWT,15,31,CarrotHyrax,69.0,5.2,0,True,0.001,
3koaWT,15,32,CarrotHyrax,69.0,5.0,1,True,0.001,
3koaWT,15,33,CarrotHyrax,69.0,5.0,0,True,0.001,
3koaWT,15,34,CarrotHyrax,69.0,5.0,1,True,0.001,
3koaWT,15,35,CarrotHyrax,69.0,5.0,0,True,0.001,
3koaWT,15,36,CarrotHyrax,69.0,5.0,0,True,0.001,
3koaWT,15,37,CarrotHyrax,67.3,5.0,0,True,0.001,
3koaWT,15,38,CarrotHyrax,67.3,5.0,0,True,0.001,
3koaWT,15,39,CarrotHyrax,67.3,5.0,0,True,0.001,
3koaWT,15,40,CarrotHyrax,67.3,5.0,4,True,0.001,
3koaWT,15,41,CarrotHyrax,67.3,5.0,0,True,0.001,
3koaWT,15,42,CarrotHyrax,67.3,5.0,2,True,0.001,
3koaWT,15,43,CarrotHyrax,67.3,5.0,0,True,0.001,
3koaWT,15,44,CarrotHyrax,67.3,5.0,1,True,0.001,
3koaWT,15,45,CarrotHyrax,67.3,5.0,1,True,0.001,
3koaWT,15,46,CarrotHyrax,67.3,5.0,1,True,0.001,
3koaWT,15,47,CarrotHyrax,43.5,5.0,1,True,0.001,
3koaWT,15,48,CarrotHyrax,43.5,5.0,0,True,0.001,
3koaWT,15,49,CarrotHyrax,43.5,5.0,0,True,0.001,
3koaWT,15,50,CarrotHyrax,43.5,5.0,0,True,0.002,
3koaWT,15,51,CarrotHyrax,43.5,5.0,0,True,0.001,
3koaWT,15,52,CarrotHyrax,43.5,5.0,0,True,0.001,
3koaWT,15,53,CarrotHyrax,43.5,5.0,1,True,0.001,
3koaWT,15,54,CarrotHyrax,43.5,5.0,0,True,0.001,
3koaWT,15,55,CarrotHyrax,43.5,5.0,0,True,0.001,
3koaWT,15,56,CarrotHyrax,43.5,5.0,1,True,0.001,
3koaWT,15,57,CarrotHyrax,46.9,5.0,0,True,0.001,
3koaWT,15,58,CarrotHyrax,46.9,5.0,2,True,0.001,
3koaWT,15,59,CarrotHyrax,46.9,5.0,1,True,0.001,
3koaWT,15,60,CarrotHyrax,46.9,5.0,1,True,0.001,
3koaWT,15,61,CarrotHyrax,46.9,5.0,3,True,0.001,
3koaWT,15,62,CarrotHyrax,46.9,5.0,0,True,0.001,
3koaWT,15,63,CarrotHyrax,46.9,5.0,0,True,0.001,
3koaWT,15,64,CarrotHyrax,46.9,5.0,0,True,0.001,
3koaWT,15,65,CarrotHyrax,46.9,5.0,1,True,0.001,
3koaWT,15,66,CarrotHyrax,46.9,5.0,1,True,0.001,
3koaWT,15,67,CarrotHyrax,64.6,5.0,2,True,0.001,
3koaWT,15,68,CarrotHyrax,64.6,5.0,1,True,0.001,
3koaWT,15,69,CarrotHyrax,64.6,5.0,1,True,0.001,
3koaWT,15,70,CarrotHyrax,64.6,5.0,0,True,0.001,
3koaWT,15,71,CarrotHyrax,64.6,5.0,1,True,0.001,
3koaWT,15,72,CarrotHyrax,64.6,5.0,1,True,0.001,
3koaWT,15,73,CarrotHyrax,64.6,5.0,1,True,0.001,
3koaWT,15,74,CarrotHyrax,64.6,5.0,2,True,0.001,
3koaWT,15,75,CarrotHyrax,64.6,5.0,1,True,0.001,
3koaWT,15,76,CarrotHyrax,64.6,5.0,0,True,0.001,
3koaWT,15,77,CarrotHyrax,64.3,5.0,0,True,0.001,
3koaWT,15,78,CarrotHyrax,64.3,5.0,0,True,0.001,
3koaWT,15,79,CarrotHyrax,64.3,5.0,0,True,0.001,
3koaWT,15,80,CarrotHyrax,64.3,5.0,1,True,0.001,
3koaWT,15,81,CarrotHyrax,64.3,5.0,2,True,0.001,
3koaWT,15,82,CarrotHyrax,64.3,5.0,0,True,0.001,
3koaWT,15,83,CarrotHyrax,64.3,5.0,1,True,0.001,
3koaWT,15,84,CarrotHyrax,64.3,5.0,1,True,0.001,
3koaWT,15,85,CarrotHyrax,64.3,5.0,0,True,0.001,
3koaWT,15,86,CarrotHyrax,64.3,5.0,0,True,0.004,
3koaWT,15,87,CarrotHyrax,74.7,5.0,1,True,0.001,
3koaWT,15,88,CarrotHyrax,74.7,5.0,2,True,0.001,
3koaWT,15,89,CarrotHyrax,74.7,5.0,3,True,0.001,
3koaWT,15,90,CarrotHyrax,74.7,5.0,2,True,0.001,
3koaWT,15,91,CarrotHyrax,74.7,5.0,0,True,0.001,
3koaWT,15,92,CarrotHyrax,74.7,5.0,0,True,0.001,
3koaWT,15,93,CarrotHyrax,74.7,5.0,1,True,0.001,
3koaWT,15,94,CarrotHyrax,74.7,5.0,1,True,0.001,
3koaWT,15,95,CarrotHyrax,74.7,5.0,1,True,0.001,
3koaWT,15,96,CarrotHyrax,74.7,5.0,1,True,0.001,
3koaWT,15,97,CarrotHyrax,45.1,5.0,1,True,0.001,
3koaWT,15,98,CarrotHyrax,45.1,5.0,0,True,0.001,
3koaWT,15,99,CarrotHyrax,45.1,5.0,1,True,0.001,
3koaWT,15,100,CarrotHyrax,45.1,5.0,0,True,0.001,
3koaWT,16,1,CarrotHyrax,45.1,82.0,0,True,0.0,
3koaWT,16,2,CarrotHyrax,45.1,65.6,0,True,0.001,
3koaWT,16,3,CarrotHyrax,45.1,52.5,0,True,0.001,
3koaWT,16,4,CarrotHyrax,45.1,42.0,0,True,0.001,
3koaWT,16,5,CarrotHyrax,45.1,33.6,0,True,0.001,
3koaWT,16,6,CarrotHyrax,59.9,26.9,0,True,0.001,
3koaWT,16,7,CarrotHyrax,59.9,21.5,0,True,0.001,
3koaWT,16,8,CarrotHyrax,59.9,17.2,0,True,0.001,
3koaWT,16,9,CarrotHyrax,59.9,13.8,0,True,0.001,
3koaWT,16,10,CarrotHyrax,59.9,11.0,0,True,0.001,
3koaWT,16,11,CarrotHyrax,59.9,8.8,0,True,0.001,
3koaWT,16,12,CarrotHyrax,59.9,7.0,2,True,0.001,
3koaWT,16,13,CarrotHyrax,59.9,6.1,0,True,0.001,
3koaWT,16,14,CarrotHyrax,59.9,5.2,0,True,0.001,
3koaWT,16,15,CarrotHyrax,59.9,5.0,0,True,0.001,
3koaWT,16,16,CarrotHyrax,40.4,5.0,3,True,0.001,
3koaWT,16,17,CarrotHyrax,40.4,5.0,0,True,0.001,
3koaWT,16,18,CarrotHyrax,40.4,5.0,0,True,0.001,
3koaWT,16,19,CarrotHyrax,40.4,5.0,0,True,0.001,
3koaWT,16,20,CarrotHyrax,40.4,5.0,0,True,0.001,
3koaWT,16,21,CarrotHyrax,40.4,5.0,0,True,0.001,
3koaWT,16,22,CarrotHyrax,40.4,5.0,0,True,0.001,
3koaWT,16,23,CarrotHyrax,40.4,5.0,0,True,0.001,
3koaWT,16,24,CarrotHyrax,40.4,5.0,0,True,0.001,
3koaWT,16,25,CarrotHyrax,40.4,5.0,0,True,0.001,
3koaWT,16,26,CarrotHyrax,60.6,5.0,0,True,0.001,
3koaWT,16,27,CarrotHyrax,60.6,5.0,0,True,0.001,
3koaWT,16,28,CarrotHyrax,60.6,5.0,0,True,0.001,
3koaWT,16,29,CarrotHyrax,60.6,5.0,1,True,0.001,
3koaWT,16,30,CarrotHyrax,60.6,5.0,0,True,0.001,
3koaWT,16,31,CarrotHyrax,60.6,5.0,0,True,0.001,
3koaWT,16,32,CarrotHyrax,60.6,5.0,0,True,0.001,
3koaWT,16,33,CarrotHyrax,60.6,5.0,0,True,0.002,
3koaWT,16,34,CarrotHyrax,60.6,5.0,1,True,0.001,
3koaWT,16,35,CarrotHyrax,60.6,5.0,0,True,0.001,
3koaWT,16,36,CarrotHyrax,53.0,5.0,1,True,0.001,
3koaWT,16,37,CarrotHyrax,53.0,5.0,1,True,0.001,
3koaWT,16,38,CarrotHyrax,53.0,5.0,1,True,0.001,
3koaWT,16,39,CarrotHyrax,53.0,5.0,1,True,0.001,
3koaWT,16,40,CarrotHyrax,53.0,5.0,0,True,0.001,
3koaWT,16,41,CarrotHyrax,53.0,5.0,0,True,0.001,
3koaWT,16,42,CarrotHyrax,53.0,5.0,1,True,0.001,
3koaWT,16,43,CarrotHyrax,53.0,5.0,0,True,0.001,
3koaWT,16,44,CarrotHyrax,53.0,5.0,0,True,0.001,
3koaWT,16,45,CarrotHyrax,53.0,5.0,0,True,0.001,
3koaWT,16,46,CarrotHyrax,53.5,5.0,0,True,0.001,
3koaWT,16,47,CarrotHyrax,53.5,5.0,1,True,0.001,
3koaWT,16,48,CarrotHyrax,53.5,5.0,0,True,0.001,
3koaWT,16,49,CarrotHyrax,53.5,5.0,1,True,0.001,
3koaWT,16,50,CarrotHyrax,53.5,5.0,0,True,0.001,
3koaWT,16,51,CarrotHyrax,53.5,5.0,0,True,0.001,
3koaWT,16,52,CarrotHyrax,53.5,5.0,0,True,0.001,
3koaWT,16,53,CarrotHyrax,53.5,5.0,0,True,0.001,
3koaWT,16,54,CarrotHyrax,53.5,5.0,0,True,0.001,
3koaWT,16,55,CarrotHyrax,53.5,5.0,0,True,0.001,
3koaWT,16,56,CarrotHyrax,64.7,5.0,0,True,0.001,
3koaWT,16,57,CarrotHyrax,64.7,5.0,0,True,0.001,
3koaWT,16,58,CarrotHyrax,64.7,5.0,0,True,0.001,
3koaWT,16,59,CarrotHyrax,64.7,5.0,0,True,0.001,
3koaWT,16,60,CarrotHyrax,64.7,5.0,0,True,0.001,
3koaWT,16,61,CarrotHyrax,64.7,5.0,1,True,0.001,
3koaWT,16,62,CarrotHyrax,64.7,5.0,0,True,0.001,
3koaWT,16,63,CarrotHyrax,64.7,5.0,1,True,0.001,
3koaWT,16,64,CarrotHyrax,64.7,5.0,1,True,0.001,
3koaWT,16,65,CarrotHyrax,64.7,5.0,0,True,0.001,
3koaWT,16,66,CarrotHyrax,66.6,5.0,1,True,0.001,
3koaWT,16,67,CarrotHyrax,66.6,5.0,1,True,0.001,
3koaWT,16,68,CarrotHyrax,66.6,5.0,2,True,0.001,
3koaWT,16,69,CarrotHyrax,66.6,5.0,1,True,0.001,
3koaWT,16,70,CarrotHyrax,66.6,5.0,0,True,0.001,
3koaWT,16,71,CarrotHyrax,66.6,5.0,0,True,0.001,
3koaWT,16,72,CarrotHyrax,66.6,5.0,0,True,0.001,
3koaWT,16,73,CarrotHyrax,66.6,5.0,0,True,0.001,
3koaWT,16,74,CarrotHyrax,66.6,5.0,1,True,0.006,
3koaWT,16,75,CarrotHyrax,66.6,5.0,1,True,0.001,
3koaWT,16,76,CarrotHyrax,30.9,5.0,1,True,0.001,
3koaWT,16,77,CarrotHyrax,30.9,5.0,0,True,0.001,
3koaWT,16,78,CarrotHyrax,30.9,5.0,0,True,0.001,
3koaWT,16,79,CarrotHyrax,30.9,5.0,1,True,0.001,
3koaWT,16,80,CarrotHyrax,30.9,5.0,1,True,0.001,
3koaWT,16,81,CarrotHyrax,30.9,5.0,0,True,0.001,
3koaWT,16,82,CarrotHyrax,30.9,5.0,0,True,0.001,
3koaWT,16,83,CarrotHyrax,30.9,5.0,0,True,0.001,
3koaWT,16,84,CarrotHyrax,30.9,5.0,0,True,0.001,
3koaWT,16,85,CarrotHyrax,30.9,5.0,0,True,0.001,
3koaWT,16,86,CarrotHyrax,70.8,5.0,1,True,0.001,
3koaWT,16,87,CarrotHyrax,70.8,5.0,0,True,0.001,
3koaWT,16,88,CarrotHyrax,70.8,5.0,1,True,0.001,
3koaWT,16,89,CarrotHyrax,70.8,5.0,0,True,0.001,
3koaWT,16,90,CarrotHyrax,70.8,5.0,0,True,0.001,
3koaWT,16,91,CarrotHyrax,70.8,5.0,0,True,0.001,
3koaWT,16,92,CarrotHyrax,70.8,5.0,1,True,0.001,
3koaWT,16,93,CarrotHyrax,70.8,5.0,1,True,0.001,
3koaWT,16,94,CarrotHyrax,70.8,5.0,0,True,0.001,
3koaWT,16,95,CarrotHyrax,70.8,5.0,0,True,0.001,
3koaWT,16,96,CarrotHyrax,35.8,5.0,1,True,0.001,
3koaWT,16,97,CarrotHyrax,35.8,5.0,1,True,0.001,
3koaWT,16,98,CarrotHyrax,35.8,5.0,3,True,0.001,
3koaWT,16,99,CarrotHyrax,35.8,5.0,0,True,0.001,
3koaWT,16,100,CarrotHyrax,35.8,5.0,2,True,0.001,
3koaWT,17,1,CarrotHyrax,35.8,36.0,1,True,0.0,
3koaWT,17,2,CarrotHyrax,35.8,41.4,0,True,0.001,
3koaWT,17,3,CarrotHyrax,35.8,40.0,0,True,0.001,
3koaWT,17,4,CarrotHyrax,35.8,37.1,1,True,0.001,
3koaWT,17,5,CarrotHyrax,38.4,36.8,0,True,0.002,
3koaWT,17,6,CarrotHyrax,38.4,34.9,0,True,0.001,
3koaWT,17,7,CarrotHyrax,38.4,32.6,0,True,0.001,
3koaWT,17,8,CarrotHyrax,38.4,29.8,1,True,0.001,
3koaWT,17,9,CarrotHyrax,38.4,28.2,0,True,0.001,
3koaWT,17,10,CarrotHyrax,38.4,26.3,1,True,0.001,
3koaWT,17,11,CarrotHyrax,38.4,25.3,2,True,0.001,
3koaWT,17,12,CarrotHyrax,38.4,25.9,1,True,0.001,
3koaWT,17,13,CarrotHyrax,38.4,26.7,0,True,0.001,
3koaWT,17,14,CarrotHyrax,38.4,26.9,0,True,0.001,
3koaWT,17,15,CarrotHyrax,67.3,26.6,0,True,0.001,
3koaWT,17,16,CarrotHyrax,67.3,25.8,0,True,0.001,
3koaWT,17,17,CarrotHyrax,67.3,24.8,0,True,0.001,
3koaWT,17,18,CarrotHyrax,67.3,23.6,0,True,0.001,
3koaWT,17,19,CarrotHyrax,67.3,22.3,1,True,0.002,
3koaWT,17,20,CarrotHyrax,67.3,21.4,0,True,0.001,
3koaWT,17,21,CarrotHyrax,67.3,20.3,0,True,0.001,
3koaWT,17,22,CarrotHyrax,67.3,19.2,2,True,0.001,
3koaWT,17,23,CarrotHyrax,67.3,18.7,0,True,0.002,
3koaWT,17,24,CarrotHyrax,67.3,18.0,0,True,0.001,
3koaWT,17,25,CarrotHyrax,48.2,17.2,0,True,0.001,
3koaWT,17,26,CarrotHyrax,48.2,16.3,0,True,0.001,
3koaWT,17,27,CarrotHyrax,48.2,15.4,0,True,0.001,
3koaWT,17,28,CarrotHyrax,48.2,14.5,1,True,0.001,
3koaWT,17,29,CarrotHyrax,48.2,13.7,2,True,0.001,
3koaWT,17,30,CarrotHyrax,48.2,13.2,1,True,0.001,
3koaWT,17,31,CarrotHyrax,48.2,12.8,1,True,0.001,
3koaWT,17,32,CarrotHyrax,48.2,12.6,0,True,0.001,
3koaWT,17,33,CarrotHyrax,48.2,12.3,2,True,0.001,
3koaWT,17,34,CarrotHyrax,48.2,12.2,1,True,0.001,
3koaWT,17,35,CarrotHyrax,51.3,12.1,1,True,0.001,
3koaWT,17,36,CarrotHyrax,51.3,12.2,0,True,0.001,
3koaWT,17,37,CarrotHyrax,51.3,12.2,1,True,0.001,
3koaWT,17,38,CarrotHyrax,51.3,12.2,1,True,0.001,
3koaWT,17,39,CarrotHyrax,51.3,12.3,0,True,0.001,
3koaWT,17,40,CarrotHyrax,51.3,12.3,2,True,0.001,
3koaWT,17,41,CarrotHyrax,51.3,12.5,0,True,0.001,
3koaWT,17,42,CarrotHyrax,51.3,12.7,1,True,0.001,
3koaWT,17,43,CarrotHyrax,51.3,12.9,0,True,0.001,
3koaWT,17,44,CarrotHyrax,51.3,13.1,2,True,0.001,
3koaWT,17,45,CarrotHyrax,73.5,13.4,0,True,0.001,
3koaWT,17,46,CarrotHyrax,73.5,13.6,0,True,0.001,
3koaWT,17,47,CarrotHyrax,73.5,13.8,1,True,0.001,
3koaWT,17,48,CarrotHyrax,73.5,14.1,0,True,0.001,
3koaWT,17,49,CarrotHyrax,73.5,14.4,1,True,0.001,
3koaWT,17,50,CarrotHyrax,73.5,14.6,0,True,0.001,
3koaWT,17,51,CarrotHyrax,73.5,14.8,0,True,0.001,
3koaWT,17,52,CarrotHyrax,73.5,15.0,0,True,0.001,
3koaWT,17,53,CarrotHyrax,73.5,15.0,0,True,0.001,
3koaWT,17,54,CarrotHyrax,73.5,14.9,2,True,0.001,
3koaWT,17,55,CarrotHyrax,57.3,15.0,0,True,0.001,
3koaWT,17,56,CarrotHyrax,57.3,15.0,0,True,0.001,
3koaWT,17,57,CarrotHyrax,57.3,14.9,0,True,0.001,
3koaWT,17,58,CarrotHyrax,57.3,14.8,1,True,0.001,
3koaWT,17,59,CarrotHyrax,57.3,14.7,1,True,0.001,
3koaWT,17,60,CarrotHyrax,57.3,14.7,1,True,0.001,
3koaWT,17,61,CarrotHyrax,57.3,14.6,0,True,0.001,
3koaWT,17,62,CarrotHyrax,57.3,14.5,2,True,0.001,
3koaWT,17,63,CarrotHyrax,57.3,14.5,1,True,0.001,
3koaWT,17,64,CarrotHyrax,57.3,14.5,0,True,0.001,
3koaWT,17,65,CarrotHyrax,41.8,14.4,0,True,0.001,
3koaWT,17,66,CarrotHyrax,41.8,14.2,1,True,0.001,
3koaWT,17,67,CarrotHyrax,41.8,14.0,2,True,0.001,
3koaWT,17,68,CarrotHyrax,41.8,13.9,0,True,0.001,
3koaWT,17,69,CarrotHyrax,41.8,13.7,0,True,0.001,
3koaWT,17,70,CarrotHyrax,41.8,13.4,1,True,0.001,
3koaWT,17,71,CarrotHyrax,41.8,13.2,0,True,0.001,
3koaWT,17,72,CarrotHyrax,41.8,12.9,0,True,0.001,
3koaWT,17,73,CarrotHyrax,41.8,12.5,0,True,0.002,
3koaWT,17,74,CarrotHyrax,41.8,12.1,1,True,0.001,
3koaWT,17,75,CarrotHyrax,67.6,11.7,1,True,0.001,
3koaWT,17,76,CarrotHyrax,67.6,11.2,0,True,0.001,
3koaWT,17,77,CarrotHyrax,67.6,10.8,0,True,0.001,
3koaWT,17,78,CarrotHyrax,67.6,10.3,3,True,0.001,
3koaWT,17,79,CarrotHyrax,67.6,10.0,0,True,0.001,
3koaWT,17,80,CarrotHyrax,67.6,9.6,0,True,0.001,
3koaWT,17,81,CarrotHyrax,67.6,9.1,0,True,0.001,
3koaWT,17,82,CarrotHyrax,67.6,8.7,0,True,0.002,
3koaWT,17,83,CarrotHyrax,67.6,8.3,0,True,0.001,
3koaWT,17,84,CarrotHyrax,67.6,7.8,1,True,0.002,
3koaWT,17,85,CarrotHyrax,78.2,7.4,1,True,0.001,
3koaWT,17,86,CarrotHyrax,78.2,7.0,0,True,0.001,
3koaWT,17,87,CarrotHyrax,78.2,6.6,1,True,0.001,
3koaWT,17,88,CarrotHyrax,78.2,6.2,0,True,0.001,
3koaWT,17,89,CarrotHyrax,78.2,5.9,0,True,0.001,
3koaWT,17,90,CarrotHyrax,78.2,5.5,0,True,0.001,
3koaWT,17,91,CarrotHyrax,78.2,5.1,1,True,0.001,
3koaWT,17,92,CarrotHyrax,78.2,5.0,0,True,0.001,
3koaWT,17,93,CarrotHyrax,78.2,5.0,1,True,0.001,
3koaWT,17,94,CarrotHyrax,78.2,5.0,0,True,0.001,
3koaWT,17,95,CarrotHyrax,31.7,5.0,0,True,0.002,
3koaWT,17,96,CarrotHyrax,31.7,5.0,1,True,0.001,
3koaWT,17,97,CarrotHyrax,31.7,5.0,0,True,0.001,
3koaWT,17,98,CarrotHyrax,31.7,5.0,0,True,0.001,
3koaWT,17,99,CarrotHyrax,31.7,5.0,2,True,0.001,
3koaWT,17,100,CarrotHyrax,31.7,5.0,0,True,0.001,
3koaWT,18,1,CarrotHyrax,31.7,87.0,0,True,0.0,
3koaWT,18,2,CarrotHyrax,31.7,69.6,0,True,0.001,
3koaWT,18,3,CarrotHyrax,31.7,55.7,0,True,0.002,
3koaWT,18,4,CarrotHyrax,55.0,44.5,1,True,0.001,
3koaWT,18,5,CarrotHyrax,55.0,39.9,2,True,0.001,
3koaWT,18,6,CarrotHyrax,55.0,40.8,0,True,0.001,
3koaWT,18,7,CarrotHyrax,55.0,40.9,1,True,0.001,
3koaWT,18,8,CarrotHyrax,55.0,42.0,1,True,0.001,
3koaWT,18,9,CarrotHyrax,55.0,43.9,0,True,0.008,
3koaWT,18,10,CarrotHyrax,55.0,44.8,0,True,0.001,
3koaWT,18,11,CarrotHyrax,55.0,45.0,0,True,0.001,
3koaWT,18,12,CarrotHyrax,55.0,44.3,0,True,0.001,
3koaWT,18,13,CarrotHyrax,55.0,42.7,0,True,0.001,
3koaWT,18,14,CarrotHyrax,32.8,40.5,0,True,0.001,
3koaWT,18,15,CarrotHyrax,32.8,37.9,0,True,0.002,
3koaWT,18,16,CarrotHyrax,32.8,35.0,2,True,0.001,
3koaWT,18,17,CarrotHyrax,32.8,33.6,0,True,0.001,
3koaWT,18,18,CarrotHyrax,32.8,31.9,1,True,0.001,
3koaWT,18,19,CarrotHyrax,32.8,30.8,0,True,0.004,
3koaWT,18,20,CarrotHyrax,32.8,29.5,0,True,0.001,
3koaWT,18,21,CarrotHyrax,32.8,28.1,0,True,0.001,
3koaWT,18,22,CarrotHyrax,32.8,26.6,0,True,0.001,
3koaWT,18,23,CarrotHyrax,32.8,24.9,0,True,0.002,
3koaWT,18,24,CarrotHyrax,50.4,23.2,0,True,0.005,
3koaWT,18,25,CarrotHyrax,50.4,21.4,0,True,0.002,
3koaWT,18,26,CarrotHyrax,50.4,19.7,0,True,0.002,
3koaWT,18,27,CarrotHyrax,50.4,18.1,0,True,0.001,
3koaWT,18,28,CarrotHyrax,50.4,16.4,0,True,0.003,
3koaWT,18,29,CarrotHyrax,50.4,14.9,0,True,0.025,
3koaWT,18,30,CarrotHyrax,50.4,13.4,0,True,0.018,
3koaWT,18,31,CarrotHyrax,50.4,12.1,1,True,0.002,
3koaWT,18,32,CarrotHyrax,50.4,11.0,0,True,0.001,
3koaWT,18,33,CarrotHyrax,50.4,9.9,1,True,0.004,
3koaWT,18,34,CarrotHyrax,65.1,9.1,0,True,0.002,
3koaWT,18,35,CarrotHyrax,65.1,8.2,1,True,0.001,
3koaWT,18,36,CarrotHyrax,65.1,7.6,0,True,0.001,
3koaWT,18,37,CarrotHyrax,65.1,6.9,0,True,0.001,
3koaWT,18,38,CarrotHyrax,65.1,6.3,0,True,0.001,
3koaWT,18,39,CarrotHyrax,65.1,5.7,0,True,0.001,
3koaWT,18,40,CarrotHyrax,65.1,5.2,2,True,0.005,
3koaWT,18,41,CarrotHyrax,65.1,5.0,0,True,0.001,
3koaWT,18,42,CarrotHyrax,65.1,5.0,0,True,0.002,
3koaWT,18,43,CarrotHyrax,65.1,5.0,0,True,0.001,
3koaWT,18,44,CarrotHyrax,79.7,5.0,2,True,0.001,
3koaWT,18,45,CarrotHyrax,79.7,5.0,0,True,0.001,
3koaWT,18,46,CarrotHyrax,79.7,5.0,0,True,0.001,
3koaWT,18,47,CarrotHyrax,79.7,5.0,0,True,0.001,
3koaWT,18,48,CarrotHyrax,79.7,5.0,1,True,0.001,
3koaWT,18,49,CarrotHyrax,79.7,5.0,0,True,0.101,
3koaWT,18,50,CarrotHyrax,79.7,5.0,0,True,0.001,
3koaWT,18,51,CarrotHyrax,79.7,5.0,0,True,0.002,
3koaWT,18,52,CarrotHyrax,79.7,5.0,0,True,0.028,
3koaWT,18,53,CarrotHyrax,79.7,5.0,1,True,0.001,
3koaWT,18,54,CarrotHyrax,55.8,5.0,0,True,0.001,
3koaWT,18,55,CarrotHyrax,55.8,5.0,2,True,0.003,
3koaWT,18,56,CarrotHyrax,55.8,5.0,1,True,0.012,
3koaWT,18,57,CarrotHyrax,55.8,5.0,1,True,0.001,
3koaWT,18,58,CarrotHyrax,55.8,5.0,0,True,0.001,
3koaWT,18,59,CarrotHyrax,55.8,5.0,0,True,0.001,
3koaWT,18,60,CarrotHyrax,55.8,5.0,0,True,0.001,
3koaWT,18,61,CarrotHyrax,55.8,5.0,0,True,0.001,
3koaWT,18,62,CarrotHyrax,55.8,5.0,2,True,0.001,
3koaWT,18,63,CarrotHyrax,55.8,5.0,0,True,0.001,
3koaWT,18,64,CarrotHyrax,75.6,5.0,1,True,0.001,
3koaWT,18,65,CarrotHyrax,75.6,5.0,4,True,0.001,
3koaWT,18,66,CarrotHyrax,75.6,5.0,1,True,0.002,
3koaWT,18,67,CarrotHyrax,75.6,5.0,0,True,0.001,
3koaWT,18,68,CarrotHyrax,75.6,5.0,0,True,0.001,
3koaWT,18,69,CarrotHyrax,75.6,5.0,0,True,0.001,
3koaWT,18,70,CarrotHyrax,75.6,5.0,0,True,0.001,
3koaWT,18,71,CarrotHyrax,75.6,5.0,0,True,0.001,
3koaWT,18,72,CarrotHyrax,75.6,5.0,1,True,0.001,
3koaWT,18,73,CarrotHyrax,75.6,5.0,1,True,0.001,
3koaWT,18,74,CarrotHyrax,78.2,5.0,0,True,0.001,
3koaWT,18,75,CarrotHyrax,78.2,5.0,1,True,0.002,
3koaWT,18,76,CarrotHyrax,78.2,5.0,0,True,0.001,
3koaWT,18,77,CarrotHyrax,78.2,5.0,0,True,0.001,
3koaWT,18,78,CarrotHyrax,78.2,5.0,1,True,0.001,
3koaWT,18,79,CarrotHyrax,78.2,5.0,2,True,0.001,
3koaWT,18,80,CarrotHyrax,78.2,5.0,0,True,0.001,
3koaWT,18,81,CarrotHyrax,78.2,5.0,0,True,0.001,
3koaWT,18,82,CarrotHyrax,78.2,5.0,0,True,0.001,
3koaWT,18,83,CarrotHyrax,78.2,5.0,0,True,0.001,
3koaWT,18,84,CarrotHyrax,45.2,5.0,2,True,0.001,
3koaWT,18,85,CarrotHyrax,45.2,5.0,1,True,0.001,
3koaWT,18,86,CarrotHyrax,45.2,5.0,0,True,0.001,
3koaWT,18,87,CarrotHyrax,45.2,5.0,0,True,0.001,
3koaWT,18,88,CarrotHyrax,45.2,5.0,1,True,0.002,
3koaWT,18,89,CarrotHyrax,45.2,5.0,0,True,0.001,
3koaWT,18,90,CarrotHyrax,45.2,5.0,0,True,0.001,
3koaWT,18,91,CarrotHyrax,45.2,5.0,0,True,0.001,
3koaWT,18,92,CarrotHyrax,45.2,5.0,0,True,0.001,
3koaWT,18,93,CarrotHyrax,45.2,5.0,1,True,0.001,
3koaWT,18,94,CarrotHyrax,43.0,5.0,0,True,0.001,
3koaWT,18,95,CarrotHyrax,43.0,5.0,2,True,0.003,
3koaWT,18,96,CarrotHyrax,43.0,5.0,0,True,0.001,
3koaWT,18,97,CarrotHyrax,43.0,5.0,1,True,0.001,
3koaWT,18,98,CarrotHyrax,43.0,5.0,2,True,0.001,
3koaWT,18,99,CarrotHyrax,43.0,5.0,1,True,0.001,
3koaWT,18,100,CarrotHyrax,43.0,5.0,2,True,0.001,
3koaWT,19,1,CarrotHyrax,43.0,38.0,0,True,0.0,
3koaWT,19,2,CarrotHyrax,43.0,30.4,1,True,0.001,
3koaWT,19,3,CarrotHyrax,73.6,29.4,1,True,0.001,
3koaWT,19,4,CarrotHyrax,73.6,31.0,1,True,0.001,
3koaWT,19,5,CarrotHyrax,73.6,33.7,1,True,0.002,
3koaWT,19,6,CarrotHyrax,73.6,37.0,1,True,0.001,
3koaWT,19,7,CarrotHyrax,73.6,42.0,0,True,0.001,
3koaWT,19,8,CarrotHyrax,73.6,45.5,0,True,0.001,
3koaWT,19,9,CarrotHyrax,73.6,47.6,0,True,0.001,
3koaWT,19,10,CarrotHyrax,73.6,48.6,1,True,0.001,
3koaWT,19,11,CarrotHyrax,73.6,50.7,0,True,0.001,
3koaWT,19,12,CarrotHyrax,73.6,51.9,0,True,0.001,
3koaWT,19,13,CarrotHyrax,69.9,51.7,0,True,0.001,
3koaWT,19,14,CarrotHyrax,69.9,50.6,0,True,0.001,
3koaWT,19,15,CarrotHyrax,69.9,48.6,1,True,0.002,
3koaWT,19,16,CarrotHyrax,69.9,47.3,0,True,0.003,
3koaWT,19,17,CarrotHyrax,69.9,45.4,0,True,0.001,
3koaWT,19,18,CarrotHyrax,69.9,43.2,0,True,0.002,
3koaWT,19,19,CarrotHyrax,69.9,40.8,0,True,0.001,
3koaWT,19,20,CarrotHyrax,69.9,38.3,1,True,0.001,
3koaWT,19,21,CarrotHyrax,69.9,36.5,0,True,0.001,
3koaWT,19,22,CarrotHyrax,69.9,34.4,1,True,0.001,
3koaWT,19,23,CarrotHyrax,62.3,32.9,0,True,0.001,
3koaWT,19,24,CarrotHyrax,62.3,31.1,0,True,0.001,
3koaWT,19,25,CarrotHyrax,62.3,29.3,0,True,0.001,
3koaWT,19,26,CarrotHyrax,62.3,27.4,1,True,0.001,
3koaWT,19,27,CarrotHyrax,62.3,25.9,1,True,0.001,
3koaWT,19,28,CarrotHyrax,62.3,24.6,0,True,0.002,
3koaWT,19,29,CarrotHyrax,62.3,23.3,1,True,0.001,
3koaWT,19,30,CarrotHyrax,62.3,22.2,0,True,0.001,
3koaWT,19,31,CarrotHyrax,62.3,21.0,0,True,0.001,
3koaWT,19,32,CarrotHyrax,62.3,19.9,0,True,0.001,
3koaWT,19,33,CarrotHyrax,49.0,18.7,0,True,0.001,
3koaWT,19,34,CarrotHyrax,49.0,17.5,0,True,0.001,
3koaWT,19,35,CarrotHyrax,49.0,16.3,0,True,0.001,
3koaWT,19,36,CarrotHyrax,49.0,15.1,0,True,0.001,
3koaWT,19,37,CarrotHyrax,49.0,14.0,0,True,0.001,
3koaWT,19,38,CarrotHyrax,49.0,12.9,0,True,0.001,
3koaWT,19,39,CarrotHyrax,49.0,11.8,1,True,0.001,
3koaWT,19,40,CarrotHyrax,49.0,10.9,0,True,0.001,
3koaWT,19,41,CarrotHyrax,49.0,10.1,0,True,0.001,
3koaWT,19,42,CarrotHyrax,49.0,9.3,0,True,0.001,
3koaWT,19,43,CarrotHyrax,75.3,8.5,1,True,0.001,
3koaWT,19,44,CarrotHyrax,75.3,7.9,0,True,0.001,
3koaWT,19,45,CarrotHyrax,75.3,7.3,1,True,0.003,
3koaWT,19,46,CarrotHyrax,75.3,6.7,1,True,0.001,
3koaWT,19,47,CarrotHyrax,75.3,6.3,2,True,0.001,
3koaWT,19,48,CarrotHyrax,75.3,5.9,0,True,0.001,
3koaWT,19,49,CarrotHyrax,75.3,5.6,1,True,0.002,
3koaWT,19,50,CarrotHyrax,75.3,5.3,1,True,0.001,
3koaWT,19,51,CarrotHyrax,75.3,5.1,3,True,0.001,
3koaWT,19,52,CarrotHyrax,75.3,5.0,2,True,0.001,
3koaWT,19,53,CarrotHyrax,48.0,5.0,1,True,0.001,
3koaWT,19,54,CarrotHyrax,48.0,5.0,0,True,0.002,
3koaWT,19,55,CarrotHyrax,48.0,5.0,1,True,0.001,
3koaWT,19,56,CarrotHyrax,48.0,5.0,0,True,0.001,
3koaWT,19,57,CarrotHyrax,48.0,5.0,0,True,0.001,
3koaWT,19,58,CarrotHyrax,48.0,5.0,1,True,0.001,
3koaWT,19,59,CarrotHyrax,48.0,5.0,0,True,0.001,
3koaWT,19,60,CarrotHyrax,48.0,5.0,2,True,0.001,
3koaWT,19,61,CarrotHyrax,48.0,5.0,0,True,0.001,
3koaWT,19,62,CarrotHyrax,48.0,5.0,1,True,0.001,
3koaWT,19,63,CarrotHyrax,50.8,5.0,0,True,0.001,
3koaWT,19,64,CarrotHyrax,50.8,5.0,0,True,0.001,
3koaWT,19,65,CarrotHyrax,50.8,5.0,0,True,0.001,
3koaWT,19,66,CarrotHyrax,50.8,5.0,1,True,0.001,
3koaWT,19,67,CarrotHyrax,50.8,5.0,1,True,0.001,
3koaWT,19,68,CarrotHyrax,50.8,5.0,1,True,0.001,
3koaWT,19,69,CarrotHyrax,50.8,5.0,1,True,0.001,
3koaWT,19,70,CarrotHyrax,50.8,5.0,0,True,0.001,
3koaWT,19,71,CarrotHyrax,50.8,5.0,0,True,0.001,
3koaWT,19,72,CarrotHyrax,50.8,5.0,0,True,0.001,
3koaWT,19,73,CarrotHyrax,52.6,5.0,2,True,0.001,
3koaWT,19,74,CarrotHyrax,52.6,5.0,0,True,0.001,
3koaWT,19,75,CarrotHyrax,52.6,5.0,0,True,0.001,
3koaWT,19,76,CarrotHyrax,52.6,5.0,0,True,0.001,
3koaWT,19,77,CarrotHyrax,52.6,5.0,0,True,0.001,
3koaWT,19,78,CarrotHyrax,52.6,5.0,0,True,0.001,
3koaWT,19,79,CarrotHyrax,52.6,5.0,0,True,0.001,
3koaWT,19,80,CarrotHyrax,52.6,5.0,3,True,0.001,
3koaWT,19,81,CarrotHyrax,52.6,5.0,1,True,0.001,
3koaWT,19,82,CarrotHyrax,52.6,5.0,1,True,0.001,
3koaWT,19,83,CarrotHyrax,43.7,5.0,1,True,0.001,
3koaWT,19,84,CarrotHyrax,43.7,5.0,0,True,0.001,
3koaWT,19,85,CarrotHyrax,43.7,5.0,0,True,0.001,
3koaWT,19,86,CarrotHyrax,43.7,5.0,0,True,0.001,
3koaWT,19,87,CarrotHyrax,43.7,5.0,0,True,0.001,
3koaWT,19,88,CarrotHyrax,43.7,5.0,1,True,0.001,
3koaWT,19,89,CarrotHyrax,43.7,5.0,1,True,0.001,
3koaWT,19,90,CarrotHyrax,43.7,5.0,1,True,0.001,
3koaWT,19,91,CarrotHyrax,43.7,5.0,1,True,0.001,
3koaWT,19,92,CarrotHyrax,43.7,5.0,0,True,0.001,
3koaWT,19,93,CarrotHyrax,79.1,5.0,1,True,0.001,
3koaWT,19,94,CarrotHyrax,79.1,5.0,0,True,0.001,
3koaWT,19,95,CarrotHyrax,79.1,5.0,0,True,0.001,
3koaWT,19,96,CarrotHyrax,79.1,5.0,0,True,0.001,
3koaWT,19,97,CarrotHyrax,79.1,5.0,0,True,0.001,
3koaWT,19,98,CarrotHyrax,79.1,5.0,1,True,0.001,
3koaWT,19,99,CarrotHyrax,79.1,5.0,2,True,0.002,
3koaWT,19,100,CarrotHyrax,79.1,5.0,2,True,0.001,
3koaWT,20,1,CarrotHyrax,79.1,43.0,1,True,0.0,
3koaWT,20,2,CarrotHyrax,47.0,49.4,0,True,0.001,
3koaWT,20,3,CarrotHyrax,47.0,47.8,0,True,0.001,
3koaWT,20,4,CarrotHyrax,47.0,44.3,0,True,0.001,
3koaWT,20,5,CarrotHyrax,47.0,39.7,0,True,0.001,
3koaWT,20,6,CarrotHyrax,47.0,34.7,0,True,0.001,
3koaWT,20,7,CarrotHyrax,47.0,30.1,1,True,0.001,
3koaWT,20,8,CarrotHyrax,47.0,27.5,0,True,0.001,
3koaWT,20,9,CarrotHyrax,47.0,24.7,1,True,0.001,
3koaWT,20,10,CarrotHyrax,47.0,23.0,0,True,0.001,
3koaWT,20,11,CarrotHyrax,47.0,21.2,0,True,0.001,
3koaWT,20,12,CarrotHyrax,56.4,19.3,0,True,0.001,
3koaWT,20,13,CarrotHyrax,56.4,17.4,0,True,0.001,
3koaWT,20,14,CarrotHyrax,56.4,15.5,2,True,0.001,
3koaWT,20,15,CarrotHyrax,56.4,14.4,0,True,0.001,
3koaWT,20,16,CarrotHyrax,56.4,13.3,1,True,0.001,
3koaWT,20,17,CarrotHyrax,56.4,12.5,0,True,0.001,
3koaWT,20,18,CarrotHyrax,56.4,11.6,1,True,0.001,
3koaWT,20,19,CarrotHyrax,56.4,11.0,0,True,0.001,
3koaWT,20,20,CarrotHyrax,56.4,10.3,0,True,0.001,
3koaWT,20,21,CarrotHyrax,56.4,9.6,3,True,0.001,
3koaWT,20,22,CarrotHyrax,35.1,9.4,2,True,0.002,
3koaWT,20,23,CarrotHyrax,35.1,9.5,0,True,0.004,
3koaWT,20,24,CarrotHyrax,35.1,9.4,0,True,0.001,
3koaWT,20,25,CarrotHyrax,35.1,9.3,1,True,0.001,
3koaWT,20,26,CarrotHyrax,35.1,9.3,1,True,0.002,
3koaWT,20,27,CarrotHyrax,35.1,9.3,2,True,0.001,
3koaWT,20,28,CarrotHyrax,35.1,9.5,0,True,0.001,
3koaWT,20,29,CarrotHyrax,35.1,9.6,0,True,0.001,
3koaWT,20,30,CarrotHyrax,35.1,9.6,0,True,0.001,
3koaWT,20,31,CarrotHyrax,35.1,9.6,1,True,0.001,
3koaWT,20,32,CarrotHyrax,73.2,9.7,0,True,0.001,
3koaWT,20,33,CarrotHyrax,73.2,9.6,0,True,0.001,
3koaWT,20,34,CarrotHyrax,73.2,9.6,0,True,0.001,
3koaWT,20,35,CarrotHyrax,73.2,9.4,1,True,0.001,
3koaWT,20,36,CarrotHyrax,73.2,9.4,0,True,0.001,
3koaWT,20,37,CarrotHyrax,73.2,9.2,0,True,0.001,
3koaWT,20,38,CarrotHyrax,73.2,9.1,1,True,0.001,
3koaWT,20,39,CarrotHyrax,73.2,9.0,0,True,0.001,
3koaWT,20,40,CarrotHyrax,73.2,8.8,0,True,0.001,
3koaWT,20,41,CarrotHyrax,73.2,8.6,0,True,0.001,
3koaWT,20,42,CarrotHyrax,55.0,8.4,1,True,0.001,
3koaWT,20,43,CarrotHyrax,55.0,8.3,1,True,0.001,
3koaWT,20,44,CarrotHyrax,55.0,8.1,0,True,0.001,
3koaWT,20,45,CarrotHyrax,55.0,8.0,0,True,0.001,
3koaWT,20,46,CarrotHyrax,55.0,7.8,0,True,0.001,
3koaWT,20,47,CarrotHyrax,55.0,7.6,0,True,0.001,
3koaWT,20,48,CarrotHyrax,55.0,7.4,0,True,0.002,
3koaWT,20,49,CarrotHyrax,55.0,7.2,1,True,0.001,
3koaWT,20,50,CarrotHyrax,55.0,7.0,0,True,0.001,
3koaWT,20,51,CarrotHyrax,55.0,6.7,0,True,0.001,
3koaWT,20,52,CarrotHyrax,46.6,6.5,1,True,0.001,
3koaWT,20,53,CarrotHyrax,46.6,6.3,0,True,0.001,
3koaWT,20,54,CarrotHyrax,46.6,6.0,2,True,0.001,
3koaWT,20,55,CarrotHyrax,46.6,5.8,1,True,0.001,
3koaWT,20,56,CarrotHyrax,46.6,5.7,0,True,0.001,
3koaWT,20,57,CarrotHyrax,46.6,5.5,1,True,0.001,
3koaWT,20,58,CarrotHyrax,46.6,5.4,0,True,0.001,
3koaWT,20,59,CarrotHyrax,46.6,5.2,0,True,0.001,
3koaWT,20,60,CarrotHyrax,46.6,5.0,0,True,0.001,
3koaWT,20,61,CarrotHyrax,46.6,5.0,0,True,0.001,
3koaWT,20,62,CarrotHyrax,63.0,5.0,0,True,0.001,
3koaWT,20,63,CarrotHyrax,63.0,5.0,1,True,0.001,
3koaWT,20,64,CarrotHyrax,63.0,5.0,0,True,0.001,
3koaWT,20,65,CarrotHyrax,63.0,5.0,0,True,0.001,
3koaWT,20,66,CarrotHyrax,63.0,5.0,1,True,0.001,
3koaWT,20,67,CarrotHyrax,63.0,5.0,1,True,0.001,
3koaWT,20,68,CarrotHyrax,63.0,5.0,1,True,0.001,
3koaWT,20,69,CarrotHyrax,63.0,5.0,0,True,0.001,
3koaWT,20,70,CarrotHyrax,63.0,5.0,0,True,0.001,
3koaWT,20,71,CarrotHyrax,63.0,5.0,1,True,0.001,
3koaWT,20,72,CarrotHyrax,48.7,5.0,0,True,0.001,
3koaWT,20,73,CarrotHyrax,48.7,5.0,1,True,0.001,
3koaWT,20,74,CarrotHyrax,48.7,5.0,1,True,0.001,
3koaWT,20,75,CarrotHyrax,48.7,5.0,1,True,0.001,
3koaWT,20,76,CarrotHyrax,48.7,5.0,1,True,0.001,
3koaWT,20,77,CarrotHyrax,48.7,5.0,0,True,0.001,
3koaWT,20,78,CarrotHyrax,48.7,5.0,1,True,0.001,
3koaWT,20,79,CarrotHyrax,48.7,5.0,1,True,0.001,
3koaWT,20,80,CarrotHyrax,48.7,5.0,0,True,0.001,
3koaWT,20,81,CarrotHyrax,48.7,5.0,1,True,0.001,
3koaWT,20,82,CarrotHyrax,67.1,5.0,0,True,0.001,
3koaWT,20,83,CarrotHyrax,67.1,5.0,1,True,0.001,
3koaWT,20,84,CarrotHyrax,67.1,5.0,0,True,0.001,
3koaWT,20,85,CarrotHyrax,67.1,5.0,1,True,0.001,
3koaWT,20,86,CarrotHyrax,67.1,5.0,1,True,0.001,
3koaWT,20,87,CarrotHyrax,67.1,5.0,2,True,0.001,
3koaWT,20,88,CarrotHyrax,67.1,5.0,0,True,0.001,
3koaWT,20,89,CarrotHyrax,67.1,5.0,0,True,0.001,
3koaWT,20,90,CarrotHyrax,67.1,5.0,0,True,0.001,
3koaWT,20,91,CarrotHyrax,67.1,5.0,0,True,0.001,
3koaWT,20,92,CarrotHyrax,64.5,5.0,1,True,0.001,
3koaWT,20,93,CarrotHyrax,64.5,5.0,0,True,0.001,
3koaWT,20,94,CarrotHyrax,64.5,5.0,0,True,0.001,
3koaWT,20,95,CarrotHyrax,64.5,5.0,1,True,0.001,
3koaWT,20,96,CarrotHyrax,64.5,5.0,0,True,0.001,
3koaWT,20,97,CarrotHyrax,64.5,5.0,2,True,0.001,
3koaWT,20,98,CarrotHyrax,64.5,5.0,1,True,0.001,
3koaWT,20,99,CarrotHyrax,64.5,5.0,0,True,0.001,
3koaWT,20,100,CarrotHyrax,64.5,5.0,2,True,0.001,
3koaWT,21,1,CarrotHyrax,56.3,78.0,0,True,0.0,
3koaWT,21,2,CarrotHyrax,56.3,62.4,0,True,0.001,
3koaWT,21,3,CarrotHyrax,56.3,49.9,0,True,0.001,
3koaWT,21,4,CarrotHyrax,56.3,39.9,0,True,0.001,
3koaWT,21,5,CarrotHyrax,56.3,31.9,0,True,0.001,
3koaWT,21,6,CarrotHyrax,56.3,25.6,1,True,0.001,
3koaWT,21,7,CarrotHyrax,56.3,22.2,0,True,0.001,
3koaWT,21,8,CarrotHyrax,56.3,19.0,0,True,0.001,
3koaWT,21,9,CarrotHyrax,56.3,16.1,1,True,0.001,
3koaWT,21,10,CarrotHyrax,56.3,14.3,0,True,0.001,
3koaWT,21,11,CarrotHyrax,70.4,12.6,2,True,0.001,
3koaWT,21,12,CarrotHyrax,70.4,12.0,0,True,0.001,
3koaWT,21,13,CarrotHyrax,70.4,11.1,1,True,0.001,
3koaWT,21,14,CarrotHyrax,70.4,10.6,1,True,0.001,
3koaWT,21,15,CarrotHyrax,70.4,10.2,0,True,0.001,
3koaWT,21,16,CarrotHyrax,70.4,9.6,4,True,0.001,
3koaWT,21,17,CarrotHyrax,70.4,9.9,1,True,0.001,
3koaWT,21,18,CarrotHyrax,70.4,10.3,0,True,0.002,
3koaWT,21,19,CarrotHyrax,70.4,10.6,0,True,0.001,
3koaWT,21,20,CarrotHyrax,70.4,10.8,0,True,0.001,
3koaWT,21,21,CarrotHyrax,75.3,10.9,1,True,0.001,
3koaWT,21,22,CarrotHyrax,75.3,11.0,1,True,0.001,
3koaWT,21,23,CarrotHyrax,75.3,11.3,0,True,0.001,
3koaWT,21,24,CarrotHyrax,75.3,11.4,2,True,0.001,
3koaWT,21,25,CarrotHyrax,75.3,11.8,1,True,0.001,
3koaWT,21,26,CarrotHyrax,75.3,12.3,0,True,0.001,
3koaWT,21,27,CarrotHyrax,75.3,12.7,0,True,0.001,
3koaWT,21,28,CarrotHyrax,75.3,13.0,0,True,0.001,
3koaWT,21,29,CarrotHyrax,75.3,13.1,2,True,0.001,
3koaWT,21,30,CarrotHyrax,75.3,13.5,0,True,0.001,
3koaWT,21,31,CarrotHyrax,54.7,13.8,0,True,0.001,
3koaWT,21,32,CarrotHyrax,54.7,14.0,0,True,0.001,
3koaWT,21,33,CarrotHyrax,54.7,14.1,0,True,0.001,
3koaWT,21,34,CarrotHyrax,54.7,14.2,0,True,0.001,
3koaWT,21,35,CarrotHyrax,54.7,14.1,0,True,0.001,
3koaWT,21,36,CarrotHyrax,54.7,14.0,0,True,0.001,
3koaWT,21,37,CarrotHyrax,54.7,13.9,0,True,0.002,
3koaWT,21,38,CarrotHyrax,54.7,13.6,2,True,0.001,
3koaWT,21,39,CarrotHyrax,54.7,13.6,1,True,0.001,
3koaWT,21,40,CarrotHyrax,54.7,13.6,1,True,0.001,
3koaWT,21,41,CarrotHyrax,76.4,13.7,0,True,0.001,
3koaWT,21,42,CarrotHyrax,76.4,13.8,0,True,0.001,
3koaWT,21,43,CarrotHyrax,76.4,13.8,0,True,0.001,
3koaWT,21,44,CarrotHyrax,76.4,13.7,0,True,0.001,
3koaWT,21,45,CarrotHyrax,76.4,13.5,0,True,0.001,
3koaWT,21,46,CarrotHyrax,76.4,13.4,1,True,0.001,
3koaWT,21,47,CarrotHyrax,76.4,13.2,0,True,0.001,
3koaWT,21,48,CarrotHyrax,76.4,13.1,1,True,0.001,
3koaWT,21,49,CarrotHyrax,76.4,13.0,1,True,0.001,
3koaWT,21,50,CarrotHyrax,76.4,12.9,1,True,0.001,
3koaWT,21,51,CarrotHyrax,74.9,12.9,0,True,0.001,
3koaWT,21,52,CarrotHyrax,74.9,12.8,0,True,0.001,
3koaWT,21,53,CarrotHyrax,74.9,12.7,0,True,0.001,
3koaWT,21,54,CarrotHyrax,74.9,12.4,0,True,0.001,
3koaWT,21,55,CarrotHyrax,74.9,12.1,0,True,0.001,
3koaWT,21,56,CarrotHyrax,74.9,11.8,1,True,0.001,
3koaWT,21,57,CarrotHyrax,74.9,11.5,0,True,0.001,
3koaWT,21,58,CarrotHyrax,74.9,11.2,1,True,0.001,
3koaWT,21,59,CarrotHyrax,74.9,11.0,0,True,0.001,
3koaWT,21,60,CarrotHyrax,74.9,10.6,0,True,0.001,
3koaWT,21,61,CarrotHyrax,47.6,10.3,1,True,0.001,
3koaWT,21,62,CarrotHyrax,47.6,10.0,0,True,0.001,
3koaWT,21,63,CarrotHyrax,47.6,9.6,0,True,0.001,
3koaWT,21,64,CarrotHyrax,47.6,9.2,1,True,0.001,
3koaWT,21,65,CarrotHyrax,47.6,8.9,2,True,0.001,
3koaWT,21,66,CarrotHyrax,47.6,8.6,1,True,0.001,
3koaWT,21,67,CarrotHyrax,47.6,8.3,0,True,0.001,
3koaWT,21,68,CarrotHyrax,47.6,8.0,0,True,0.001,
3koaWT,21,69,CarrotHyrax,47.6,7.6,1,True,0.001,
3koaWT,21,70,CarrotHyrax,47.6,7.3,0,True,0.001,
3koaWT,21,71,CarrotHyrax,65.7,7.0,1,True,0.001,
3koaWT,21,72,CarrotHyrax,65.7,6.6,1,True,0.001,
3koaWT,21,73,CarrotHyrax,65.7,6.3,0,True,0.001,
3koaWT,21,74,CarrotHyrax,65.7,6.0,2,True,0.001,
3koaWT,21,75,CarrotHyrax,65.7,5.7,1,True,0.001,
3koaWT,21,76,CarrotHyrax,65.7,5.5,0,True,0.001,
3koaWT,21,77,CarrotHyrax,65.7,5.2,0,True,0.001,
3koaWT,21,78,CarrotHyrax,65.7,5.0,1,True,0.001,
3koaWT,21,79,CarrotHyrax,65.7,5.0,0,True,0.001,
3koaWT,21,80,CarrotHyrax,65.7,5.0,1,True,0.001,
3koaWT,21,81,CarrotHyrax,60.3,5.0,0,True,0.001,
3koaWT,21,82,CarrotHyrax,60.3,5.0,1,True,0.001,
3koaWT,21,83,CarrotHyrax,60.3,5.0,1,True,0.001,
3koaWT,21,84,CarrotHyrax,60.3,5.0,1,True,0.001,
3koaWT,21,85,CarrotHyrax,60.3,5.0,0,True,0.001,
3koaWT,21,86,CarrotHyrax,60.3,5.0,0,True,0.001,
3koaWT,21,87,CarrotHyrax,60.3,5.0,0,True,0.001,
3koaWT,21,88,CarrotHyrax,60.3,5.0,0,True,0.001,
3koaWT,21,89,CarrotHyrax,60.3,5.0,2,True,0.002,
3koaWT,21,90,CarrotHyrax,60.3,5.0,0,True,0.001,
3koaWT,21,91,CarrotHyrax,32.5,5.0,0,True,0.001,
3koaWT,21,92,CarrotHyrax,32.5,5.0,1,True,0.001,
3koaWT,21,93,CarrotHyrax,32.5,5.0,0,True,0.001,
3koaWT,21,94,CarrotHyrax,32.5,5.0,0,True,0.001,
3koaWT,21,95,CarrotHyrax,32.5,5.0,0,True,0.001,
3koaWT,21,96,CarrotHyrax,32.5,5.0,0,True,0.001,
3koaWT,21,97,CarrotHyrax,32.5,5.0,0,True,0.001,
3koaWT,21,98,CarrotHyrax,32.5,5.0,1,True,0.001,
3koaWT,21,99,CarrotHyrax,32.5,5.0,1,True,0.001,
3koaWT,21,100,CarrotHyrax,32.5,5.0,0,True,0.001,
3koaWT,22,1,CarrotHyrax,74.6,37.0,0,True,0.0,
3koaWT,22,2,CarrotHyrax,74.6,29.6,0,True,0.001,
3koaWT,22,3,CarrotHyrax,74.6,23.7,2,True,0.001,
3koaWT,22,4,CarrotHyrax,74.6,25.0,0,True,0.001,
3koaWT,22,5,CarrotHyrax,74.6,24.8,0,True,0.001,
3koaWT,22,6,CarrotHyrax,74.6,23.5,0,True,0.001,
3koaWT,22,7,CarrotHyrax,74.6,21.9,0,True,0.001,
3koaWT,22,8,CarrotHyrax,74.6,20.0,0,True,0.001,
3koaWT,22,9,CarrotHyrax,74.6,18.0,1,True,0.001,
3koaWT,22,10,CarrotHyrax,66.5,16.8,1,True,0.001,
3koaWT,22,11,CarrotHyrax,66.5,16.2,0,True,0.001,
3koaWT,22,12,CarrotHyrax,66.5,15.3,0,True,0.001,
3koaWT,22,13,CarrotHyrax,66.5,14.3,0,True,0.001,
3koaWT,22,14,CarrotHyrax,66.5,13.1,0,True,0.001,
3koaWT,22,15,CarrotHyrax,66.5,11.9,0,True,0.001,
3koaWT,22,16,CarrotHyrax,66.5,10.7,1,True,0.001,
3koaWT,22,17,CarrotHyrax,66.5,9.8,0,True,0.001,
3koaWT,22,18,CarrotHyrax,66.5,8.9,0,True,0.001,
3koaWT,22,19,CarrotHyrax,66.5,8.0,0,True,0.001,
3koaWT,22,20,CarrotHyrax,32.8,7.2,0,True,0.001,
3koaWT,22,21,CarrotHyrax,32.8,6.5,0,True,0.001,
3koaWT,22,22,CarrotHyrax,32.8,5.7,1,True,0.001,
3koaWT,22,23,CarrotHyrax,32.8,5.2,0,True,0.003,
3koaWT,22,24,CarrotHyrax,32.8,5.0,0,True,0.001,
3koaWT,22,25,CarrotHyrax,32.8,5.0,0,True,0.001,
3koaWT,22,26,CarrotHyrax,32.8,5.0,0,True,0.001,
3koaWT,22,27,CarrotHyrax,32.8,5.0,0,True,0.001,
3koaWT,22,28,CarrotHyrax,32.8,5.0,0,True,0.001,
3koaWT,22,29,CarrotHyrax,32.8,5.0,2,True,0.001,
3koaWT,22,30,CarrotHyrax,61.9,5.0,0,True,0.001,
3koaWT,22,31,CarrotHyrax,61.9,5.0,2,True,0.001,
3koaWT,22,32,CarrotHyrax,61.9,5.0,1,True,0.001,
3koaWT,22,33,CarrotHyrax,61.9,5.0,0,True,0.001,
3koaWT,22,34,CarrotHyrax,61.9,5.0,1,True,0.001,
3koaWT,22,35,CarrotHyrax,61.9,5.0,1,True,0.002,
3koaWT,22,36,CarrotHyrax,61.9,5.0,0,True,0.001,
3koaWT,22,37,CarrotHyrax,61.9,5.0,0,True,0.001,
3koaWT,22,38,CarrotHyrax,61.9,5.0,1,True,0.001,
3koaWT,22,39,CarrotHyrax,61.9,5.0,0,True,0.001,
3koaWT,22,40,CarrotHyrax,38.8,5.0,0,True,0.001,
3koaWT,22,41,CarrotHyrax,38.8,5.0,2,True,0.001,
3koaWT,22,42,CarrotHyrax,38.8,5.0,0,True,0.001,
3koaWT,22,43,CarrotHyrax,38.8,5.0,0,True,0.001,
3koaWT,22,44,CarrotHyrax,38.8,5.0,1,True,0.001,
3koaWT,22,45,CarrotHyrax,38.8,5.0,0,True,0.001,
3koaWT,22,46,CarrotHyrax,38.8,5.0,1,True,0.002,
3koaWT,22,47,CarrotHyrax,38.8,5.0,1,True,0.001,
3koaWT,22,48,CarrotHyrax,38.8,5.0,0,True,0.001,
3koaWT,22,49,CarrotHyrax,38.8,5.0,0,True,0.001,
3koaWT,22,50,CarrotHyrax,73.5,5.0,1,True,0.001,
3koaWT,22,51,CarrotHyrax,73.5,5.0,1,True,0.001,
3koaWT,22,52,CarrotHyrax,73.5,5.0,2,True,0.001,
3koaWT,22,53,CarrotHyrax,73.5,5.0,0,True,0.001,
3koaWT,22,54,CarrotHyrax,73.5,5.0,0,True,0.001,
3koaWT,22,55,CarrotHyrax,73.5,5.0,0,True,0.001,
3koaWT,22,56,CarrotHyrax,73.5,5.0,0,True,0.001,
3koaWT,22,57,CarrotHyrax,73.5,5.0,0,True,0.001,
3koaWT,22,58,CarrotHyrax,73.5,5.0,0,True,0.001,
3koaWT,22,59,CarrotHyrax,73.5,5.0,1,True,0.001,
3koaWT,22,60,CarrotHyrax,74.7,5.0,2,True,0.002,
3koaWT,22,61,CarrotHyrax,74.7,5.0,1,True,0.001,
3koaWT,22,62,CarrotHyrax,74.7,5.0,0,True,0.001,
3koaWT,22,63,CarrotHyrax,74.7,5.0,1,True,0.001,
3koaWT,22,64,CarrotHyrax,74.7,5.0,0,True,0.003,
3koaWT,22,65,CarrotHyrax,74.7,5.0,0,True,0.001,
3koaWT,22,66,CarrotHyrax,74.7,5.0,1,True,0.001,
3koaWT,22,67,CarrotHyrax,74.7,5.0,1,True,0.001,
3koaWT,22,68,CarrotHyrax,74.7,5.0,0,True,0.001,
3koaWT,22,69,CarrotHyrax,74.7,5.0,1,True,0.001,
3koaWT,22,70,CarrotHyrax,44.8,5.0,0,True,0.001,
3koaWT,22,71,CarrotHyrax,44.8,5.0,1,True,0.001,
3koaWT,22,72,CarrotHyrax,44.8,5.0,0,True,0.001,
3koaWT,22,73,CarrotHyrax,44.8,5.0,2,True,0.001,
3koaWT,22,74,CarrotHyrax,44.8,5.0,0,True,0.001,
3koaWT,22,75,CarrotHyrax,44.8,5.0,0,True,0.001,
3koaWT,22,76,CarrotHyrax,44.8,5.0,1,True,0.001,
3koaWT,22,77,CarrotHyrax,44.8,5.0,1,True,0.001,
3koaWT,22,78,CarrotHyrax,44.8,5.0,0,True,0.001,
3koaWT,22,79,CarrotHyrax,44.8,5.0,2,True,0.002,
3koaWT,22,80,CarrotHyrax,76.8,5.0,1,True,0.001,
3koaWT,22,81,CarrotHyrax,76.8,5.0,0,True,0.001,
3koaWT,22,82,CarrotHyrax,76.8,5.0,1,True,0.002,
3koaWT,22,83,CarrotHyrax,76.8,5.0,0,True,0.001,
3koaWT,22,84,CarrotHyrax,76.8,5.0,0,True,0.001,
3koaWT,22,85,CarrotHyrax,76.8,5.0,1,True,0.002,
3koaWT,22,86,CarrotHyrax,76.8,5.0,0,True,0.001,
3koaWT,22,87,CarrotHyrax,76.8,5.0,0,True,0.002,
3koaWT,22,88,CarrotHyrax,76.8,5.0,0,True,0.001,
3koaWT,22,89,CarrotHyrax,76.8,5.0,0,True,0.001,
3koaWT,22,90,CarrotHyrax,42.0,5.0,1,True,0.001,
3koaWT,22,91,CarrotHyrax,42.0,5.0,0,True,0.001,
3koaWT,22,92,CarrotHyrax,42.0,5.0,1,True,0.001,
3koaWT,22,93,CarrotHyrax,42.0,5.0,0,True,0.001,
3koaWT,22,94,CarrotHyrax,42.0,5.0,1,True,0.001,
3koaWT,22,95,CarrotHyrax,42.0,5.0,0,True,0.001,
3koaWT,22,96,CarrotHyrax,42.0,5.0,0,True,0.001,
3koaWT,22,97,CarrotHyrax,42.0,5.0,0,True,0.003,
3koaWT,22,98,CarrotHyrax,42.0,5.0,1,True,0.001,
3koaWT,22,99,CarrotHyrax,42.0,5.0,1,True,0.001,
3koaWT,22,100,CarrotHyrax,70.6,5.0,0,True,0.001,
3koaWT,23,1,CarrotHyrax,70.6,53.0,0,True,0.0,
3koaWT,23,2,CarrotHyrax,70.6,42.4,1,True,0.001,
3koaWT,23,3,CarrotHyrax,70.6,41.0,1,True,0.001,
3koaWT,23,4,CarrotHyrax,70.6,43.2,0,True,0.001,
3koaWT,23,5,CarrotHyrax,70.6,42.9,0,True,0.001,
3koaWT,23,6,CarrotHyrax,70.6,40.7,0,True,0.001,
3koaWT,23,7,CarrotHyrax,70.6,38.0,1,True,0.001,
3koaWT,23,8,CarrotHyrax,70.6,36.9,1,True,0.001,
3koaWT,23,9,CarrotHyrax,61.5,36.7,1,True,0.001,
3koaWT,23,10,CarrotHyrax,61.5,37.5,0,True,0.001,
3koaWT,23,11,CarrotHyrax,61.5,37.6,0,True,0.001,
3koaWT,23,12,CarrotHyrax,61.5,37.1,1,True,0.001,
3koaWT,23,13,CarrotHyrax,61.5,37.0,0,True,0.001,
3koaWT,23,14,CarrotHyrax,61.5,36.2,0,True,0.001,
3koaWT,23,15,CarrotHyrax,61.5,34.8,1,True,0.001,
3koaWT,23,16,CarrotHyrax,61.5,33.8,1,True,0.001,
3koaWT,23,17,CarrotHyrax,61.5,33.2,0,True,0.001,
3koaWT,23,18,CarrotHyrax,61.5,32.3,0,True,0.001,
3koaWT,23,19,CarrotHyrax,42.4,31.2,1,True,0.001,
3koaWT,23,20,CarrotHyrax,42.4,30.5,0,True,0.001,
3koaWT,23,21,CarrotHyrax,42.4,29.6,0,True,0.001,
3koaWT,23,22,CarrotHyrax,42.4,28.5,0,True,0.001,
3koaWT,23,23,CarrotHyrax,42.4,27.3,0,True,0.001,
3koaWT,23,24,CarrotHyrax,42.4,25.8,0,True,0.001,
3koaWT,23,25,CarrotHyrax,42.4,24.3,0,True,0.001,
3koaWT,23,26,CarrotHyrax,42.4,22.7,0,True,0.001,
3koaWT,23,27,CarrotHyrax,42.4,21.1,0,True,0.001,
3koaWT,23,28,CarrotHyrax,42.4,19.5,0,True,0.001,
3koaWT,23,29,CarrotHyrax,60.9,17.9,0,True,0.001,
3koaWT,23,30,CarrotHyrax,60.9,16.4,1,True,0.001,
3koaWT,23,31,CarrotHyrax,60.9,15.1,0,True,0.001,
3koaWT,23,32,CarrotHyrax,60.9,13.9,0,True,0.001,
3koaWT,23,33,CarrotHyrax,60.9,12.8,0,True,0.001,
3koaWT,23,34,CarrotHyrax,60.9,11.7,1,True,0.001,
3koaWT,23,35,CarrotHyrax,60.9,10.7,0,True,0.003,
3koaWT,23,36,CarrotHyrax,60.9,9.8,1,True,0.001,
3koaWT,23,37,CarrotHyrax,60.9,9.1,0,True,0.001,
3koaWT,23,38,CarrotHyrax,60.9,8.4,0,True,0.001,
3koaWT,23,39,CarrotHyrax,43.4,7.7,0,True,0.001,
3koaWT,23,40,CarrotHyrax,43.4,7.1,1,True,0.001,
3koaWT,23,41,CarrotHyrax,43.4,6.5,1,True,0.001,
3koaWT,23,42,CarrotHyrax,43.4,6.1,0,True,0.001,
3koaWT,23,43,CarrotHyrax,43.4,5.6,0,True,0.001,
3koaWT,23,44,CarrotHyrax,43.4,5.2,1,True,0.001,
3koaWT,23,45,CarrotHyrax,43.4,5.0,0,True,0.001,
3koaWT,23,46,CarrotHyrax,43.4,5.0,0,True,0.001,
3koaWT,23,47,CarrotHyrax,43.4,5.0,0,True,0.001,
3koaWT,23,48,CarrotHyrax,43.4,5.0,0,True,0.001,
3koaWT,23,49,CarrotHyrax,60.5,5.0,1,True,0.001,
3koaWT,23,50,CarrotHyrax,60.5,5.0,1,True,0.001,
3koaWT,23,51,CarrotHyrax,60.5,5.0,0,True,0.001,
3koaWT,23,52,CarrotHyrax,60.5,5.0,1,True,0.001,
3koaWT,23,53,CarrotHyrax,60.5,5.0,0,True,0.001,
3koaWT,23,54,CarrotHyrax,60.5,5.0,1,True,0.001,
3koaWT,23,55,CarrotHyrax,60.5,5.0,2,True,0.001,
3koaWT,23,56,CarrotHyrax,60.5,5.0,0,True,0.001,
3koaWT,23,57,CarrotHyrax,60.5,5.0,0,True,0.001,
3koaWT,23,58,CarrotHyrax,60.5,5.0,0,True,0.001,
3koaWT,23,59,CarrotHyrax,78.4,5.0,1,True,0.001,
3koaWT,23,60,CarrotHyrax,78.4,5.0,1,True,0.001,
3koaWT,23,61,CarrotHyrax,78.4,5.0,2,True,0.001,
3koaWT,23,62,CarrotHyrax,78.4,5.0,2,True,0.001,
3koaWT,23,63,CarrotHyrax,78.4,5.0,1,True,0.001,
3koaWT,23,64,CarrotHyrax,78.4,5.0,2,True,0.001,
3koaWT,23,65,CarrotHyrax,78.4,5.0,0,True,0.001,
3koaWT,23,66,CarrotHyrax,78.4,5.0,1,True,0.001,
3koaWT,23,67,CarrotHyrax,78.4,5.0,1,True,0.001,
3koaWT,23,68,CarrotHyrax,78.4,5.0,1,True,0.001,
3koaWT,23,69,CarrotHyrax,30.4,5.0,0,True,0.003,
3koaWT,23,70,CarrotHyrax,30.4,5.0,1,True,0.001,
3koaWT,23,71,CarrotHyrax,30.4,5.0,0,True,0.001,
3koaWT,23,72,CarrotHyrax,30.4,5.0,3,True,0.001,
3koaWT,23,73,CarrotHyrax,30.4,5.0,1,True,0.001,
3koaWT,23,74,CarrotHyrax,30.4,5.0,0,True,0.001,
3koaWT,23,75,CarrotHyrax,30.4,5.0,2,True,0.001,
3koaWT,23,76,CarrotHyrax,30.4,5.0,0,True,0.001,
3koaWT,23,77,CarrotHyrax,30.4,5.0,1,True,0.001,
3koaWT,23,78,CarrotHyrax,30.4,5.0,2,True,0.001,
3koaWT,23,79,CarrotHyrax,73.5,5.0,1,True,0.001,
3koaWT,23,80,CarrotHyrax,73.5,5.0,0,True,0.001,
3koaWT,23,81,CarrotHyrax,73.5,5.0,2,True,0.001,
3koaWT,23,82,CarrotHyrax,73.5,5.0,0,True,0.001,
3koaWT,23,83,CarrotHyrax,73.5,5.0,0,True,0.001,
3koaWT,23,84,CarrotHyrax,73.5,5.0,1,True,0.001,
3koaWT,23,85,CarrotHyrax,73.5,5.0,1,True,0.001,
3koaWT,23,86,CarrotHyrax,73.5,5.0,0,True,0.001,
3koaWT,23,87,CarrotHyrax,73.5,5.0,1,True,0.001,
3koaWT,23,88,CarrotHyrax,73.5,5.0,1,True,0.001,
3koaWT,23,89,CarrotHyrax,39.2,5.0,1,True,0.001,
3koaWT,23,90,CarrotHyrax,39.2,5.0,2,True,0.001,
3koaWT,23,91,CarrotHyrax,39.2,5.0,0,True,0.001,
3koaWT,23,92,CarrotHyrax,39.2,5.0,0,True,0.001,
3koaWT,23,93,CarrotHyrax,39.2,5.0,0,True,0.001,
3koaWT,23,94,CarrotHyrax,39.2,5.0,1,True,0.002,
3koaWT,23,95,CarrotHyrax,39.2,5.0,0,True,0.001,
3koaWT,23,96,CarrotHyrax,39.2,5.0,1,True,0.001,
3koaWT,23,97,CarrotHyrax,39.2,5.0,1,True,0.001,
3koaWT,23,98,CarrotHyrax,39.2,5.0,0,True,0.002,
3koaWT,23,99,CarrotHyrax,44.3,5.0,0,True,0.001,
3koaWT,23,100,CarrotHyrax,44.3,5.0,2,True,0.002,
3koaWT,24,1,CarrotHyrax,44.3,55.0,0,True,0.0,
3koaWT,24,2,CarrotHyrax,44.3,44.0,0,True,0.001,
3koaWT,24,3,CarrotHyrax,44.3,35.2,0,True,0.001,
3koaWT,24,4,CarrotHyrax,44.3,28.2,1,True,0.001,
3koaWT,24,5,CarrotHyrax,44.3,25.2,0,True,0.001,
3koaWT,24,6,CarrotHyrax,44.3,22.1,1,True,0.001,
3koaWT,24,7,CarrotHyrax,44.3,20.6,1,True,0.003,
3koaWT,24,8,CarrotHyrax,35.3,20.0,1,True,0.001,
3koaWT,24,9,CarrotHyrax,35.3,19.9,0,True,0.001,
3koaWT,24,10,CarrotHyrax,35.3,19.5,0,True,0.001,
3koaWT,24,11,CarrotHyrax,35.3,18.7,2,True,0.001,
3koaWT,24,12,CarrotHyrax,35.3,19.2,0,True,0.001,
3koaWT,24,13,CarrotHyrax,35.3,19.1,0,True,0.001,
3koaWT,24,14,CarrotHyrax,35.3,18.7,1,True,0.001,
3koaWT,24,15,CarrotHyrax,35.3,18.5,1,True,0.001,
3koaWT,24,16,CarrotHyrax,35.3,18.4,1,True,0.001,
3koaWT,24,17,CarrotHyrax,35.3,18.5,1,True,0.001,
3koaWT,24,18,CarrotHyrax,35.0,18.8,0,True,0.001,
3koaWT,24,19,CarrotHyrax,35.0,19.0,1,True,0.001,
3koaWT,24,20,CarrotHyrax,35.0,19.3,0,True,0.001,
3koaWT,24,21,CarrotHyrax,35.0,19.5,0,True,0.001,
3koaWT,24,22,CarrotHyrax,35.0,19.4,0,True,0.002,
3koaWT,24,23,CarrotHyrax,35.0,19.3,1,True,0.001,
3koaWT,24,24,CarrotHyrax,35.0,19.1,0,True,0.001,
3koaWT,24,25,CarrotHyrax,35.0,18.9,0,True,0.001,
3koaWT,24,26,CarrotHyrax,35.0,18.5,1,True,0.001,
3koaWT,24,27,CarrotHyrax,35.0,18.3,0,True,0.001,
3koaWT,24,28,CarrotHyrax,54.4,17.9,1,True,0.001,
3koaWT,24,29,CarrotHyrax,54.4,17.7,1,True,0.001,
3koaWT,24,30,CarrotHyrax,54.4,17.5,0,True,0.001,
3koaWT,24,31,CarrotHyrax,54.4,17.2,0,True,0.002,
3koaWT,24,32,CarrotHyrax,54.4,16.9,0,True,0.001,
3koaWT,24,33,CarrotHyrax,54.4,16.5,0,True,0.001,
3koaWT,24,34,CarrotHyrax,54.4,16.0,2,True,0.001,
3koaWT,24,35,CarrotHyrax,54.4,15.7,1,True,0.001,
3koaWT,24,36,CarrotHyrax,54.4,15.6,0,True,0.001,
3koaWT,24,37,CarrotHyrax,54.4,15.4,1,True,0.001,
3koaWT,24,38,CarrotHyrax,54.8,15.3,0,True,0.001,
3koaWT,24,39,CarrotHyrax,54.8,15.1,2,True,0.001,
3koaWT,24,40,CarrotHyrax,54.8,15.2,0,True,0.001,
3koaWT,24,41,CarrotHyrax,54.8,15.2,1,True,0.001,
3koaWT,24,42,CarrotHyrax,54.8,15.2,0,True,0.001,
3koaWT,24,43,CarrotHyrax,54.8,15.2,0,True,0.001,
3koaWT,24,44,CarrotHyrax,54.8,15.1,1,True,0.001,
3koaWT,24,45,CarrotHyrax,54.8,15.1,1,True,0.001,
3koaWT,24,46,CarrotHyrax,54.8,15.1,0,True,0.001,
3koaWT,24,47,CarrotHyrax,54.8,15.1,0,True,0.001,
3koaWT,24,48,CarrotHyrax,45.6,15.0,3,True,0.003,
3koaWT,24,49,CarrotHyrax,45.6,15.3,0,True,0.001,
3koaWT,24,50,CarrotHyrax,45.6,15.4,0,True,0.001,
3koaWT,24,51,CarrotHyrax,45.6,15.5,0,True,0.001,
3koaWT,24,52,CarrotHyrax,45.6,15.6,1,True,0.001,
3koaWT,24,53,CarrotHyrax,45.6,15.6,0,True,0.001,
3koaWT,24,54,CarrotHyrax,45.6,15.5,1,True,0.001,
3koaWT,24,55,CarrotHyrax,45.6,15.5,1,True,0.001,
3koaWT,24,56,CarrotHyrax,45.6,15.5,0,True,0.001,
3koaWT,24,57,CarrotHyrax,45.6,15.4,0,True,0.001,
3koaWT,24,58,CarrotHyrax,44.3,15.3,0,True,0.001,
3koaWT,24,59,CarrotHyrax,44.3,15.1,1,True,0.001,
3koaWT,24,60,CarrotHyrax,44.3,15.0,0,True,0.001,
3koaWT,24,61,CarrotHyrax,44.3,14.8,1,True,0.001,
3koaWT,24,62,CarrotHyrax,44.3,14.6,2,True,0.001,
3koaWT,24,63,CarrotHyrax,44.3,14.5,0,True,0.001,
3koaWT,24,64,CarrotHyrax,44.3,14.3,0,True,0.001,
3koaWT,24,65,CarrotHyrax,44.3,14.0,1,True,0.001,
3koaWT,24,66,CarrotHyrax,44.3,13.8,0,True,0.001,
3koaWT,24,67,CarrotHyrax,44.3,13.4,0,True,0.001,
3koaWT,24,68,CarrotHyrax,44.6,13.0,0,True,0.001,
3koaWT,24,69,CarrotHyrax,44.6,12.6,0,True,0.001,
3koaWT,24,70,CarrotHyrax,44.6,12.1,1,True,0.001,
3koaWT,24,71,CarrotHyrax,44.6,11.7,0,True,0.001,
3koaWT,24,72,CarrotHyrax,44.6,11.2,1,True,0.001,
3koaWT,24,73,CarrotHyrax,44.6,10.8,0,True,0.001,
3koaWT,24,74,CarrotHyrax,44.6,10.3,2,True,0.001,
3koaWT,24,75,CarrotHyrax,44.6,9.8,0,True,0.001,
3koaWT,24,76,CarrotHyrax,44.6,9.4,0,True,0.001,
3koaWT,24,77,CarrotHyrax,44.6,8.9,0,True,0.001,
3koaWT,24,78,CarrotHyrax,74.8,8.4,0,True,0.001,
3koaWT,24,79,CarrotHyrax,74.8,7.9,0,True,0.001,
3koaWT,24,80,CarrotHyrax,74.8,7.4,0,True,0.001,
3koaWT,24,81,CarrotHyrax,74.8,7.0,0,True,0.001,
3koaWT,24,82,CarrotHyrax,74.8,6.5,1,True,0.001,
3koaWT,24,83,CarrotHyrax,74.8,6.0,0,True,0.001,
3koaWT,24,84,CarrotHyrax,74.8,5.6,1,True,0.001,
3koaWT,24,85,CarrotHyrax,74.8,5.2,0,True,0.001,
3koaWT,24,86,CarrotHyrax,74.8,5.0,0,True,0.001,
3koaWT,24,87,CarrotHyrax,74.8,5.0,0,True,0.001,
3koaWT,24,88,CarrotHyrax,52.5,5.0,1,True,0.001,
3koaWT,24,89,CarrotHyrax,52.5,5.0,1,True,0.001,
3koaWT,24,90,CarrotHyrax,52.5,5.0,1,True,0.001,
3koaWT,24,91,CarrotHyrax,52.5,5.0,1,True,0.001,
3koaWT,24,92,CarrotHyrax,52.5,5.0,2,True,0.001,
3koaWT,24,93,CarrotHyrax,52.5,5.0,0,True,0.007,
3koaWT,24,94,CarrotHyrax,52.5,5.0,1,True,0.001,
3koaWT,24,95,CarrotHyrax,52.5,5.0,0,True,0.001,
3koaWT,24,96,CarrotHyrax,52.5,5.0,1,True,0.003,
3koaWT,24,97,CarrotHyrax,52.5,5.0,1,True,0.001,
3koaWT,24,98,CarrotHyrax,60.6,5.0,1,True,0.001,
3koaWT,24,99,CarrotHyrax,60.6,5.0,0,True,0.001,
3koaWT,24,100,CarrotHyrax,60.6,5.0,1,True,0.001,
3koaWT,25,1,CarrotHyrax,60.6,62.0,1,True,0.0,
3koaWT,25,2,CarrotHyrax,60.6,71.2,1,True,0.001,
3koaWT,25,3,CarrotHyrax,60.6,80.7,0,True,0.001,
3koaWT,25,4,CarrotHyrax,60.6,85.1,0,True,0.001,
3koaWT,25,5,CarrotHyrax,60.6,84.4,0,True,0.002,
3koaWT,25,6,CarrotHyrax,60.6,80.1,0,True,0.006,
3koaWT,25,7,CarrotHyrax,73.1,74.8,0,True,0.004,
3koaWT,25,8,CarrotHyrax,73.1,68.3,0,True,0.006,
3koaWT,25,9,CarrotHyrax,73.1,61.4,0,True,0.014,
3koaWT,25,10,CarrotHyrax,73.1,54.5,0,True,0.022,
3koaWT,25,11,CarrotHyrax,73.1,48.1,0,True,0.02,
3koaWT,25,12,CarrotHyrax,73.1,42.0,1,True,0.001,
3koaWT,25,13,CarrotHyrax,73.1,37.8,0,True,0.051,
3koaWT,25,14,CarrotHyrax,73.1,33.6,0,True,0.016,
3koaWT,25,15,CarrotHyrax,73.1,29.6,0,True,0.001,
3koaWT,25,16,CarrotHyrax,73.1,25.8,0,True,0.004,
3koaWT,25,17,CarrotHyrax,61.9,22.4,0,True,0.001,
3koaWT,25,18,CarrotHyrax,61.9,19.4,1,True,0.004,
3koaWT,25,19,CarrotHyrax,61.9,17.1,0,True,0.05,
3koaWT,25,20,CarrotHyrax,61.9,15.1,0,True,0.009,
3koaWT,25,21,CarrotHyrax,61.9,13.2,1,True,0.002,
3koaWT,25,22,CarrotHyrax,61.9,11.7,3,True,0.002,
3koaWT,25,23,CarrotHyrax,61.9,11.0,0,True,0.031,
3koaWT,25,24,CarrotHyrax,61.9,10.3,0,True,0.001,
3koaWT,25,25,CarrotHyrax,61.9,9.5,0,True,0.008,
3koaWT,25,26,CarrotHyrax,61.9,8.7,0,True,0.007,
3koaWT,25,27,CarrotHyrax,75.4,8.0,0,True,0.011,
3koaWT,25,28,CarrotHyrax,75.4,7.3,0,True,0.002,
3koaWT,25,29,CarrotHyrax,75.4,6.6,0,True,0.004,
3koaWT,25,30,CarrotHyrax,75.4,5.9,1,True,0.029,
3koaWT,25,31,CarrotHyrax,75.4,5.4,0,True,0.006,
3koaWT,25,32,CarrotHyrax,75.4,5.0,1,True,0.004,
3koaWT,25,33,CarrotHyrax,75.4,5.0,1,True,0.001,
3koaWT,25,34,CarrotHyrax,75.4,5.0,0,True,0.005,
3koaWT,25,35,CarrotHyrax,75.4,5.0,0,True,0.005,
3koaWT,25,36,CarrotHyrax,75.4,5.0,1,True,0.011,
3koaWT,25,37,CarrotHyrax,56.1,5.0,1,True,0.004,
3koaWT,25,38,CarrotHyrax,56.1,5.0,0,True,0.006,
3koaWT,25,39,CarrotHyrax,56.1,5.0,1,True,0.004,
3koaWT,25,40,CarrotHyrax,56.1,5.0,1,True,0.003,
3koaWT,25,41,CarrotHyrax,56.1,5.0,0,True,0.002,
3koaWT,25,42,CarrotHyrax,56.1,5.0,1,True,0.002,
3koaWT,25,43,CarrotHyrax,56.1,5.0,0,True,0.002,
3koaWT,25,44,CarrotHyrax,56.1,5.0,0,True,0.001,
3koaWT,25,45,CarrotHyrax,56.1,5.0,0,True,0.003,
3koaWT,25,46,CarrotHyrax,56.1,5.0,0,True,0.001,
3koaWT,25,47,CarrotHyrax,53.7,5.0,0,True,0.001,
3koaWT,25,48,CarrotHyrax,53.7,5.0,0,True,0.001,
3koaWT,25,49,CarrotHyrax,53.7,5.0,2,True,0.001,
3koaWT,25,50,CarrotHyrax,53.7,5.0,0,True,0.002,
3koaWT,25,51,CarrotHyrax,53.7,5.0,0,True,0.001,
3koaWT,25,52,CarrotHyrax,53.7,5.0,1,True,0.001,
3koaWT,25,53,CarrotHyrax,53.7,5.0,0,True,0.001,
3koaWT,25,54,CarrotHyrax,53.7,5.0,0,True,0.001,
3koaWT,25,55,CarrotHyrax,53.7,5.0,0,True,0.001,
3koaWT,25,56,CarrotHyrax,53.7,5.0,1,True,0.001,
3koaWT,25,57,CarrotHyrax,75.9,5.0,0,True,0.001,
3koaWT,25,58,CarrotHyrax,75.9,5.0,1,True,0.001,
3koaWT,25,59,CarrotHyrax,75.9,5.0,0,True,0.001,
3koaWT,25,60,CarrotHyrax,75.9,5.0,1,True,0.001,
3koaWT,25,61,CarrotHyrax,75.9,5.0,1,True,0.001,
3koaWT,25,62,CarrotHyrax,75.9,5.0,2,True,0.001,
3koaWT,25,63,CarrotHyrax,75.9,5.0,1,True,0.001,
3koaWT,25,64,CarrotHyrax,75.9,5.0,0,True,0.002,
3koaWT,25,65,CarrotHyrax,75.9,5.0,0,True,0.001,
3koaWT,25,66,CarrotHyrax,75.9,5.0,1,True,0.001,
3koaWT,25,67,CarrotHyrax,38.9,5.0,1,True,0.001,
3koaWT,25,68,CarrotHyrax,38.9,5.0,1,True,0.001,
3koaWT,25,69,CarrotHyrax,38.9,5.0,1,True,0.001,
3koaWT,25,70,CarrotHyrax,38.9,5.0,0,True,0.001,
3koaWT,25,71,CarrotHyrax,38.9,5.0,0,True,0.001,
3koaWT,25,72,CarrotHyrax,38.9,5.0,1,True,0.002,
3koaWT,25,73,CarrotHyrax,38.9,5.0,0,True,0.001,
3koaWT,25,74,CarrotHyrax,38.9,5.0,0,True,0.001,
3koaWT,25,75,CarrotHyrax,38.9,5.0,0,True,0.001,
3koaWT,25,76,CarrotHyrax,38.9,5.0,2,True,0.001,
3koaWT,25,77,CarrotHyrax,71.2,5.0,1,True,0.001,
3koaWT,25,78,CarrotHyrax,71.2,5.0,1,True,0.001,
3koaWT,25,79,CarrotHyrax,71.2,5.0,0,True,0.001,
3koaWT,25,80,CarrotHyrax,71.2,5.0,0,True,0.001,
3koaWT,25,81,CarrotHyrax,71.2,5.0,0,True,0.001,
3koaWT,25,82,CarrotHyrax,71.2,5.0,2,True,0.001,
3koaWT,25,83,CarrotHyrax,71.2,5.0,0,True,0.001,
3koaWT,25,84,CarrotHyrax,71.2,5.0,1,True,0.001,
3koaWT,25,85,CarrotHyrax,71.2,5.0,1,True,0.001,
3koaWT,25,86,CarrotHyrax,71.2,5.0,1,True,0.002,
3koaWT,25,87,CarrotHyrax,60.8,5.0,0,True,0.002,
3koaWT,25,88,CarrotHyrax,60.8,5.0,0,True,0.001,
3koaWT,25,89,CarrotHyrax,60.8,5.0,0,True,0.001,
3koaWT,25,90,CarrotHyrax,60.8,5.0,0,True,0.001,
3koaWT,25,91,CarrotHyrax,60.8,5.0,0,True,0.001,
3koaWT,25,92,CarrotHyrax,60.8,5.0,1,True,0.002,
3koaWT,25,93,CarrotHyrax,60.8,5.0,0,True,0.003,
3koaWT,25,94,CarrotHyrax,60.8,5.0,0,True,0.001,
3koaWT,25,95,CarrotHyrax,60.8,5.0,0,True,0.001,
3koaWT,25,96,CarrotHyrax,60.8,5.0,2,True,0.001,
3koaWT,25,97,CarrotHyrax,54.9,5.0,0,True,0.001,
3koaWT,25,98,CarrotHyrax,54.9,5.0,1,True,0.001,
3koaWT,25,99,CarrotHyrax,54.9,5.0,0,True,0.001,
3koaWT,25,100,CarrotHyrax,54.9,5.0,0,True,0.001,
3koaWT,26,1,CarrotHyrax,54.9,81.0,0,True,0.0,
3koaWT,26,2,CarrotHyrax,54.9,64.8,0,True,0.0,
3koaWT,26,3,CarrotHyrax,54.9,51.8,1,True,0.0,
3koaWT,26,4,CarrotHyrax,54.9,48.1,1,True,0.0,
3koaWT,26,5,CarrotHyrax,54.9,47.7,1,True,0.0,
3koaWT,26,6,CarrotHyrax,43.1,48.8,0,True,0.0,
3koaWT,26,7,CarrotHyrax,43.1,48.8,0,True,0.0,
3koaWT,26,8,CarrotHyrax,43.1,47.4,0,True,0.0,
3koaWT,26,9,CarrotHyrax,43.1,44.9,0,True,0.0,
3koaWT,26,10,CarrotHyrax,43.1,41.9,0,True,0.0,
3koaWT,26,11,CarrotHyrax,43.1,38.6,0,True,0.0,
3koaWT,26,12,CarrotHyrax,43.1,35.2,0,True,0.0,
3koaWT,26,13,CarrotHyrax,43.1,31.6,0,True,0.0,
3koaWT,26,14,CarrotHyrax,43.1,28.1,0,True,0.0,
3koaWT,26,15,CarrotHyrax,43.1,24.7,0,True,0.0,
3koaWT,26,16,CarrotHyrax,45.8,21.6,1,True,0.0,
3koaWT,26,17,CarrotHyrax,45.8,19.3,2,True,0.0,
3koaWT,26,18,CarrotHyrax,45.8,17.9,0,True,0.0,
3koaWT,26,19,CarrotHyrax,45.8,16.6,0,True,0.0,
3koaWT,26,20,CarrotHyrax,45.8,15.2,0,True,0.0,
3koaWT,26,21,CarrotHyrax,45.8,13.9,0,True,0.0,
3koaWT,26,22,CarrotHyrax,45.8,12.6,0,True,0.0,
3koaWT,26,23,CarrotHyrax,45.8,11.4,1,True,0.0,
3koaWT,26,24,CarrotHyrax,45.8,10.4,0,True,0.0,
3koaWT,26,25,CarrotHyrax,45.8,9.5,0,True,0.0,
3koaWT,26,26,CarrotHyrax,40.1,8.6,0,True,0.0,
3koaWT,26,27,CarrotHyrax,40.1,7.7,0,True,0.0,
3koaWT,26,28,CarrotHyrax,40.1,6.9,0,True,0.0,
3koaWT,26,29,CarrotHyrax,40.1,6.2,2,True,0.0,
3koaWT,26,30,CarrotHyrax,40.1,5.7,0,True,0.0,
3koaWT,26,31,CarrotHyrax,40.1,5.2,0,True,0.0,
3koaWT,26,32,CarrotHyrax,40.1,5.0,0,True,0.0,
3koaWT,26,33,CarrotHyrax,40.1,5.0,1,True,0.0,
3koaWT,26,34,CarrotHyrax,40.1,5.0,0,True,0.0,
3koaWT,26,35,CarrotHyrax,40.1,5.0,0,True,0.0,
3koaWT,26,36,CarrotHyrax,42.4,5.0,0,True,0.0,
3koaWT,26,37,CarrotHyrax,42.4,5.0,1,True,0.0,
3koaWT,26,38,CarrotHyrax,42.4,5.0,0,True,0.0,
3koaWT,26,39,CarrotHyrax,42.4,5.0,2,True,0.0,
3koaWT,26,40,CarrotHyrax,42.4,5.0,2,True,0.0,
3koaWT,26,41,CarrotHyrax,42.4,5.0,0,True,0.0,
3koaWT,26,42,CarrotHyrax,42.4,5.0,0,True,0.0,
3koaWT,26,43,CarrotHyrax,42.4,5.0,0,True,0.0,
3koaWT,26,44,CarrotHyrax,42.4,5.0,0,True,0.0,
3koaWT,26,45,CarrotHyrax,42.4,5.0,0,True,0.0,
3koaWT,26,46,CarrotHyrax,52.0,5.0,0,True,0.0,
3koaWT,26,47,CarrotHyrax,52.0,5.0,0,True,0.0,
3koaWT,26,48,CarrotHyrax,52.0,5.0,0,True,0.0,
3koaWT,26,49,CarrotHyrax,52.0,5.0,0,True,0.0,
3koaWT,26,50,CarrotHyrax,52.0,5.0,2,True,0.001,
3koaWT,26,51,CarrotHyrax,52.0,5.0,0,True,0.0,
3koaWT,26,52,CarrotHyrax,52.0,5.0,0,True,0.0,
3koaWT,26,53,CarrotHyrax,52.0,5.0,0,True,0.0,
3koaWT,26,54,CarrotHyrax,52.0,5.0,1,True,0.0,
3koaWT,26,55,CarrotHyrax,52.0,5.0,0,True,0.0,
3koaWT,26,56,CarrotHyrax,49.3,5.0,0,True,0.0,
3koaWT,26,57,CarrotHyrax,49.3,5.0,0,True,0.0,
3koaWT,26,58,CarrotHyrax,49.3,5.0,2,True,0.0,
3koaWT,26,59,CarrotHyrax,49.3,5.0,1,True,0.0,
3koaWT,26,60,CarrotHyrax,49.3,5.0,0,True,0.0,
3koaWT,26,61,CarrotHyrax,49.3,5.0,0,True,0.0,
3koaWT,26,62,CarrotHyrax,49.3,5.0,0,True,0.0,
3koaWT,26,63,CarrotHyrax,49.3,5.0,2,True,0.0,
3koaWT,26,64,CarrotHyrax,49.3,5.0,1,True,0.0,
3koaWT,26,65,CarrotHyrax,49.3,5.0,1,True,0.001,
3koaWT,26,66,CarrotHyrax,30.2,5.0,0,True,0.0,
3koaWT,26,67,CarrotHyrax,30.2,5.0,2,True,0.0,
3koaWT,26,68,CarrotHyrax,30.2,5.0,0,True,0.0,
3koaWT,26,69,CarrotHyrax,30.2,5.0,0,True,0.0,
3koaWT,26,70,CarrotHyrax,30.2,5.0,0,True,0.0,
3koaWT,26,71,CarrotHyrax,30.2,5.0,0,True,0.0,
3koaWT,26,72,CarrotHyrax,30.2,5.0,0,True,0.0,
3koaWT,26,73,CarrotHyrax,30.2,5.0,0,True,0.0,
3koaWT,26,74,CarrotHyrax,30.2,5.0,0,True,0.0,
3koaWT,26,75,CarrotHyrax,30.2,5.0,0,True,0.0,
3koaWT,26,76,CarrotHyrax,73.6,5.0,0,True,0.0,
3koaWT,26,77,CarrotHyrax,73.6,5.0,2,True,0.0,
3koaWT,26,78,CarrotHyrax,73.6,5.0,0,True,0.0,
3koaWT,26,79,CarrotHyrax,73.6,5.0,0,True,0.0,
3koaWT,26,80,CarrotHyrax,73.6,5.0,0,True,0.0,
3koaWT,26,81,CarrotHyrax,73.6,5.0,1,True,0.0,
3koaWT,26,82,CarrotHyrax,73.6,5.0,0,True,0.0,
3koaWT,26,83,CarrotHyrax,73.6,5.0,2,True,0.0,
3koaWT,26,84,CarrotHyrax,73.6,5.0,0,True,0.0,
3koaWT,26,85,CarrotHyrax,73.6,5.0,2,True,0.0,
3koaWT,26,86,CarrotHyrax,31.9,5.0,0,True,0.0,
3koaWT,26,87,CarrotHyrax,31.9,5.0,0,True,0.0,
3koaWT,26,88,CarrotHyrax,31.9,5.0,2,True,0.0,
3koaWT,26,89,CarrotHyrax,31.9,5.0,1,True,0.0,
3koaWT,26,90,CarrotHyrax,31.9,5.0,1,True,0.0,
3koaWT,26,91,CarrotHyrax,31.9,5.0,0,True,0.0,
3koaWT,26,92,CarrotHyrax,31.9,5.0,0,True,0.0,
3koaWT,26,93,CarrotHyrax,31.9,5.0,0,True,0.0,
3koaWT,26,94,CarrotHyrax,31.9,5.0,0,True,0.0,
3koaWT,26,95,CarrotHyrax,31.9,5.0,0,True,0.0,
3koaWT,26,96,CarrotHyrax,71.0,5.0,2,True,0.0,
3koaWT,26,97,CarrotHyrax,71.0,5.0,1,True,0.0,
3koaWT,26,98,CarrotHyrax,71.0,5.0,2,True,0.0,
3koaWT,26,99,CarrotHyrax,71.0,5.0,2,True,0.0,
3koaWT,26,100,CarrotHyrax,71.0,5.0,1,True,0.0,
3koaWT,27,1,CarrotHyrax,71.0,47.0,0,True,0.001,
3koaWT,27,2,CarrotHyrax,71.0,37.6,0,True,0.0,
3koaWT,27,3,CarrotHyrax,71.0,30.1,0,True,0.0,
3koaWT,27,4,CarrotHyrax,71.0,24.1,0,True,0.002,
3koaWT,27,5,CarrotHyrax,46.1,19.3,0,True,0.0,
3koaWT,27,6,CarrotHyrax,46.1,15.4,0,True,0.0,
3koaWT,27,7,CarrotHyrax,46.1,12.3,1,True,0.0,
3koaWT,27,8,CarrotHyrax,46.1,10.6,0,True,0.0,
3koaWT,27,9,CarrotHyrax,46.1,9.0,0,True,0.0,
3koaWT,27,10,CarrotHyrax,46.1,7.6,0,True,0.0,
3koaWT,27,11,CarrotHyrax,46.1,6.4,0,True,0.0,
3koaWT,27,12,CarrotHyrax,46.1,5.3,0,True,0.0,
3koaWT,27,13,CarrotHyrax,46.1,5.0,0,True,0.0,
3koaWT,27,14,CarrotHyrax,46.1,5.0,0,True,0.0,
3koaWT,27,15,CarrotHyrax,73.9,5.0,0,True,0.0,
3koaWT,27,16,CarrotHyrax,73.9,5.0,1,True,0.0,
3koaWT,27,17,CarrotHyrax,73.9,5.0,2,True,0.0,
3koaWT,27,18,CarrotHyrax,73.9,5.0,1,True,0.0,
3koaWT,27,19,CarrotHyrax,73.9,5.0,0,True,0.0,
3koaWT,27,20,CarrotHyrax,73.9,5.0,1,True,0.0,
3koaWT,27,21,CarrotHyrax,73.9,5.0,0,True,0.0,
3koaWT,27,22,CarrotHyrax,73.9,5.0,0,True,0.0,
3koaWT,27,23,CarrotHyrax,73.9,5.0,1,True,0.0,
3koaWT,27,24,CarrotHyrax,73.9,5.0,0,True,0.0,
3koaWT,27,25,CarrotHyrax,31.7,5.0,1,True,0.0,
3koaWT,27,26,CarrotHyrax,31.7,5.0,0,True,0.0,
3koaWT,27,27,CarrotHyrax,31.7,5.0,1,True,0.0,
3koaWT,27,28,CarrotHyrax,31.7,5.0,0,True,0.0,
3koaWT,27,29,CarrotHyrax,31.7,5.0,0,True,0.0,
3koaWT,27,30,CarrotHyrax,31.7,5.0,0,True,0.0,
3koaWT,27,31,CarrotHyrax,31.7,5.0,2,True,0.0,
3koaWT,27,32,CarrotHyrax,31.7,5.0,0,True,0.0,
3koaWT,27,33,CarrotHyrax,31.7,5.0,0,True,0.0,
3koaWT,27,34,CarrotHyrax,31.7,5.0,2,True,0.0,
3koaWT,27,35,CarrotHyrax,58.3,5.0,0,True,0.001,
3koaWT,27,36,CarrotHyrax,58.3,5.0,1,True,0.0,
3koaWT,27,37,CarrotHyrax,58.3,5.0,1,True,0.0,
3koaWT,27,38,CarrotHyrax,58.3,5.0,1,True,0.0,
3koaWT,27,39,CarrotHyrax,58.3,5.0,3,True,0.0,
3koaWT,27,40,CarrotHyrax,58.3,5.0,0,True,0.0,
3koaWT,27,41,CarrotHyrax,58.3,5.0,0,True,0.0,
3koaWT,27,42,CarrotHyrax,58.3,5.0,0,True,0.0,
3koaWT,27,43,CarrotHyrax,58.3,5.0,0,True,0.0,
3koaWT,27,44,CarrotHyrax,58.3,5.0,0,True,0.0,
3koaWT,27,45,CarrotHyrax,39.2,5.0,0,True,0.0,
3koaWT,27,46,CarrotHyrax,39.2,5.0,1,True,0.0,
3koaWT,27,47,CarrotHyrax,39.2,5.0,0,True,0.0,
3koaWT,27,48,CarrotHyrax,39.2,5.0,0,True,0.0,
3koaWT,27,49,CarrotHyrax,39.2,5.0,2,True,0.0,
3koaWT,27,50,CarrotHyrax,39.2,5.0,0,True,0.0,
3koaWT,27,51,CarrotHyrax,39.2,5.0,1,True,0.0,
3koaWT,27,52,CarrotHyrax,39.2,5.0,1,True,0.001,
3koaWT,27,53,CarrotHyrax,39.2,5.0,0,True,0.0,
3koaWT,27,54,CarrotHyrax,39.2,5.0,1,True,0.0,
3koaWT,27,55,CarrotHyrax,62.1,5.0,0,True,0.0,
3koaWT,27,56,CarrotHyrax,62.1,5.0,1,True,0.0,
3koaWT,27,57,CarrotHyrax,62.1,5.0,1,True,0.0,
3koaWT,27,58,CarrotHyrax,62.1,5.0,0,True,0.0,
3koaWT,27,59,CarrotHyrax,62.1,5.0,0,True,0.0,
3koaWT,27,60,CarrotHyrax,62.1,5.0,1,True,0.0,
3koaWT,27,61,CarrotHyrax,62.1,5.0,2,True,0.0,
3koaWT,27,62,CarrotHyrax,62.1,5.0,0,True,0.0,
3koaWT,27,63,CarrotHyrax,62.1,5.0,0,True,0.0,
3koaWT,27,64,CarrotHyrax,62.1,5.0,1,True,0.0,
3koaWT,27,65,CarrotHyrax,34.0,5.0,4,True,0.0,
3koaWT,27,66,CarrotHyrax,34.0,5.0,4,True,0.0,
3koaWT,27,67,CarrotHyrax,34.0,5.0,1,True,0.0,
3koaWT,27,68,CarrotHyrax,34.0,5.0,1,True,0.0,
3koaWT,27,69,CarrotHyrax,34.0,5.0,0,True,0.0,
3koaWT,27,70,CarrotHyrax,34.0,5.0,1,True,0.001,
3koaWT,27,71,CarrotHyrax,34.0,5.0,2,True,0.0,
3koaWT,27,72,CarrotHyrax,34.0,5.0,0,True,0.0,
3koaWT,27,73,CarrotHyrax,34.0,5.0,2,True,0.0,
3koaWT,27,74,CarrotHyrax,34.0,5.0,0,True,0.0,
3koaWT,27,75,CarrotHyrax,62.1,5.0,0,True,0.0,
3koaWT,27,76,CarrotHyrax,62.1,5.0,0,True,0.0,
3koaWT,27,77,CarrotHyrax,62.1,5.0,1,True,0.0,
3koaWT,27,78,CarrotHyrax,62.1,5.0,1,True,0.0,
3koaWT,27,79,CarrotHyrax,62.1,5.0,2,True,0.0,
3koaWT,27,80,CarrotHyrax,62.1,5.0,0,True,0.0,
3koaWT,27,81,CarrotHyrax,62.1,5.0,3,True,0.0,
3koaWT,27,82,CarrotHyrax,62.1,5.0,1,True,0.0,
3koaWT,27,83,CarrotHyrax,62.1,5.0,0,True,0.0,
3koaWT,27,84,CarrotHyrax,62.1,5.0,1,True,0.0,
3koaWT,27,85,CarrotHyrax,51.4,5.0,1,True,0.0,
3koaWT,27,86,CarrotHyrax,51.4,5.0,2,True,0.0,
3koaWT,27,87,CarrotHyrax,51.4,5.0,0,True,0.0,
3koaWT,27,88,CarrotHyrax,51.4,5.0,2,True,0.0,
3koaWT,27,89,CarrotHyrax,51.4,5.0,1,True,0.0,
3koaWT,27,90,CarrotHyrax,51.4,5.0,0,True,0.0,
3koaWT,27,91,CarrotHyrax,51.4,5.0,1,True,0.001,
3koaWT,27,92,CarrotHyrax,51.4,5.0,1,True,0.0,
3koaWT,27,93,CarrotHyrax,51.4,5.0,0,True,0.0,
3koaWT,27,94,CarrotHyrax,51.4,5.0,1,True,0.0,
3koaWT,27,95,CarrotHyrax,63.9,5.0,0,True,0.0,
3koaWT,27,96,CarrotHyrax,63.9,5.0,0,True,0.0,
3koaWT,27,97,CarrotHyrax,63.9,5.0,2,True,0.0,
3koaWT,27,98,CarrotHyrax,63.9,5.0,0,True,0.0,
3koaWT,27,99,CarrotHyrax,63.9,5.0,1,True,0.0,
3koaWT,27,100,CarrotHyrax,63.9,5.0,1,True,0.0,
3koaWT,28,1,CarrotHyrax,63.9,85.0,0,True,0.0,
3koaWT,28,2,CarrotHyrax,63.9,68.0,0,True,0.0,
3koaWT,28,3,CarrotHyrax,63.9,54.4,0,True,0.0,
3koaWT,28,4,CarrotHyrax,67.6,43.5,0,True,0.0,
3koaWT,28,5,CarrotHyrax,67.6,34.8,0,True,0.0,
3koaWT,28,6,CarrotHyrax,67.6,27.9,0,True,0.0,
3koaWT,28,7,CarrotHyrax,67.6,22.3,0,True,0.0,
3koaWT,28,8,CarrotHyrax,67.6,17.8,0,True,0.0,
3koaWT,28,9,CarrotHyrax,67.6,14.3,0,True,0.0,
3koaWT,28,10,CarrotHyrax,67.6,11.4,0,True,0.0,
3koaWT,28,11,CarrotHyrax,67.6,9.1,1,True,0.0,
3koaWT,28,12,CarrotHyrax,67.6,7.6,0,True,0.0,
3koaWT,28,13,CarrotHyrax,67.6,6.4,0,True,0.0,
3koaWT,28,14,CarrotHyrax,63.5,5.3,1,True,0.0,
3koaWT,28,15,CarrotHyrax,63.5,5.0,0,True,0.0,
3koaWT,28,16,CarrotHyrax,63.5,5.0,1,True,0.0,
3koaWT,28,17,CarrotHyrax,63.5,5.0,1,True,0.0,
3koaWT,28,18,CarrotHyrax,63.5,5.0,0,True,0.0,
3koaWT,28,19,CarrotHyrax,63.5,5.0,1,True,0.0,
3koaWT,28,20,CarrotHyrax,63.5,5.0,0,True,0.0,
3koaWT,28,21,CarrotHyrax,63.5,5.0,0,True,0.0,
3koaWT,28,22,CarrotHyrax,63.5,5.0,0,True,0.0,
3koaWT,28,23,CarrotHyrax,63.5,5.0,0,True,0.0,
3koaWT,28,24,CarrotHyrax,55.0,5.0,0,True,0.0,
3koaWT,28,25,CarrotHyrax,55.0,5.0,1,True,0.0,
3koaWT,28,26,CarrotHyrax,55.0,5.0,0,True,0.0,
3koaWT,28,27,CarrotHyrax,55.0,5.0,1,True,0.0,
3koaWT,28,28,CarrotHyrax,55.0,5.0,0,True,0.0,
3koaWT,28,29,CarrotHyrax,55.0,5.0,1,True,0.0,
3koaWT,28,30,CarrotHyrax,55.0,5.0,0,True,0.0,
3koaWT,28,31,CarrotHyrax,55.0,5.0,0,True,0.0,
3koaWT,28,32,CarrotHyrax,55.0,5.0,0,True,0.0,
3koaWT,28,33,CarrotHyrax,55.0,5.0,0,True,0.0,
3koaWT,28,34,CarrotHyrax,70.3,5.0,1,True,0.0,
3koaWT,28,35,CarrotHyrax,70.3,5.0,0,True,0.0,
3koaWT,28,36,CarrotHyrax,70.3,5.0,1,True,0.0,
3koaWT,28,37,CarrotHyrax,70.3,5.0,0,True,0.0,
3koaWT,28,38,CarrotHyrax,70.3,5.0,0,True,0.0,
3koaWT,28,39,CarrotHyrax,70.3,5.0,0,True,0.0,
3koaWT,28,40,CarrotHyrax,70.3,5.0,0,True,0.0,
3koaWT,28,41,CarrotHyrax,70.3,5.0,0,True,0.0,
3koaWT,28,42,CarrotHyrax,70.3,5.0,0,True,0.0,
3koaWT,28,43,CarrotHyrax,70.3,5.0,0,True,0.0,
3koaWT,28,44,CarrotHyrax,75.0,5.0,0,True,0.0,
3koaWT,28,45,CarrotHyrax,75.0,5.0,0,True,0.0,
3koaWT,28,46,CarrotHyrax,75.0,5.0,0,True,0.0,
3koaWT,28,47,CarrotHyrax,75.0,5.0,3,True,0.0,
3koaWT,28,48,CarrotHyrax,75.0,5.0,0,True,0.0,
3koaWT,28,49,CarrotHyrax,75.0,5.0,0,True,0.0,
3koaWT,28,50,CarrotHyrax,75.0,5.0,2,True,0.0,
3koaWT,28,51,CarrotHyrax,75.0,5.0,1,True,0.0,
3koaWT,28,52,CarrotHyrax,75.0,5.0,0,True,0.0,
3koaWT,28,53,CarrotHyrax,75.0,5.0,0,True,0.0,
3koaWT,28,54,CarrotHyrax,40.0,5.0,0,True,0.0,
3koaWT,28,55,CarrotHyrax,40.0,5.0,0,True,0.0,
3koaWT,28,56,CarrotHyrax,40.0,5.0,0,True,0.0,
3koaWT,28,57,CarrotHyrax,40.0,5.0,0,True,0.0,
3koaWT,28,58,CarrotHyrax,40.0,5.0,1,True,0.0,
3koaWT,28,59,CarrotHyrax,40.0,5.0,0,True,0.0,
3koaWT,28,60,CarrotHyrax,40.0,5.0,0,True,0.0,
3koaWT,28,61,CarrotHyrax,40.0,5.0,0,True,0.0,
3koaWT,28,62,CarrotHyrax,40.0,5.0,1,True,0.0,
3koaWT,28,63,CarrotHyrax,40.0,5.0,0,True,0.0,
3koaWT,28,64,CarrotHyrax,31.3,5.0,1,True,0.0,
3koaWT,28,65,CarrotHyrax,31.3,5.0,0,True,0.0,
3koaWT,28,66,CarrotHyrax,31.3,5.0,2,True,0.0,
3koaWT,28,67,CarrotHyrax,31.3,5.0,0,True,0.0,
3koaWT,28,68,CarrotHyrax,31.3,5.0,2,True,0.0,
3koaWT,28,69,CarrotHyrax,31.3,5.0,1,True,0.0,
3koaWT,28,70,CarrotHyrax,31.3,5.0,0,True,0.0,
3koaWT,28,71,CarrotHyrax,31.3,5.0,1,True,0.0,
3koaWT,28,72,CarrotHyrax,31.3,5.0,0,True,0.0,
3koaWT,28,73,CarrotHyrax,31.3,5.0,0,True,0.0,
3koaWT,28,74,CarrotHyrax,47.1,5.0,0,True,0.0,
3koaWT,28,75,CarrotHyrax,47.1,5.0,0,True,0.0,
3koaWT,28,76,CarrotHyrax,47.1,5.0,0,True,0.0,
3koaWT,28,77,CarrotHyrax,47.1,5.0,1,True,0.0,
3koaWT,28,78,CarrotHyrax,47.1,5.0,0,True,0.0,
3koaWT,28,79,CarrotHyrax,47.1,5.0,0,True,0.0,
3koaWT,28,80,CarrotHyrax,47.1,5.0,0,True,0.0,
3koaWT,28,81,CarrotHyrax,47.1,5.0,1,True,0.0,
3koaWT,28,82,CarrotHyrax,47.1,5.0,0,True,0.0,
3koaWT,28,83,CarrotHyrax,47.1,5.0,0,True,0.0,
3koaWT,28,84,CarrotHyrax,49.4,5.0,1,True,0.0,
3koaWT,28,85,CarrotHyrax,49.4,5.0,1,True,0.0,
3koaWT,28,86,CarrotHyrax,49.4,5.0,0,True,0.0,
3koaWT,28,87,CarrotHyrax,49.4,5.0,1,True,0.0,
3koaWT,28,88,CarrotHyrax,49.4,5.0,0,True,0.0,
3koaWT,28,89,CarrotHyrax,49.4,5.0,0,True,0.0,
3koaWT,28,90,CarrotHyrax,49.4,5.0,0,True,0.001,
3koaWT,28,91,CarrotHyrax,49.4,5.0,0,True,0.0,
3koaWT,28,92,CarrotHyrax,49.4,5.0,1,True,0.001,
3koaWT,28,93,CarrotHyrax,49.4,5.0,0,True,0.0,
3koaWT,28,94,CarrotHyrax,50.2,5.0,1,True,0.0,
3koaWT,28,95,CarrotHyrax,50.2,5.0,0,True,0.0,
3koaWT,28,96,CarrotHyrax,50.2,5.0,1,True,0.0,
3koaWT,28,97,CarrotHyrax,50.2,5.0,2,True,0.0,
3koaWT,28,98,CarrotHyrax,50.2,5.0,0,True,0.0,
3koaWT,28,99,CarrotHyrax,50.2,5.0,0,True,0.0,
3koaWT,28,100,CarrotHyrax,50.2,5.0,0,True,0.0,
3koaWT,29,1,CarrotHyrax,50.2,86.0,0,True,0.0,
3koaWT,29,2,CarrotHyrax,50.2,68.8,0,True,0.0,
3koaWT,29,3,CarrotHyrax,77.1,55.0,2,True,0.0,
3koaWT,29,4,CarrotHyrax,77.1,58.0,0,True,0.0,
3koaWT,29,5,CarrotHyrax,77.1,57.6,0,True,0.0,
3koaWT,29,6,CarrotHyrax,77.1,54.6,1,True,0.001,
3koaWT,29,7,CarrotHyrax,77.1,54.7,0,True,0.0,
3koaWT,29,8,CarrotHyrax,77.1,53.0,0,True,0.0,
3koaWT,29,9,CarrotHyrax,77.1,50.3,0,True,0.0,
3koaWT,29,10,CarrotHyrax,77.1,46.9,0,True,0.0,
3koaWT,29,11,CarrotHyrax,77.1,43.2,0,True,0.0,
3koaWT,29,12,CarrotHyrax,77.1,39.4,0,True,0.0,
3koaWT,29,13,CarrotHyrax,32.0,35.4,0,True,0.0,
3koaWT,29,14,CarrotHyrax,32.0,31.5,1,True,0.0,
3koaWT,29,15,CarrotHyrax,32.0,28.5,0,True,0.0,
3koaWT,29,16,CarrotHyrax,32.0,25.7,0,True,0.0,
3koaWT,29,17,CarrotHyrax,32.0,22.9,0,True,0.0,
3koaWT,29,18,CarrotHyrax,32.0,20.3,1,True,0.0,
3koaWT,29,19,CarrotHyrax,32.0,18.3,0,True,0.0,
3koaWT,29,20,CarrotHyrax,32.0,16.5,0,True,0.0,
3koaWT,29,21,CarrotHyrax,32.0,14.7,2,True,0.0,
3koaWT,29,22,CarrotHyrax,32.0,13.7,0,True,0.0,
3koaWT,29,23,CarrotHyrax,34.9,12.6,0,True,0.0,
3koaWT,29,24,CarrotHyrax,34.9,11.5,1,True,0.0,
3koaWT,29,25,CarrotHyrax,34.9,10.6,0,True,0.0,
3koaWT,29,26,CarrotHyrax,34.9,9.8,0,True,0.0,
3koaWT,29,27,CarrotHyrax,34.9,9.0,0,True,0.0,
3koaWT,29,28,CarrotHyrax,34.9,8.2,0,True,0.0,
3koaWT,29,29,CarrotHyrax,34.9,7.4,0,True,0.0,
3koaWT,29,30,CarrotHyrax,34.9,6.7,0,True,0.0,
3koaWT,29,31,CarrotHyrax,34.9,6.0,1,True,0.0,
3koaWT,29,32,CarrotHyrax,34.9,5.4,2,True,0.0,
3koaWT,29,33,CarrotHyrax,35.2,5.0,0,True,0.0,
3koaWT,29,34,CarrotHyrax,35.2,5.0,0,True,0.0,
3koaWT,29,35,CarrotHyrax,35.2,5.0,0,True,0.0,
3koaWT,29,36,CarrotHyrax,35.2,5.0,0,True,0.0,
3koaWT,29,37,CarrotHyrax,35.2,5.0,1,True,0.001,
3koaWT,29,38,CarrotHyrax,35.2,5.0,0,True,0.0,
3koaWT,29,39,CarrotHyrax,35.2,5.0,1,True,0.001,
3koaWT,29,40,CarrotHyrax,35.2,5.0,0,True,0.0,
3koaWT,29,41,CarrotHyrax,35.2,5.0,0,True,0.0,
3koaWT,29,42,CarrotHyrax,35.2,5.0,1,True,0.0,
3koaWT,29,43,CarrotHyrax,75.1,5.0,1,True,0.0,
3koaWT,29,44,CarrotHyrax,75.1,5.0,1,True,0.0,
3koaWT,29,45,CarrotHyrax,75.1,5.0,0,True,0.0,
3koaWT,29,46,CarrotHyrax,75.1,5.0,1,True,0.0,
3koaWT,29,47,CarrotHyrax,75.1,5.0,0,True,0.0,
3koaWT,29,48,CarrotHyrax,75.1,5.0,1,True,0.0,
3koaWT,29,49,CarrotHyrax,75.1,5.0,0,True,0.0,
3koaWT,29,50,CarrotHyrax,75.1,5.0,1,True,0.0,
3koaWT,29,51,CarrotHyrax,75.1,5.0,1,True,0.0,
3koaWT,29,52,CarrotHyrax,75.1,5.0,0,True,0.0,
3koaWT,29,53,CarrotHyrax,67.7,5.0,0,True,0.0,
3koaWT,29,54,CarrotHyrax,67.7,5.0,0,True,0.0,
3koaWT,29,55,CarrotHyrax,67.7,5.0,0,True,0.0,
3koaWT,29,56,CarrotHyrax,67.7,5.0,0,True,0.0,
3koaWT,29,57,CarrotHyrax,67.7,5.0,1,True,0.0,
3koaWT,29,58,CarrotHyrax,67.7,5.0,0,True,0.0,
3koaWT,29,59,CarrotHyrax,67.7,5.0,0,True,0.0,
3koaWT,29,60,CarrotHyrax,67.7,5.0,0,True,0.0,
3koaWT,29,61,CarrotHyrax,67.7,5.0,0,True,0.0,
3koaWT,29,62,CarrotHyrax,67.7,5.0,0,True,0.0,
3koaWT,29,63,CarrotHyrax,61.7,5.0,0,True,0.0,
3koaWT,29,64,CarrotHyrax,61.7,5.0,0,True,0.0,
3koaWT,29,65,CarrotHyrax,61.7,5.0,0,True,0.0,
3koaWT,29,66,CarrotHyrax,61.7,5.0,1,True,0.0,
3koaWT,29,67,CarrotHyrax,61.7,5.0,1,True,0.0,
3koaWT,29,68,CarrotHyrax,61.7,5.0,0,True,0.0,
3koaWT,29,69,CarrotHyrax,61.7,5.0,0,True,0.0,
3koaWT,29,70,CarrotHyrax,61.7,5.0,1,True,0.0,
3koaWT,29,71,CarrotHyrax,61.7,5.0,0,True,0.0,
3koaWT,29,72,CarrotHyrax,61.7,5.0,0,True,0.0,
3koaWT,29,73,CarrotHyrax,54.4,5.0,2,True,0.0,
3koaWT,29,74,CarrotHyrax,54.4,5.0,2,True,0.0,
3koaWT,29,75,CarrotHyrax,54.4,5.0,0,True,0.0,
3koaWT,29,76,CarrotHyrax,54.4,5.0,2,True,0.0,
3koaWT,29,77,CarrotHyrax,54.4,5.0,1,True,0.0,
3koaWT,29,78,CarrotHyrax,54.4,5.0,0,True,0.0,
3koaWT,29,79,CarrotHyrax,54.4,5.0,0,True,0.0,
3koaWT,29,80,CarrotHyrax,54.4,5.0,1,True,0.0,
3koaWT,29,81,CarrotHyrax,54.4,5.0,0,True,0.0,
3koaWT,29,82,CarrotHyrax,54.4,5.0,0,True,0.0,
3koaWT,29,83,CarrotHyrax,73.8,5.0,0,True,0.0,
3koaWT,29,84,CarrotHyrax,73.8,5.0,0,True,0.0,
3koaWT,29,85,CarrotHyrax,73.8,5.0,0,True,0.0,
3koaWT,29,86,CarrotHyrax,73.8,5.0,0,True,0.0,
3koaWT,29,87,CarrotHyrax,73.8,5.0,2,True,0.0,
3koaWT,29,88,CarrotHyrax,73.8,5.0,0,True,0.0,
3koaWT,29,89,CarrotHyrax,73.8,5.0,1,True,0.0,
3koaWT,29,90,CarrotHyrax,73.8,5.0,1,True,0.0,
3koaWT,29,91,CarrotHyrax,73.8,5.0,3,True,0.0,
3koaWT,29,92,CarrotHyrax,73.8,5.0,1,True,0.0,
3koaWT,29,93,CarrotHyrax,47.8,5.0,0,True,0.0,
3koaWT,29,94,CarrotHyrax,47.8,5.0,1,True,0.0,
3koaWT,29,95,CarrotHyrax,47.8,5.0,1,True,0.0,
3koaWT,29,96,CarrotHyrax,47.8,5.0,0,True,0.0,
3koaWT,29,97,CarrotHyrax,47.8,5.0,0,True,0.0,
3koaWT,29,98,CarrotHyrax,47.8,5.0,0,True,0.0,
3koaWT,29,99,CarrotHyrax,47.8,5.0,1,True,0.0,
3koaWT,29,100,CarrotHyrax,47.8,5.0,4,True,0.0,
3koaWT,30,1,CarrotHyrax,47.8,35.0,0,True,0.0,
3koaWT,30,2,CarrotHyrax,52.6,28.0,0,True,0.0,
3koaWT,30,3,CarrotHyrax,52.6,22.4,0,True,0.0,
3koaWT,30,4,CarrotHyrax,52.6,17.9,0,True,0.0,
3koaWT,30,5,CarrotHyrax,52.6,14.3,0,True,0.0,
3koaWT,30,6,CarrotHyrax,52.6,11.5,1,True,0.0,
3koaWT,30,7,CarrotHyrax,52.6,9.9,1,True,0.0,
3koaWT,30,8,CarrotHyrax,52.6,9.1,0,True,0.0,
3koaWT,30,9,CarrotHyrax,52.6,8.2,2,True,0.0,
3koaWT,30,10,CarrotHyrax,52.6,8.0,1,True,0.0,
3koaWT,30,11,CarrotHyrax,52.6,8.0,1,True,0.0,
3koaWT,30,12,CarrotHyrax,69.4,8.2,0,True,0.0,
3koaWT,30,13,CarrotHyrax,69.4,8.2,0,True,0.0,
3koaWT,30,14,CarrotHyrax,69.4,8.0,1,True,0.0,
3koaWT,30,15,CarrotHyrax,69.4,7.9,0,True,0.0,
3koaWT,30,16,CarrotHyrax,69.4,7.7,0,True,0.0,
3koaWT,30,17,CarrotHyrax,69.4,7.4,0,True,0.0,
3koaWT,30,18,CarrotHyrax,69.4,7.0,2,True,0.0,
3koaWT,30,19,CarrotHyrax,69.4,6.9,1,True,0.0,
3koaWT,30,20,CarrotHyrax,69.4,6.9,1,True,0.0,
3koaWT,30,21,CarrotHyrax,69.4,7.0,1,True,0.0,
3koaWT,30,22,CarrotHyrax,73.9,7.1,1,True,0.0,
3koaWT,30,23,CarrotHyrax,73.9,7.2,0,True,0.0,
3koaWT,30,24,CarrotHyrax,73.9,7.3,0,True,0.0,
3koaWT,30,25,CarrotHyrax,73.9,7.3,0,True,0.0,
3koaWT,30,26,CarrotHyrax,73.9,7.3,1,True,0.0,
3koaWT,30,27,CarrotHyrax,73.9,7.3,0,True,0.0,
3koaWT,30,28,CarrotHyrax,73.9,7.3,1,True,0.0,
3koaWT,30,29,CarrotHyrax,73.9,7.3,0,True,0.0,
3koaWT,30,30,CarrotHyrax,73.9,7.2,1,True,0.0,
3koaWT,30,31,CarrotHyrax,73.9,7.2,1,True,0.0,
3koaWT,30,32,CarrotHyrax,31.5,7.2,1,True,0.0,
3koaWT,30,33,CarrotHyrax,31.5,7.3,0,True,0.0,
3koaWT,30,34,CarrotHyrax,31.5,7.3,0,True,0.0,
3koaWT,30,35,CarrotHyrax,31.5,7.3,0,True,0.0,
3koaWT,30,36,CarrotHyrax,31.5,7.2,1,True,0.0,
3koaWT,30,37,CarrotHyrax,31.5,7.2,1,True,0.0,
3koaWT,30,38,CarrotHyrax,31.5,7.2,0,True,0.0,
3koaWT,30,39,CarrotHyrax,31.5,7.2,0,True,0.0,
3koaWT,30,40,CarrotHyrax,31.5,7.2,0,True,0.0,
3koaWT,30,41,CarrotHyrax,31.5,7.1,1,True,0.0,
3koaWT,30,42,CarrotHyrax,52.6,7.0,1,True,0.0,
3koaWT,30,43,CarrotHyrax,52.6,7.0,0,True,0.0,
3koaWT,30,44,CarrotHyrax,52.6,7.0,0,True,0.0,
3koaWT,30,45,CarrotHyrax,52.6,6.9,0,True,0.0,
3koaWT,30,46,CarrotHyrax,52.6,6.8,0,True,0.0,
3koaWT,30,47,CarrotHyrax,52.6,6.7,2,True,0.0,
3koaWT,30,48,CarrotHyrax,52.6,6.7,0,True,0.0,
3koaWT,30,49,CarrotHyrax,52.6,6.6,1,True,0.0,
3koaWT,30,50,CarrotHyrax,52.6,6.6,0,True,0.0,
3koaWT,30,51,CarrotHyrax,52.6,6.5,1,True,0.0,
3koaWT,30,52,CarrotHyrax,62.6,6.5,0,True,0.0,
3koaWT,30,53,CarrotHyrax,62.6,6.4,1,True,0.0,
3koaWT,30,54,CarrotHyrax,62.6,6.3,0,True,0.0,
3koaWT,30,55,CarrotHyrax,62.6,6.2,0,True,0.0,
3koaWT,30,56,CarrotHyrax,62.6,6.1,1,True,0.0,
3koaWT,30,57,CarrotHyrax,62.6,6.0,1,True,0.0,
3koaWT,30,58,CarrotHyrax,62.6,5.9,0,True,0.0,
3koaWT,30,59,CarrotHyrax,62.6,5.8,0,True,0.0,
3koaWT,30,60,CarrotHyrax,62.6,5.7,0,True,0.0,
3koaWT,30,61,CarrotHyrax,62.6,5.5,0,True,0.0,
3koaWT,30,62,CarrotHyrax,60.1,5.4,0,True,0.0,
3koaWT,30,63,CarrotHyrax,60.1,5.2,1,True,0.0,
3koaWT,30,64,CarrotHyrax,60.1,5.0,2,True,0.0,
3koaWT,30,65,CarrotHyrax,60.1,5.0,1,True,0.0,
3koaWT,30,66,CarrotHyrax,60.1,5.0,0,True,0.0,
3koaWT,30,67,CarrotHyrax,60.1,5.0,0,True,0.0,
3koaWT,30,68,CarrotHyrax,60.1,5.0,0,True,0.0,
3koaWT,30,69,CarrotHyrax,60.1,5.0,2,True,0.0,
3koaWT,30,70,CarrotHyrax,60.1,5.0,0,True,0.0,
3koaWT,30,71,CarrotHyrax,60.1,5.0,1,True,0.0,
3koaWT,30,72,CarrotHyrax,57.2,5.0,0,True,0.0,
3koaWT,30,73,CarrotHyrax,57.2,5.0,2,True,0.0,
3koaWT,30,74,CarrotHyrax,57.2,5.0,0,True,0.0,
3koaWT,30,75,CarrotHyrax,57.2,5.0,2,True,0.0,
3koaWT,30,76,CarrotHyrax,57.2,5.0,0,True,0.0,
3koaWT,30,77,CarrotHyrax,57.2,5.0,1,True,0.0,
3koaWT,30,78,CarrotHyrax,57.2,5.0,1,True,0.0,
3koaWT,30,79,CarrotHyrax,57.2,5.0,0,True,0.0,
3koaWT,30,80,CarrotHyrax,57.2,5.0,0,True,0.0,
3koaWT,30,81,CarrotHyrax,57.2,5.0,0,True,0.0,
3koaWT,30,82,CarrotHyrax,34.5,5.0,1,True,0.0,
3koaWT,30,83,CarrotHyrax,34.5,5.0,1,True,0.0,
3koaWT,30,84,CarrotHyrax,34.5,5.0,1,True,0.0,
3koaWT,30,85,CarrotHyrax,34.5,5.0,0,True,0.0,
3koaWT,30,86,CarrotHyrax,34.5,5.0,0,True,0.0,
3koaWT,30,87,CarrotHyrax,34.5,5.0,0,True,0.0,
3koaWT,30,88,CarrotHyrax,34.5,5.0,0,True,0.0,
3koaWT,30,89,CarrotHyrax,34.5,5.0,0,True,0.0,
3koaWT,30,90,CarrotHyrax,34.5,5.0,0,True,0.0,
3koaWT,30,91,CarrotHyrax,34.5,5.0,1,True,0.0,
3koaWT,30,92,CarrotHyrax,50.9,5.0,0,True,0.0,
3koaWT,30,93,CarrotHyrax,50.9,5.0,0,True,0.0,
3koaWT,30,94,CarrotHyrax,50.9,5.0,0,True,0.0,
3koaWT,30,95,CarrotHyrax,50.9,5.0,0,True,0.0,
3koaWT,30,96,CarrotHyrax,50.9,5.0,0,True,0.0,
3koaWT,30,97,CarrotHyrax,50.9,5.0,1,True,0.0,
3koaWT,30,98,CarrotHyrax,50.9,5.0,0,True,0.0,
3koaWT,30,99,CarrotHyrax,50.9,5.0,0,True,0.001,
3koaWT,30,100,CarrotHyrax,50.9,5.0,1,True,0.0,
3koaWT,31,1,CarrotHyrax,33.8,43.0,0,True,0.0,
3koaWT,31,2,CarrotHyrax,33.8,34.4,0,True,0.0,
3koaWT,31,3,CarrotHyrax,33.8,27.5,0,True,0.0,
3koaWT,31,4,CarrotHyrax,33.8,22.0,0,True,0.0,
3koaWT,31,5,CarrotHyrax,33.8,17.6,0,True,0.0,
3koaWT,31,6,CarrotHyrax,33.8,14.1,1,True,0.0,
3koaWT,31,7,CarrotHyrax,33.8,12.2,0,True,0.0,
3koaWT,31,8,CarrotHyrax,33.8,10.5,0,True,0.0,
3koaWT,31,9,CarrotHyrax,33.8,8.9,2,True,0.0,
3koaWT,31,10,CarrotHyrax,33.8,8.3,1,True,0.001,
3koaWT,31,11,CarrotHyrax,61.3,8.0,0,True,0.0,
3koaWT,31,12,CarrotHyrax,61.3,7.6,0,True,0.0,
3koaWT,31,13,CarrotHyrax,61.3,7.0,0,True,0.0,
3koaWT,31,14,CarrotHyrax,61.3,6.5,0,True,0.0,
3koaWT,31,15,CarrotHyrax,61.3,5.9,1,True,0.0,
3koaWT,31,16,CarrotHyrax,61.3,5.4,2,True,0.0,
3koaWT,31,17,CarrotHyrax,61.3,5.2,0,True,0.0,
3koaWT,31,18,CarrotHyrax,61.3,5.0,0,True,0.0,
3koaWT,31,19,CarrotHyrax,61.3,5.0,0,True,0.0,
3koaWT,31,20,CarrotHyrax,61.3,5.0,0,True,0.0,
3koaWT,31,21,CarrotHyrax,60.5,5.0,0,True,0.0,
3koaWT,31,22,CarrotHyrax,60.5,5.0,0,True,0.0,
3koaWT,31,23,CarrotHyrax,60.5,5.0,0,True,0.0,
3koaWT,31,24,CarrotHyrax,60.5,5.0,0,True,0.0,
3koaWT,31,25,CarrotHyrax,60.5,5.0,0,True,0.0,
3koaWT,31,26,CarrotHyrax,60.5,5.0,0,True,0.0,
3koaWT,31,27,CarrotHyrax,60.5,5.0,1,True,0.0,
3koaWT,31,28,CarrotHyrax,60.5,5.0,0,True,0.0,
3koaWT,31,29,CarrotHyrax,60.5,5.0,0,True,0.0,
3koaWT,31,30,CarrotHyrax,60.5,5.0,1,True,0.0,
3koaWT,31,31,CarrotHyrax,50.1,5.0,1,True,0.0,
3koaWT,31,32,CarrotHyrax,50.1,5.0,0,True,0.0,
3koaWT,31,33,CarrotHyrax,50.1,5.0,0,True,0.0,
3koaWT,31,34,CarrotHyrax,50.1,5.0,0,True,0.0,
3koaWT,31,35,CarrotHyrax,50.1,5.0,0,True,0.0,
3koaWT,31,36,CarrotHyrax,50.1,5.0,2,True,0.0,
3koaWT,31,37,CarrotHyrax,50.1,5.0,2,True,0.0,
3koaWT,31,38,CarrotHyrax,50.1,5.0,1,True,0.0,
3koaWT,31,39,CarrotHyrax,50.1,5.0,0,True,0.0,
3koaWT,31,40,CarrotHyrax,50.1,5.0,0,True,0.0,
3koaWT,31,41,CarrotHyrax,35.2,5.0,0,True,0.0,
3koaWT,31,42,CarrotHyrax,35.2,5.0,0,True,0.0,
3koaWT,31,43,CarrotHyrax,35.2,5.0,0,True,0.0,
3koaWT,31,44,CarrotHyrax,35.2,5.0,1,True,0.0,
3koaWT,31,45,CarrotHyrax,35.2,5.0,0,True,0.0,
3koaWT,31,46,CarrotHyrax,35.2,5.0,0,True,0.0,
3koaWT,31,47,CarrotHyrax,35.2,5.0,0,True,0.0,
3koaWT,31,48,CarrotHyrax,35.2,5.0,0,True,0.0,
3koaWT,31,49,CarrotHyrax,35.2,5.0,1,True,0.0,
3koaWT,31,50,CarrotHyrax,35.2,5.0,0,True,0.0,
3koaWT,31,51,CarrotHyrax,52.1,5.0,2,True,0.0,
3koaWT,31,52,CarrotHyrax,52.1,5.0,3,True,0.001,
3koaWT,31,53,CarrotHyrax,52.1,5.0,1,True,0.0,
3koaWT,31,54,CarrotHyrax,52.1,5.0,0,True,0.0,
3koaWT,31,55,CarrotHyrax,52.1,5.0,2,True,0.0,
3koaWT,31,56,CarrotHyrax,52.1,5.0,1,True,0.0,
3koaWT,31,57,CarrotHyrax,52.1,5.0,1,True,0.0,
3koaWT,31,58,CarrotHyrax,52.1,5.0,0,True,0.0,
3koaWT,31,59,CarrotHyrax,52.1,5.0,0,True,0.0,
3koaWT,31,60,CarrotHyrax,52.1,5.0,0,True,0.0,
3koaWT,31,61,CarrotHyrax,56.3,5.0,1,True,0.0,
3koaWT,31,62,CarrotHyrax,56.3,5.0,0,True,0.0,
3koaWT,31,63,CarrotHyrax,56.3,5.0,1,True,0.0,
3koaWT,31,64,CarrotHyrax,56.3,5.0,1,True,0.001,
3koaWT,31,65,CarrotHyrax,56.3,5.0,0,True,0.0,
3koaWT,31,66,CarrotHyrax,56.3,5.0,0,True,0.0,
3koaWT,31,67,CarrotHyrax,56.3,5.0,0,True,0.0,
3koaWT,31,68,CarrotHyrax,56.3,5.0,1,True,0.0,
3koaWT,31,69,CarrotHyrax,56.3,5.0,2,True,0.0,
3koaWT,31,70,CarrotHyrax,56.3,5.0,0,True,0.0,
3koaWT,31,71,CarrotHyrax,73.6,5.0,0,True,0.0,
3koaWT,31,72,CarrotHyrax,73.6,5.0,1,True,0.0,
3koaWT,31,73,CarrotHyrax,73.6,5.0,1,True,0.0,
3koaWT,31,74,CarrotHyrax,73.6,5.0,2,True,0.0,
3koaWT,31,75,CarrotHyrax,73.6,5.0,0,True,0.0,
3koaWT,31,76,CarrotHyrax,73.6,5.0,4,True,0.0,
3koaWT,31,77,CarrotHyrax,73.6,5.0,2,True,0.0,
3koaWT,31,78,CarrotHyrax,73.6,5.0,0,True,0.0,
3koaWT,31,79,CarrotHyrax,73.6,5.0,0,True,0.0,
3koaWT,31,80,CarrotHyrax,73.6,5.0,2,True,0.0,
3koaWT,31,81,CarrotHyrax,51.3,5.0,0,True,0.0,
3koaWT,31,82,CarrotHyrax,51.3,5.0,2,True,0.0,
3koaWT,31,83,CarrotHyrax,51.3,5.0,1,True,0.0,
3koaWT,31,84,CarrotHyrax,51.3,5.0,1,True,0.0,
3koaWT,31,85,CarrotHyrax,51.3,5.0,1,True,0.0,
3koaWT,31,86,CarrotHyrax,51.3,5.0,0,True,0.0,
3koaWT,31,87,CarrotHyrax,51.3,5.0,1,True,0.001,
3koaWT,31,88,CarrotHyrax,51.3,5.0,0,True,0.0,
3koaWT,31,89,CarrotHyrax,51.3,5.0,1,True,0.0,
3koaWT,31,90,CarrotHyrax,51.3,5.0,1,True,0.0,
3koaWT,31,91,CarrotHyrax,52.0,5.0,1,True,0.0,
3koaWT,31,92,CarrotHyrax,52.0,5.0,0,True,0.0,
3koaWT,31,93,CarrotHyrax,52.0,5.0,1,True,0.0,
3koaWT,31,94,CarrotHyrax,52.0,5.0,0,True,0.0,
3koaWT,31,95,CarrotHyrax,52.0,5.0,0,True,0.0,
3koaWT,31,96,CarrotHyrax,52.0,5.0,1,True,0.0,
3koaWT,31,97,CarrotHyrax,52.0,5.0,1,True,0.0,
3koaWT,31,98,CarrotHyrax,52.0,5.0,1,True,0.005,
3koaWT,31,99,CarrotHyrax,52.0,5.0,0,True,0.005,
3koaWT,31,100,CarrotHyrax,52.0,5.0,2,True,0.001,
3koaWT,32,1,CarrotHyrax,52.7,79.0,0,True,0.0,
3koaWT,32,2,CarrotHyrax,52.7,63.2,0,True,0.0,
3koaWT,32,3,CarrotHyrax,52.7,50.6,0,True,0.009,
3koaWT,32,4,CarrotHyrax,52.7,40.4,0,True,0.021,
3koaWT,32,5,CarrotHyrax,52.7,32.4,0,True,0.001,
3koaWT,32,6,CarrotHyrax,52.7,25.9,0,True,0.024,
3koaWT,32,7,CarrotHyrax,52.7,20.7,0,True,0.014,
3koaWT,32,8,CarrotHyrax,52.7,16.6,0,True,0.001,
3koaWT,32,9,CarrotHyrax,52.7,13.3,0,True,0.01,
3koaWT,32,10,CarrotHyrax,55.4,10.6,0,True,0.015,
3koaWT,32,11,CarrotHyrax,55.4,8.5,1,True,0.0,
3koaWT,32,12,CarrotHyrax,55.4,7.1,1,True,0.016,
3koaWT,32,13,CarrotHyrax,55.4,6.1,0,True,0.0,
3koaWT,32,14,CarrotHyrax,55.4,5.3,5,True,0.001,
3koaWT,32,15,CarrotHyrax,55.4,5.2,0,True,0.0,
3koaWT,32,16,CarrotHyrax,55.4,5.1,0,True,0.003,
3koaWT,32,17,CarrotHyrax,55.4,5.0,0,True,0.006,
3koaWT,32,18,CarrotHyrax,55.4,5.0,1,True,0.0,
3koaWT,32,19,CarrotHyrax,55.4,5.0,0,True,0.0,
3koaWT,32,20,CarrotHyrax,67.4,5.0,1,True,0.001,
3koaWT,32,21,CarrotHyrax,67.4,5.0,1,True,0.0,
3koaWT,32,22,CarrotHyrax,67.4,5.0,2,True,0.003,
3koaWT,32,23,CarrotHyrax,67.4,5.0,0,True,0.0,
3koaWT,32,24,CarrotHyrax,67.4,5.0,0,True,0.001,
3koaWT,32,25,CarrotHyrax,67.4,5.0,0,True,0.015,
3koaWT,32,26,CarrotHyrax,67.4,5.0,1,True,0.001,
3koaWT,32,27,CarrotHyrax,67.4,5.0,0,True,0.0,
3koaWT,32,28,CarrotHyrax,67.4,5.0,1,True,0.017,
3koaWT,32,29,CarrotHyrax,67.4,5.0,0,True,0.0,
3koaWT,32,30,CarrotHyrax,50.7,5.0,0,True,0.0,
3koaWT,32,31,CarrotHyrax,50.7,5.0,0,True,0.0,
3koaWT,32,32,CarrotHyrax,50.7,5.0,1,True,0.0,
3koaWT,32,33,CarrotHyrax,50.7,5.0,2,True,0.001,
3koaWT,32,34,CarrotHyrax,50.7,5.0,1,True,0.001,
3koaWT,32,35,CarrotHyrax,50.7,5.0,1,True,0.0,
3koaWT,32,36,CarrotHyrax,50.7,5.0,1,True,0.001,
3koaWT,32,37,CarrotHyrax,50.7,5.1,1,True,0.0,
3koaWT,32,38,CarrotHyrax,50.7,5.1,0,True,0.005,
3koaWT,32,39,CarrotHyrax,50.7,5.2,0,True,0.0,
3koaWT,32,40,CarrotHyrax,41.3,5.2,1,True,0.0,
3koaWT,32,41,CarrotHyrax,41.3,5.2,0,True,0.0,
3koaWT,32,42,CarrotHyrax,41.3,5.2,1,True,0.0,
3koaWT,32,43,CarrotHyrax,41.3,5.3,0,True,0.0,
3koaWT,32,44,CarrotHyrax,41.3,5.3,0,True,0.0,
3koaWT,32,45,CarrotHyrax,41.3,5.3,1,True,0.0,
3koaWT,32,46,CarrotHyrax,41.3,5.3,0,True,0.0,
3koaWT,32,47,CarrotHyrax,41.3,5.3,1,True,0.0,
3koaWT,32,48,CarrotHyrax,41.3,5.3,1,True,0.0,
3koaWT,32,49,CarrotHyrax,41.3,5.4,0,True,0.0,
3koaWT,32,50,CarrotHyrax,53.2,5.4,0,True,0.0,
3koaWT,32,51,CarrotHyrax,53.2,5.4,0,True,0.0,
3koaWT,32,52,CarrotHyrax,53.2,5.3,0,True,0.0,
3koaWT,32,53,CarrotHyrax,53.2,5.3,0,True,0.0,
3koaWT,32,54,CarrotHyrax,53.2,5.2,0,True,0.0,
3koaWT,32,55,CarrotHyrax,53.2,5.1,1,True,0.0,
3koaWT,32,56,CarrotHyrax,53.2,5.0,1,True,0.0,
3koaWT,32,57,CarrotHyrax,53.2,5.0,1,True,0.0,
3koaWT,32,58,CarrotHyrax,53.2,5.0,0,True,0.0,
3koaWT,32,59,CarrotHyrax,53.2,5.0,0,True,0.0,
3koaWT,32,60,CarrotHyrax,61.4,5.0,1,True,0.0,
3koaWT,32,61,CarrotHyrax,61.4,5.0,1,True,0.0,
3koaWT,32,62,CarrotHyrax,61.4,5.0,1,True,0.0,
3koaWT,32,63,CarrotHyrax,61.4,5.0,0,True,0.0,
3koaWT,32,64,CarrotHyrax,61.4,5.0,0,True,0.0,
3koaWT,32,65,CarrotHyrax,61.4,5.0,0,True,0.0,
3koaWT,32,66,CarrotHyrax,61.4,5.0,1,True,0.0,
3koaWT,32,67,CarrotHyrax,61.4,5.0,1,True,0.0,
3koaWT,32,68,CarrotHyrax,61.4,5.0,0,True,0.0,
3koaWT,32,69,CarrotHyrax,61.4,5.0,0,True,0.0,
3koaWT,32,70,CarrotHyrax,52.7,5.0,2,True,0.0,
3koaWT,32,71,CarrotHyrax,52.7,5.0,1,True,0.0,
3koaWT,32,72,CarrotHyrax,52.7,5.0,1,True,0.0,
3koaWT,32,73,CarrotHyrax,52.7,5.0,0,True,0.0,
3koaWT,32,74,CarrotHyrax,52.7,5.0,3,True,0.0,
3koaWT,32,75,CarrotHyrax,52.7,5.0,0,True,0.0,
3koaWT,32,76,CarrotHyrax,52.7,5.0,2,True,0.0,
3koaWT,32,77,CarrotHyrax,52.7,5.0,0,True,0.0,
3koaWT,32,78,CarrotHyrax,52.7,5.0,0,True,0.001,
3koaWT,32,79,CarrotHyrax,52.7,5.0,1,True,0.0,
3koaWT,32,80,CarrotHyrax,39.1,5.0,0,True,0.0,
3koaWT,32,81,CarrotHyrax,39.1,5.0,0,True,0.0,
3koaWT,32,82,CarrotHyrax,39.1,5.0,0,True,0.0,
3koaWT,32,83,CarrotHyrax,39.1,5.0,0,True,0.0,
3koaWT,32,84,CarrotHyrax,39.1,5.0,1,True,0.0,
3koaWT,32,85,CarrotHyrax,39.1,5.0,1,True,0.0,
3koaWT,32,86,CarrotHyrax,39.1,5.0,1,True,0.0,
3koaWT,32,87,CarrotHyrax,39.1,5.0,1,True,0.0,
3koaWT,32,88,CarrotHyrax,39.1,5.0,2,True,0.0,
3koaWT,32,89,CarrotHyrax,39.1,5.0,3,True,0.0,
3koaWT,32,90,CarrotHyrax,40.8,5.0,0,True,0.0,
3koaWT,32,91,CarrotHyrax,40.8,5.0,0,True,0.0,
3koaWT,32,92,CarrotHyrax,40.8,5.0,1,True,0.0,
3koaWT,32,93,CarrotHyrax,40.8,5.0,3,True,0.0,
3koaWT,32,94,CarrotHyrax,40.8,5.0,0,True,0.0,
3koaWT,32,95,CarrotHyrax,40.8,5.0,2,True,0.0,
3koaWT,32,96,CarrotHyrax,40.8,5.0,0,True,0.0,
3koaWT,32,97,CarrotHyrax,40.8,5.0,0,True,0.0,
3koaWT,32,98,CarrotHyrax,40.8,5.0,0,True,0.0,
3koaWT,32,99,CarrotHyrax,40.8,5.0,1,True,0.0,
3koaWT,32,100,CarrotHyrax,45.0,5.0,0,True,0.0,
3koaWT,33,1,CarrotHyrax,45.0,65.0,0,True,0.0,
3koaWT,33,2,CarrotHyrax,45.0,52.0,0,True,0.0,
3koaWT,33,3,CarrotHyrax,45.0,41.6,1,True,0.0,
3koaWT,33,4,CarrotHyrax,45.0,38.6,0,True,0.0,
3koaWT,33,5,CarrotHyrax,45.0,34.6,1,True,0.0,
3koaWT,33,6,CarrotHyrax,45.0,32.8,0,True,0.0,
3koaWT,33,7,CarrotHyrax,45.0,30.6,0,True,0.0,
3koaWT,33,8,CarrotHyrax,45.0,28.0,1,True,0.0,
3koaWT,33,9,CarrotHyrax,65.5,26.5,1,True,0.0,
3koaWT,33,10,CarrotHyrax,65.5,25.9,0,True,0.0,
3koaWT,33,11,CarrotHyrax,65.5,24.9,0,True,0.0,
3koaWT,33,12,CarrotHyrax,65.5,23.6,0,True,0.0,
3koaWT,33,13,CarrotHyrax,65.5,22.0,1,True,0.0,
3koaWT,33,14,CarrotHyrax,65.5,20.9,1,True,0.0,
3koaWT,33,15,CarrotHyrax,65.5,20.1,0,True,0.0,
3koaWT,33,16,CarrotHyrax,65.5,19.0,1,True,0.0,
3koaWT,33,17,CarrotHyrax,65.5,18.3,1,True,0.0,
3koaWT,33,18,CarrotHyrax,65.5,17.8,0,True,0.0,
3koaWT,33,19,CarrotHyrax,34.9,17.2,0,True,0.0,
3koaWT,33,20,CarrotHyrax,34.9,16.4,1,True,0.0,
3koaWT,33,21,CarrotHyrax,34.9,16.0,0,True,0.0,
3koaWT,33,22,CarrotHyrax,34.9,15.4,0,True,0.0,
3koaWT,33,23,CarrotHyrax,34.9,14.7,1,True,0.0,
3koaWT,33,24,CarrotHyrax,34.9,14.1,0,True,0.0,
3koaWT,33,25,CarrotHyrax,34.9,13.5,1,True,0.0,
3koaWT,33,26,CarrotHyrax,34.9,13.0,1,True,0.0,
3koaWT,33,27,CarrotHyrax,34.9,12.7,1,True,0.0,
3koaWT,33,28,CarrotHyrax,34.9,12.4,1,True,0.0,
3koaWT,33,29,CarrotHyrax,58.8,12.3,0,True,0.0,
3koaWT,33,30,CarrotHyrax,58.8,12.0,0,True,0.0,
3koaWT,33,31,CarrotHyrax,58.8,11.7,0,True,0.0,
3koaWT,33,32,CarrotHyrax,58.8,11.3,0,True,0.0,
3koaWT,33,33,CarrotHyrax,58.8,10.9,1,True,0.0,
3koaWT,33,34,CarrotHyrax,58.8,10.5,1,True,0.0,
3koaWT,33,35,CarrotHyrax,58.8,10.3,0,True,0.0,
3koaWT,33,36,CarrotHyrax,58.8,10.0,0,True,0.0,
3koaWT,33,37,CarrotHyrax,58.8,9.6,0,True,0.0,
3koaWT,33,38,CarrotHyrax,58.8,9.3,1,True,0.001,
3koaWT,33,39,CarrotHyrax,43.9,9.0,0,True,0.0,
3koaWT,33,40,CarrotHyrax,43.9,8.7,0,True,0.0,
3koaWT,33,41,CarrotHyrax,43.9,8.3,2,True,0.0,
3koaWT,33,42,CarrotHyrax,43.9,8.1,0,True,0.0,
3koaWT,33,43,CarrotHyrax,43.9,7.9,0,True,0.0,
3koaWT,33,44,CarrotHyrax,43.9,7.6,1,True,0.0,
3koaWT,33,45,CarrotHyrax,43.9,7.4,0,True,0.0,
3koaWT,33,46,CarrotHyrax,43.9,7.2,2,True,0.0,
3koaWT,33,47,CarrotHyrax,43.9,7.1,1,True,0.0,
3koaWT,33,48,CarrotHyrax,43.9,7.0,0,True,0.0,
3koaWT,33,49,CarrotHyrax,34.8,6.9,0,True,0.0,
3koaWT,33,50,CarrotHyrax,34.8,6.7,0,True,0.0,
3koaWT,33,51,CarrotHyrax,34.8,6.6,0,True,0.0,
3koaWT,33,52,CarrotHyrax,34.8,6.4,2,True,0.0,
3koaWT,33,53,CarrotHyrax,34.8,6.3,1,True,0.0,
3koaWT,33,54,CarrotHyrax,34.8,6.1,0,True,0.0,
3koaWT,33,55,CarrotHyrax,34.8,6.0,0,True,0.0,
3koaWT,33,56,CarrotHyrax,34.8,5.8,1,True,0.0,
3koaWT,33,57,CarrotHyrax,34.8,5.7,0,True,0.0,
3koaWT,33,58,CarrotHyrax,34.8,5.6,2,True,0.0,
3koaWT,33,59,CarrotHyrax,45.2,5.5,0,True,0.0,
3koaWT,33,60,CarrotHyrax,45.2,5.3,0,True,0.0,
3koaWT,33,61,CarrotHyrax,45.2,5.2,2,True,0.0,
3koaWT,33,62,CarrotHyrax,45.2,5.1,0,True,0.0,
3koaWT,33,63,CarrotHyrax,45.2,5.0,0,True,0.0,
3koaWT,33,64,CarrotHyrax,45.2,5.0,1,True,0.0,
3koaWT,33,65,CarrotHyrax,45.2,5.0,0,True,0.0,
3koaWT,33,66,CarrotHyrax,45.2,5.0,0,True,0.0,
3koaWT,33,67,CarrotHyrax,45.2,5.0,0,True,0.0,
3koaWT,33,68,CarrotHyrax,45.2,5.0,0,True,0.0,
3koaWT,33,69,CarrotHyrax,60.3,5.0,1,True,0.0,
3koaWT,33,70,CarrotHyrax,60.3,5.0,0,True,0.0,
3koaWT,33,71,CarrotHyrax,60.3,5.0,2,True,0.0,
3koaWT,33,72,CarrotHyrax,60.3,5.0,1,True,0.0,
3koaWT,33,73,CarrotHyrax,60.3,5.0,0,True,0.0,
3koaWT,33,74,CarrotHyrax,60.3,5.0,2,True,0.0,
3koaWT,33,75,CarrotHyrax,60.3,5.0,0,True,0.0,
3koaWT,33,76,CarrotHyrax,60.3,5.0,1,True,0.0,
3koaWT,33,77,CarrotHyrax,60.3,5.0,0,True,0.0,
3koaWT,33,78,CarrotHyrax,60.3,5.0,2,True,0.0,
3koaWT,33,79,CarrotHyrax,32.9,5.0,0,True,0.0,
3koaWT,33,80,CarrotHyrax,32.9,5.0,1,True,0.0,
3koaWT,33,81,CarrotHyrax,32.9,5.0,0,True,0.0,
3koaWT,33,82,CarrotHyrax,32.9,5.0,0,True,0.0,
3koaWT,33,83,CarrotHyrax,32.9,5.0,1,True,0.0,
3koaWT,33,84,CarrotHyrax,32.9,5.0,1,True,0.0,
3koaWT,33,85,CarrotHyrax,32.9,5.0,0,True,0.0,
3koaWT,33,86,CarrotHyrax,32.9,5.0,0,True,0.0,
3koaWT,33,87,CarrotHyrax,32.9,5.0,1,True,0.0,
3koaWT,33,88,CarrotHyrax,32.9,5.0,0,True,0.0,
3koaWT,33,89,CarrotHyrax,42.8,5.0,1,True,0.0,
3koaWT,33,90,CarrotHyrax,42.8,5.0,1,True,0.0,
3koaWT,33,91,CarrotHyrax,42.8,5.0,0,True,0.0,
3koaWT,33,92,CarrotHyrax,42.8,5.0,0,True,0.0,
3koaWT,33,93,CarrotHyrax,42.8,5.0,0,True,0.0,
3koaWT,33,94,CarrotHyrax,42.8,5.0,2,True,0.0,
3koaWT,33,95,CarrotHyrax,42.8,5.0,0,True,0.0,
3koaWT,33,96,CarrotHyrax,42.8,5.0,1,True,0.001,
3koaWT,33,97,CarrotHyrax,42.8,5.0,1,True,0.001,
3koaWT,33,98,CarrotHyrax,42.8,5.0,0,True,0.001,
3koaWT,33,99,CarrotHyrax,73.3,5.0,2,True,0.0,
3koaWT,33,100,CarrotHyrax,73.3,5.0,0,True,0.0,
3koaWT,34,1,CarrotHyrax,73.3,63.0,1,True,0.0,
3koaWT,34,2,CarrotHyrax,73.3,72.4,0,True,0.0,
3koaWT,34,3,CarrotHyrax,73.3,70.0,0,True,0.0,
3koaWT,34,4,CarrotHyrax,73.3,64.9,0,True,0.0,
3koaWT,34,5,CarrotHyrax,73.3,58.1,0,True,0.0,
3koaWT,34,6,CarrotHyrax,73.3,50.8,0,True,0.0,
3koaWT,34,7,CarrotHyrax,73.3,44.1,0,True,0.0,
3koaWT,34,8,CarrotHyrax,58.0,37.8,0,True,0.0,
3koaWT,34,9,CarrotHyrax,58.0,32.1,0,True,0.0,
3koaWT,34,10,CarrotHyrax,58.0,27.1,0,True,0.0,
3koaWT,34,11,CarrotHyrax,58.0,22.7,0,True,0.0,
3koaWT,34,12,CarrotHyrax,58.0,19.0,1,True,0.0,
3koaWT,34,13,CarrotHyrax,58.0,16.5,0,True,0.0,
3koaWT,34,14,CarrotHyrax,58.0,14.2,0,True,0.0,
3koaWT,34,15,CarrotHyrax,58.0,12.1,0,True,0.0,
3koaWT,34,16,CarrotHyrax,58.0,10.3,0,True,0.0,
3koaWT,34,17,CarrotHyrax,58.0,8.7,0,True,0.0,
3koaWT,34,18,CarrotHyrax,34.2,7.3,0,True,0.0,
3koaWT,34,19,CarrotHyrax,34.2,6.2,0,True,0.0,
3koaWT,34,20,CarrotHyrax,34.2,5.2,0,True,0.0,
3koaWT,34,21,CarrotHyrax,34.2,5.0,0,True,0.0,
3koaWT,34,22,CarrotHyrax,34.2,5.0,1,True,0.0,
3koaWT,34,23,CarrotHyrax,34.2,5.0,1,True,0.0,
3koaWT,34,24,CarrotHyrax,34.2,5.0,0,True,0.0,
3koaWT,34,25,CarrotHyrax,34.2,5.0,1,True,0.0,
3koaWT,34,26,CarrotHyrax,34.2,5.0,0,True,0.0,
3koaWT,34,27,CarrotHyrax,34.2,5.0,0,True,0.0,
3koaWT,34,28,CarrotHyrax,49.8,5.0,0,True,0.0,
3koaWT,34,29,CarrotHyrax,49.8,5.0,0,True,0.0,
3koaWT,34,30,CarrotHyrax,49.8,5.0,0,True,0.0,
3koaWT,34,31,CarrotHyrax,49.8,5.0,0,True,0.0,
3koaWT,34,32,CarrotHyrax,49.8,5.0,0,True,0.0,
3koaWT,34,33,CarrotHyrax,49.8,5.0,1,True,0.0,
3koaWT,34,34,CarrotHyrax,49.8,5.0,1,True,0.0,
3koaWT,34,35,CarrotHyrax,49.8,5.0,0,True,0.0,
3koaWT,34,36,CarrotHyrax,49.8,5.0,0,True,0.0,
3koaWT,34,37,CarrotHyrax,49.8,5.0,0,True,0.0,
3koaWT,34,38,CarrotHyrax,75.0,5.0,0,True,0.0,
3koaWT,34,39,CarrotHyrax,75.0,5.0,0,True,0.0,
3koaWT,34,40,CarrotHyrax,75.0,5.0,1,True,0.0,
3koaWT,34,41,CarrotHyrax,75.0,5.0,0,True,0.0,
3koaWT,34,42,CarrotHyrax,75.0,5.0,0,True,0.001,
3koaWT,34,43,CarrotHyrax,75.0,5.0,0,True,0.0,
3koaWT,34,44,CarrotHyrax,75.0,5.0,0,True,0.0,
3koaWT,34,45,CarrotHyrax,75.0,5.0,1,True,0.0,
3koaWT,34,46,CarrotHyrax,75.0,5.0,4,True,0.0,
3koaWT,34,47,CarrotHyrax,75.0,5.0,1,True,0.0,
3koaWT,34,48,CarrotHyrax,36.3,5.0,1,True,0.0,
3koaWT,34,49,CarrotHyrax,36.3,5.0,0,True,0.0,
3koaWT,34,50,CarrotHyrax,36.3,5.0,1,True,0.0,
3koaWT,34,51,CarrotHyrax,36.3,5.0,0,True,0.0,
3koaWT,34,52,CarrotHyrax,36.3,5.0,3,True,0.0,
3koaWT,34,53,CarrotHyrax,36.3,5.0,0,True,0.0,
3koaWT,34,54,CarrotHyrax,36.3,5.0,0,True,0.0,
3koaWT,34,55,CarrotHyrax,36.3,5.0,0,True,0.0,
3koaWT,34,56,CarrotHyrax,36.3,5.0,0,True,0.0,
3koaWT,34,57,CarrotHyrax,36.3,5.0,0,True,0.0,
3koaWT,34,58,CarrotHyrax,32.6,5.0,1,True,0.0,
3koaWT,34,59,CarrotHyrax,32.6,5.0,0,True,0.0,
3koaWT,34,60,CarrotHyrax,32.6,5.0,0,True,0.0,
3koaWT,34,61,CarrotHyrax,32.6,5.0,0,True,0.0,
3koaWT,34,62,CarrotHyrax,32.6,5.0,0,True,0.0,
3koaWT,34,63,CarrotHyrax,32.6,5.0,1,True,0.0,
3koaWT,34,64,CarrotHyrax,32.6,5.0,1,True,0.0,
3koaWT,34,65,CarrotHyrax,32.6,5.0,1,True,0.0,
3koaWT,34,66,CarrotHyrax,32.6,5.0,0,True,0.0,
3koaWT,34,67,CarrotHyrax,32.6,5.0,1,True,0.0,
3koaWT,34,68,CarrotHyrax,46.5,5.0,1,True,0.0,
3koaWT,34,69,CarrotHyrax,46.5,5.0,1,True,0.0,
3koaWT,34,70,CarrotHyrax,46.5,5.0,0,True,0.0,
3koaWT,34,71,CarrotHyrax,46.5,5.0,0,True,0.0,
3koaWT,34,72,CarrotHyrax,46.5,5.0,0,True,0.0,
3koaWT,34,73,CarrotHyrax,46.5,5.0,0,True,0.0,
3koaWT,34,74,CarrotHyrax,46.5,5.0,1,True,0.0,
3koaWT,34,75,CarrotHyrax,46.5,5.0,0,True,0.0,
3koaWT,34,76,CarrotHyrax,46.5,5.0,1,True,0.0,
3koaWT,34,77,CarrotHyrax,46.5,5.0,0,True,0.0,
3koaWT,34,78,CarrotHyrax,40.7,5.0,1,True,0.0,
3koaWT,34,79,CarrotHyrax,40.7,5.0,2,True,0.0,
3koaWT,34,80,CarrotHyrax,40.7,5.0,0,True,0.0,
3koaWT,34,81,CarrotHyrax,40.7,5.0,0,True,0.0,
3koaWT,34,82,CarrotHyrax,40.7,5.0,1,True,0.0,
3koaWT,34,83,CarrotHyrax,40.7,5.0,0,True,0.0,
3koaWT,34,84,CarrotHyrax,40.7,5.0,1,True,0.0,
3koaWT,34,85,CarrotHyrax,40.7,5.0,3,True,0.0,
3koaWT,34,86,CarrotHyrax,40.7,5.0,1,True,0.0,
3koaWT,34,87,CarrotHyrax,40.7,5.0,0,True,0.0,
3koaWT,34,88,CarrotHyrax,42.1,5.0,0,True,0.0,
3koaWT,34,89,CarrotHyrax,42.1,5.0,1,True,0.0,
3koaWT,34,90,CarrotHyrax,42.1,5.0,1,True,0.0,
3koaWT,34,91,CarrotHyrax,42.1,5.0,0,True,0.0,
3koaWT,34,92,CarrotHyrax,42.1,5.0,0,True,0.0,
3koaWT,34,93,CarrotHyrax,42.1,5.0,0,True,0.0,
3koaWT,34,94,CarrotHyrax,42.1,5.0,2,True,0.0,
3koaWT,34,95,CarrotHyrax,42.1,5.0,1,True,0.0,
3koaWT,34,96,CarrotHyrax,42.1,5.0,0,True,0.0,
3koaWT,34,97,CarrotHyrax,42.1,5.0,0,True,0.0,
3koaWT,34,98,CarrotHyrax,36.7,5.0,1,True,0.0,
3koaWT,34,99,CarrotHyrax,36.7,5.0,0,True,0.0,
3koaWT,34,100,CarrotHyrax,36.7,5.0,2,True,0.0,
3koaWT,35,1,CarrotHyrax,36.7,65.0,0,True,0.0,
3koaWT,35,2,CarrotHyrax,36.7,52.0,0,True,0.0,
3koaWT,35,3,CarrotHyrax,36.7,41.6,0,True,0.0,
3koaWT,35,4,CarrotHyrax,36.7,33.3,2,True,0.0,
3koaWT,35,5,CarrotHyrax,36.7,33.0,0,True,0.0,
3koaWT,35,6,CarrotHyrax,36.7,31.3,0,True,0.0,
3koaWT,35,7,CarrotHyrax,53.4,29.3,0,True,0.0,
3koaWT,35,8,CarrotHyrax,53.4,26.7,0,True,0.0,
3koaWT,35,9,CarrotHyrax,53.4,24.0,1,True,0.0,
3koaWT,35,10,CarrotHyrax,53.4,22.4,0,True,0.0,
3koaWT,35,11,CarrotHyrax,53.4,20.6,0,True,0.001,
3koaWT,35,12,CarrotHyrax,53.4,18.8,0,True,0.0,
3koaWT,35,13,CarrotHyrax,53.4,16.9,1,True,0.0,
3koaWT,35,14,CarrotHyrax,53.4,15.5,0,True,0.0,
3koaWT,35,15,CarrotHyrax,53.4,14.1,0,True,0.0,
3koaWT,35,16,CarrotHyrax,53.4,12.7,1,True,0.0,
3koaWT,35,17,CarrotHyrax,40.6,11.6,0,True,0.0,
3koaWT,35,18,CarrotHyrax,40.6,10.5,0,True,0.0,
3koaWT,35,19,CarrotHyrax,40.6,9.5,0,True,0.0,
3koaWT,35,20,CarrotHyrax,40.6,8.5,1,True,0.0,
3koaWT,35,21,CarrotHyrax,40.6,7.8,0,True,0.0,
3koaWT,35,22,CarrotHyrax,40.6,7.1,1,True,0.0,
3koaWT,35,23,CarrotHyrax,40.6,6.5,1,True,0.0,
3koaWT,35,24,CarrotHyrax,40.6,6.1,1,True,0.0,
3koaWT,35,25,CarrotHyrax,40.6,5.7,1,True,0.0,
3koaWT,35,26,CarrotHyrax,40.6,5.4,1,True,0.0,
3koaWT,35,27,CarrotHyrax,45.8,5.2,1,True,0.0,
3koaWT,35,28,CarrotHyrax,45.8,5.0,0,True,0.0,
3koaWT,35,29,CarrotHyrax,45.8,5.0,0,True,0.0,
3koaWT,35,30,CarrotHyrax,45.8,5.0,0,True,0.0,
3koaWT,35,31,CarrotHyrax,45.8,5.0,0,True,0.0,
3koaWT,35,32,CarrotHyrax,45.8,5.0,0,True,0.0,
3koaWT,35,33,CarrotHyrax,45.8,5.0,0,True,0.0,
3koaWT,35,34,CarrotHyrax,45.8,5.0,1,True,0.0,
3koaWT,35,35,CarrotHyrax,45.8,5.0,1,True,0.0,
3koaWT,35,36,CarrotHyrax,45.8,5.0,1,True,0.0,
3koaWT,35,37,CarrotHyrax,55.2,5.0,0,True,0.0,
3koaWT,35,38,CarrotHyrax,55.2,5.0,1,True,0.0,
3koaWT,35,39,CarrotHyrax,55.2,5.0,1,True,0.0,
3koaWT,35,40,CarrotHyrax,55.2,5.0,0,True,0.0,
3koaWT,35,41,CarrotHyrax,55.2,5.0,0,True,0.0,
3koaWT,35,42,CarrotHyrax,55.2,5.0,0,True,0.0,
3koaWT,35,43,CarrotHyrax,55.2,5.0,1,True,0.0,
3koaWT,35,44,CarrotHyrax,55.2,5.0,1,True,0.0,
3koaWT,35,45,CarrotHyrax,55.2,5.0,0,True,0.0,
3koaWT,35,46,CarrotHyrax,55.2,5.0,2,True,0.0,
3koaWT,35,47,CarrotHyrax,59.3,5.0,0,True,0.0,
3koaWT,35,48,CarrotHyrax,59.3,5.0,1,True,0.0,
3koaWT,35,49,CarrotHyrax,59.3,5.0,0,True,0.0,
3koaWT,35,50,CarrotHyrax,59.3,5.0,1,True,0.0,
3koaWT,35,51,CarrotHyrax,59.3,5.0,0,True,0.001,
3koaWT,35,52,CarrotHyrax,59.3,5.0,1,True,0.0,
3koaWT,35,53,CarrotHyrax,59.3,5.0,1,True,0.0,
3koaWT,35,54,CarrotHyrax,59.3,5.0,0,True,0.0,
3koaWT,35,55,CarrotHyrax,59.3,5.0,1,True,0.0,
3koaWT,35,56,CarrotHyrax,59.3,5.0,1,True,0.0,
3koaWT,35,57,CarrotHyrax,71.9,5.0,0,True,0.0,
3koaWT,35,58,CarrotHyrax,71.9,5.0,0,True,0.0,
3koaWT,35,59,CarrotHyrax,71.9,5.0,0,True,0.0,
3koaWT,35,60,CarrotHyrax,71.9,5.0,1,True,0.0,
3koaWT,35,61,CarrotHyrax,71.9,5.0,1,True,0.0,
3koaWT,35,62,CarrotHyrax,71.9,5.0,0,True,0.0,
3koaWT,35,63,CarrotHyrax,71.9,5.0,0,True,0.0,
3koaWT,35,64,CarrotHyrax,71.9,5.0,0,True,0.0,
3koaWT,35,65,CarrotHyrax,71.9,5.0,2,True,0.0,
3koaWT,35,66,CarrotHyrax,71.9,5.0,0,True,0.0,
3koaWT,35,67,CarrotHyrax,74.9,5.0,1,True,0.0,
3koaWT,35,68,CarrotHyrax,74.9,5.0,0,True,0.0,
3koaWT,35,69,CarrotHyrax,74.9,5.0,1,True,0.0,
3koaWT,35,70,CarrotHyrax,74.9,5.0,0,True,0.0,
3koaWT,35,71,CarrotHyrax,74.9,5.0,1,True,0.0,
3koaWT,35,72,CarrotHyrax,74.9,5.0,2,True,0.0,
3koaWT,35,73,CarrotHyrax,74.9,5.0,0,True,0.0,
3koaWT,35,74,CarrotHyrax,74.9,5.0,0,True,0.0,
3koaWT,35,75,CarrotHyrax,74.9,5.0,0,True,0.0,
3koaWT,35,76,CarrotHyrax,74.9,5.0,1,True,0.0,
3koaWT,35,77,CarrotHyrax,76.5,5.0,0,True,0.0,
3koaWT,35,78,CarrotHyrax,76.5,5.0,0,True,0.0,
3koaWT,35,79,CarrotHyrax,76.5,5.0,0,True,0.0,
3koaWT,35,80,CarrotHyrax,76.5,5.0,1,True,0.0,
3koaWT,35,81,CarrotHyrax,76.5,5.0,2,True,0.0,
3koaWT,35,82,CarrotHyrax,76.5,5.0,1,True,0.0,
3koaWT,35,83,CarrotHyrax,76.5,5.0,2,True,0.0,
3koaWT,35,84,CarrotHyrax,76.5,5.0,0,True,0.0,
3koaWT,35,85,CarrotHyrax,76.5,5.0,0,True,0.0,
3koaWT,35,86,CarrotHyrax,76.5,5.0,0,True,0.0,
3koaWT,35,87,CarrotHyrax,70.7,5.0,1,True,0.0,
3koaWT,35,88,CarrotHyrax,70.7,5.0,1,True,0.0,
3koaWT,35,89,CarrotHyrax,70.7,5.0,0,True,0.0,
3koaWT,35,90,CarrotHyrax,70.7,5.0,0,True,0.0,
3koaWT,35,91,CarrotHyrax,70.7,5.0,0,True,0.0,
3koaWT,35,92,CarrotHyrax,70.7,5.0,2,True,0.0,
3koaWT,35,93,CarrotHyrax,70.7,5.0,0,True,0.0,
3koaWT,35,94,CarrotHyrax,70.7,5.0,1,True,0.0,
3koaWT,35,95,CarrotHyrax,70.7,5.0,0,True,0.0,
3koaWT,35,96,CarrotHyrax,70.7,5.0,0,True,0.0,
3koaWT,35,97,CarrotHyrax,77.0,5.0,0,True,0.0,
3koaWT,35,98,CarrotHyrax,77.0,5.0,0,True,0.0,
3koaWT,35,99,CarrotHyrax,77.0,5.0,0,True,0.0,
3koaWT,35,100,CarrotHyrax,77.0,5.0,0,True,0.0,
3koaWT,36,1,CarrotHyrax,77.0,30.0,0,True,0.0,
3koaWT,36,2,CarrotHyrax,77.0,24.0,0,True,0.0,
3koaWT,36,3,CarrotHyrax,77.0,19.2,0,True,0.0,
3koaWT,36,4,CarrotHyrax,77.0,15.4,0,True,0.0,
3koaWT,36,5,CarrotHyrax,77.0,12.3,1,True,0.0,
3koaWT,36,6,CarrotHyrax,59.6,10.7,0,True,0.0,
3koaWT,36,7,CarrotHyrax,59.6,9.3,0,True,0.0,
3koaWT,36,8,CarrotHyrax,59.6,8.0,1,True,0.0,
3koaWT,36,9,CarrotHyrax,59.6,7.2,0,True,0.0,
3koaWT,36,10,CarrotHyrax,59.6,6.4,1,True,0.0,
3koaWT,36,11,CarrotHyrax,59.6,5.9,2,True,0.001,
3koaWT,36,12,CarrotHyrax,59.6,5.8,0,True,0.0,
3koaWT,36,13,CarrotHyrax,59.6,5.6,0,True,0.0,
3koaWT,36,14,CarrotHyrax,59.6,5.3,1,True,0.0,
3koaWT,36,15,CarrotHyrax,59.6,5.1,0,True,0.0,
3koaWT,36,16,CarrotHyrax,41.3,5.0,0,True,0.0,
3koaWT,36,17,CarrotHyrax,41.3,5.0,0,True,0.0,
3koaWT,36,18,CarrotHyrax,41.3,5.0,0,True,0.0,
3koaWT,36,19,CarrotHyrax,41.3,5.0,0,True,0.0,
3koaWT,36,20,CarrotHyrax,41.3,5.0,1,True,0.0,
3koaWT,36,21,CarrotHyrax,41.3,5.0,0,True,0.0,
3koaWT,36,22,CarrotHyrax,41.3,5.0,0,True,0.0,
3koaWT,36,23,CarrotHyrax,41.3,5.0,0,True,0.0,
3koaWT,36,24,CarrotHyrax,41.3,5.0,0,True,0.0,
3koaWT,36,25,CarrotHyrax,41.3,5.0,0,True,0.0,
3koaWT,36,26,CarrotHyrax,63.0,5.0,1,True,0.0,
3koaWT,36,27,CarrotHyrax,63.0,5.0,0,True,0.0,
3koaWT,36,28,CarrotHyrax,63.0,5.0,1,True,0.0,
3koaWT,36,29,CarrotHyrax,63.0,5.0,0,True,0.0,
3koaWT,36,30,CarrotHyrax,63.0,5.0,1,True,0.0,
3koaWT,36,31,CarrotHyrax,63.0,5.0,0,True,0.0,
3koaWT,36,32,CarrotHyrax,63.0,5.0,0,True,0.0,
3koaWT,36,33,CarrotHyrax,63.0,5.0,0,True,0.0,
3koaWT,36,34,CarrotHyrax,63.0,5.0,0,True,0.0,
3koaWT,36,35,CarrotHyrax,63.0,5.0,1,True,0.0,
3koaWT,36,36,CarrotHyrax,73.2,5.0,1,True,0.0,
3koaWT,36,37,CarrotHyrax,73.2,5.0,1,True,0.0,
3koaWT,36,38,CarrotHyrax,73.2,5.0,1,True,0.0,
3koaWT,36,39,CarrotHyrax,73.2,5.0,0,True,0.0,
3koaWT,36,40,CarrotHyrax,73.2,5.0,3,True,0.0,
3koaWT,36,41,CarrotHyrax,73.2,5.0,1,True,0.0,
3koaWT,36,42,CarrotHyrax,73.2,5.0,0,True,0.0,
3koaWT,36,43,CarrotHyrax,73.2,5.0,0,True,0.0,
3koaWT,36,44,CarrotHyrax,73.2,5.0,0,True,0.0,
3koaWT,36,45,CarrotHyrax,73.2,5.0,0,True,0.0,
3koaWT,36,46,CarrotHyrax,49.1,5.0,2,True,0.0,
3koaWT,36,47,CarrotHyrax,49.1,5.0,0,True,0.0,
3koaWT,36,48,CarrotHyrax,49.1,5.0,0,True,0.0,
3koaWT,36,49,CarrotHyrax,49.1,5.0,0,True,0.0,
3koaWT,36,50,CarrotHyrax,49.1,5.0,0,True,0.0,
3koaWT,36,51,CarrotHyrax,49.1,5.0,0,True,0.0,
3koaWT,36,52,CarrotHyrax,49.1,5.0,1,True,0.0,
3koaWT,36,53,CarrotHyrax,49.1,5.0,0,True,0.0,
3koaWT,36,54,CarrotHyrax,49.1,5.0,2,True,0.0,
3koaWT,36,55,CarrotHyrax,49.1,5.0,0,True,0.0,
3koaWT,36,56,CarrotHyrax,67.0,5.0,2,True,0.0,
3koaWT,36,57,CarrotHyrax,67.0,5.0,0,True,0.0,
3koaWT,36,58,CarrotHyrax,67.0,5.0,0,True,0.0,
3koaWT,36,59,CarrotHyrax,67.0,5.0,0,True,0.0,
3koaWT,36,60,CarrotHyrax,67.0,5.0,0,True,0.0,
3koaWT,36,61,CarrotHyrax,67.0,5.0,1,True,0.0,
3koaWT,36,62,CarrotHyrax,67.0,5.0,2,True,0.0,
3koaWT,36,63,CarrotHyrax,67.0,5.0,1,True,0.0,
3koaWT,36,64,CarrotHyrax,67.0,5.0,0,True,0.0,
3koaWT,36,65,CarrotHyrax,67.0,5.0,0,True,0.0,
3koaWT,36,66,CarrotHyrax,55.3,5.0,0,True,0.0,
3koaWT,36,67,CarrotHyrax,55.3,5.0,0,True,0.0,
3koaWT,36,68,CarrotHyrax,55.3,5.0,0,True,0.0,
3koaWT,36,69,CarrotHyrax,55.3,5.0,0,True,0.0,
3koaWT,36,70,CarrotHyrax,55.3,5.0,1,True,0.0,
3koaWT,36,71,CarrotHyrax,55.3,5.0,1,True,0.0,
3koaWT,36,72,CarrotHyrax,55.3,5.0,0,True,0.0,
3koaWT,36,73,CarrotHyrax,55.3,5.0,0,True,0.0,
3koaWT,36,74,CarrotHyrax,55.3,5.0,0,True,0.0,
3koaWT,36,75,CarrotHyrax,55.3,5.0,2,True,0.0,
3koaWT,36,76,CarrotHyrax,74.8,5.0,0,True,0.0,
3koaWT,36,77,CarrotHyrax,74.8,5.0,0,True,0.0,
3koaWT,36,78,CarrotHyrax,74.8,5.0,0,True,0.0,
3koaWT,36,79,CarrotHyrax,74.8,5.0,0,True,0.0,
3koaWT,36,80,CarrotHyrax,74.8,5.0,1,True,0.0,
3koaWT,36,81,CarrotHyrax,74.8,5.0,1,True,0.0,
3koaWT,36,82,CarrotHyrax,74.8,5.0,1,True,0.0,
3koaWT,36,83,CarrotHyrax,74.8,5.0,1,True,0.0,
3koaWT,36,84,CarrotHyrax,74.8,5.0,0,True,0.0,
3koaWT,36,85,CarrotHyrax,74.8,5.0,0,True,0.0,
3koaWT,36,86,CarrotHyrax,71.4,5.0,0,True,0.0,
3koaWT,36,87,CarrotHyrax,71.4,5.0,0,True,0.0,
3koaWT,36,88,CarrotHyrax,71.4,5.0,2,True,0.0,
3koaWT,36,89,CarrotHyrax,71.4,5.0,1,True,0.0,
3koaWT,36,90,CarrotHyrax,71.4,5.0,1,True,0.0,
3koaWT,36,91,CarrotHyrax,71.4,5.0,2,True,0.0,
3koaWT,36,92,CarrotHyrax,71.4,5.0,1,True,0.0,
3koaWT,36,93,CarrotHyrax,71.4,5.0,1,True,0.0,
3koaWT,36,94,CarrotHyrax,71.4,5.0,2,True,0.0,
3koaWT,36,95,CarrotHyrax,71.4,5.0,0,True,0.0,
3koaWT,36,96,CarrotHyrax,62.3,5.0,2,True,0.0,
3koaWT,36,97,CarrotHyrax,62.3,5.0,0,True,0.0,
3koaWT,36,98,CarrotHyrax,62.3,5.0,1,True,0.0,
3koaWT,36,99,CarrotHyrax,62.3,5.0,2,True,0.0,
3koaWT,36,100,CarrotHyrax,62.3,5.0,0,True,0.0,
3koaWT,37,1,CarrotHyrax,62.3,67.0,1,True,0.0,
3koaWT,37,2,CarrotHyrax,62.3,77.0,0,True,0.0,
3koaWT,37,3,CarrotHyrax,62.3,74.4,0,True,0.0,
3koaWT,37,4,CarrotHyrax,62.3,69.0,0,True,0.0,
3koaWT,37,5,CarrotHyrax,52.5,61.8,0,True,0.0,
3koaWT,37,6,CarrotHyrax,52.5,54.0,0,True,0.0,
3koaWT,37,7,CarrotHyrax,52.5,46.9,0,True,0.0,
3koaWT,37,8,CarrotHyrax,52.5,40.1,2,True,0.0,
3koaWT,37,9,CarrotHyrax,52.5,38.0,1,True,0.0,
3koaWT,37,10,CarrotHyrax,52.5,37.1,0,True,0.0,
3koaWT,37,11,CarrotHyrax,52.5,35.8,0,True,0.0,
3koaWT,37,12,CarrotHyrax,52.5,33.9,0,True,0.0,
3koaWT,37,13,CarrotHyrax,52.5,31.6,1,True,0.0,
3koaWT,37,14,CarrotHyrax,52.5,30.0,0,True,0.0,
3koaWT,37,15,CarrotHyrax,44.5,28.0,0,True,0.0,
3koaWT,37,16,CarrotHyrax,44.5,25.9,1,True,0.0,
3koaWT,37,17,CarrotHyrax,44.5,24.2,0,True,0.0,
3koaWT,37,18,CarrotHyrax,44.5,22.5,1,True,0.0,
3koaWT,37,19,CarrotHyrax,44.5,21.3,1,True,0.0,
3koaWT,37,20,CarrotHyrax,44.5,20.4,0,True,0.0,
3koaWT,37,21,CarrotHyrax,44.5,19.4,1,True,0.0,
3koaWT,37,22,CarrotHyrax,44.5,18.7,0,True,0.001,
3koaWT,37,23,CarrotHyrax,44.5,17.9,0,True,0.0,
3koaWT,37,24,CarrotHyrax,44.5,16.9,0,True,0.0,
3koaWT,37,25,CarrotHyrax,41.1,15.9,0,True,0.0,
3koaWT,37,26,CarrotHyrax,41.1,14.9,0,True,0.0,
3koaWT,37,27,CarrotHyrax,41.1,13.8,0,True,0.0,
3koaWT,37,28,CarrotHyrax,41.1,12.8,0,True,0.0,
3koaWT,37,29,CarrotHyrax,41.1,11.7,0,True,0.0,
3koaWT,37,30,CarrotHyrax,41.1,10.7,0,True,0.0,
3koaWT,37,31,CarrotHyrax,41.1,9.8,0,True,0.0,
3koaWT,37,32,CarrotHyrax,41.1,8.9,1,True,0.0,
3koaWT,37,33,CarrotHyrax,41.1,8.1,1,True,0.0,
3koaWT,37,34,CarrotHyrax,41.1,7.5,0,True,0.0,
3koaWT,37,35,CarrotHyrax,41.4,6.9,0,True,0.0,
3koaWT,37,36,CarrotHyrax,41.4,6.4,0,True,0.0,
3koaWT,37,37,CarrotHyrax,41.4,5.8,0,True,0.0,
3koaWT,37,38,CarrotHyrax,41.4,5.3,0,True,0.0,
3koaWT,37,39,CarrotHyrax,41.4,5.0,1,True,0.0,
3koaWT,37,40,CarrotHyrax,41.4,5.0,1,True,0.0,
3koaWT,37,41,CarrotHyrax,41.4,5.0,1,True,0.0,
3koaWT,37,42,CarrotHyrax,41.4,5.0,2,True,0.0,
3koaWT,37,43,CarrotHyrax,41.4,5.0,1,True,0.0,
3koaWT,37,44,CarrotHyrax,41.4,5.0,1,True,0.0,
3koaWT,37,45,CarrotHyrax,62.8,5.0,0,True,0.0,
3koaWT,37,46,CarrotHyrax,62.8,5.0,0,True,0.0,
3koaWT,37,47,CarrotHyrax,62.8,5.0,1,True,0.0,
3koaWT,37,48,CarrotHyrax,62.8,5.0,0,True,0.0,
3koaWT,37,49,CarrotHyrax,62.8,5.0,0,True,0.0,
3koaWT,37,50,CarrotHyrax,62.8,5.0,1,True,0.0,
3koaWT,37,51,CarrotHyrax,62.8,5.0,0,True,0.0,
3koaWT,37,52,CarrotHyrax,62.8,5.0,0,True,0.0,
3koaWT,37,53,CarrotHyrax,62.8,5.0,0,True,0.0,
3koaWT,37,54,CarrotHyrax,62.8,5.0,0,True,0.0,
3koaWT,37,55,CarrotHyrax,37.1,5.0,1,True,0.0,
3koaWT,37,56,CarrotHyrax,37.1,5.0,1,True,0.0,
3koaWT,37,57,CarrotHyrax,37.1,5.0,1,True,0.0,
3koaWT,37,58,CarrotHyrax,37.1,5.0,0,True,0.0,
3koaWT,37,59,CarrotHyrax,37.1,5.0,0,True,0.0,
3koaWT,37,60,CarrotHyrax,37.1,5.0,0,True,0.001,
3koaWT,37,61,CarrotHyrax,37.1,5.0,0,True,0.0,
3koaWT,37,62,CarrotHyrax,37.1,5.0,3,True,0.0,
3koaWT,37,63,CarrotHyrax,37.1,5.0,0,True,0.0,
3koaWT,37,64,CarrotHyrax,37.1,5.0,0,True,0.0,
3koaWT,37,65,CarrotHyrax,30.0,5.0,0,True,0.0,
3koaWT,37,66,CarrotHyrax,30.0,5.0,0,True,0.0,
3koaWT,37,67,CarrotHyrax,30.0,5.0,2,True,0.0,
3koaWT,37,68,CarrotHyrax,30.0,5.0,1,True,0.0,
3koaWT,37,69,CarrotHyrax,30.0,5.0,1,True,0.0,
3koaWT,37,70,CarrotHyrax,30.0,5.0,0,True,0.0,
3koaWT,37,71,CarrotHyrax,30.0,5.0,0,True,0.0,
3koaWT,37,72,CarrotHyrax,30.0,5.0,0,True,0.0,
3koaWT,37,73,CarrotHyrax,30.0,5.0,0,True,0.0,
3koaWT,37,74,CarrotHyrax,30.0,5.0,0,True,0.0,
3koaWT,37,75,CarrotHyrax,51.8,5.0,0,True,0.0,
3koaWT,37,76,CarrotHyrax,51.8,5.0,0,True,0.0,
3koaWT,37,77,CarrotHyrax,51.8,5.0,1,True,0.0,
3koaWT,37,78,CarrotHyrax,51.8,5.0,2,True,0.0,
3koaWT,37,79,CarrotHyrax,51.8,5.0,0,True,0.0,
3koaWT,37,80,CarrotHyrax,51.8,5.0,1,True,0.0,
3koaWT,37,81,CarrotHyrax,51.8,5.0,1,True,0.0,
3koaWT,37,82,CarrotHyrax,51.8,5.0,2,True,0.0,
3koaWT,37,83,CarrotHyrax,51.8,5.0,1,True,0.0,
3koaWT,37,84,CarrotHyrax,51.8,5.0,1,True,0.0,
3koaWT,37,85,CarrotHyrax,42.8,5.0,0,True,0.0,
3koaWT,37,86,CarrotHyrax,42.8,5.0,1,True,0.0,
3koaWT,37,87,CarrotHyrax,42.8,5.0,0,True,0.0,
3koaWT,37,88,CarrotHyrax,42.8,5.0,1,True,0.0,
3koaWT,37,89,CarrotHyrax,42.8,5.0,0,True,0.0,
3koaWT,37,90,CarrotHyrax,42.8,5.0,0,True,0.0,
3koaWT,37,91,CarrotHyrax,42.8,5.0,1,True,0.0,
3koaWT,37,92,CarrotHyrax,42.8,5.0,0,True,0.0,
3koaWT,37,93,CarrotHyrax,42.8,5.0,0,True,0.0,
3koaWT,37,94,CarrotHyrax,42.8,5.0,1,True,0.0,
3koaWT,37,95,CarrotHyrax,67.0,5.0,1,True,0.0,
3koaWT,37,96,CarrotHyrax,67.0,5.0,2,True,0.0,
3koaWT,37,97,CarrotHyrax,67.0,5.0,0,True,0.0,
3koaWT,37,98,CarrotHyrax,67.0,5.0,1,True,0.0,
3koaWT,37,99,CarrotHyrax,67.0,5.0,1,True,0.0,
3koaWT,37,100,CarrotHyrax,67.0,5.0,0,True,0.001,
3koaWT,38,1,CarrotHyrax,67.0,72.0,0,True,0.0,
3koaWT,38,2,CarrotHyrax,67.0,57.6,0,True,0.0,
3koaWT,38,3,CarrotHyrax,67.0,46.1,0,True,0.0,
3koaWT,38,4,CarrotHyrax,42.8,36.9,1,True,0.0,
3koaWT,38,5,CarrotHyrax,42.8,33.0,1,True,0.0,
3koaWT,38,6,CarrotHyrax,42.8,31.3,0,True,0.0,
3koaWT,38,7,CarrotHyrax,42.8,29.3,0,True,0.0,
3koaWT,38,8,CarrotHyrax,42.8,26.7,0,True,0.0,
3koaWT,38,9,CarrotHyrax,42.8,24.0,0,True,0.0,
3koaWT,38,10,CarrotHyrax,42.8,21.3,0,True,0.0,
3koaWT,38,11,CarrotHyrax,42.8,18.8,0,True,0.0,
3koaWT,38,12,CarrotHyrax,42.8,16.4,1,True,0.0,
3koaWT,38,13,CarrotHyrax,42.8,14.8,1,True,0.0,
3koaWT,38,14,CarrotHyrax,63.4,13.6,0,True,0.0,
3koaWT,38,15,CarrotHyrax,63.4,12.3,1,True,0.0,
3koaWT,38,16,CarrotHyrax,63.4,11.4,0,True,0.0,
3koaWT,38,17,CarrotHyrax,63.4,10.4,0,True,0.0,
3koaWT,38,18,CarrotHyrax,63.4,9.4,1,True,0.0,
3koaWT,38,19,CarrotHyrax,63.4,8.7,1,True,0.0,
3koaWT,38,20,CarrotHyrax,63.4,8.2,0,True,0.0,
3koaWT,38,21,CarrotHyrax,63.4,7.6,1,True,0.0,
3koaWT,38,22,CarrotHyrax,63.4,7.2,0,True,0.0,
3koaWT,38,23,CarrotHyrax,63.4,6.8,0,True,0.0,
3koaWT,38,24,CarrotHyrax,69.7,6.3,0,True,0.0,
3koaWT,38,25,CarrotHyrax,69.7,5.8,0,True,0.0,
3koaWT,38,26,CarrotHyrax,69.7,5.4,1,True,0.0,
3koaWT,38,27,CarrotHyrax,69.7,5.0,0,True,0.0,
3koaWT,38,28,CarrotHyrax,69.7,5.0,0,True,0.0,
3koaWT,38,29,CarrotHyrax,69.7,5.0,1,True,0.0,
3koaWT,38,30,CarrotHyrax,69.7,5.0,0,True,0.0,
3koaWT,38,31,CarrotHyrax,69.7,5.0,0,True,0.0,
3koaWT,38,32,CarrotHyrax,69.7,5.0,0,True,0.0,
3koaWT,38,33,CarrotHyrax,69.7,5.0,0,True,0.0,
3koaWT,38,34,CarrotHyrax,78.8,5.0,0,True,0.0,
3koaWT,38,35,CarrotHyrax,78.8,5.0,0,True,0.0,
3koaWT,38,36,CarrotHyrax,78.8,5.0,0,True,0.0,
3koaWT,38,37,CarrotHyrax,78.8,5.0,1,True,0.0,
3koaWT,38,38,CarrotHyrax,78.8,5.0,0,True,0.0,
3koaWT,38,39,CarrotHyrax,78.8,5.0,1,True,0.0,
3koaWT,38,40,CarrotHyrax,78.8,5.0,1,True,0.0,
3koaWT,38,41,CarrotHyrax,78.8,5.0,0,True,0.0,
3koaWT,38,42,CarrotHyrax,78.8,5.0,2,True,0.0,
3koaWT,38,43,CarrotHyrax,78.8,5.0,1,True,0.0,
3koaWT,38,44,CarrotHyrax,79.5,5.0,0,True,0.0,
3koaWT,38,45,CarrotHyrax,79.5,5.0,1,True,0.0,
3koaWT,38,46,CarrotHyrax,79.5,5.0,2,True,0.0,
3koaWT,38,47,CarrotHyrax,79.5,5.0,1,True,0.0,
3koaWT,38,48,CarrotHyrax,79.5,5.0,1,True,0.0,
3koaWT,38,49,CarrotHyrax,79.5,5.0,0,True,0.0,
3koaWT,38,50,CarrotHyrax,79.5,5.0,0,True,0.0,
3koaWT,38,51,CarrotHyrax,79.5,5.0,0,True,0.0,
3koaWT,38,52,CarrotHyrax,79.5,5.0,2,True,0.0,
3koaWT,38,53,CarrotHyrax,79.5,5.0,1,True,0.0,
3koaWT,38,54,CarrotHyrax,34.1,5.0,1,True,0.0,
3koaWT,38,55,CarrotHyrax,34.1,5.0,0,True,0.0,
3koaWT,38,56,CarrotHyrax,34.1,5.0,0,True,0.0,
3koaWT,38,57,CarrotHyrax,34.1,5.0,0,True,0.0,
3koaWT,38,58,CarrotHyrax,34.1,5.0,1,True,0.0,
3koaWT,38,59,CarrotHyrax,34.1,5.0,0,True,0.0,
3koaWT,38,60,CarrotHyrax,34.1,5.0,0,True,0.0,
3koaWT,38,61,CarrotHyrax,34.1,5.0,1,True,0.0,
3koaWT,38,62,CarrotHyrax,34.1,5.0,1,True,0.0,
3koaWT,38,63,CarrotHyrax,34.1,5.0,1,True,0.0,
3koaWT,38,64,CarrotHyrax,39.1,5.0,0,True,0.0,
3koaWT,38,65,CarrotHyrax,39.1,5.0,2,True,0.0,
3koaWT,38,66,CarrotHyrax,39.1,5.0,0,True,0.0,
3koaWT,38,67,CarrotHyrax,39.1,5.0,0,True,0.0,
3koaWT,38,68,CarrotHyrax,39.1,5.0,0,True,0.0,
3koaWT,38,69,CarrotHyrax,39.1,5.0,1,True,0.0,
3koaWT,38,70,CarrotHyrax,39.1,5.0,1,True,0.0,
3koaWT,38,71,CarrotHyrax,39.1,5.0,0,True,0.0,
3koaWT,38,72,CarrotHyrax,39.1,5.0,0,True,0.0,
3koaWT,38,73,CarrotHyrax,39.1,5.0,0,True,0.0,
3koaWT,38,74,CarrotHyrax,65.1,5.0,0,True,0.0,
3koaWT,38,75,CarrotHyrax,65.1,5.0,0,True,0.0,
3koaWT,38,76,CarrotHyrax,65.1,5.0,1,True,0.0,
3koaWT,38,77,CarrotHyrax,65.1,5.0,0,True,0.0,
3koaWT,38,78,CarrotHyrax,65.1,5.0,0,True,0.004,
3koaWT,38,79,CarrotHyrax,65.1,5.0,0,True,0.0,
3koaWT,38,80,CarrotHyrax,65.1,5.0,0,True,0.0,
3koaWT,38,81,CarrotHyrax,65.1,5.0,1,True,0.0,
3koaWT,38,82,CarrotHyrax,65.1,5.0,0,True,0.0,
3koaWT,38,83,CarrotHyrax,65.1,5.0,0,True,0.0,
3koaWT,38,84,CarrotHyrax,62.1,5.0,0,True,0.0,
3koaWT,38,85,CarrotHyrax,62.1,5.0,0,True,0.001,
3koaWT,38,86,CarrotHyrax,62.1,5.0,1,True,0.0,
3koaWT,38,87,CarrotHyrax,62.1,5.0,0,True,0.0,
3koaWT,38,88,CarrotHyrax,62.1,5.0,0,True,0.0,
3koaWT,38,89,CarrotHyrax,62.1,5.0,1,True,0.0,
3koaWT,38,90,CarrotHyrax,62.1,5.0,0,True,0.0,
3koaWT,38,91,CarrotHyrax,62.1,5.0,0,True,0.0,
3koaWT,38,92,CarrotHyrax,62.1,5.0,0,True,0.0,
3koaWT,38,93,CarrotHyrax,62.1,5.0,0,True,0.0,
3koaWT,38,94,CarrotHyrax,71.1,5.0,1,True,0.0,
3koaWT,38,95,CarrotHyrax,71.1,5.0,1,True,0.0,
3koaWT,38,96,CarrotHyrax,71.1,5.0,2,True,0.001,
3koaWT,38,97,CarrotHyrax,71.1,5.0,0,True,0.0,
3koaWT,38,98,CarrotHyrax,71.1,5.0,1,True,0.0,
3koaWT,38,99,CarrotHyrax,71.1,5.0,0,True,0.0,
3koaWT,38,100,CarrotHyrax,71.1,5.0,2,True,0.0,
3koaWT,39,1,CarrotHyrax,71.1,74.0,0,True,0.001,
3koaWT,39,2,CarrotHyrax,71.1,59.2,0,True,0.0,
3koaWT,39,3,CarrotHyrax,63.9,47.4,0,True,0.01,
3koaWT,39,4,CarrotHyrax,63.9,37.9,1,True,0.002,
3koaWT,39,5,CarrotHyrax,63.9,34.0,1,True,0.017,
3koaWT,39,6,CarrotHyrax,63.9,32.2,0,True,0.001,
3koaWT,39,7,CarrotHyrax,63.9,30.1,0,True,0.001,
3koaWT,39,8,CarrotHyrax,63.9,27.5,0,True,0.001,
3koaWT,39,9,CarrotHyrax,63.9,24.7,0,True,0.0,
3koaWT,39,10,CarrotHyrax,63.9,21.9,0,True,0.001,
3koaWT,39,11,CarrotHyrax,63.9,19.3,0,True,0.0,
3koaWT,39,12,CarrotHyrax,63.9,16.9,0,True,0.0,
3koaWT,39,13,CarrotHyrax,60.8,14.6,1,True,0.0,
3koaWT,39,14,CarrotHyrax,60.8,13.0,0,True,0.0,
3koaWT,39,15,CarrotHyrax,60.8,11.5,0,True,0.0,
3koaWT,39,16,CarrotHyrax,60.8,10.0,0,True,0.0,
3koaWT,39,17,CarrotHyrax,60.8,8.7,1,True,0.0,
3koaWT,39,18,CarrotHyrax,60.8,7.7,1,True,0.0,
3koaWT,39,19,CarrotHyrax,60.8,7.0,0,True,0.0,
3koaWT,39,20,CarrotHyrax,60.8,6.3,1,True,0.0,
3koaWT,39,21,CarrotHyrax,60.8,5.7,0,True,0.0,
3koaWT,39,22,CarrotHyrax,60.8,5.2,0,True,0.0,
3koaWT,39,23,CarrotHyrax,75.8,5.0,0,True,0.005,
3koaWT,39,24,CarrotHyrax,75.8,5.0,1,True,0.001,
3koaWT,39,25,CarrotHyrax,75.8,5.0,0,True,0.004,
3koaWT,39,26,CarrotHyrax,75.8,5.0,0,True,0.001,
3koaWT,39,27,CarrotHyrax,75.8,5.0,1,True,0.001,
3koaWT,39,28,CarrotHyrax,75.8,5.0,0,True,0.0,
3koaWT,39,29,CarrotHyrax,75.8,5.0,1,True,0.0,
3koaWT,39,30,CarrotHyrax,75.8,5.0,0,True,0.0,
3koaWT,39,31,CarrotHyrax,75.8,5.0,1,True,0.0,
3koaWT,39,32,CarrotHyrax,75.8,5.0,0,True,0.0,
3koaWT,39,33,CarrotHyrax,53.7,5.0,0,True,0.0,
3koaWT,39,34,CarrotHyrax,53.7,5.0,0,True,0.0,
3koaWT,39,35,CarrotHyrax,53.7,5.0,1,True,0.0,
3koaWT,39,36,CarrotHyrax,53.7,5.0,0,True,0.0,
3koaWT,39,37,CarrotHyrax,53.7,5.0,0,True,0.0,
3koaWT,39,38,CarrotHyrax,53.7,5.0,1,True,0.0,
3koaWT,39,39,CarrotHyrax,53.7,5.0,0,True,0.0,
3koaWT,39,40,CarrotHyrax,53.7,5.0,0,True,0.0,
3koaWT,39,41,CarrotHyrax,53.7,5.0,0,True,0.0,
3koaWT,39,42,CarrotHyrax,53.7,5.0,0,True,0.0,
3koaWT,39,43,CarrotHyrax,46.9,5.0,0,True,0.0,
3koaWT,39,44,CarrotHyrax,46.9,5.0,0,True,0.0,
3koaWT,39,45,CarrotHyrax,46.9,5.0,1,True,0.0,
3koaWT,39,46,CarrotHyrax,46.9,5.0,0,True,0.0,
3koaWT,39,47,CarrotHyrax,46.9,5.0,0,True,0.0,
3koaWT,39,48,CarrotHyrax,46.9,5.0,0,True,0.0,
3koaWT,39,49,CarrotHyrax,46.9,5.0,0,True,0.0,
3koaWT,39,50,CarrotHyrax,46.9,5.0,0,True,0.0,
3koaWT,39,51,CarrotHyrax,46.9,5.0,0,True,0.0,
3koaWT,39,52,CarrotHyrax,46.9,5.0,0,True,0.0,
3koaWT,39,53,CarrotHyrax,34.8,5.0,0,True,0.0,
3koaWT,39,54,CarrotHyrax,34.8,5.0,1,True,0.001,
3koaWT,39,55,CarrotHyrax,34.8,5.0,3,True,0.0,
3koaWT,39,56,CarrotHyrax,34.8,5.0,0,True,0.0,
3koaWT,39,57,CarrotHyrax,34.8,5.0,1,True,0.0,
3koaWT,39,58,CarrotHyrax,34.8,5.0,1,True,0.0,
3koaWT,39,59,CarrotHyrax,34.8,5.0,0,True,0.0,
3koaWT,39,60,CarrotHyrax,34.8,5.0,1,True,0.0,
3koaWT,39,61,CarrotHyrax,34.8,5.0,0,True,0.0,
3koaWT,39,62,CarrotHyrax,34.8,5.0,1,True,0.0,
3koaWT,39,63,CarrotHyrax,61.4,5.0,1,True,0.0,
3koaWT,39,64,CarrotHyrax,61.4,5.0,0,True,0.0,
3koaWT,39,65,CarrotHyrax,61.4,5.0,2,True,0.0,
3koaWT,39,66,CarrotHyrax,61.4,5.0,0,True,0.0,
3koaWT,39,67,CarrotHyrax,61.4,5.0,1,True,0.0,
3koaWT,39,68,CarrotHyrax,61.4,5.0,1,True,0.0,
3koaWT,39,69,CarrotHyrax,61.4,5.0,1,True,0.0,
3koaWT,39,70,CarrotHyrax,61.4,5.0,2,True,0.0,
3koaWT,39,71,CarrotHyrax,61.4,5.0,2,True,0.0,
3koaWT,39,72,CarrotHyrax,61.4,5.0,1,True,0.0,
3koaWT,39,73,CarrotHyrax,70.4,5.0,1,True,0.0,
3koaWT,39,74,CarrotHyrax,70.4,5.0,0,True,0.0,
3koaWT,39,75,CarrotHyrax,70.4,5.0,1,True,0.0,
3koaWT,39,76,CarrotHyrax,70.4,5.0,0,True,0.001,
3koaWT,39,77,CarrotHyrax,70.4,5.0,0,True,0.0,
3koaWT,39,78,CarrotHyrax,70.4,5.0,0,True,0.0,
3koaWT,39,79,CarrotHyrax,70.4,5.0,1,True,0.0,
3koaWT,39,80,CarrotHyrax,70.4,5.0,1,True,0.0,
3koaWT,39,81,CarrotHyrax,70.4,5.0,0,True,0.0,
3koaWT,39,82,CarrotHyrax,70.4,5.0,0,True,0.0,
3koaWT,39,83,CarrotHyrax,76.2,5.0,1,True,0.0,
3koaWT,39,84,CarrotHyrax,76.2,5.0,2,True,0.0,
3koaWT,39,85,CarrotHyrax,76.2,5.0,0,True,0.0,
3koaWT,39,86,CarrotHyrax,76.2,5.0,1,True,0.0,
3koaWT,39,87,CarrotHyrax,76.2,5.0,0,True,0.0,
3koaWT,39,88,CarrotHyrax,76.2,5.0,1,True,0.0,
3koaWT,39,89,CarrotHyrax,76.2,5.0,2,True,0.0,
3koaWT,39,90,CarrotHyrax,76.2,5.0,2,True,0.0,
3koaWT,39,91,CarrotHyrax,76.2,5.0,0,True,0.0,
3koaWT,39,92,CarrotHyrax,76.2,5.0,0,True,0.0,
3koaWT,39,93,CarrotHyrax,74.8,5.0,0,True,0.0,
3koaWT,39,94,CarrotHyrax,74.8,5.0,2,True,0.0,
3koaWT,39,95,CarrotHyrax,74.8,5.0,1,True,0.0,
3koaWT,39,96,CarrotHyrax,74.8,5.0,0,True,0.0,
3koaWT,39,97,CarrotHyrax,74.8,5.0,1,True,0.0,
3koaWT,39,98,CarrotHyrax,74.8,5.0,1,True,0.001,
3koaWT,39,99,CarrotHyrax,74.8,5.0,1,True,0.0,
3koaWT,39,100,CarrotHyrax,74.8,5.0,0,True,0.0,
3koaWT,40,1,CarrotHyrax,74.8,73.0,0,True,0.0,
3koaWT,40,2,CarrotHyrax,68.9,58.4,0,True,0.0,
3koaWT,40,3,CarrotHyrax,68.9,46.7,1,True,0.0,
3koaWT,40,4,CarrotHyrax,68.9,43.3,0,True,0.0,
3koaWT,40,5,CarrotHyrax,68.9,38.8,0,True,0.0,
3koaWT,40,6,CarrotHyrax,68.9,33.9,0,True,0.0,
3koaWT,40,7,CarrotHyrax,68.9,29.4,0,True,0.0,
3koaWT,40,8,CarrotHyrax,68.9,25.2,1,True,0.0,
3koaWT,40,9,CarrotHyrax,68.9,22.6,0,True,0.0,
3koaWT,40,10,CarrotHyrax,68.9,20.1,0,True,0.0,
3koaWT,40,11,CarrotHyrax,68.9,17.7,0,True,0.0,
3koaWT,40,12,CarrotHyrax,51.3,15.5,0,True,0.0,
3koaWT,40,13,CarrotHyrax,51.3,13.4,1,True,0.0,
3koaWT,40,14,CarrotHyrax,51.3,11.9,1,True,0.0,
3koaWT,40,15,CarrotHyrax,51.3,10.8,0,True,0.0,
3koaWT,40,16,CarrotHyrax,51.3,9.7,0,True,0.0,
3koaWT,40,17,CarrotHyrax,51.3,8.7,0,True,0.0,
3koaWT,40,18,CarrotHyrax,51.3,7.7,0,True,0.0,
3koaWT,40,19,CarrotHyrax,51.3,6.8,0,True,0.0,
3koaWT,40,20,CarrotHyrax,51.3,6.0,0,True,0.0,
3koaWT,40,21,CarrotHyrax,51.3,5.2,1,True,0.0,
3koaWT,40,22,CarrotHyrax,55.3,5.0,1,True,0.0,
3koaWT,40,23,CarrotHyrax,55.3,5.0,0,True,0.0,
3koaWT,40,24,CarrotHyrax,55.3,5.0,1,True,0.0,
3koaWT,40,25,CarrotHyrax,55.3,5.0,0,True,0.0,
3koaWT,40,26,CarrotHyrax,55.3,5.0,1,True,0.0,
3koaWT,40,27,CarrotHyrax,55.3,5.0,0,True,0.0,
3koaWT,40,28,CarrotHyrax,55.3,5.0,0,True,0.0,
3koaWT,40,29,CarrotHyrax,55.3,5.0,0,True,0.0,
3koaWT,40,30,CarrotHyrax,55.3,5.0,0,True,0.0,
3koaWT,40,31,CarrotHyrax,55.3,5.0,0,True,0.0,
3koaWT,40,32,CarrotHyrax,61.0,5.0,1,True,0.0,
3koaWT,40,33,CarrotHyrax,61.0,5.0,0,True,0.0,
3koaWT,40,34,CarrotHyrax,61.0,5.0,0,True,0.0,
3koaWT,40,35,CarrotHyrax,61.0,5.0,0,True,0.0,
3koaWT,40,36,CarrotHyrax,61.0,5.0,1,True,0.0,
3koaWT,40,37,CarrotHyrax,61.0,5.0,1,True,0.0,
3koaWT,40,38,CarrotHyrax,61.0,5.0,0,True,0.0,
3koaWT,40,39,CarrotHyrax,61.0,5.0,0,True,0.0,
3koaWT,40,40,CarrotHyrax,61.0,5.0,0,True,0.0,
3koaWT,40,41,CarrotHyrax,61.0,5.0,0,True,0.0,
3koaWT,40,42,CarrotHyrax,31.9,5.0,1,True,0.0,
3koaWT,40,43,CarrotHyrax,31.9,5.0,2,True,0.0,
3koaWT,40,44,CarrotHyrax,31.9,5.0,0,True,0.0,
3koaWT,40,45,CarrotHyrax,31.9,5.0,2,True,0.0,
3koaWT,40,46,CarrotHyrax,31.9,5.0,0,True,0.0,
3koaWT,40,47,CarrotHyrax,31.9,5.0,1,True,0.0,
3koaWT,40,48,CarrotHyrax,31.9,5.0,0,True,0.0,
3koaWT,40,49,CarrotHyrax,31.9,5.0,0,True,0.0,
3koaWT,40,50,CarrotHyrax,31.9,5.0,0,True,0.0,
3koaWT,40,51,CarrotHyrax,31.9,5.0,0,True,0.0,
3koaWT,40,52,CarrotHyrax,75.0,5.0,0,True,0.0,
3koaWT,40,53,CarrotHyrax,75.0,5.0,0,True,0.0,
3koaWT,40,54,CarrotHyrax,75.0,5.0,2,True,0.0,
3koaWT,40,55,CarrotHyrax,75.0,5.0,1,True,0.0,
3koaWT,40,56,CarrotHyrax,75.0,5.0,1,True,0.0,
3koaWT,40,57,CarrotHyrax,75.0,5.0,0,True,0.0,
3koaWT,40,58,CarrotHyrax,75.0,5.0,0,True,0.0,
3koaWT,40,59,CarrotHyrax,75.0,5.0,0,True,0.0,
3koaWT,40,60,CarrotHyrax,75.0,5.0,0,True,0.0,
3koaWT,40,61,CarrotHyrax,75.0,5.0,1,True,0.0,
3koaWT,40,62,CarrotHyrax,53.8,5.0,0,True,0.0,
3koaWT,40,63,CarrotHyrax,53.8,5.0,0,True,0.0,
3koaWT,40,64,CarrotHyrax,53.8,5.0,1,True,0.0,
3koaWT,40,65,CarrotHyrax,53.8,5.0,1,True,0.0,
3koaWT,40,66,CarrotHyrax,53.8,5.0,0,True,0.0,
3koaWT,40,67,CarrotHyrax,53.8,5.0,1,True,0.0,
3koaWT,40,68,CarrotHyrax,53.8,5.0,1,True,0.0,
3koaWT,40,69,CarrotHyrax,53.8,5.0,0,True,0.0,
3koaWT,40,70,CarrotHyrax,53.8,5.0,0,True,0.0,
3koaWT,40,71,CarrotHyrax,53.8,5.0,0,True,0.0,
3koaWT,40,72,CarrotHyrax,50.6,5.0,0,True,0.0,
3koaWT,40,73,CarrotHyrax,50.6,5.0,0,True,0.0,
3koaWT,40,74,CarrotHyrax,50.6,5.0,1,True,0.0,
3koaWT,40,75,CarrotHyrax,50.6,5.0,0,True,0.0,
3koaWT,40,76,CarrotHyrax,50.6,5.0,0,True,0.0,
3koaWT,40,77,CarrotHyrax,50.6,5.0,0,True,0.0,
3koaWT,40,78,CarrotHyrax,50.6,5.0,1,True,0.0,
3koaWT,40,79,CarrotHyrax,50.6,5.0,1,True,0.0,
3koaWT,40,80,CarrotHyrax,50.6,5.0,0,True,0.0,
3koaWT,40,81,CarrotHyrax,50.6,5.0,0,True,0.0,
3koaWT,40,82,CarrotHyrax,78.2,5.0,3,True,0.0,
3koaWT,40,83,CarrotHyrax,78.2,5.0,2,True,0.0,
3koaWT,40,84,CarrotHyrax,78.2,5.0,2,True,0.0,
3koaWT,40,85,CarrotHyrax,78.2,5.0,1,True,0.0,
3koaWT,40,86,CarrotHyrax,78.2,5.0,0,True,0.0,
3koaWT,40,87,CarrotHyrax,78.2,5.0,2,True,0.0,
3koaWT,40,88,CarrotHyrax,78.2,5.0,3,True,0.0,
3koaWT,40,89,CarrotHyrax,78.2,5.0,0,True,0.0,
3koaWT,40,90,CarrotHyrax,78.2,5.0,1,True,0.0,
3koaWT,40,91,CarrotHyrax,78.2,5.0,0,True,0.0,
3koaWT,40,92,CarrotHyrax,34.6,5.0,0,True,0.0,
3koaWT,40,93,CarrotHyrax,34.6,5.0,2,True,0.0,
3koaWT,40,94,CarrotHyrax,34.6,5.0,0,True,0.0,
3koaWT,40,95,CarrotHyrax,34.6,5.0,1,True,0.0,
3koaWT,40,96,CarrotHyrax,34.6,5.0,0,True,0.0,
3koaWT,40,97,CarrotHyrax,34.6,5.0,1,True,0.0,
3koaWT,40,98,CarrotHyrax,34.6,5.0,2,True,0.0,
3koaWT,40,99,CarrotHyrax,34.6,5.0,0,True,0.0,
3koaWT,40,100,CarrotHyrax,34.6,5.0,0,True,0.0,
3koaWT,41,1,CarrotHyrax,55.4,50.0,0,True,0.0,
3koaWT,41,2,CarrotHyrax,55.4,40.0,1,True,0.0,
3koaWT,41,3,CarrotHyrax,55.4,38.7,1,True,0.0,
3koaWT,41,4,CarrotHyrax,55.4,40.8,0,True,0.0,
3koaWT,41,5,CarrotHyrax,55.4,40.5,0,True,0.0,
3koaWT,41,6,CarrotHyrax,55.4,38.4,0,True,0.0,
3koaWT,41,7,CarrotHyrax,55.4,35.8,1,True,0.0,
3koaWT,41,8,CarrotHyrax,55.4,34.8,0,True,0.0,
3koaWT,41,9,CarrotHyrax,55.4,32.9,1,True,0.0,
3koaWT,41,10,CarrotHyrax,55.4,32.2,0,True,0.0,
3koaWT,41,11,CarrotHyrax,50.1,31.0,0,True,0.0,
3koaWT,41,12,CarrotHyrax,50.1,29.4,0,True,0.0,
3koaWT,41,13,CarrotHyrax,50.1,27.4,0,True,0.0,
3koaWT,41,14,CarrotHyrax,50.1,25.1,0,True,0.0,
3koaWT,41,15,CarrotHyrax,50.1,22.8,1,True,0.0,
3koaWT,41,16,CarrotHyrax,50.1,21.1,0,True,0.0,
3koaWT,41,17,CarrotHyrax,50.1,19.3,2,True,0.0,
3koaWT,41,18,CarrotHyrax,50.1,18.3,2,True,0.0,
3koaWT,41,19,CarrotHyrax,50.1,18.1,0,True,0.0,
3koaWT,41,20,CarrotHyrax,50.1,17.7,0,True,0.0,
3koaWT,41,21,CarrotHyrax,69.0,17.2,0,True,0.0,
3koaWT,41,22,CarrotHyrax,69.0,16.5,0,True,0.0,
3koaWT,41,23,CarrotHyrax,69.0,15.8,0,True,0.0,
3koaWT,41,24,CarrotHyrax,69.0,14.9,0,True,0.0,
3koaWT,41,25,CarrotHyrax,69.0,14.0,1,True,0.0,
3koaWT,41,26,CarrotHyrax,69.0,13.4,1,True,0.0,
3koaWT,41,27,CarrotHyrax,69.0,12.8,0,True,0.0,
3koaWT,41,28,CarrotHyrax,69.0,12.2,0,True,0.0,
3koaWT,41,29,CarrotHyrax,69.0,11.5,0,True,0.0,
3koaWT,41,30,CarrotHyrax,69.0,10.8,0,True,0.0,
3koaWT,41,31,CarrotHyrax,47.3,10.1,0,True,0.0,
3koaWT,41,32,CarrotHyrax,47.3,9.4,0,True,0.0,
3koaWT,41,33,CarrotHyrax,47.3,8.8,0,True,0.0,
3koaWT,41,34,CarrotHyrax,47.3,8.1,0,True,0.0,
3koaWT,41,35,CarrotHyrax,47.3,7.5,0,True,0.0,
3koaWT,41,36,CarrotHyrax,47.3,6.8,0,True,0.0,
3koaWT,41,37,CarrotHyrax,47.3,6.3,0,True,0.0,
3koaWT,41,38,CarrotHyrax,47.3,5.7,1,True,0.0,
3koaWT,41,39,CarrotHyrax,47.3,5.2,0,True,0.0,
3koaWT,41,40,CarrotHyrax,47.3,5.0,1,True,0.0,
3koaWT,41,41,CarrotHyrax,38.8,5.0,0,True,0.0,
3koaWT,41,42,CarrotHyrax,38.8,5.0,2,True,0.0,
3koaWT,41,43,CarrotHyrax,38.8,5.0,0,True,0.0,
3koaWT,41,44,CarrotHyrax,38.8,5.0,1,True,0.0,
3koaWT,41,45,CarrotHyrax,38.8,5.0,1,True,0.0,
3koaWT,41,46,CarrotHyrax,38.8,5.0,1,True,0.0,
3koaWT,41,47,CarrotHyrax,38.8,5.0,2,True,0.0,
3koaWT,41,48,CarrotHyrax,38.8,5.0,1,True,0.0,
3koaWT,41,49,CarrotHyrax,38.8,5.0,0,True,0.0,
3koaWT,41,50,CarrotHyrax,38.8,5.0,1,True,0.0,
3koaWT,41,51,CarrotHyrax,64.7,5.0,0,True,0.0,
3koaWT,41,52,CarrotHyrax,64.7,5.0,2,True,0.0,
3koaWT,41,53,CarrotHyrax,64.7,5.0,0,True,0.0,
3koaWT,41,54,CarrotHyrax,64.7,5.0,0,True,0.001,
3koaWT,41,55,CarrotHyrax,64.7,5.0,1,True,0.0,
3koaWT,41,56,CarrotHyrax,64.7,5.0,0,True,0.0,
3koaWT,41,57,CarrotHyrax,64.7,5.0,0,True,0.0,
3koaWT,41,58,CarrotHyrax,64.7,5.0,0,True,0.0,
3koaWT,41,59,CarrotHyrax,64.7,5.0,0,True,0.0,
3koaWT,41,60,CarrotHyrax,64.7,5.0,1,True,0.0,
3koaWT,41,61,CarrotHyrax,73.7,5.0,1,True,0.0,
3koaWT,41,62,CarrotHyrax,73.7,5.0,0,True,0.0,
3koaWT,41,63,CarrotHyrax,73.7,5.0,3,True,0.0,
3koaWT,41,64,CarrotHyrax,73.7,5.0,0,True,0.0,
3koaWT,41,65,CarrotHyrax,73.7,5.0,0,True,0.0,
3koaWT,41,66,CarrotHyrax,73.7,5.0,1,True,0.0,
3koaWT,41,67,CarrotHyrax,73.7,5.0,1,True,0.0,
3koaWT,41,68,CarrotHyrax,73.7,5.0,0,True,0.0,
3koaWT,41,69,CarrotHyrax,73.7,5.0,2,True,0.0,
3koaWT,41,70,CarrotHyrax,73.7,5.0,1,True,0.0,
3koaWT,41,71,CarrotHyrax,74.6,5.0,0,True,0.0,
3koaWT,41,72,CarrotHyrax,74.6,5.0,0,True,0.0,
3koaWT,41,73,CarrotHyrax,74.6,5.0,0,True,0.0,
3koaWT,41,74,CarrotHyrax,74.6,5.0,0,True,0.0,
3koaWT,41,75,CarrotHyrax,74.6,5.0,1,True,0.0,
3koaWT,41,76,CarrotHyrax,74.6,5.0,3,True,0.0,
3koaWT,41,77,CarrotHyrax,74.6,5.0,0,True,0.0,
3koaWT,41,78,CarrotHyrax,74.6,5.0,1,True,0.0,
3koaWT,41,79,CarrotHyrax,74.6,5.0,1,True,0.0,
3koaWT,41,80,CarrotHyrax,74.6,5.0,1,True,0.0,
3koaWT,41,81,CarrotHyrax,76.0,5.0,1,True,0.0,
3koaWT,41,82,CarrotHyrax,76.0,5.0,1,True,0.0,
3koaWT,41,83,CarrotHyrax,76.0,5.0,0,True,0.0,
3koaWT,41,84,CarrotHyrax,76.0,5.0,0,True,0.0,
3koaWT,41,85,CarrotHyrax,76.0,5.0,0,True,0.0,
3koaWT,41,86,CarrotHyrax,76.0,5.0,0,True,0.0,
3koaWT,41,87,CarrotHyrax,76.0,5.0,0,True,0.0,
3koaWT,41,88,CarrotHyrax,76.0,5.0,0,True,0.0,
3koaWT,41,89,CarrotHyrax,76.0,5.0,1,True,0.0,
3koaWT,41,90,CarrotHyrax,76.0,5.0,0,True,0.0,
3koaWT,41,91,CarrotHyrax,46.6,5.0,0,True,0.0,
3koaWT,41,92,CarrotHyrax,46.6,5.0,1,True,0.0,
3koaWT,41,93,CarrotHyrax,46.6,5.0,0,True,0.0,
3koaWT,41,94,CarrotHyrax,46.6,5.0,1,True,0.0,
3koaWT,41,95,CarrotHyrax,46.6,5.0,2,True,0.0,
3koaWT,41,96,CarrotHyrax,46.6,5.0,1,True,0.0,
3koaWT,41,97,CarrotHyrax,46.6,5.0,0,True,0.0,
3koaWT,41,98,CarrotHyrax,46.6,5.0,0,True,0.0,
3koaWT,41,99,CarrotHyrax,46.6,5.0,2,True,0.0,
3koaWT,41,100,CarrotHyrax,46.6,5.0,1,True,0.0,
3koaWT,42,1,CarrotHyrax,64.5,60.0,0,True,0.0,
3koaWT,42,2,CarrotHyrax,64.5,48.0,0,True,0.0,
3koaWT,42,3,CarrotHyrax,64.5,38.4,0,True,0.0,
3koaWT,42,4,CarrotHyrax,64.5,30.7,0,True,0.0,
3koaWT,42,5,CarrotHyrax,64.5,24.6,1,True,0.0,
3koaWT,42,6,CarrotHyrax,64.5,21.5,0,True,0.0,
3koaWT,42,7,CarrotHyrax,64.5,18.6,1,True,0.001,
3koaWT,42,8,CarrotHyrax,64.5,17.0,0,True,0.0,
3koaWT,42,9,CarrotHyrax,64.5,15.3,0,True,0.0,
3koaWT,42,10,CarrotHyrax,57.6,13.6,0,True,0.0,
3koaWT,42,11,CarrotHyrax,57.6,12.0,0,True,0.0,
3koaWT,42,12,CarrotHyrax,57.6,10.5,0,True,0.0,
3koaWT,42,13,CarrotHyrax,57.6,9.1,1,True,0.0,
3koaWT,42,14,CarrotHyrax,57.6,8.1,0,True,0.0,
3koaWT,42,15,CarrotHyrax,57.6,7.1,0,True,0.0,
3koaWT,42,16,CarrotHyrax,57.6,6.2,1,True,0.0,
3koaWT,42,17,CarrotHyrax,57.6,5.5,0,True,0.0,
3koaWT,42,18,CarrotHyrax,57.6,5.0,0,True,0.0,
3koaWT,42,19,CarrotHyrax,57.6,5.0,1,True,0.0,
3koaWT,42,20,CarrotHyrax,80.0,5.0,0,True,0.0,
3koaWT,42,21,CarrotHyrax,80.0,5.0,0,True,0.0,
3koaWT,42,22,CarrotHyrax,80.0,5.0,1,True,0.0,
3koaWT,42,23,CarrotHyrax,80.0,5.0,0,True,0.0,
3koaWT,42,24,CarrotHyrax,80.0,5.0,0,True,0.0,
3koaWT,42,25,CarrotHyrax,80.0,5.0,0,True,0.0,
3koaWT,42,26,CarrotHyrax,80.0,5.0,0,True,0.0,
3koaWT,42,27,CarrotHyrax,80.0,5.0,1,True,0.0,
3koaWT,42,28,CarrotHyrax,80.0,5.0,0,True,0.001,
3koaWT,42,29,CarrotHyrax,80.0,5.0,1,True,0.0,
3koaWT,42,30,CarrotHyrax,56.3,5.0,0,True,0.0,
3koaWT,42,31,CarrotHyrax,56.3,5.0,0,True,0.0,
3koaWT,42,32,CarrotHyrax,56.3,5.0,1,True,0.0,
3koaWT,42,33,CarrotHyrax,56.3,5.0,0,True,0.0,
3koaWT,42,34,CarrotHyrax,56.3,5.0,1,True,0.0,
3koaWT,42,35,CarrotHyrax,56.3,5.0,0,True,0.0,
3koaWT,42,36,CarrotHyrax,56.3,5.0,0,True,0.0,
3koaWT,42,37,CarrotHyrax,56.3,5.0,0,True,0.0,
3koaWT,42,38,CarrotHyrax,56.3,5.0,1,True,0.0,
3koaWT,42,39,CarrotHyrax,56.3,5.0,2,True,0.0,
3koaWT,42,40,CarrotHyrax,38.7,5.0,2,True,0.0,
3koaWT,42,41,CarrotHyrax,38.7,5.0,3,True,0.0,
3koaWT,42,42,CarrotHyrax,38.7,5.0,0,True,0.0,
3koaWT,42,43,CarrotHyrax,38.7,5.0,0,True,0.0,
3koaWT,42,44,CarrotHyrax,38.7,5.0,1,True,0.0,
3koaWT,42,45,CarrotHyrax,38.7,5.0,0,True,0.0,
3koaWT,42,46,CarrotHyrax,38.7,5.0,1,True,0.0,
3koaWT,42,47,CarrotHyrax,38.7,5.0,0,True,0.0,
3koaWT,42,48,CarrotHyrax,38.7,5.0,0,True,0.0,
3koaWT,42,49,CarrotHyrax,38.7,5.0,0,True,0.0,
3koaWT,42,50,CarrotHyrax,40.5,5.0,2,True,0.0,
3koaWT,42,51,CarrotHyrax,40.5,5.0,1,True,0.0,
3koaWT,42,52,CarrotHyrax,40.5,5.0,1,True,0.0,
3koaWT,42,53,CarrotHyrax,40.5,5.0,1,True,0.0,
3koaWT,42,54,CarrotHyrax,40.5,5.0,0,True,0.0,
3koaWT,42,55,CarrotHyrax,40.5,5.0,1,True,0.0,
3koaWT,42,56,CarrotHyrax,40.5,5.0,1,True,0.0,
3koaWT,42,57,CarrotHyrax,40.5,5.0,0,True,0.0,
3koaWT,42,58,CarrotHyrax,40.5,5.0,1,True,0.0,
3koaWT,42,59,CarrotHyrax,40.5,5.0,0,True,0.0,
3koaWT,42,60,CarrotHyrax,45.5,5.0,0,True,0.0,
3koaWT,42,61,CarrotHyrax,45.5,5.0,0,True,0.0,
3koaWT,42,62,CarrotHyrax,45.5,5.0,0,True,0.0,
3koaWT,42,63,CarrotHyrax,45.5,5.0,1,True,0.0,
3koaWT,42,64,CarrotHyrax,45.5,5.0,0,True,0.0,
3koaWT,42,65,CarrotHyrax,45.5,5.0,0,True,0.0,
3koaWT,42,66,CarrotHyrax,45.5,5.0,0,True,0.0,
3koaWT,42,67,CarrotHyrax,45.5,5.0,0,True,0.0,
3koaWT,42,68,CarrotHyrax,45.5,5.0,0,True,0.0,
3koaWT,42,69,CarrotHyrax,45.5,5.0,0,True,0.0,
3koaWT,42,70,CarrotHyrax,31.8,5.0,0,True,0.0,
3koaWT,42,71,CarrotHyrax,31.8,5.0,2,True,0.0,
3koaWT,42,72,CarrotHyrax,31.8,5.0,0,True,0.0,
3koaWT,42,73,CarrotHyrax,31.8,5.0,0,True,0.0,
3koaWT,42,74,CarrotHyrax,31.8,5.0,0,True,0.0,
3koaWT,42,75,CarrotHyrax,31.8,5.0,2,True,0.0,
3koaWT,42,76,CarrotHyrax,31.8,5.0,1,True,0.0,
3koaWT,42,77,CarrotHyrax,31.8,5.0,0,True,0.0,
3koaWT,42,78,CarrotHyrax,31.8,5.0,0,True,0.0,
3koaWT,42,79,CarrotHyrax,31.8,5.0,2,True,0.0,
3koaWT,42,80,CarrotHyrax,42.0,5.0,0,True,0.0,
3koaWT,42,81,CarrotHyrax,42.0,5.0,1,True,0.0,
3koaWT,42,82,CarrotHyrax,42.0,5.0,0,True,0.0,
3koaWT,42,83,CarrotHyrax,42.0,5.0,0,True,0.0,
3koaWT,42,84,CarrotHyrax,42.0,5.0,0,True,0.0,
3koaWT,42,85,CarrotHyrax,42.0,5.0,1,True,0.0,
3koaWT,42,86,CarrotHyrax,42.0,5.0,0,True,0.0,
3koaWT,42,87,CarrotHyrax,42.0,5.0,0,True,0.0,
3koaWT,42,88,CarrotHyrax,42.0,5.0,0,True,0.0,
3koaWT,42,89,CarrotHyrax,42.0,5.0,1,True,0.0,
3koaWT,42,90,CarrotHyrax,46.9,5.0,0,True,0.0,
3koaWT,42,91,CarrotHyrax,46.9,5.0,0,True,0.0,
3koaWT,42,92,CarrotHyrax,46.9,5.0,0,True,0.0,
3koaWT,42,93,CarrotHyrax,46.9,5.0,1,True,0.0,
3koaWT,42,94,CarrotHyrax,46.9,5.0,1,True,0.0,
3koaWT,42,95,CarrotHyrax,46.9,5.0,0,True,0.0,
3koaWT,42,96,CarrotHyrax,46.9,5.0,0,True,0.0,
3koaWT,42,97,CarrotHyrax,46.9,5.0,1,True,0.0,
3koaWT,42,98,CarrotHyrax,46.9,5.0,1,True,0.002,
3koaWT,42,99,CarrotHyrax,46.9,5.0,2,True,0.0,
3koaWT,42,100,CarrotHyrax,33.8,5.0,0,True,0.0,
3koaWT,43,1,CarrotHyrax,33.8,88.0,0,True,0.0,
3koaWT,43,2,CarrotHyrax,33.8,70.4,0,True,0.0,
3koaWT,43,3,CarrotHyrax,33.8,56.3,0,True,0.0,
3koaWT,43,4,CarrotHyrax,33.8,45.1,0,True,0.0,
3koaWT,43,5,CarrotHyrax,33.8,36.0,1,True,0.0,
3koaWT,43,6,CarrotHyrax,33.8,31.5,1,True,0.0,
3koaWT,43,7,CarrotHyrax,33.8,29.4,0,True,0.0,
3koaWT,43,8,CarrotHyrax,33.8,26.9,1,True,0.0,
3koaWT,43,9,CarrotHyrax,71.4,25.5,0,True,0.0,
3koaWT,43,10,CarrotHyrax,71.4,23.8,0,True,0.0,
3koaWT,43,11,CarrotHyrax,71.4,21.9,0,True,0.0,
3koaWT,43,12,CarrotHyrax,71.4,20.0,0,True,0.0,
3koaWT,43,13,CarrotHyrax,71.4,17.9,1,True,0.0,
3koaWT,43,14,CarrotHyrax,71.4,16.5,1,True,0.0,
3koaWT,43,15,CarrotHyrax,71.4,15.4,1,True,0.0,
3koaWT,43,16,CarrotHyrax,71.4,14.6,0,True,0.0,
3koaWT,43,17,CarrotHyrax,71.4,13.7,0,True,0.0,
3koaWT,43,18,CarrotHyrax,71.4,12.7,1,True,0.0,
3koaWT,43,19,CarrotHyrax,77.4,12.0,1,True,0.0,
3koaWT,43,20,CarrotHyrax,77.4,11.5,0,True,0.0,
3koaWT,43,21,CarrotHyrax,77.4,11.0,1,True,0.0,
3koaWT,43,22,CarrotHyrax,77.4,10.6,0,True,0.0,
3koaWT,43,23,CarrotHyrax,77.4,10.1,1,True,0.0,
3koaWT,43,24,CarrotHyrax,77.4,9.7,1,True,0.0,
3koaWT,43,25,CarrotHyrax,77.4,9.4,0,True,0.001,
3koaWT,43,26,CarrotHyrax,77.4,9.1,0,True,0.0,
3koaWT,43,27,CarrotHyrax,77.4,8.7,1,True,0.0,
3koaWT,43,28,CarrotHyrax,77.4,8.4,1,True,0.0,
3koaWT,43,29,CarrotHyrax,48.1,8.2,1,True,0.0,
3koaWT,43,30,CarrotHyrax,48.1,8.0,0,True,0.0,
3koaWT,43,31,CarrotHyrax,48.1,7.8,2,True,0.0,
3koaWT,43,32,CarrotHyrax,48.1,7.7,1,True,0.0,
3koaWT,43,33,CarrotHyrax,48.1,7.7,1,True,0.0,
3koaWT,43,34,CarrotHyrax,48.1,7.7,2,True,0.0,
3koaWT,43,35,CarrotHyrax,48.1,7.9,0,True,0.0,
3koaWT,43,36,CarrotHyrax,48.1,8.0,1,True,0.0,
3koaWT,43,37,CarrotHyrax,48.1,8.1,0,True,0.0,
3koaWT,43,38,CarrotHyrax,48.1,8.2,0,True,0.0,
3koaWT,43,39,CarrotHyrax,47.6,8.3,0,True,0.0,
3koaWT,43,40,CarrotHyrax,47.6,8.3,1,True,0.0,
3koaWT,43,41,CarrotHyrax,47.6,8.4,0,True,0.0,
3koaWT,43,42,CarrotHyrax,47.6,8.4,2,True,0.0,
3koaWT,43,43,CarrotHyrax,47.6,8.6,4,True,0.0,
3koaWT,43,44,CarrotHyrax,47.6,9.0,1,True,0.0,
3koaWT,43,45,CarrotHyrax,47.6,9.4,0,True,0.0,
3koaWT,43,46,CarrotHyrax,47.6,9.9,0,True,0.0,
3koaWT,43,47,CarrotHyrax,47.6,10.3,1,True,0.0,
3koaWT,43,48,CarrotHyrax,47.6,10.7,1,True,0.0,
3koaWT,43,49,CarrotHyrax,66.5,11.2,0,True,0.001,
3koaWT,43,50,CarrotHyrax,66.5,11.7,1,True,0.0,
3koaWT,43,51,CarrotHyrax,66.5,12.2,0,True,0.0,
3koaWT,43,52,CarrotHyrax,66.5,12.7,0,True,0.0,
3koaWT,43,53,CarrotHyrax,66.5,13.1,0,True,0.0,
3koaWT,43,54,CarrotHyrax,66.5,13.4,0,True,0.001,
3koaWT,43,55,CarrotHyrax,66.5,13.7,1,True,0.0,
3koaWT,43,56,CarrotHyrax,66.5,13.9,1,True,0.0,
3koaWT,43,57,CarrotHyrax,66.5,14.2,0,True,0.0,
3koaWT,43,58,CarrotHyrax,66.5,14.5,0,True,0.0,
3koaWT,43,59,CarrotHyrax,46.8,14.7,0,True,0.0,
3koaWT,43,60,CarrotHyrax,46.8,14.8,0,True,0.0,
3koaWT,43,61,CarrotHyrax,46.8,14.8,1,True,0.0,
3koaWT,43,62,CarrotHyrax,46.8,14.9,1,True,0.0,
3koaWT,43,63,CarrotHyrax,46.8,15.0,0,True,0.0,
3koaWT,43,64,CarrotHyrax,46.8,14.9,0,True,0.0,
3koaWT,43,65,CarrotHyrax,46.8,14.8,0,True,0.0,
3koaWT,43,66,CarrotHyrax,46.8,14.6,0,True,0.0,
3koaWT,43,67,CarrotHyrax,46.8,14.4,2,True,0.0,
3koaWT,43,68,CarrotHyrax,46.8,14.2,0,True,0.0,
3koaWT,43,69,CarrotHyrax,75.2,13.9,0,True,0.0,
3koaWT,43,70,CarrotHyrax,75.2,13.6,1,True,0.0,
3koaWT,43,71,CarrotHyrax,75.2,13.2,1,True,0.0,
3koaWT,43,72,CarrotHyrax,75.2,12.9,1,True,0.0,
3koaWT,43,73,CarrotHyrax,75.2,12.6,0,True,0.0,
3koaWT,43,74,CarrotHyrax,75.2,12.3,2,True,0.0,
3koaWT,43,75,CarrotHyrax,75.2,11.9,1,True,0.0,
3koaWT,43,76,CarrotHyrax,75.2,11.6,1,True,0.0,
3koaWT,43,77,CarrotHyrax,75.2,11.3,1,True,0.0,
3koaWT,43,78,CarrotHyrax,75.2,11.0,0,True,0.0,
3koaWT,43,79,CarrotHyrax,56.2,10.6,0,True,0.0,
3koaWT,43,80,CarrotHyrax,56.2,10.2,2,True,0.0,
3koaWT,43,81,CarrotHyrax,56.2,9.9,0,True,0.0,
3koaWT,43,82,CarrotHyrax,56.2,9.5,0,True,0.0,
3koaWT,43,83,CarrotHyrax,56.2,9.1,0,True,0.0,
3koaWT,43,84,CarrotHyrax,56.2,8.7,0,True,0.0,
3koaWT,43,85,CarrotHyrax,56.2,8.3,0,True,0.0,
3koaWT,43,86,CarrotHyrax,56.2,7.9,1,True,0.0,
3koaWT,43,87,CarrotHyrax,56.2,7.5,0,True,0.0,
3koaWT,43,88,CarrotHyrax,56.2,7.1,0,True,0.0,
3koaWT,43,89,CarrotHyrax,63.9,6.7,0,True,0.0,
3koaWT,43,90,CarrotHyrax,63.9,6.3,1,True,0.0,
3koaWT,43,91,CarrotHyrax,63.9,5.9,0,True,0.0,
3koaWT,43,92,CarrotHyrax,63.9,5.5,0,True,0.0,
3koaWT,43,93,CarrotHyrax,63.9,5.2,1,True,0.0,
3koaWT,43,94,CarrotHyrax,63.9,5.0,0,True,0.0,
3koaWT,43,95,CarrotHyrax,63.9,5.0,0,True,0.0,
3koaWT,43,96,CarrotHyrax,63.9,5.0,2,True,0.0,
3koaWT,43,97,CarrotHyrax,63.9,5.0,0,True,0.0,
3koaWT,43,98,CarrotHyrax,63.9,5.0,2,True,0.0,
3koaWT,43,99,CarrotHyrax,30.4,5.0,0,True,0.0,
3koaWT,43,100,CarrotHyrax,30.4,5.0,0,True,0.0,
3koaWT,44,1,CarrotHyrax,30.4,62.0,0,True,0.0,
3koaWT,44,2,CarrotHyrax,30.4,49.6,0,True,0.0,
3koaWT,44,3,CarrotHyrax,30.4,39.7,0,True,0.0,
3koaWT,44,4,CarrotHyrax,30.4,31.7,0,True,0.0,
3koaWT,44,5,CarrotHyrax,30.4,25.4,0,True,0.0,
3koaWT,44,6,CarrotHyrax,30.4,20.3,0,True,0.0,
3koaWT,44,7,CarrotHyrax,30.4,16.3,1,True,0.0,
3koaWT,44,8,CarrotHyrax,49.4,13.9,0,True,0.0,
3koaWT,44,9,CarrotHyrax,49.4,11.8,0,True,0.0,
3koaWT,44,10,CarrotHyrax,49.4,10.0,0,True,0.0,
3koaWT,44,11,CarrotHyrax,49.4,8.4,0,True,0.0,
3koaWT,44,12,CarrotHyrax,49.4,7.0,1,True,0.0,
3koaWT,44,13,CarrotHyrax,49.4,6.1,1,True,0.0,
3koaWT,44,14,CarrotHyrax,49.4,5.4,0,True,0.0,
3koaWT,44,15,CarrotHyrax,49.4,5.0,1,True,0.0,
3koaWT,44,16,CarrotHyrax,49.4,5.0,1,True,0.0,
3koaWT,44,17,CarrotHyrax,49.4,5.0,2,True,0.0,
3koaWT,44,18,CarrotHyrax,69.4,5.0,0,True,0.0,
3koaWT,44,19,CarrotHyrax,69.4,5.0,1,True,0.001,
3koaWT,44,20,CarrotHyrax,69.4,5.0,0,True,0.0,
3koaWT,44,21,CarrotHyrax,69.4,5.0,1,True,0.0,
3koaWT,44,22,CarrotHyrax,69.4,5.0,0,True,0.0,
3koaWT,44,23,CarrotHyrax,69.4,5.0,1,True,0.0,
3koaWT,44,24,CarrotHyrax,69.4,5.0,0,True,0.0,
3koaWT,44,25,CarrotHyrax,69.4,5.0,0,True,0.0,
3koaWT,44,26,CarrotHyrax,69.4,5.0,0,True,0.0,
3koaWT,44,27,CarrotHyrax,69.4,5.0,1,True,0.0,
3koaWT,44,28,CarrotHyrax,71.5,5.0,0,True,0.0,
3koaWT,44,29,CarrotHyrax,71.5,5.0,0,True,0.0,
3koaWT,44,30,CarrotHyrax,71.5,5.0,0,True,0.001,
3koaWT,44,31,CarrotHyrax,71.5,5.0,0,True,0.0,
3koaWT,44,32,CarrotHyrax,71.5,5.0,1,True,0.0,
3koaWT,44,33,CarrotHyrax,71.5,5.0,0,True,0.0,
3koaWT,44,34,CarrotHyrax,71.5,5.0,0,True,0.0,
3koaWT,44,35,CarrotHyrax,71.5,5.0,0,True,0.0,
3koaWT,44,36,CarrotHyrax,71.5,5.0,2,True,0.0,
3koaWT,44,37,CarrotHyrax,71.5,5.0,0,True,0.0,
3koaWT,44,38,CarrotHyrax,49.9,5.0,0,True,0.0,
3koaWT,44,39,CarrotHyrax,49.9,5.0,1,True,0.0,
3koaWT,44,40,CarrotHyrax,49.9,5.0,1,True,0.0,
3koaWT,44,41,CarrotHyrax,49.9,5.0,0,True,0.0,
3koaWT,44,42,CarrotHyrax,49.9,5.0,0,True,0.0,
3koaWT,44,43,CarrotHyrax,49.9,5.0,1,True,0.0,
3koaWT,44,44,CarrotHyrax,49.9,5.0,0,True,0.0,
3koaWT,44,45,CarrotHyrax,49.9,5.0,1,True,0.0,
3koaWT,44,46,CarrotHyrax,49.9,5.0,2,True,0.0,
3koaWT,44,47,CarrotHyrax,49.9,5.0,0,True,0.0,
3koaWT,44,48,CarrotHyrax,58.7,5.0,0,True,0.0,
3koaWT,44,49,CarrotHyrax,58.7,5.0,1,True,0.0,
3koaWT,44,50,CarrotHyrax,58.7,5.0,0,True,0.0,
3koaWT,44,51,CarrotHyrax,58.7,5.0,1,True,0.0,
3koaWT,44,52,CarrotHyrax,58.7,5.0,0,True,0.001,
3koaWT,44,53,CarrotHyrax,58.7,5.0,0,True,0.0,
3koaWT,44,54,CarrotHyrax,58.7,5.0,1,True,0.0,
3koaWT,44,55,CarrotHyrax,58.7,5.0,0,True,0.0,
3koaWT,44,56,CarrotHyrax,58.7,5.0,2,True,0.0,
3koaWT,44,57,CarrotHyrax,58.7,5.0,0,True,0.0,
3koaWT,44,58,CarrotHyrax,34.1,5.0,0,True,0.0,
3koaWT,44,59,CarrotHyrax,34.1,5.0,0,True,0.0,
3koaWT,44,60,CarrotHyrax,34.1,5.0,1,True,0.0,
3koaWT,44,61,CarrotHyrax,34.1,5.0,1,True,0.0,
3koaWT,44,62,CarrotHyrax,34.1,5.0,0,True,0.0,
3koaWT,44,63,CarrotHyrax,34.1,5.0,2,True,0.0,
3koaWT,44,64,CarrotHyrax,34.1,5.0,2,True,0.0,
3koaWT,44,65,CarrotHyrax,34.1,5.0,0,True,0.0,
3koaWT,44,66,CarrotHyrax,34.1,5.0,0,True,0.0,
3koaWT,44,67,CarrotHyrax,34.1,5.0,0,True,0.0,
3koaWT,44,68,CarrotHyrax,32.1,5.0,0,True,0.0,
3koaWT,44,69,CarrotHyrax,32.1,5.0,0,True,0.0,
3koaWT,44,70,CarrotHyrax,32.1,5.0,1,True,0.0,
3koaWT,44,71,CarrotHyrax,32.1,5.0,1,True,0.0,
3koaWT,44,72,CarrotHyrax,32.1,5.0,0,True,0.0,
3koaWT,44,73,CarrotHyrax,32.1,5.0,0,True,0.0,
3koaWT,44,74,CarrotHyrax,32.1,5.0,0,True,0.0,
3koaWT,44,75,CarrotHyrax,32.1,5.0,1,True,0.0,
3koaWT,44,76,CarrotHyrax,32.1,5.0,0,True,0.0,
3koaWT,44,77,CarrotHyrax,32.1,5.0,0,True,0.0,
3koaWT,44,78,CarrotHyrax,45.6,5.0,1,True,0.0,
3koaWT,44,79,CarrotHyrax,45.6,5.0,0,True,0.0,
3koaWT,44,80,CarrotHyrax,45.6,5.0,3,True,0.0,
3koaWT,44,81,CarrotHyrax,45.6,5.0,1,True,0.0,
3koaWT,44,82,CarrotHyrax,45.6,5.0,0,True,0.0,
3koaWT,44,83,CarrotHyrax,45.6,5.0,0,True,0.0,
3koaWT,44,84,CarrotHyrax,45.6,5.0,0,True,0.0,
3koaWT,44,85,CarrotHyrax,45.6,5.0,1,True,0.0,
3koaWT,44,86,CarrotHyrax,45.6,5.0,2,True,0.0,
3koaWT,44,87,CarrotHyrax,45.6,5.0,1,True,0.0,
3koaWT,44,88,CarrotHyrax,75.6,5.0,1,True,0.0,
3koaWT,44,89,CarrotHyrax,75.6,5.0,1,True,0.0,
3koaWT,44,90,CarrotHyrax,75.6,5.0,1,True,0.0,
3koaWT,44,91,CarrotHyrax,75.6,5.0,0,True,0.0,
3koaWT,44,92,CarrotHyrax,75.6,5.0,1,True,0.0,
3koaWT,44,93,CarrotHyrax,75.6,5.0,3,True,0.0,
3koaWT,44,94,CarrotHyrax,75.6,5.0,0,True,0.0,
3koaWT,44,95,CarrotHyrax,75.6,5.0,0,True,0.0,
3koaWT,44,96,CarrotHyrax,75.6,5.0,0,True,0.0,
3koaWT,44,97,CarrotHyrax,75.6,5.0,1,True,0.0,
3koaWT,44,98,CarrotHyrax,38.2,5.0,1,True,0.0,
3koaWT,44,99,CarrotHyrax,38.2,5.0,0,True,0.0,
3koaWT,44,100,CarrotHyrax,38.2,5.0,1,True,0.0,
3koaWT,45,1,CarrotHyrax,38.2,89.0,0,True,0.0,
3koaWT,45,2,CarrotHyrax,38.2,71.2,0,True,0.0,
3koaWT,45,3,CarrotHyrax,38.2,57.0,0,True,0.0,
3koaWT,45,4,CarrotHyrax,38.2,45.6,0,True,0.0,
3koaWT,45,5,CarrotHyrax,38.2,36.5,0,True,0.0,
3koaWT,45,6,CarrotHyrax,38.2,29.2,1,True,0.0,
3koaWT,45,7,CarrotHyrax,34.7,25.3,0,True,0.0,
3koaWT,45,8,CarrotHyrax,34.7,21.7,1,True,0.0,
3koaWT,45,9,CarrotHyrax,34.7,19.5,0,True,0.0,
3koaWT,45,10,CarrotHyrax,34.7,17.3,2,True,0.0,
3koaWT,45,11,CarrotHyrax,34.7,16.6,1,True,0.0,
3koaWT,45,12,CarrotHyrax,34.7,16.4,0,True,0.0,
3koaWT,45,13,CarrotHyrax,34.7,15.8,1,True,0.0,
3koaWT,45,14,CarrotHyrax,34.7,15.5,1,True,0.0,
3koaWT,45,15,CarrotHyrax,34.7,15.3,0,True,0.0,
3koaWT,45,16,CarrotHyrax,34.7,14.9,0,True,0.0,
3koaWT,45,17,CarrotHyrax,62.2,14.3,0,True,0.0,
3koaWT,45,18,CarrotHyrax,62.2,13.6,1,True,0.0,
3koaWT,45,19,CarrotHyrax,62.2,13.1,0,True,0.0,
3koaWT,45,20,CarrotHyrax,62.2,12.6,0,True,0.0,
3koaWT,45,21,CarrotHyrax,62.2,12.0,0,True,0.0,
3koaWT,45,22,CarrotHyrax,62.2,11.3,0,True,0.0,
3koaWT,45,23,CarrotHyrax,62.2,10.6,0,True,0.0,
3koaWT,45,24,CarrotHyrax,62.2,9.9,1,True,0.0,
3koaWT,45,25,CarrotHyrax,62.2,9.3,0,True,0.0,
3koaWT,45,26,CarrotHyrax,62.2,8.7,2,True,0.0,
3koaWT,45,27,CarrotHyrax,62.4,8.3,2,True,0.0,
3koaWT,45,28,CarrotHyrax,62.4,8.1,2,True,0.0,
3koaWT,45,29,CarrotHyrax,62.4,8.1,0,True,0.0,
3koaWT,45,30,CarrotHyrax,62.4,8.1,0,True,0.0,
3koaWT,45,31,CarrotHyrax,62.4,7.9,1,True,0.0,
3koaWT,45,32,CarrotHyrax,62.4,7.9,0,True,0.0,
3koaWT,45,33,CarrotHyrax,62.4,7.8,1,True,0.0,
3koaWT,45,34,CarrotHyrax,62.4,7.7,0,True,0.0,
3koaWT,45,35,CarrotHyrax,62.4,7.6,1,True,0.0,
3koaWT,45,36,CarrotHyrax,62.4,7.5,0,True,0.0,
3koaWT,45,37,CarrotHyrax,75.7,7.4,1,True,0.0,
3koaWT,45,38,CarrotHyrax,75.7,7.4,1,True,0.0,
3koaWT,45,39,CarrotHyrax,75.7,7.4,0,True,0.0,
3koaWT,45,40,CarrotHyrax,75.7,7.3,0,True,0.0,
3koaWT,45,41,CarrotHyrax,75.7,7.2,0,True,0.0,
3koaWT,45,42,CarrotHyrax,75.7,7.1,0,True,0.0,
3koaWT,45,43,CarrotHyrax,75.7,7.0,1,True,0.0,
3koaWT,45,44,CarrotHyrax,75.7,6.9,0,True,0.0,
3koaWT,45,45,CarrotHyrax,75.7,6.8,0,True,0.0,
3koaWT,45,46,CarrotHyrax,75.7,6.6,0,True,0.001,
3koaWT,45,47,CarrotHyrax,63.8,6.4,0,True,0.0,
3koaWT,45,48,CarrotHyrax,63.8,6.3,1,True,0.0,
3koaWT,45,49,CarrotHyrax,63.8,6.1,0,True,0.001,
3koaWT,45,50,CarrotHyrax,63.8,5.9,2,True,0.0,
3koaWT,45,51,CarrotHyrax,63.8,5.8,1,True,0.0,
3koaWT,45,52,CarrotHyrax,63.8,5.8,2,True,0.0,
3koaWT,45,53,CarrotHyrax,63.8,5.7,2,True,0.0,
3koaWT,45,54,CarrotHyrax,63.8,5.7,0,True,0.0,
3koaWT,45,55,CarrotHyrax,63.8,5.7,0,True,0.0,
3koaWT,45,56,CarrotHyrax,63.8,5.7,0,True,0.0,
3koaWT,45,57,CarrotHyrax,63.4,5.6,0,True,0.0,
3koaWT,45,58,CarrotHyrax,63.4,5.6,0,True,0.0,
3koaWT,45,59,CarrotHyrax,63.4,5.5,2,True,0.0,
3koaWT,45,60,CarrotHyrax,63.4,5.4,1,True,0.0,
3koaWT,45,61,CarrotHyrax,63.4,5.4,0,True,0.0,
3koaWT,45,62,CarrotHyrax,63.4,5.3,0,True,0.0,
3koaWT,45,63,CarrotHyrax,63.4,5.2,0,True,0.001,
3koaWT,45,64,CarrotHyrax,63.4,5.1,1,True,0.0,
3koaWT,45,65,CarrotHyrax,63.4,5.0,0,True,0.0,
3koaWT,45,66,CarrotHyrax,63.4,5.0,1,True,0.0,
3koaWT,45,67,CarrotHyrax,41.1,5.0,2,True,0.0,
3koaWT,45,68,CarrotHyrax,41.1,5.0,1,True,0.0,
3koaWT,45,69,CarrotHyrax,41.1,5.0,1,True,0.0,
3koaWT,45,70,CarrotHyrax,41.1,5.0,1,True,0.0,
3koaWT,45,71,CarrotHyrax,41.1,5.0,0,True,0.0,
3koaWT,45,72,CarrotHyrax,41.1,5.0,0,True,0.0,
3koaWT,45,73,CarrotHyrax,41.1,5.0,0,True,0.0,
3koaWT,45,74,CarrotHyrax,41.1,5.0,0,True,0.0,
3koaWT,45,75,CarrotHyrax,41.1,5.0,0,True,0.0,
3koaWT,45,76,CarrotHyrax,41.1,5.0,0,True,0.0,
3koaWT,45,77,CarrotHyrax,33.2,5.0,2,True,0.002,
3koaWT,45,78,CarrotHyrax,33.2,5.0,0,True,0.022,
3koaWT,45,79,CarrotHyrax,33.2,5.0,1,True,0.0,
3koaWT,45,80,CarrotHyrax,33.2,5.0,1,True,0.0,
3koaWT,45,81,CarrotHyrax,33.2,5.0,0,True,0.001,
3koaWT,45,82,CarrotHyrax,33.2,5.0,1,True,0.0,
3koaWT,45,83,CarrotHyrax,33.2,5.0,0,True,0.0,
3koaWT,45,84,CarrotHyrax,33.2,5.0,2,True,0.0,
3koaWT,45,85,CarrotHyrax,33.2,5.0,1,True,0.0,
3koaWT,45,86,CarrotHyrax,33.2,5.0,0,True,0.0,
3koaWT,45,87,CarrotHyrax,36.6,5.0,1,True,0.0,
3koaWT,45,88,CarrotHyrax,36.6,5.0,1,True,0.0,
3koaWT,45,89,CarrotHyrax,36.6,5.0,0,True,0.0,
3koaWT,45,90,CarrotHyrax,36.6,5.0,0,True,0.0,
3koaWT,45,91,CarrotHyrax,36.6,5.0,0,True,0.0,
3koaWT,45,92,CarrotHyrax,36.6,5.0,1,True,0.0,
3koaWT,45,93,CarrotHyrax,36.6,5.0,2,True,0.0,
3koaWT,45,94,CarrotHyrax,36.6,5.0,0,True,0.0,
3koaWT,45,95,CarrotHyrax,36.6,5.0,0,True,0.0,
3koaWT,45,96,CarrotHyrax,36.6,5.0,0,True,0.0,
3koaWT,45,97,CarrotHyrax,78.1,5.0,4,True,0.0,
3koaWT,45,98,CarrotHyrax,78.1,5.0,1,True,0.001,
3koaWT,45,99,CarrotHyrax,78.1,5.0,0,True,0.0,
3koaWT,45,100,CarrotHyrax,78.1,5.0,0,True,0.0,
3koaWT,46,1,CarrotHyrax,78.1,50.0,0,True,0.0,
3koaWT,46,2,CarrotHyrax,78.1,40.0,1,True,0.0,
3koaWT,46,3,CarrotHyrax,78.1,38.7,0,True,0.0,
3koaWT,46,4,CarrotHyrax,78.1,35.8,0,True,0.0,
3koaWT,46,5,CarrotHyrax,78.1,32.1,1,True,0.0,
3koaWT,46,6,CarrotHyrax,57.4,30.5,1,True,0.0,
3koaWT,46,7,CarrotHyrax,57.4,30.5,0,True,0.0,
3koaWT,46,8,CarrotHyrax,57.4,29.6,1,True,0.0,
3koaWT,46,9,CarrotHyrax,57.4,29.5,0,True,0.0,
3koaWT,46,10,CarrotHyrax,57.4,28.8,1,True,0.0,
3koaWT,46,11,CarrotHyrax,57.4,28.9,1,True,0.0,
3koaWT,46,12,CarrotHyrax,57.4,29.6,1,True,0.0,
3koaWT,46,13,CarrotHyrax,57.4,30.4,1,True,0.0,
3koaWT,46,14,CarrotHyrax,57.4,31.6,1,True,0.0,
3koaWT,46,15,CarrotHyrax,57.4,32.9,3,True,0.0,
3koaWT,46,16,CarrotHyrax,64.7,36.1,1,True,0.0,
3koaWT,46,17,CarrotHyrax,64.7,39.5,0,True,0.004,
3koaWT,46,18,CarrotHyrax,64.7,42.8,1,True,0.0,
3koaWT,46,19,CarrotHyrax,64.7,46.7,0,True,0.0,
3koaWT,46,20,CarrotHyrax,64.7,50.2,0,True,0.0,
3koaWT,46,21,CarrotHyrax,64.7,53.5,0,True,0.0,
3koaWT,46,22,CarrotHyrax,64.7,56.3,0,True,0.0,
3koaWT,46,23,CarrotHyrax,64.7,58.8,0,True,0.0,
3koaWT,46,24,CarrotHyrax,64.7,60.3,0,True,0.0,
3koaWT,46,25,CarrotHyrax,64.7,61.4,0,True,0.0,
3koaWT,46,26,CarrotHyrax,66.9,62.1,1,True,0.0,
3koaWT,46,27,CarrotHyrax,66.9,63.1,2,True,0.001,
3koaWT,46,28,CarrotHyrax,66.9,65.3,2,True,0.0,
3koaWT,46,29,CarrotHyrax,66.9,68.7,0,True,0.001,
3koaWT,46,30,CarrotHyrax,66.9,71.6,1,True,0.0,
3koaWT,46,31,CarrotHyrax,66.9,74.8,0,True,0.001,
3koaWT,46,32,CarrotHyrax,66.9,77.9,0,True,0.0,
3koaWT,46,33,CarrotHyrax,66.9,80.4,0,True,0.0,
3koaWT,46,34,CarrotHyrax,66.9,82.6,0,True,0.001,
3koaWT,46,35,CarrotHyrax,66.9,84.1,0,True,0.001,
3koaWT,46,36,CarrotHyrax,40.2,85.3,0,True,0.0,
3koaWT,46,37,CarrotHyrax,40.2,85.9,0,True,0.0,
3koaWT,46,38,CarrotHyrax,40.2,86.1,0,True,0.0,
3koaWT,46,39,CarrotHyrax,40.2,86.0,0,True,0.0,
3koaWT,46,40,CarrotHyrax,40.2,85.4,0,True,0.0,
3koaWT,46,41,CarrotHyrax,40.2,84.5,0,True,0.0,
3koaWT,46,42,CarrotHyrax,40.2,83.2,0,True,0.0,
3koaWT,46,43,CarrotHyrax,40.2,81.6,0,True,0.0,
3koaWT,46,44,CarrotHyrax,40.2,79.7,0,True,0.0,
3koaWT,46,45,CarrotHyrax,40.2,77.5,0,True,0.001,
3koaWT,46,46,CarrotHyrax,46.2,75.1,0,True,0.0,
3koaWT,46,47,CarrotHyrax,46.2,72.5,0,True,0.0,
3koaWT,46,48,CarrotHyrax,46.2,69.8,0,True,0.0,
3koaWT,46,49,CarrotHyrax,46.2,67.1,0,True,0.001,
3koaWT,46,50,CarrotHyrax,46.2,64.1,0,True,0.0,
3koaWT,46,51,CarrotHyrax,46.2,61.1,0,True,0.0,
3koaWT,46,52,CarrotHyrax,46.2,58.0,0,True,0.0,
3koaWT,46,53,CarrotHyrax,46.2,54.8,0,True,0.0,
3koaWT,46,54,CarrotHyrax,46.2,51.5,0,True,0.0,
3koaWT,46,55,CarrotHyrax,46.2,48.2,0,True,0.0,
3koaWT,46,56,CarrotHyrax,59.4,45.0,0,True,0.0,
3koaWT,46,57,CarrotHyrax,59.4,41.9,0,True,0.0,
3koaWT,46,58,CarrotHyrax,59.4,38.9,0,True,0.0,
3koaWT,46,59,CarrotHyrax,59.4,36.0,0,True,0.0,
3koaWT,46,60,CarrotHyrax,59.4,33.2,2,True,0.0,
3koaWT,46,61,CarrotHyrax,59.4,30.9,0,True,0.0,
3koaWT,46,62,CarrotHyrax,59.4,28.7,0,True,0.0,
3koaWT,46,63,CarrotHyrax,59.4,26.5,0,True,0.0,
3koaWT,46,64,CarrotHyrax,59.4,24.5,1,True,0.001,
3koaWT,46,65,CarrotHyrax,59.4,22.6,1,True,0.0,
3koaWT,46,66,CarrotHyrax,43.6,20.9,0,True,0.0,
3koaWT,46,67,CarrotHyrax,43.6,19.2,0,True,0.0,
3koaWT,46,68,CarrotHyrax,43.6,17.6,0,True,0.0,
3koaWT,46,69,CarrotHyrax,43.6,16.1,1,True,0.0,
3koaWT,46,70,CarrotHyrax,43.6,14.8,0,True,0.0,
3koaWT,46,71,CarrotHyrax,43.6,13.5,1,True,0.0,
3koaWT,46,72,CarrotHyrax,43.6,12.3,3,True,0.0,
3koaWT,46,73,CarrotHyrax,43.6,11.4,1,True,0.0,
3koaWT,46,74,CarrotHyrax,43.6,10.5,0,True,0.005,
3koaWT,46,75,CarrotHyrax,43.6,9.7,0,True,0.001,
3koaWT,46,76,CarrotHyrax,57.2,8.9,0,True,0.0,
3koaWT,46,77,CarrotHyrax,57.2,8.2,0,True,0.001,
3koaWT,46,78,CarrotHyrax,57.2,7.4,1,True,0.0,
3koaWT,46,79,CarrotHyrax,57.2,6.8,1,True,0.0,
3koaWT,46,80,CarrotHyrax,57.2,6.2,0,True,0.0,
3koaWT,46,81,CarrotHyrax,57.2,5.7,1,True,0.0,
3koaWT,46,82,CarrotHyrax,57.2,5.2,1,True,0.0,
3koaWT,46,83,CarrotHyrax,57.2,5.0,0,True,0.0,
3koaWT,46,84,CarrotHyrax,57.2,5.0,0,True,0.0,
3koaWT,46,85,CarrotHyrax,57.2,5.0,0,True,0.0,
3koaWT,46,86,CarrotHyrax,48.7,5.0,2,True,0.0,
3koaWT,46,87,CarrotHyrax,48.7,5.0,0,True,0.0,
3koaWT,46,88,CarrotHyrax,48.7,5.0,1,True,0.0,
3koaWT,46,89,CarrotHyrax,48.7,5.0,0,True,0.0,
3koaWT,46,90,CarrotHyrax,48.7,5.0,0,True,0.0,
3koaWT,46,91,CarrotHyrax,48.7,5.0,1,True,0.0,
3koaWT,46,92,CarrotHyrax,48.7,5.0,1,True,0.0,
3koaWT,46,93,CarrotHyrax,48.7,5.0,1,True,0.0,
3koaWT,46,94,CarrotHyrax,48.7,5.0,0,True,0.0,
3koaWT,46,95,CarrotHyrax,48.7,5.0,0,True,0.0,
3koaWT,46,96,CarrotHyrax,62.2,5.0,0,True,0.0,
3koaWT,46,97,CarrotHyrax,62.2,5.0,3,True,0.0,
3koaWT,46,98,CarrotHyrax,62.2,5.0,0,True,0.0,
3koaWT,46,99,CarrotHyrax,62.2,5.0,0,True,0.0,
3koaWT,46,100,CarrotHyrax,62.2,5.0,1,True,0.0,
3koaWT,47,1,CarrotHyrax,62.2,35.0,0,True,0.0,
3koaWT,47,2,CarrotHyrax,62.2,28.0,0,True,0.0,
3koaWT,47,3,CarrotHyrax,62.2,22.4,2,True,0.0,
3koaWT,47,4,CarrotHyrax,62.2,23.6,0,True,0.0,
3koaWT,47,5,CarrotHyrax,31.6,23.4,0,True,0.0,
3koaWT,47,6,CarrotHyrax,31.6,22.2,0,True,0.0,
3koaWT,47,7,CarrotHyrax,31.6,20.8,0,True,0.0,
3koaWT,47,8,CarrotHyrax,31.6,19.0,0,True,0.0,
3koaWT,47,9,CarrotHyrax,31.6,17.0,2,True,0.0,
3koaWT,47,10,CarrotHyrax,31.6,16.6,0,True,0.0,
3koaWT,47,11,CarrotHyrax,31.6,16.0,0,True,0.0,
3koaWT,47,12,CarrotHyrax,31.6,15.2,0,True,0.0,
3koaWT,47,13,CarrotHyrax,31.6,14.1,0,True,0.0,
3koaWT,47,14,CarrotHyrax,31.6,13.0,0,True,0.0,
3koaWT,47,15,CarrotHyrax,79.0,11.8,1,True,0.0,
3koaWT,47,16,CarrotHyrax,79.0,10.9,0,True,0.0,
3koaWT,47,17,CarrotHyrax,79.0,10.0,0,True,0.0,
3koaWT,47,18,CarrotHyrax,79.0,9.0,0,True,0.0,
3koaWT,47,19,CarrotHyrax,79.0,8.2,0,True,0.0,
3koaWT,47,20,CarrotHyrax,79.0,7.3,0,True,0.0,
3koaWT,47,21,CarrotHyrax,79.0,6.6,0,True,0.0,
3koaWT,47,22,CarrotHyrax,79.0,5.9,0,True,0.0,
3koaWT,47,23,CarrotHyrax,79.0,5.2,1,True,0.0,
3koaWT,47,24,CarrotHyrax,79.0,5.0,0,True,0.0,
3koaWT,47,25,CarrotHyrax,54.5,5.0,0,True,0.0,
3koaWT,47,26,CarrotHyrax,54.5,5.0,0,True,0.0,
3koaWT,47,27,CarrotHyrax,54.5,5.0,2,True,0.0,
3koaWT,47,28,CarrotHyrax,54.5,5.0,0,True,0.0,
3koaWT,47,29,CarrotHyrax,54.5,5.0,1,True,0.0,
3koaWT,47,30,CarrotHyrax,54.5,5.0,0,True,0.0,
3koaWT,47,31,CarrotHyrax,54.5,5.0,0,True,0.0,
3koaWT,47,32,CarrotHyrax,54.5,5.0,2,True,0.0,
3koaWT,47,33,CarrotHyrax,54.5,5.0,0,True,0.0,
3koaWT,47,34,CarrotHyrax,54.5,5.0,0,True,0.001,
3koaWT,47,35,CarrotHyrax,40.2,5.0,1,True,0.0,
3koaWT,47,36,CarrotHyrax,40.2,5.0,1,True,0.0,
3koaWT,47,37,CarrotHyrax,40.2,5.0,0,True,0.0,
3koaWT,47,38,CarrotHyrax,40.2,5.0,2,True,0.0,
3koaWT,47,39,CarrotHyrax,40.2,5.0,0,True,0.0,
3koaWT,47,40,CarrotHyrax,40.2,5.0,1,True,0.0,
3koaWT,47,41,CarrotHyrax,40.2,5.0,0,True,0.0,
3koaWT,47,42,CarrotHyrax,40.2,5.0,1,True,0.0,
3koaWT,47,43,CarrotHyrax,40.2,5.0,2,True,0.0,
3koaWT,47,44,CarrotHyrax,40.2,5.0,0,True,0.0,
3koaWT,47,45,CarrotHyrax,61.3,5.0,1,True,0.0,
3koaWT,47,46,CarrotHyrax,61.3,5.0,0,True,0.0,
3koaWT,47,47,CarrotHyrax,61.3,5.0,0,True,0.0,
3koaWT,47,48,CarrotHyrax,61.3,5.0,1,True,0.0,
3koaWT,47,49,CarrotHyrax,61.3,5.0,1,True,0.0,
3koaWT,47,50,CarrotHyrax,61.3,5.0,1,True,0.0,
3koaWT,47,51,CarrotHyrax,61.3,5.0,0,True,0.001,
3koaWT,47,52,CarrotHyrax,61.3,5.0,0,True,0.0,
3koaWT,47,53,CarrotHyrax,61.3,5.0,0,True,0.0,
3koaWT,47,54,CarrotHyrax,61.3,5.0,0,True,0.0,
3koaWT,47,55,CarrotHyrax,52.8,5.0,1,True,0.0,
3koaWT,47,56,CarrotHyrax,52.8,5.0,0,True,0.0,
3koaWT,47,57,CarrotHyrax,52.8,5.0,2,True,0.0,
3koaWT,47,58,CarrotHyrax,52.8,5.0,0,True,0.0,
3koaWT,47,59,CarrotHyrax,52.8,5.0,0,True,0.0,
3koaWT,47,60,CarrotHyrax,52.8,5.0,2,True,0.0,
3koaWT,47,61,CarrotHyrax,52.8,5.0,0,True,0.0,
3koaWT,47,62,CarrotHyrax,52.8,5.0,0,True,0.0,
3koaWT,47,63,CarrotHyrax,52.8,5.0,1,True,0.0,
3koaWT,47,64,CarrotHyrax,52.8,5.0,0,True,0.0,
3koaWT,47,65,CarrotHyrax,48.6,5.0,0,True,0.0,
3koaWT,47,66,CarrotHyrax,48.6,5.0,0,True,0.0,
3koaWT,47,67,CarrotHyrax,48.6,5.0,1,True,0.0,
3koaWT,47,68,CarrotHyrax,48.6,5.0,1,True,0.0,
3koaWT,47,69,CarrotHyrax,48.6,5.0,0,True,0.0,
3koaWT,47,70,CarrotHyrax,48.6,5.0,0,True,0.0,
3koaWT,47,71,CarrotHyrax,48.6,5.0,0,True,0.0,
3koaWT,47,72,CarrotHyrax,48.6,5.0,0,True,0.0,
3koaWT,47,73,CarrotHyrax,48.6,5.0,0,True,0.0,
3koaWT,47,74,CarrotHyrax,48.6,5.0,1,True,0.0,
3koaWT,47,75,CarrotHyrax,42.6,5.0,0,True,0.0,
3koaWT,47,76,CarrotHyrax,42.6,5.0,2,True,0.0,
3koaWT,47,77,CarrotHyrax,42.6,5.0,1,True,0.0,
3koaWT,47,78,CarrotHyrax,42.6,5.0,0,True,0.0,
3koaWT,47,79,CarrotHyrax,42.6,5.0,0,True,0.0,
3koaWT,47,80,CarrotHyrax,42.6,5.0,0,True,0.0,
3koaWT,47,81,CarrotHyrax,42.6,5.0,0,True,0.0,
3koaWT,47,82,CarrotHyrax,42.6,5.0,1,True,0.0,
3koaWT,47,83,CarrotHyrax,42.6,5.0,2,True,0.0,
3koaWT,47,84,CarrotHyrax,42.6,5.0,2,True,0.0,
3koaWT,47,85,CarrotHyrax,42.0,5.0,0,True,0.0,
3koaWT,47,86,CarrotHyrax,42.0,5.0,0,True,0.0,
3koaWT,47,87,CarrotHyrax,42.0,5.0,1,True,0.0,
3koaWT,47,88,CarrotHyrax,42.0,5.0,0,True,0.0,
3koaWT,47,89,CarrotHyrax,42.0,5.0,0,True,0.0,
3koaWT,47,90,CarrotHyrax,42.0,5.0,2,True,0.0,
3koaWT,47,91,CarrotHyrax,42.0,5.0,0,True,0.0,
3koaWT,47,92,CarrotHyrax,42.0,5.0,0,True,0.0,
3koaWT,47,93,CarrotHyrax,42.0,5.0,1,True,0.0,
3koaWT,47,94,CarrotHyrax,42.0,5.0,3,True,0.0,
3koaWT,47,95,CarrotHyrax,72.3,5.0,0,True,0.0,
3koaWT,47,96,CarrotHyrax,72.3,5.0,1,True,0.0,
3koaWT,47,97,CarrotHyrax,72.3,5.0,1,True,0.0,
3koaWT,47,98,CarrotHyrax,72.3,5.0,0,True,0.0,
3koaWT,47,99,CarrotHyrax,72.3,5.0,0,True,0.0,
3koaWT,47,100,CarrotHyrax,72.3,5.0,1,True,0.0,
3koaWT,48,1,CarrotHyrax,72.3,52.0,1,True,0.0,
3koaWT,48,2,CarrotHyrax,72.3,59.7,0,True,0.0,
3koaWT,48,3,CarrotHyrax,72.3,57.7,0,True,0.0,
3koaWT,48,4,CarrotHyrax,77.4,53.5,0,True,0.001,
3koaWT,48,5,CarrotHyrax,77.4,48.0,1,True,0.0,
3koaWT,48,6,CarrotHyrax,77.4,45.5,0,True,0.0,
3koaWT,48,7,CarrotHyrax,77.4,42.5,0,True,0.0,
3koaWT,48,8,CarrotHyrax,77.4,38.8,0,True,0.0,
3koaWT,48,9,CarrotHyrax,77.4,34.9,0,True,0.0,
3koaWT,48,10,CarrotHyrax,77.4,31.0,0,True,0.001,
3koaWT,48,11,CarrotHyrax,77.4,27.3,2,True,0.0,
3koaWT,48,12,CarrotHyrax,77.4,25.9,0,True,0.0,
3koaWT,48,13,CarrotHyrax,77.4,24.1,0,True,0.0,
3koaWT,48,14,CarrotHyrax,48.6,22.2,2,True,0.0,
3koaWT,48,15,CarrotHyrax,48.6,21.3,1,True,0.0,
3koaWT,48,16,CarrotHyrax,48.6,20.7,0,True,0.0,
3koaWT,48,17,CarrotHyrax,48.6,19.9,0,True,0.0,
3koaWT,48,18,CarrotHyrax,48.6,18.9,1,True,0.0,
3koaWT,48,19,CarrotHyrax,48.6,18.3,0,True,0.0,
3koaWT,48,20,CarrotHyrax,48.6,17.5,0,True,0.0,
3koaWT,48,21,CarrotHyrax,48.6,16.7,3,True,0.0,
3koaWT,48,22,CarrotHyrax,48.6,16.6,1,True,0.0,
3koaWT,48,23,CarrotHyrax,48.6,16.8,1,True,0.0,
3koaWT,48,24,CarrotHyrax,31.5,17.0,0,True,0.0,
3koaWT,48,25,CarrotHyrax,31.5,17.0,0,True,0.0,
3koaWT,48,26,CarrotHyrax,31.5,16.9,0,True,0.0,
3koaWT,48,27,CarrotHyrax,31.5,16.7,1,True,0.0,
3koaWT,48,28,CarrotHyrax,31.5,16.6,1,True,0.0,
3koaWT,48,29,CarrotHyrax,31.5,16.6,1,True,0.0,
3koaWT,48,30,CarrotHyrax,31.5,16.7,0,True,0.0,
3koaWT,48,31,CarrotHyrax,31.5,16.6,0,True,0.0,
3koaWT,48,32,CarrotHyrax,31.5,16.5,0,True,0.0,
3koaWT,48,33,CarrotHyrax,31.5,16.2,0,True,0.0,
3koaWT,48,34,CarrotHyrax,35.1,15.9,1,True,0.0,
3koaWT,48,35,CarrotHyrax,35.1,15.7,1,True,0.0,
3koaWT,48,36,CarrotHyrax,35.1,15.6,0,True,0.0,
3koaWT,48,37,CarrotHyrax,35.1,15.4,1,True,0.0,
3koaWT,48,38,CarrotHyrax,35.1,15.3,0,True,0.0,
3koaWT,48,39,CarrotHyrax,35.1,15.1,1,True,0.0,
3koaWT,48,40,CarrotHyrax,35.1,15.0,0,True,0.0,
3koaWT,48,41,CarrotHyrax,35.1,14.8,0,True,0.0,
3koaWT,48,42,CarrotHyrax,35.1,14.6,0,True,0.0,
3koaWT,48,43,CarrotHyrax,35.1,14.3,0,True,0.0,
3koaWT,48,44,CarrotHyrax,60.7,14.0,0,True,0.0,
3koaWT,48,45,CarrotHyrax,60.7,13.6,0,True,0.0,
3koaWT,48,46,CarrotHyrax,60.7,13.2,0,True,0.0,
3koaWT,48,47,CarrotHyrax,60.7,12.7,2,True,0.0,
3koaWT,48,48,CarrotHyrax,60.7,12.5,0,True,0.0,
3koaWT,48,49,CarrotHyrax,60.7,12.2,1,True,0.0,
3koaWT,48,50,CarrotHyrax,60.7,11.9,0,True,0.0,
3koaWT,48,51,CarrotHyrax,60.7,11.6,0,True,0.0,
3koaWT,48,52,CarrotHyrax,60.7,11.3,0,True,0.0,
3koaWT,48,53,CarrotHyrax,60.7,10.9,2,True,0.0,
3koaWT,48,54,CarrotHyrax,43.3,10.7,0,True,0.0,
3koaWT,48,55,CarrotHyrax,43.3,10.3,1,True,0.0,
3koaWT,48,56,CarrotHyrax,43.3,10.1,1,True,0.0,
3koaWT,48,57,CarrotHyrax,43.3,9.8,2,True,0.0,
3koaWT,48,58,CarrotHyrax,43.3,9.7,2,True,0.0,
3koaWT,48,59,CarrotHyrax,43.3,9.6,0,True,0.001,
3koaWT,48,60,CarrotHyrax,43.3,9.5,2,True,0.0,
3koaWT,48,61,CarrotHyrax,43.3,9.5,0,True,0.0,
3koaWT,48,62,CarrotHyrax,43.3,9.4,0,True,0.0,
3koaWT,48,63,CarrotHyrax,43.3,9.3,1,True,0.0,
3koaWT,48,64,CarrotHyrax,64.5,9.2,1,True,0.0,
3koaWT,48,65,CarrotHyrax,64.5,9.1,0,True,0.0,
3koaWT,48,66,CarrotHyrax,64.5,8.9,0,True,0.0,
3koaWT,48,67,CarrotHyrax,64.5,8.7,0,True,0.0,
3koaWT,48,68,CarrotHyrax,64.5,8.4,2,True,0.0,
3koaWT,48,69,CarrotHyrax,64.5,8.2,1,True,0.0,
3koaWT,48,70,CarrotHyrax,64.5,8.1,0,True,0.0,
3koaWT,48,71,CarrotHyrax,64.5,7.8,0,True,0.001,
3koaWT,48,72,CarrotHyrax,64.5,7.6,1,True,0.0,
3koaWT,48,73,CarrotHyrax,64.5,7.3,0,True,0.0,
3koaWT,48,74,CarrotHyrax,73.5,7.1,0,True,0.0,
3koaWT,48,75,CarrotHyrax,73.5,6.8,1,True,0.0,
3koaWT,48,76,CarrotHyrax,73.5,6.5,1,True,0.0,
3koaWT,48,77,CarrotHyrax,73.5,6.2,1,True,0.0,
3koaWT,48,78,CarrotHyrax,73.5,5.9,0,True,0.0,
3koaWT,48,79,CarrotHyrax,73.5,5.6,0,True,0.0,
3koaWT,48,80,CarrotHyrax,73.5,5.4,0,True,0.0,
3koaWT,48,81,CarrotHyrax,73.5,5.1,1,True,0.0,
3koaWT,48,82,CarrotHyrax,73.5,5.0,1,True,0.0,
3koaWT,48,83,CarrotHyrax,73.5,5.0,3,True,0.0,
3koaWT,48,84,CarrotHyrax,34.9,5.0,0,True,0.0,
3koaWT,48,85,CarrotHyrax,34.9,5.0,1,True,0.0,
3koaWT,48,86,CarrotHyrax,34.9,5.0,0,True,0.0,
3koaWT,48,87,CarrotHyrax,34.9,5.0,0,True,0.0,
3koaWT,48,88,CarrotHyrax,34.9,5.0,0,True,0.0,
3koaWT,48,89,CarrotHyrax,34.9,5.0,1,True,0.0,
3koaWT,48,90,CarrotHyrax,34.9,5.0,0,True,0.0,
3koaWT,48,91,CarrotHyrax,34.9,5.0,1,True,0.0,
3koaWT,48,92,CarrotHyrax,34.9,5.0,2,True,0.0,
3koaWT,48,93,CarrotHyrax,34.9,5.0,0,True,0.0,
3koaWT,48,94,CarrotHyrax,66.0,5.0,0,True,0.0,
3koaWT,48,95,CarrotHyrax,66.0,5.0,1,True,0.0,
3koaWT,48,96,CarrotHyrax,66.0,5.0,1,True,0.0,
3koaWT,48,97,CarrotHyrax,66.0,5.0,0,True,0.0,
3koaWT,48,98,CarrotHyrax,66.0,5.0,1,True,0.0,
3koaWT,48,99,CarrotHyrax,66.0,5.0,0,True,0.0,
3koaWT,48,100,CarrotHyrax,66.0,5.0,2,True,0.0,
3koaWT,49,1,CarrotHyrax,66.0,47.0,0,True,0.0,
3koaWT,49,2,CarrotHyrax,66.0,37.6,0,True,0.0,
3koaWT,49,3,CarrotHyrax,55.7,30.1,0,True,0.0,
3koaWT,49,4,CarrotHyrax,55.7,24.1,0,True,0.0,
3koaWT,49,5,CarrotHyrax,55.7,19.3,0,True,0.0,
3koaWT,49,6,CarrotHyrax,55.7,15.4,0,True,0.0,
3koaWT,49,7,CarrotHyrax,55.7,12.3,0,True,0.0,
3koaWT,49,8,CarrotHyrax,55.7,9.9,0,True,0.0,
3koaWT,49,9,CarrotHyrax,55.7,7.9,0,True,0.0,
3koaWT,49,10,CarrotHyrax,55.7,6.3,1,True,0.0,
3koaWT,49,11,CarrotHyrax,55.7,5.3,0,True,0.0,
3koaWT,49,12,CarrotHyrax,55.7,5.0,2,True,0.0,
3koaWT,49,13,CarrotHyrax,47.6,5.0,1,True,0.0,
3koaWT,49,14,CarrotHyrax,47.6,5.0,1,True,0.0,
3koaWT,49,15,CarrotHyrax,47.6,5.0,0,True,0.0,
3koaWT,49,16,CarrotHyrax,47.6,5.0,0,True,0.0,
3koaWT,49,17,CarrotHyrax,47.6,5.0,0,True,0.0,
3koaWT,49,18,CarrotHyrax,47.6,5.0,1,True,0.0,
3koaWT,49,19,CarrotHyrax,47.6,5.0,0,True,0.0,
3koaWT,49,20,CarrotHyrax,47.6,5.0,0,True,0.0,
3koaWT,49,21,CarrotHyrax,47.6,5.0,0,True,0.0,
3koaWT,49,22,CarrotHyrax,47.6,5.0,0,True,0.0,
3koaWT,49,23,CarrotHyrax,66.5,5.0,0,True,0.0,
3koaWT,49,24,CarrotHyrax,66.5,5.0,0,True,0.0,
3koaWT,49,25,CarrotHyrax,66.5,5.0,0,True,0.0,
3koaWT,49,26,CarrotHyrax,66.5,5.0,1,True,0.0,
3koaWT,49,27,CarrotHyrax,66.5,5.0,2,True,0.001,
3koaWT,49,28,CarrotHyrax,66.5,5.0,0,True,0.0,
3koaWT,49,29,CarrotHyrax,66.5,5.0,1,True,0.0,
3koaWT,49,30,CarrotHyrax,66.5,5.0,1,True,0.0,
3koaWT,49,31,CarrotHyrax,66.5,5.0,0,True,0.0,
3koaWT,49,32,CarrotHyrax,66.5,5.0,0,True,0.0,
3koaWT,49,33,CarrotHyrax,73.3,5.0,1,True,0.0,
3koaWT,49,34,CarrotHyrax,73.3,5.0,1,True,0.0,
3koaWT,49,35,CarrotHyrax,73.3,5.0,0,True,0.0,
3koaWT,49,36,CarrotHyrax,73.3,5.0,0,True,0.001,
3koaWT,49,37,CarrotHyrax,73.3,5.0,1,True,0.0,
3koaWT,49,38,CarrotHyrax,73.3,5.0,0,True,0.0,
3koaWT,49,39,CarrotHyrax,73.3,5.0,0,True,0.001,
3koaWT,49,40,CarrotHyrax,73.3,5.0,0,True,0.0,
3koaWT,49,41,CarrotHyrax,73.3,5.0,0,True,0.0,
3koaWT,49,42,CarrotHyrax,73.3,5.0,0,True,0.0,
3koaWT,49,43,CarrotHyrax,73.5,5.0,1,True,0.0,
3koaWT,49,44,CarrotHyrax,73.5,5.0,1,True,0.0,
3koaWT,49,45,CarrotHyrax,73.5,5.0,0,True,0.0,
3koaWT,49,46,CarrotHyrax,73.5,5.0,0,True,0.0,
3koaWT,49,47,CarrotHyrax,73.5,5.0,1,True,0.0,
3koaWT,49,48,CarrotHyrax,73.5,5.0,1,True,0.0,
3koaWT,49,49,CarrotHyrax,73.5,5.0,0,True,0.0,
3koaWT,49,50,CarrotHyrax,73.5,5.0,1,True,0.0,
3koaWT,49,51,CarrotHyrax,73.5,5.0,0,True,0.0,
3koaWT,49,52,CarrotHyrax,73.5,5.0,1,True,0.0,
3koaWT,49,53,CarrotHyrax,74.6,5.0,2,True,0.0,
3koaWT,49,54,CarrotHyrax,74.6,5.0,0,True,0.0,
3koaWT,49,55,CarrotHyrax,74.6,5.0,0,True,0.0,
3koaWT,49,56,CarrotHyrax,74.6,5.0,2,True,0.0,
3koaWT,49,57,CarrotHyrax,74.6,5.0,2,True,0.0,
3koaWT,49,58,CarrotHyrax,74.6,5.0,1,True,0.0,
3koaWT,49,59,CarrotHyrax,74.6,5.0,0,True,0.0,
3koaWT,49,60,CarrotHyrax,74.6,5.0,0,True,0.0,
3koaWT,49,61,CarrotHyrax,74.6,5.0,1,True,0.0,
3koaWT,49,62,CarrotHyrax,74.6,5.0,0,True,0.0,
3koaWT,49,63,CarrotHyrax,32.9,5.0,0,True,0.0,
3koaWT,49,64,CarrotHyrax,32.9,5.0,1,True,0.0,
3koaWT,49,65,CarrotHyrax,32.9,5.0,1,True,0.0,
3koaWT,49,66,CarrotHyrax,32.9,5.0,0,True,0.0,
3koaWT,49,67,CarrotHyrax,32.9,5.0,0,True,0.0,
3koaWT,49,68,CarrotHyrax,32.9,5.0,1,True,0.0,
3koaWT,49,69,CarrotHyrax,32.9,5.0,2,True,0.0,
3koaWT,49,70,CarrotHyrax,32.9,5.0,0,True,0.0,
3koaWT,49,71,CarrotHyrax,32.9,5.0,2,True,0.0,
3koaWT,49,72,CarrotHyrax,32.9,5.0,0,True,0.001,
3koaWT,49,73,CarrotHyrax,48.7,5.0,0,True,0.0,
3koaWT,49,74,CarrotHyrax,48.7,5.0,1,True,0.0,
3koaWT,49,75,CarrotHyrax,48.7,5.0,0,True,0.0,
3koaWT,49,76,CarrotHyrax,48.7,5.0,0,True,0.0,
3koaWT,49,77,CarrotHyrax,48.7,5.0,0,True,0.0,
3koaWT,49,78,CarrotHyrax,48.7,5.0,0,True,0.0,
3koaWT,49,79,CarrotHyrax,48.7,5.0,0,True,0.0,
3koaWT,49,80,CarrotHyrax,48.7,5.0,0,True,0.0,
3koaWT,49,81,CarrotHyrax,48.7,5.0,3,True,0.0,
3koaWT,49,82,CarrotHyrax,48.7,5.0,1,True,0.0,
3koaWT,49,83,CarrotHyrax,50.5,5.0,0,True,0.0,
3koaWT,49,84,CarrotHyrax,50.5,5.0,0,True,0.0,
3koaWT,49,85,CarrotHyrax,50.5,5.0,0,True,0.0,
3koaWT,49,86,CarrotHyrax,50.5,5.0,0,True,0.0,
3koaWT,49,87,CarrotHyrax,50.5,5.0,3,True,0.0,
3koaWT,49,88,CarrotHyrax,50.5,5.0,1,True,0.0,
3koaWT,49,89,CarrotHyrax,50.5,5.0,1,True,0.0,
3koaWT,49,90,CarrotHyrax,50.5,5.0,0,True,0.0,
3koaWT,49,91,CarrotHyrax,50.5,5.0,0,True,0.0,
3koaWT,49,92,CarrotHyrax,50.5,5.0,1,True,0.0,
3koaWT,49,93,CarrotHyrax,31.2,5.0,2,True,0.0,
3koaWT,49,94,CarrotHyrax,31.2,5.0,0,True,0.001,
3koaWT,49,95,CarrotHyrax,31.2,5.0,0,True,0.0,
3koaWT,49,96,CarrotHyrax,31.2,5.0,0,True,0.0,
3koaWT,49,97,CarrotHyrax,31.2,5.0,0,True,0.0,
3koaWT,49,98,CarrotHyrax,31.2,5.0,0,True,0.0,
3koaWT,49,99,CarrotHyrax,31.2,5.0,0,True,0.0,
3koaWT,49,100,CarrotHyrax,31.2,5.0,0,True,0.0,
3koaWT,50,1,CarrotHyrax,31.2,52.0,0,True,0.0,
3koaWT,50,2,CarrotHyrax,78.2,41.6,0,True,0.0,
3koaWT,50,3,CarrotHyrax,78.2,33.3,2,True,0.0,
3koaWT,50,4,CarrotHyrax,78.2,35.1,1,True,0.0,
3koaWT,50,5,CarrotHyrax,78.2,38.2,0,True,0.0,
3koaWT,50,6,CarrotHyrax,78.2,39.1,0,True,0.0,
3koaWT,50,7,CarrotHyrax,78.2,39.1,1,True,0.0,
3koaWT,50,8,CarrotHyrax,78.2,40.2,2,True,0.001,
3koaWT,50,9,CarrotHyrax,78.2,44.0,2,True,0.0,
3koaWT,50,10,CarrotHyrax,78.2,50.7,0,True,0.001,
3koaWT,50,11,CarrotHyrax,78.2,57.1,0,True,0.0,
3koaWT,50,12,CarrotHyrax,76.0,62.6,1,True,0.0,
3koaWT,50,13,CarrotHyrax,76.0,68.6,1,True,0.0,
3koaWT,50,14,CarrotHyrax,76.0,75.3,0,True,0.0,
3koaWT,50,15,CarrotHyrax,76.0,80.4,0,True,0.001,
3koaWT,50,16,CarrotHyrax,76.0,84.2,0,True,0.0,
3koaWT,50,17,CarrotHyrax,76.0,86.5,0,True,0.0,
3koaWT,50,18,CarrotHyrax,76.0,88.0,0,True,0.0,
3koaWT,50,19,CarrotHyrax,76.0,88.6,0,True,0.0,
3koaWT,50,20,CarrotHyrax,76.0,88.4,0,True,0.0,
3koaWT,50,21,CarrotHyrax,76.0,87.5,0,True,0.0,
3koaWT,50,22,CarrotHyrax,36.4,85.8,0,True,0.0,
3koaWT,50,23,CarrotHyrax,36.4,83.5,0,True,0.0,
3koaWT,50,24,CarrotHyrax,36.4,80.3,0,True,0.0,
3koaWT,50,25,CarrotHyrax,36.4,76.8,0,True,0.0,
3koaWT,50,26,CarrotHyrax,36.4,73.0,0,True,0.0,
3koaWT,50,27,CarrotHyrax,36.4,68.9,0,True,0.0,
3koaWT,50,28,CarrotHyrax,36.4,64.7,0,True,0.0,
3koaWT,50,29,CarrotHyrax,36.4,60.3,0,True,0.0,
3koaWT,50,30,CarrotHyrax,36.4,55.9,0,True,0.0,
3koaWT,50,31,CarrotHyrax,36.4,51.6,0,True,0.0,
3koaWT,50,32,CarrotHyrax,46.7,47.5,0,True,0.0,
3koaWT,50,33,CarrotHyrax,46.7,43.5,0,True,0.0,
3koaWT,50,34,CarrotHyrax,46.7,39.7,0,True,0.0,
3koaWT,50,35,CarrotHyrax,46.7,36.1,0,True,0.0,
3koaWT,50,36,CarrotHyrax,46.7,32.8,1,True,0.0,
3koaWT,50,37,CarrotHyrax,46.7,30.0,0,True,0.0,
3koaWT,50,38,CarrotHyrax,46.7,27.3,0,True,0.0,
3koaWT,50,39,CarrotHyrax,46.7,24.8,1,True,0.0,
3koaWT,50,40,CarrotHyrax,46.7,22.7,1,True,0.0,
3koaWT,50,41,CarrotHyrax,46.7,21.0,0,True,0.0,
3koaWT,50,42,CarrotHyrax,67.2,19.3,0,True,0.0,
3koaWT,50,43,CarrotHyrax,67.2,17.7,3,True,0.0,
3koaWT,50,44,CarrotHyrax,67.2,16.7,1,True,0.0,
3koaWT,50,45,CarrotHyrax,67.2,15.8,1,True,0.0,
3koaWT,50,46,CarrotHyrax,67.2,15.0,0,True,0.0,
3koaWT,50,47,CarrotHyrax,67.2,14.3,1,True,0.0,
3koaWT,50,48,CarrotHyrax,67.2,13.6,1,True,0.0,
3koaWT,50,49,CarrotHyrax,67.2,13.1,1,True,0.0,
3koaWT,50,50,CarrotHyrax,67.2,12.6,1,True,0.0,
3koaWT,50,51,CarrotHyrax,67.2,12.2,1,True,0.0,
3koaWT,50,52,CarrotHyrax,35.4,11.9,0,True,0.0,
3koaWT,50,53,CarrotHyrax,35.4,11.5,0,True,0.0,
3koaWT,50,54,CarrotHyrax,35.4,11.0,2,True,0.0,
3koaWT,50,55,CarrotHyrax,35.4,10.7,0,True,0.0,
3koaWT,50,56,CarrotHyrax,35.4,10.3,1,True,0.0,
3koaWT,50,57,CarrotHyrax,35.4,10.0,1,True,0.0,
3koaWT,50,58,CarrotHyrax,35.4,9.8,0,True,0.0,
3koaWT,50,59,CarrotHyrax,35.4,9.5,1,True,0.0,
3koaWT,50,60,CarrotHyrax,35.4,9.2,0,True,0.001,
3koaWT,50,61,CarrotHyrax,35.4,8.9,1,True,0.0,
3koaWT,50,62,CarrotHyrax,41.8,8.6,0,True,0.0,
3koaWT,50,63,CarrotHyrax,41.8,8.3,0,True,0.0,
3koaWT,50,64,CarrotHyrax,41.8,8.0,0,True,0.0,
3koaWT,50,65,CarrotHyrax,41.8,7.6,0,True,0.0,
3koaWT,50,66,CarrotHyrax,41.8,7.2,1,True,0.0,
3koaWT,50,67,CarrotHyrax,41.8,6.9,1,True,0.0,
3koaWT,50,68,CarrotHyrax,41.8,6.5,1,True,0.0,
3koaWT,50,69,CarrotHyrax,41.8,6.2,2,True,0.0,
3koaWT,50,70,CarrotHyrax,41.8,6.0,0,True,0.0,
3koaWT,50,71,CarrotHyrax,41.8,5.7,1,True,0.0,
3koaWT,50,72,CarrotHyrax,51.7,5.4,0,True,0.0,
3koaWT,50,73,CarrotHyrax,51.7,5.2,0,True,0.0,
3koaWT,50,74,CarrotHyrax,51.7,5.0,1,True,0.0,
3koaWT,50,75,CarrotHyrax,51.7,5.0,2,True,0.0,
3koaWT,50,76,CarrotHyrax,51.7,5.0,0,True,0.0,
3koaWT,50,77,CarrotHyrax,51.7,5.0,0,True,0.0,
3koaWT,50,78,CarrotHyrax,51.7,5.0,0,True,0.0,
3koaWT,50,79,CarrotHyrax,51.7,5.0,0,True,0.0,
3koaWT,50,80,CarrotHyrax,51.7,5.0,1,True,0.0,
3koaWT,50,81,CarrotHyrax,51.7,5.0,1,True,0.0,
3koaWT,50,82,CarrotHyrax,32.9,5.0,1,True,0.0,
3koaWT,50,83,CarrotHyrax,32.9,5.0,1,True,0.0,
3koaWT,50,84,CarrotHyrax,32.9,5.0,0,True,0.0,
3koaWT,50,85,CarrotHyrax,32.9,5.0,1,True,0.0,
3koaWT,50,86,CarrotHyrax,32.9,5.0,0,True,0.0,
3koaWT,50,87,CarrotHyrax,32.9,5.0,0,True,0.0,
3koaWT,50,88,CarrotHyrax,32.9,5.0,0,True,0.0,
3koaWT,50,89,CarrotHyrax,32.9,5.0,0,True,0.0,
3koaWT,50,90,CarrotHyrax,32.9,5.0,2,True,0.0,
3koaWT,50,91,CarrotHyrax,32.9,5.0,0,True,0.0,
3koaWT,50,92,CarrotHyrax,59.4,5.0,0,True,0.0,
3koaWT,50,93,CarrotHyrax,59.4,5.0,1,True,0.0,
3koaWT,50,94,CarrotHyrax,59.4,5.0,2,True,0.0,
3koaWT,50,95,CarrotHyrax,59.4,5.0,1,True,0.0,
3koaWT,50,96,CarrotHyrax,59.4,5.0,0,True,0.0,
3koaWT,50,97,CarrotHyrax,59.4,5.0,1,True,0.0,
3koaWT,50,98,CarrotHyrax,59.4,5.0,0,True,0.0,
3koaWT,50,99,CarrotHyrax,59.4,5.0,1,True,0.0,
3koaWT,50,100,CarrotHyrax,59.4,5.0,0,True,0.0,
3koaWT,51,1,CarrotHyrax,68.8,86.0,0,True,0.0,
3koaWT,51,2,CarrotHyrax,68.8,68.8,1,True,0.0,
3koaWT,51,3,CarrotHyrax,68.8,66.5,0,True,0.001,
3koaWT,51,4,CarrotHyrax,68.8,61.7,0,True,0.0,
3koaWT,51,5,CarrotHyrax,68.8,55.3,1,True,0.0,
3koaWT,51,6,CarrotHyrax,68.8,52.4,0,True,0.0,
3koaWT,51,7,CarrotHyrax,68.8,48.9,0,True,0.0,
3koaWT,51,8,CarrotHyrax,68.8,44.7,0,True,0.0,
3koaWT,51,9,CarrotHyrax,68.8,40.2,0,True,0.0,
3koaWT,51,10,CarrotHyrax,68.8,35.7,1,True,0.0,
3koaWT,51,11,CarrotHyrax,57.0,32.9,0,True,0.0,
3koaWT,51,12,CarrotHyrax,57.0,30.0,2,True,0.0,
3koaWT,51,13,CarrotHyrax,57.0,28.9,0,True,0.0,
3koaWT,51,14,CarrotHyrax,57.0,27.4,1,True,0.0,
3koaWT,51,15,CarrotHyrax,57.0,26.4,0,True,0.0,
3koaWT,51,16,CarrotHyrax,57.0,25.0,1,True,0.0,
3koaWT,51,17,CarrotHyrax,57.0,24.0,0,True,0.0,
3koaWT,51,18,CarrotHyrax,57.0,22.8,0,True,0.0,
3koaWT,51,19,CarrotHyrax,57.0,21.6,0,True,0.0,
3koaWT,51,20,CarrotHyrax,57.0,20.2,2,True,0.0,
3koaWT,51,21,CarrotHyrax,51.3,19.6,0,True,0.0,
3koaWT,51,22,CarrotHyrax,51.3,18.9,1,True,0.0,
3koaWT,51,23,CarrotHyrax,51.3,18.4,0,True,0.0,
3koaWT,51,24,CarrotHyrax,51.3,17.7,0,True,0.0,
3koaWT,51,25,CarrotHyrax,51.3,16.9,2,True,0.0,
3koaWT,51,26,CarrotHyrax,51.3,16.6,1,True,0.0,
3koaWT,51,27,CarrotHyrax,51.3,16.4,0,True,0.0,
3koaWT,51,28,CarrotHyrax,51.3,16.1,1,True,0.0,
3koaWT,51,29,CarrotHyrax,51.3,15.8,0,True,0.0,
3koaWT,51,30,CarrotHyrax,51.3,15.5,0,True,0.0,
3koaWT,51,31,CarrotHyrax,71.9,15.0,0,True,0.0,
3koaWT,51,32,CarrotHyrax,71.9,14.6,2,True,0.0,
3koaWT,51,33,CarrotHyrax,71.9,14.4,0,True,0.0,
3koaWT,51,34,CarrotHyrax,71.9,14.1,0,True,0.0,
3koaWT,51,35,CarrotHyrax,71.9,13.8,2,True,0.0,
3koaWT,51,36,CarrotHyrax,71.9,13.6,1,True,0.0,
3koaWT,51,37,CarrotHyrax,71.9,13.6,2,True,0.0,
3koaWT,51,38,CarrotHyrax,71.9,13.8,0,True,0.0,
3koaWT,51,39,CarrotHyrax,71.9,13.9,0,True,0.0,
3koaWT,51,40,CarrotHyrax,71.9,13.9,1,True,0.0,
3koaWT,51,41,CarrotHyrax,67.9,14.1,0,True,0.0,
3koaWT,51,42,CarrotHyrax,67.9,14.1,0,True,0.0,
3koaWT,51,43,CarrotHyrax,67.9,14.1,2,True,0.0,
3koaWT,51,44,CarrotHyrax,67.9,14.3,0,True,0.0,
3koaWT,51,45,CarrotHyrax,67.9,14.3,0,True,0.0,
3koaWT,51,46,CarrotHyrax,67.9,14.4,0,True,0.0,
3koaWT,51,47,CarrotHyrax,67.9,14.4,0,True,0.0,
3koaWT,51,48,CarrotHyrax,67.9,14.3,0,True,0.001,
3koaWT,51,49,CarrotHyrax,67.9,14.2,0,True,0.001,
3koaWT,51,50,CarrotHyrax,67.9,14.0,1,True,0.0,
3koaWT,51,51,CarrotHyrax,62.9,13.9,0,True,0.0,
3koaWT,51,52,CarrotHyrax,62.9,13.7,0,True,0.002,
3koaWT,51,53,CarrotHyrax,62.9,13.4,1,True,0.0,
3koaWT,51,54,CarrotHyrax,62.9,13.2,2,True,0.0,
3koaWT,51,55,CarrotHyrax,62.9,13.1,0,True,0.0,
3koaWT,51,56,CarrotHyrax,62.9,12.9,1,True,0.0,
3koaWT,51,57,CarrotHyrax,62.9,12.8,0,True,0.0,
3koaWT,51,58,CarrotHyrax,62.9,12.6,0,True,0.0,
3koaWT,51,59,CarrotHyrax,62.9,12.4,1,True,0.0,
3koaWT,51,60,CarrotHyrax,62.9,12.2,0,True,0.0,
3koaWT,51,61,CarrotHyrax,37.6,11.9,0,True,0.0,
3koaWT,51,62,CarrotHyrax,37.6,11.6,2,True,0.0,
3koaWT,51,63,CarrotHyrax,37.6,11.4,0,True,0.0,
3koaWT,51,64,CarrotHyrax,37.6,11.1,0,True,0.0,
3koaWT,51,65,CarrotHyrax,37.6,10.8,2,True,0.0,
3koaWT,51,66,CarrotHyrax,37.6,10.5,0,True,0.0,
3koaWT,51,67,CarrotHyrax,37.6,10.2,1,True,0.0,
3koaWT,51,68,CarrotHyrax,37.6,9.9,0,True,0.0,
3koaWT,51,69,CarrotHyrax,37.6,9.6,0,True,0.0,
3koaWT,51,70,CarrotHyrax,37.6,9.3,2,True,0.0,
3koaWT,51,71,CarrotHyrax,73.8,9.0,1,True,0.0,
3koaWT,51,72,CarrotHyrax,73.8,8.7,0,True,0.0,
3koaWT,51,73,CarrotHyrax,73.8,8.3,0,True,0.0,
3koaWT,51,74,CarrotHyrax,73.8,8.0,2,True,0.0,
3koaWT,51,75,CarrotHyrax,73.8,7.7,1,True,0.0,
3koaWT,51,76,CarrotHyrax,73.8,7.4,0,True,0.0,
3koaWT,51,77,CarrotHyrax,73.8,7.1,0,True,0.0,
3koaWT,51,78,CarrotHyrax,73.8,6.7,2,True,0.0,
3koaWT,51,79,CarrotHyrax,73.8,6.4,0,True,0.0,
3koaWT,51,80,CarrotHyrax,73.8,6.1,0,True,0.0,
3koaWT,51,81,CarrotHyrax,56.4,5.8,0,True,0.0,
3koaWT,51,82,CarrotHyrax,56.4,5.5,2,True,0.0,
3koaWT,51,83,CarrotHyrax,56.4,5.2,0,True,0.0,
3koaWT,51,84,CarrotHyrax,56.4,5.0,0,True,0.0,
3koaWT,51,85,CarrotHyrax,56.4,5.0,1,True,0.0,
3koaWT,51,86,CarrotHyrax,56.4,5.0,0,True,0.0,
3koaWT,51,87,CarrotHyrax,56.4,5.0,1,True,0.0,
3koaWT,51,88,CarrotHyrax,56.4,5.0,1,True,0.0,
3koaWT,51,89,CarrotHyrax,56.4,5.0,0,True,0.0,
3koaWT,51,90,CarrotHyrax,56.4,5.0,0,True,0.0,
3koaWT,51,91,CarrotHyrax,45.7,5.0,1,True,0.0,
3koaWT,51,92,CarrotHyrax,45.7,5.0,2,True,0.0,
3koaWT,51,93,CarrotHyrax,45.7,5.0,1,True,0.0,
3koaWT,51,94,CarrotHyrax,45.7,5.0,0,True,0.0,
3koaWT,51,95,CarrotHyrax,45.7,5.0,0,True,0.0,
3koaWT,51,96,CarrotHyrax,45.7,5.0,1,True,0.001,
3koaWT,51,97,CarrotHyrax,45.7,5.0,0,True,0.0,
3koaWT,51,98,CarrotHyrax,45.7,5.0,2,True,0.0,
3koaWT,51,99,CarrotHyrax,45.7,5.0,1,True,0.0,
3koaWT,51,100,CarrotHyrax,45.7,5.0,0,True,0.0,
3koaWT,52,1,CarrotHyrax,71.2,61.0,1,True,0.0,
3koaWT,52,2,CarrotHyrax,71.2,70.1,0,True,0.0,
3koaWT,52,3,CarrotHyrax,71.2,67.7,0,True,0.0,
3koaWT,52,4,CarrotHyrax,71.2,62.8,1,True,0.0,
3koaWT,52,5,CarrotHyrax,71.2,62.3,0,True,0.0,
3koaWT,52,6,CarrotHyrax,71.2,59.1,0,True,0.0,
3koaWT,52,7,CarrotHyrax,71.2,55.2,0,True,0.0,
3koaWT,52,8,CarrotHyrax,71.2,50.4,0,True,0.0,
3koaWT,52,9,CarrotHyrax,71.2,45.3,1,True,0.0,
3koaWT,52,10,CarrotHyrax,44.0,42.2,0,True,0.0,
3koaWT,52,11,CarrotHyrax,44.0,39.0,0,True,0.0,
3koaWT,52,12,CarrotHyrax,44.0,35.5,0,True,0.0,
3koaWT,52,13,CarrotHyrax,44.0,31.9,0,True,0.0,
3koaWT,52,14,CarrotHyrax,44.0,28.4,0,True,0.0,
3koaWT,52,15,CarrotHyrax,44.0,25.0,2,True,0.0,
3koaWT,52,16,CarrotHyrax,44.0,23.1,1,True,0.0,
3koaWT,52,17,CarrotHyrax,44.0,21.6,1,True,0.0,
3koaWT,52,18,CarrotHyrax,44.0,20.6,0,True,0.0,
3koaWT,52,19,CarrotHyrax,44.0,19.4,0,True,0.0,
3koaWT,52,20,CarrotHyrax,41.0,18.2,0,True,0.001,
3koaWT,52,21,CarrotHyrax,41.0,17.0,0,True,0.0,
3koaWT,52,22,CarrotHyrax,41.0,15.8,1,True,0.0,
3koaWT,52,23,CarrotHyrax,41.0,14.8,0,True,0.0,
3koaWT,52,24,CarrotHyrax,41.0,13.8,1,True,0.0,
3koaWT,52,25,CarrotHyrax,41.0,12.9,0,True,0.0,
3koaWT,52,26,CarrotHyrax,41.0,12.1,0,True,0.001,
3koaWT,52,27,CarrotHyrax,41.0,11.3,0,True,0.001,
3koaWT,52,28,CarrotHyrax,41.0,10.4,0,True,0.0,
3koaWT,52,29,CarrotHyrax,41.0,9.6,0,True,0.001,
3koaWT,52,30,CarrotHyrax,54.5,8.7,0,True,0.0,
3koaWT,52,31,CarrotHyrax,54.5,8.0,0,True,0.0,
3koaWT,52,32,CarrotHyrax,54.5,7.2,1,True,0.0,
3koaWT,52,33,CarrotHyrax,54.5,6.6,0,True,0.0,
3koaWT,52,34,CarrotHyrax,54.5,6.1,0,True,0.0,
3koaWT,52,35,CarrotHyrax,54.5,5.5,0,True,0.0,
3koaWT,52,36,CarrotHyrax,54.5,5.0,0,True,0.0,
3koaWT,52,37,CarrotHyrax,54.5,5.0,1,True,0.0,
3koaWT,52,38,CarrotHyrax,54.5,5.0,0,True,0.001,
3koaWT,52,39,CarrotHyrax,54.5,5.0,0,True,0.0,
3koaWT,52,40,CarrotHyrax,76.3,5.0,1,True,0.0,
3koaWT,52,41,CarrotHyrax,76.3,5.0,0,True,0.0,
3koaWT,52,42,CarrotHyrax,76.3,5.0,0,True,0.0,
3koaWT,52,43,CarrotHyrax,76.3,5.0,0,True,0.0,
3koaWT,52,44,CarrotHyrax,76.3,5.0,0,True,0.0,
3koaWT,52,45,CarrotHyrax,76.3,5.0,1,True,0.001,
3koaWT,52,46,CarrotHyrax,76.3,5.0,0,True,0.0,
3koaWT,52,47,CarrotHyrax,76.3,5.0,0,True,0.0,
3koaWT,52,48,CarrotHyrax,76.3,5.0,1,True,0.0,
3koaWT,52,49,CarrotHyrax,76.3,5.0,0,True,0.0,
3koaWT,52,50,CarrotHyrax,49.2,5.0,0,True,0.0,
3koaWT,52,51,CarrotHyrax,49.2,5.0,1,True,0.0,
3koaWT,52,52,CarrotHyrax,49.2,5.0,1,True,0.0,
3koaWT,52,53,CarrotHyrax,49.2,5.0,1,True,0.0,
3koaWT,52,54,CarrotHyrax,49.2,5.0,0,True,0.0,
3koaWT,52,55,CarrotHyrax,49.2,5.0,0,True,0.0,
3koaWT,52,56,CarrotHyrax,49.2,5.0,2,True,0.0,
3koaWT,52,57,CarrotHyrax,49.2,5.0,0,True,0.0,
3koaWT,52,58,CarrotHyrax,49.2,5.0,1,True,0.001,
3koaWT,52,59,CarrotHyrax,49.2,5.0,0,True,0.001,
3koaWT,52,60,CarrotHyrax,69.4,5.0,0,True,0.0,
3koaWT,52,61,CarrotHyrax,69.4,5.0,0,True,0.0,
3koaWT,52,62,CarrotHyrax,69.4,5.0,1,True,0.004,
3koaWT,52,63,CarrotHyrax,69.4,5.0,2,True,0.0,
3koaWT,52,64,CarrotHyrax,69.4,5.0,0,True,0.001,
3koaWT,52,65,CarrotHyrax,69.4,5.0,1,True,0.0,
3koaWT,52,66,CarrotHyrax,69.4,5.0,0,True,0.011,
3koaWT,52,67,CarrotHyrax,69.4,5.0,0,True,0.0,
3koaWT,52,68,CarrotHyrax,69.4,5.0,0,True,0.0,
3koaWT,52,69,CarrotHyrax,69.4,5.0,2,True,0.005,
3koaWT,52,70,CarrotHyrax,39.6,5.0,2,True,0.0,
3koaWT,52,71,CarrotHyrax,39.6,5.0,2,True,0.0,
3koaWT,52,72,CarrotHyrax,39.6,5.0,1,True,0.0,
3koaWT,52,73,CarrotHyrax,39.6,5.0,1,True,0.0,
3koaWT,52,74,CarrotHyrax,39.6,5.0,2,True,0.0,
3koaWT,52,75,CarrotHyrax,39.6,5.0,1,True,0.0,
3koaWT,52,76,CarrotHyrax,39.6,5.0,0,True,0.001,
3koaWT,52,77,CarrotHyrax,39.6,5.0,2,True,0.001,
3koaWT,52,78,CarrotHyrax,39.6,5.0,0,True,0.002,
3koaWT,52,79,CarrotHyrax,39.6,5.0,0,True,0.0,
3koaWT,52,80,CarrotHyrax,40.2,5.0,1,True,0.0,
3koaWT,52,81,CarrotHyrax,40.2,5.0,2,True,0.0,
3koaWT,52,82,CarrotHyrax,40.2,5.0,0,True,0.001,
3koaWT,52,83,CarrotHyrax,40.2,5.0,1,True,0.0,
3koaWT,52,84,CarrotHyrax,40.2,5.0,0,True,0.002,
3koaWT,52,85,CarrotHyrax,40.2,5.0,0,True,0.0,
3koaWT,52,86,CarrotHyrax,40.2,5.0,0,True,0.001,
3koaWT,52,87,CarrotHyrax,40.2,5.0,2,True,0.0,
3koaWT,52,88,CarrotHyrax,40.2,5.0,1,True,0.001,
3koaWT,52,89,CarrotHyrax,40.2,5.0,0,True,0.0,
3koaWT,52,90,CarrotHyrax,52.1,5.0,0,True,0.0,
3koaWT,52,91,CarrotHyrax,52.1,5.0,1,True,0.0,
3koaWT,52,92,CarrotHyrax,52.1,5.0,1,True,0.0,
3koaWT,52,93,CarrotHyrax,52.1,5.0,0,True,0.0,
3koaWT,52,94,CarrotHyrax,52.1,5.0,2,True,0.0,
3koaWT,52,95,CarrotHyrax,52.1,5.0,1,True,0.0,
3koaWT,52,96,CarrotHyrax,52.1,5.0,1,True,0.0,
3koaWT,52,97,CarrotHyrax,52.1,5.0,1,True,0.0,
3koaWT,52,98,CarrotHyrax,52.1,5.0,0,True,0.0,
3koaWT,52,99,CarrotHyrax,52.1,5.0,0,True,0.0,
3koaWT,52,100,CarrotHyrax,31.1,5.0,2,True,0.0,
3koaWT,53,1,CarrotHyrax,31.1,76.0,0,True,0.0,
3koaWT,53,2,CarrotHyrax,31.1,60.8,0,True,0.0,
3koaWT,53,3,CarrotHyrax,31.1,48.6,0,True,0.0,
3koaWT,53,4,CarrotHyrax,31.1,38.9,0,True,0.0,
3koaWT,53,5,CarrotHyrax,31.1,31.1,0,True,0.0,
3koaWT,53,6,CarrotHyrax,31.1,24.9,0,True,0.0,
3koaWT,53,7,CarrotHyrax,31.1,19.9,0,True,0.0,
3koaWT,53,8,CarrotHyrax,31.1,15.9,0,True,0.0,
3koaWT,53,9,CarrotHyrax,32.3,12.8,0,True,0.0,
3koaWT,53,10,CarrotHyrax,32.3,10.2,1,True,0.0,
3koaWT,53,11,CarrotHyrax,32.3,8.6,1,True,0.0,
3koaWT,53,12,CarrotHyrax,32.3,7.5,1,True,0.0,
3koaWT,53,13,CarrotHyrax,32.3,6.7,2,True,0.0,
3koaWT,53,14,CarrotHyrax,32.3,6.4,0,True,0.0,
3koaWT,53,15,CarrotHyrax,32.3,6.0,0,True,0.0,
3koaWT,53,16,CarrotHyrax,32.3,5.5,1,True,0.0,
3koaWT,53,17,CarrotHyrax,32.3,5.2,0,True,0.0,
3koaWT,53,18,CarrotHyrax,32.3,5.0,0,True,0.0,
3koaWT,53,19,CarrotHyrax,35.1,5.0,0,True,0.0,
3koaWT,53,20,CarrotHyrax,35.1,5.0,1,True,0.0,
3koaWT,53,21,CarrotHyrax,35.1,5.0,0,True,0.0,
3koaWT,53,22,CarrotHyrax,35.1,5.0,0,True,0.0,
3koaWT,53,23,CarrotHyrax,35.1,5.0,0,True,0.0,
3koaWT,53,24,CarrotHyrax,35.1,5.0,0,True,0.0,
3koaWT,53,25,CarrotHyrax,35.1,5.0,0,True,0.0,
3koaWT,53,26,CarrotHyrax,35.1,5.0,0,True,0.0,
3koaWT,53,27,CarrotHyrax,35.1,5.0,0,True,0.001,
3koaWT,53,28,CarrotHyrax,35.1,5.0,0,True,0.0,
3koaWT,53,29,CarrotHyrax,70.7,5.0,2,True,0.0,
3koaWT,53,30,CarrotHyrax,70.7,5.0,0,True,0.0,
3koaWT,53,31,CarrotHyrax,70.7,5.0,0,True,0.0,
3koaWT,53,32,CarrotHyrax,70.7,5.0,2,True,0.0,
3koaWT,53,33,CarrotHyrax,70.7,5.0,2,True,0.0,
3koaWT,53,34,CarrotHyrax,70.7,5.0,0,True,0.0,
3koaWT,53,35,CarrotHyrax,70.7,5.0,1,True,0.0,
3koaWT,53,36,CarrotHyrax,70.7,5.0,0,True,0.0,
3koaWT,53,37,CarrotHyrax,70.7,5.0,0,True,0.001,
3koaWT,53,38,CarrotHyrax,70.7,5.0,0,True,0.0,
3koaWT,53,39,CarrotHyrax,67.6,5.0,0,True,0.0,
3koaWT,53,40,CarrotHyrax,67.6,5.0,0,True,0.0,
3koaWT,53,41,CarrotHyrax,67.6,5.0,0,True,0.0,
3koaWT,53,42,CarrotHyrax,67.6,5.0,0,True,0.0,
3koaWT,53,43,CarrotHyrax,67.6,5.0,0,True,0.0,
3koaWT,53,44,CarrotHyrax,67.6,5.0,0,True,0.0,
3koaWT,53,45,CarrotHyrax,67.6,5.0,0,True,0.0,
3koaWT,53,46,CarrotHyrax,67.6,5.0,0,True,0.0,
3koaWT,53,47,CarrotHyrax,67.6,5.0,0,True,0.0,
3koaWT,53,48,CarrotHyrax,67.6,5.0,0,True,0.0,
3koaWT,53,49,CarrotHyrax,80.0,5.0,2,True,0.0,
3koaWT,53,50,CarrotHyrax,80.0,5.0,2,True,0.0,
3koaWT,53,51,CarrotHyrax,80.0,5.0,0,True,0.0,
3koaWT,53,52,CarrotHyrax,80.0,5.0,0,True,0.001,
3koaWT,53,53,CarrotHyrax,80.0,5.0,0,True,0.0,
3koaWT,53,54,CarrotHyrax,80.0,5.0,2,True,0.0,
3koaWT,53,55,CarrotHyrax,80.0,5.0,0,True,0.0,
3koaWT,53,56,CarrotHyrax,80.0,5.0,1,True,0.0,
3koaWT,53,57,CarrotHyrax,80.0,5.0,0,True,0.0,
3koaWT,53,58,CarrotHyrax,80.0,5.0,1,True,0.0,
3koaWT,53,59,CarrotHyrax,35.7,5.0,1,True,0.0,
3koaWT,53,60,CarrotHyrax,35.7,5.0,0,True,0.0,
3koaWT,53,61,CarrotHyrax,35.7,5.0,1,True,0.0,
3koaWT,53,62,CarrotHyrax,35.7,5.0,2,True,0.0,
3koaWT,53,63,CarrotHyrax,35.7,5.0,2,True,0.0,
3koaWT,53,64,CarrotHyrax,35.7,5.0,0,True,0.0,
3koaWT,53,65,CarrotHyrax,35.7,5.0,2,True,0.0,
3koaWT,53,66,CarrotHyrax,35.7,5.0,0,True,0.0,
3koaWT,53,67,CarrotHyrax,35.7,5.0,0,True,0.0,
3koaWT,53,68,CarrotHyrax,35.7,5.0,0,True,0.0,
3koaWT,53,69,CarrotHyrax,33.0,5.0,1,True,0.0,
3koaWT,53,70,CarrotHyrax,33.0,5.0,0,True,0.0,
3koaWT,53,71,CarrotHyrax,33.0,5.0,1,True,0.0,
3koaWT,53,72,CarrotHyrax,33.0,5.0,1,True,0.0,
3koaWT,53,73,CarrotHyrax,33.0,5.0,0,True,0.0,
3koaWT,53,74,CarrotHyrax,33.0,5.0,2,True,0.0,
3koaWT,53,75,CarrotHyrax,33.0,5.0,0,True,0.0,
3koaWT,53,76,CarrotHyrax,33.0,5.0,0,True,0.0,
3koaWT,53,77,CarrotHyrax,33.0,5.0,2,True,0.0,
3koaWT,53,78,CarrotHyrax,33.0,5.0,0,True,0.0,
3koaWT,53,79,CarrotHyrax,75.8,5.0,1,True,0.0,
3koaWT,53,80,CarrotHyrax,75.8,5.0,1,True,0.0,
3koaWT,53,81,CarrotHyrax,75.8,5.0,1,True,0.001,
3koaWT,53,82,CarrotHyrax,75.8,5.0,0,True,0.0,
3koaWT,53,83,CarrotHyrax,75.8,5.0,1,True,0.0,
3koaWT,53,84,CarrotHyrax,75.8,5.0,2,True,0.0,
3koaWT,53,85,CarrotHyrax,75.8,5.0,1,True,0.0,
3koaWT,53,86,CarrotHyrax,75.8,5.0,0,True,0.0,
3koaWT,53,87,CarrotHyrax,75.8,5.0,0,True,0.0,
3koaWT,53,88,CarrotHyrax,75.8,5.0,1,True,0.0,
3koaWT,53,89,CarrotHyrax,37.3,5.0,1,True,0.0,
3koaWT,53,90,CarrotHyrax,37.3,5.0,0,True,0.0,
3koaWT,53,91,CarrotHyrax,37.3,5.0,0,True,0.0,
3koaWT,53,92,CarrotHyrax,37.3,5.0,1,True,0.0,
3koaWT,53,93,CarrotHyrax,37.3,5.0,1,True,0.0,
3koaWT,53,94,CarrotHyrax,37.3,5.0,0,True,0.0,
3koaWT,53,95,CarrotHyrax,37.3,5.0,0,True,0.0,
3koaWT,53,96,CarrotHyrax,37.3,5.0,1,True,0.0,
3koaWT,53,97,CarrotHyrax,37.3,5.0,2,True,0.0,
3koaWT,53,98,CarrotHyrax,37.3,5.0,0,True,0.0,
3koaWT,53,99,CarrotHyrax,75.0,5.0,1,True,0.0,
3koaWT,53,100,CarrotHyrax,75.0,5.0,2,True,0.0,
3koaWT,54,1,CarrotHyrax,75.0,40.0,0,True,0.0,
3koaWT,54,2,CarrotHyrax,75.0,32.0,1,True,0.0,
3koaWT,54,3,CarrotHyrax,75.0,30.9,0,True,0.0,
3koaWT,54,4,CarrotHyrax,75.0,28.7,0,True,0.0,
3koaWT,54,5,CarrotHyrax,75.0,25.7,0,True,0.0,
3koaWT,54,6,CarrotHyrax,75.0,22.5,0,True,0.0,
3koaWT,54,7,CarrotHyrax,75.0,19.5,1,True,0.0,
3koaWT,54,8,CarrotHyrax,74.1,17.8,0,True,0.0,
3koaWT,54,9,CarrotHyrax,74.1,16.0,1,True,0.0,
3koaWT,54,10,CarrotHyrax,74.1,14.9,0,True,0.0,
3koaWT,54,11,CarrotHyrax,74.1,13.7,0,True,0.0,
3koaWT,54,12,CarrotHyrax,74.1,12.5,0,True,0.0,
3koaWT,54,13,CarrotHyrax,74.1,11.3,0,True,0.0,
3koaWT,54,14,CarrotHyrax,74.1,10.0,0,True,0.0,
3koaWT,54,15,CarrotHyrax,74.1,8.8,1,True,0.0,
3koaWT,54,16,CarrotHyrax,74.1,7.9,0,True,0.0,
3koaWT,54,17,CarrotHyrax,74.1,7.1,0,True,0.0,
3koaWT,54,18,CarrotHyrax,73.3,6.3,0,True,0.0,
3koaWT,54,19,CarrotHyrax,73.3,5.5,0,True,0.0,
3koaWT,54,20,CarrotHyrax,73.3,5.0,0,True,0.0,
3koaWT,54,21,CarrotHyrax,73.3,5.0,1,True,0.0,
3koaWT,54,22,CarrotHyrax,73.3,5.0,0,True,0.0,
3koaWT,54,23,CarrotHyrax,73.3,5.0,0,True,0.0,
3koaWT,54,24,CarrotHyrax,73.3,5.0,0,True,0.0,
3koaWT,54,25,CarrotHyrax,73.3,5.0,0,True,0.0,
3koaWT,54,26,CarrotHyrax,73.3,5.0,1,True,0.0,
3koaWT,54,27,CarrotHyrax,73.3,5.0,1,True,0.0,
3koaWT,54,28,CarrotHyrax,40.4,5.0,0,True,0.0,
3koaWT,54,29,CarrotHyrax,40.4,5.0,0,True,0.0,
3koaWT,54,30,CarrotHyrax,40.4,5.0,1,True,0.0,
3koaWT,54,31,CarrotHyrax,40.4,5.0,0,True,0.0,
3koaWT,54,32,CarrotHyrax,40.4,5.0,2,True,0.0,
3koaWT,54,33,CarrotHyrax,40.4,5.0,0,True,0.001,
3koaWT,54,34,CarrotHyrax,40.4,5.0,1,True,0.0,
3koaWT,54,35,CarrotHyrax,40.4,5.0,0,True,0.0,
3koaWT,54,36,CarrotHyrax,40.4,5.0,2,True,0.0,
3koaWT,54,37,CarrotHyrax,40.4,5.0,0,True,0.0,
3koaWT,54,38,CarrotHyrax,64.7,5.0,0,True,0.0,
3koaWT,54,39,CarrotHyrax,64.7,5.0,2,True,0.0,
3koaWT,54,40,CarrotHyrax,64.7,5.0,0,True,0.0,
3koaWT,54,41,CarrotHyrax,64.7,5.0,0,True,0.0,
3koaWT,54,42,CarrotHyrax,64.7,5.0,0,True,0.0,
3koaWT,54,43,CarrotHyrax,64.7,5.0,0,True,0.0,
3koaWT,54,44,CarrotHyrax,64.7,5.0,1,True,0.0,
3koaWT,54,45,CarrotHyrax,64.7,5.0,1,True,0.0,
3koaWT,54,46,CarrotHyrax,64.7,5.0,0,True,0.0,
3koaWT,54,47,CarrotHyrax,64.7,5.0,0,True,0.0,
3koaWT,54,48,CarrotHyrax,31.9,5.0,1,True,0.0,
3koaWT,54,49,CarrotHyrax,31.9,5.0,0,True,0.0,
3koaWT,54,50,CarrotHyrax,31.9,5.0,0,True,0.0,
3koaWT,54,51,CarrotHyrax,31.9,5.0,2,True,0.0,
3koaWT,54,52,CarrotHyrax,31.9,5.0,0,True,0.0,
3koaWT,54,53,CarrotHyrax,31.9,5.0,0,True,0.0,
3koaWT,54,54,CarrotHyrax,31.9,5.0,1,True,0.0,
3koaWT,54,55,CarrotHyrax,31.9,5.0,0,True,0.0,
3koaWT,54,56,CarrotHyrax,31.9,5.0,0,True,0.0,
3koaWT,54,57,CarrotHyrax,31.9,5.0,2,True,0.0,
3koaWT,54,58,CarrotHyrax,37.2,5.0,1,True,0.0,
3koaWT,54,59,CarrotHyrax,37.2,5.0,0,True,0.0,
3koaWT,54,60,CarrotHyrax,37.2,5.0,0,True,0.0,
3koaWT,54,61,CarrotHyrax,37.2,5.0,1,True,0.0,
3koaWT,54,62,CarrotHyrax,37.2,5.0,0,True,0.0,
3koaWT,54,63,CarrotHyrax,37.2,5.0,2,True,0.0,
3koaWT,54,64,CarrotHyrax,37.2,5.0,0,True,0.0,
3koaWT,54,65,CarrotHyrax,37.2,5.0,0,True,0.0,
3koaWT,54,66,CarrotHyrax,37.2,5.0,0,True,0.0,
3koaWT,54,67,CarrotHyrax,37.2,5.0,0,True,0.0,
3koaWT,54,68,CarrotHyrax,43.7,5.0,1,True,0.0,
3koaWT,54,69,CarrotHyrax,43.7,5.0,0,True,0.0,
3koaWT,54,70,CarrotHyrax,43.7,5.0,1,True,0.0,
3koaWT,54,71,CarrotHyrax,43.7,5.0,0,True,0.0,
3koaWT,54,72,CarrotHyrax,43.7,5.0,1,True,0.0,
3koaWT,54,73,CarrotHyrax,43.7,5.0,0,True,0.0,
3koaWT,54,74,CarrotHyrax,43.7,5.0,0,True,0.0,
3koaWT,54,75,CarrotHyrax,43.7,5.0,1,True,0.0,
3koaWT,54,76,CarrotHyrax,43.7,5.0,2,True,0.0,
3koaWT,54,77,CarrotHyrax,43.7,5.0,0,True,0.0,
3koaWT,54,78,CarrotHyrax,51.7,5.0,0,True,0.0,
3koaWT,54,79,CarrotHyrax,51.7,5.0,0,True,0.0,
3koaWT,54,80,CarrotHyrax,51.7,5.0,0,True,0.0,
3koaWT,54,81,CarrotHyrax,51.7,5.0,0,True,0.0,
3koaWT,54,82,CarrotHyrax,51.7,5.0,1,True,0.0,
3koaWT,54,83,CarrotHyrax,51.7,5.0,0,True,0.0,
3koaWT,54,84,CarrotHyrax,51.7,5.0,0,True,0.0,
3koaWT,54,85,CarrotHyrax,51.7,5.0,0,True,0.0,
3koaWT,54,86,CarrotHyrax,51.7,5.0,1,True,0.0,
3koaWT,54,87,CarrotHyrax,51.7,5.0,0,True,0.0,
3koaWT,54,88,CarrotHyrax,43.7,5.0,2,True,0.0,
3koaWT,54,89,CarrotHyrax,43.7,5.0,0,True,0.0,
3koaWT,54,90,CarrotHyrax,43.7,5.0,0,True,0.0,
3koaWT,54,91,CarrotHyrax,43.7,5.0,0,True,0.0,
3koaWT,54,92,CarrotHyrax,43.7,5.0,2,True,0.0,
3koaWT,54,93,CarrotHyrax,43.7,5.0,1,True,0.0,
3koaWT,54,94,CarrotHyrax,43.7,5.0,1,True,0.0,
3koaWT,54,95,CarrotHyrax,43.7,5.0,0,True,0.0,
3koaWT,54,96,CarrotHyrax,43.7,5.0,0,True,0.001,
3koaWT,54,97,CarrotHyrax,43.7,5.0,1,True,0.0,
3koaWT,54,98,CarrotHyrax,60.4,5.0,0,True,0.0,
3koaWT,54,99,CarrotHyrax,60.4,5.0,1,True,0.0,
3koaWT,54,100,CarrotHyrax,60.4,5.0,1,True,0.0,
3koaWT,55,1,CarrotHyrax,60.4,37.0,0,True,0.0,
3koaWT,55,2,CarrotHyrax,60.4,29.6,1,True,0.0,
3koaWT,55,3,CarrotHyrax,60.4,28.6,0,True,0.0,
3koaWT,55,4,CarrotHyrax,60.4,26.5,1,True,0.0,
3koaWT,55,5,CarrotHyrax,60.4,26.3,0,True,0.0,
3koaWT,55,6,CarrotHyrax,60.4,25.0,1,True,0.0,
3koaWT,55,7,CarrotHyrax,55.8,25.0,1,True,0.0,
3koaWT,55,8,CarrotHyrax,55.8,25.7,0,True,0.0,
3koaWT,55,9,CarrotHyrax,55.8,25.6,0,True,0.0,
3koaWT,55,10,CarrotHyrax,55.8,25.0,0,True,0.0,
3koaWT,55,11,CarrotHyrax,55.8,24.1,0,True,0.0,
3koaWT,55,12,CarrotHyrax,55.8,22.8,2,True,0.0,
3koaWT,55,13,CarrotHyrax,55.8,22.7,0,True,0.0,
3koaWT,55,14,CarrotHyrax,55.8,22.3,1,True,0.0,
3koaWT,55,15,CarrotHyrax,55.8,22.0,1,True,0.0,
3koaWT,55,16,CarrotHyrax,55.8,21.9,0,True,0.0,
3koaWT,55,17,CarrotHyrax,54.1,21.5,1,True,0.0,
3koaWT,55,18,CarrotHyrax,54.1,21.4,0,True,0.0,
3koaWT,55,19,CarrotHyrax,54.1,21.2,1,True,0.0,
3koaWT,55,20,CarrotHyrax,54.1,21.1,0,True,0.0,
3koaWT,55,21,CarrotHyrax,54.1,20.9,0,True,0.001,
3koaWT,55,22,CarrotHyrax,54.1,20.5,0,True,0.0,
3koaWT,55,23,CarrotHyrax,54.1,19.9,0,True,0.0,
3koaWT,55,24,CarrotHyrax,54.1,19.2,0,True,0.0,
3koaWT,55,25,CarrotHyrax,54.1,18.3,0,True,0.0,
3koaWT,55,26,CarrotHyrax,54.1,17.4,1,True,0.0,
3koaWT,55,27,CarrotHyrax,37.9,16.7,0,True,0.0,
3koaWT,55,28,CarrotHyrax,37.9,15.9,1,True,0.0,
3koaWT,55,29,CarrotHyrax,37.9,15.3,0,True,0.0,
3koaWT,55,30,CarrotHyrax,37.9,14.5,0,True,0.0,
3koaWT,55,31,CarrotHyrax,37.9,13.8,0,True,0.0,
3koaWT,55,32,CarrotHyrax,37.9,13.0,1,True,0.0,
3koaWT,55,33,CarrotHyrax,37.9,12.4,0,True,0.0,
3koaWT,55,34,CarrotHyrax,37.9,11.7,1,True,0.0,
3koaWT,55,35,CarrotHyrax,37.9,11.2,1,True,0.0,
3koaWT,55,36,CarrotHyrax,37.9,10.7,0,True,0.0,
3koaWT,55,37,CarrotHyrax,74.8,10.2,0,True,0.0,
3koaWT,55,38,CarrotHyrax,74.8,9.8,1,True,0.0,
3koaWT,55,39,CarrotHyrax,74.8,9.3,0,True,0.0,
3koaWT,55,40,CarrotHyrax,74.8,8.9,0,True,0.0,
3koaWT,55,41,CarrotHyrax,74.8,8.5,1,True,0.0,
3koaWT,55,42,CarrotHyrax,74.8,8.1,0,True,0.0,
3koaWT,55,43,CarrotHyrax,74.8,7.8,1,True,0.001,
3koaWT,55,44,CarrotHyrax,74.8,7.4,0,True,0.0,
3koaWT,55,45,CarrotHyrax,74.8,7.1,0,True,0.0,
3koaWT,55,46,CarrotHyrax,74.8,6.8,0,True,0.0,
3koaWT,55,47,CarrotHyrax,44.0,6.4,0,True,0.0,
3koaWT,55,48,CarrotHyrax,44.0,6.1,0,True,0.0,
3koaWT,55,49,CarrotHyrax,44.0,5.7,2,True,0.0,
3koaWT,55,50,CarrotHyrax,44.0,5.5,2,True,0.0,
3koaWT,55,51,CarrotHyrax,44.0,5.3,1,True,0.0,
3koaWT,55,52,CarrotHyrax,44.0,5.2,1,True,0.0,
3koaWT,55,53,CarrotHyrax,44.0,5.0,0,True,0.0,
3koaWT,55,54,CarrotHyrax,44.0,5.0,0,True,0.0,
3koaWT,55,55,CarrotHyrax,44.0,5.0,0,True,0.0,
3koaWT,55,56,CarrotHyrax,44.0,5.0,0,True,0.0,
3koaWT,55,57,CarrotHyrax,60.5,5.0,0,True,0.0,
3koaWT,55,58,CarrotHyrax,60.5,5.0,0,True,0.0,
3koaWT,55,59,CarrotHyrax,60.5,5.0,2,True,0.0,
3koaWT,55,60,CarrotHyrax,60.5,5.0,2,True,0.0,
3koaWT,55,61,CarrotHyrax,60.5,5.0,2,True,0.0,
3koaWT,55,62,CarrotHyrax,60.5,5.0,0,True,0.0,
3koaWT,55,63,CarrotHyrax,60.5,5.0,0,True,0.0,
3koaWT,55,64,CarrotHyrax,60.5,5.0,0,True,0.0,
3koaWT,55,65,CarrotHyrax,60.5,5.0,0,True,0.001,
3koaWT,55,66,CarrotHyrax,60.5,5.0,0,True,0.0,
3koaWT,55,67,CarrotHyrax,78.9,5.0,0,True,0.0,
3koaWT,55,68,CarrotHyrax,78.9,5.0,1,True,0.0,
3koaWT,55,69,CarrotHyrax,78.9,5.0,0,True,0.0,
3koaWT,55,70,CarrotHyrax,78.9,5.0,0,True,0.0,
3koaWT,55,71,CarrotHyrax,78.9,5.0,2,True,0.0,
3koaWT,55,72,CarrotHyrax,78.9,5.0,1,True,0.0,
3koaWT,55,73,CarrotHyrax,78.9,5.0,1,True,0.0,
3koaWT,55,74,CarrotHyrax,78.9,5.0,1,True,0.0,
3koaWT,55,75,CarrotHyrax,78.9,5.0,1,True,0.0,
3koaWT,55,76,CarrotHyrax,78.9,5.0,1,True,0.0,
3koaWT,55,77,CarrotHyrax,40.7,5.0,0,True,0.0,
3koaWT,55,78,CarrotHyrax,40.7,5.0,0,True,0.0,
3koaWT,55,79,CarrotHyrax,40.7,5.0,0,True,0.0,
3koaWT,55,80,CarrotHyrax,40.7,5.0,0,True,0.0,
3koaWT,55,81,CarrotHyrax,40.7,5.0,1,True,0.0,
3koaWT,55,82,CarrotHyrax,40.7,5.0,0,True,0.0,
3koaWT,55,83,CarrotHyrax,40.7,5.0,0,True,0.0,
3koaWT,55,84,CarrotHyrax,40.7,5.0,0,True,0.0,
3koaWT,55,85,CarrotHyrax,40.7,5.0,1,True,0.0,
3koaWT,55,86,CarrotHyrax,40.7,5.0,0,True,0.0,
3koaWT,55,87,CarrotHyrax,39.6,5.0,1,True,0.0,
3koaWT,55,88,CarrotHyrax,39.6,5.0,2,True,0.0,
3koaWT,55,89,CarrotHyrax,39.6,5.0,1,True,0.0,
3koaWT,55,90,CarrotHyrax,39.6,5.0,1,True,0.0,
3koaWT,55,91,CarrotHyrax,39.6,5.0,0,True,0.0,
3koaWT,55,92,CarrotHyrax,39.6,5.0,2,True,0.0,
3koaWT,55,93,CarrotHyrax,39.6,5.0,0,True,0.0,
3koaWT,55,94,CarrotHyrax,39.6,5.0,0,True,0.0,
3koaWT,55,95,CarrotHyrax,39.6,5.0,0,True,0.0,
3koaWT,55,96,CarrotHyrax,39.6,5.0,1,True,0.0,
3koaWT,55,97,CarrotHyrax,72.6,5.0,3,True,0.0,
3koaWT,55,98,CarrotHyrax,72.6,5.0,1,True,0.0,
3koaWT,55,99,CarrotHyrax,72.6,5.0,0,True,0.0,
3koaWT,55,100,CarrotHyrax,72.6,5.0,0,True,0.001,
3koaWT,56,1,CarrotHyrax,72.6,89.0,0,True,0.0,
3koaWT,56,2,CarrotHyrax,72.6,71.2,0,True,0.0,
3koaWT,56,3,CarrotHyrax,72.6,57.0,0,True,0.0,
3koaWT,56,4,CarrotHyrax,72.6,45.6,0,True,0.0,
3koaWT,56,5,CarrotHyrax,72.6,36.5,0,True,0.0,
3koaWT,56,6,CarrotHyrax,66.8,29.2,0,True,0.0,
3koaWT,56,7,CarrotHyrax,66.8,23.3,0,True,0.005,
3koaWT,56,8,CarrotHyrax,66.8,18.7,0,True,0.0,
3koaWT,56,9,CarrotHyrax,66.8,14.9,0,True,0.0,
3koaWT,56,10,CarrotHyrax,66.8,11.9,0,True,0.0,
3koaWT,56,11,CarrotHyrax,66.8,9.6,0,True,0.0,
3koaWT,56,12,CarrotHyrax,66.8,7.6,0,True,0.0,
3koaWT,56,13,CarrotHyrax,66.8,6.1,0,True,0.001,
3koaWT,56,14,CarrotHyrax,66.8,5.0,0,True,0.0,
3koaWT,56,15,CarrotHyrax,66.8,5.0,0,True,0.0,
3koaWT,56,16,CarrotHyrax,44.5,5.0,1,True,0.0,
3koaWT,56,17,CarrotHyrax,44.5,5.0,0,True,0.001,
3koaWT,56,18,CarrotHyrax,44.5,5.0,0,True,0.0,
3koaWT,56,19,CarrotHyrax,44.5,5.0,0,True,0.0,
3koaWT,56,20,CarrotHyrax,44.5,5.0,0,True,0.0,
3koaWT,56,21,CarrotHyrax,44.5,5.0,0,True,0.0,
3koaWT,56,22,CarrotHyrax,44.5,5.0,0,True,0.0,
3koaWT,56,23,CarrotHyrax,44.5,5.0,0,True,0.0,
3koaWT,56,24,CarrotHyrax,44.5,5.0,1,True,0.0,
3koaWT,56,25,CarrotHyrax,44.5,5.0,1,True,0.0,
3koaWT,56,26,CarrotHyrax,71.3,5.0,0,True,0.0,
3koaWT,56,27,CarrotHyrax,71.3,5.0,0,True,0.0,
3koaWT,56,28,CarrotHyrax,71.3,5.0,0,True,0.0,
3koaWT,56,29,CarrotHyrax,71.3,5.0,0,True,0.0,
3koaWT,56,30,CarrotHyrax,71.3,5.0,1,True,0.0,
3koaWT,56,31,CarrotHyrax,71.3,5.0,0,True,0.0,
3koaWT,56,32,CarrotHyrax,71.3,5.0,0,True,0.0,
3koaWT,56,33,CarrotHyrax,71.3,5.0,1,True,0.0,
3koaWT,56,34,CarrotHyrax,71.3,5.0,0,True,0.0,
3koaWT,56,35,CarrotHyrax,71.3,5.0,0,True,0.0,
3koaWT,56,36,CarrotHyrax,57.4,5.0,1,True,0.0,
3koaWT,56,37,CarrotHyrax,57.4,5.0,2,True,0.0,
3koaWT,56,38,CarrotHyrax,57.4,5.0,2,True,0.0,
3koaWT,56,39,CarrotHyrax,57.4,5.0,1,True,0.0,
3koaWT,56,40,CarrotHyrax,57.4,5.0,0,True,0.0,
3koaWT,56,41,CarrotHyrax,57.4,5.0,1,True,0.0,
3koaWT,56,42,CarrotHyrax,57.4,5.0,0,True,0.0,
3koaWT,56,43,CarrotHyrax,57.4,5.0,1,True,0.0,
3koaWT,56,44,CarrotHyrax,57.4,5.0,0,True,0.0,
3koaWT,56,45,CarrotHyrax,57.4,5.0,0,True,0.0,
3koaWT,56,46,CarrotHyrax,48.7,5.0,0,True,0.0,
3koaWT,56,47,CarrotHyrax,48.7,5.0,0,True,0.0,
3koaWT,56,48,CarrotHyrax,48.7,5.0,0,True,0.0,
3koaWT,56,49,CarrotHyrax,48.7,5.0,1,True,0.0,
3koaWT,56,50,CarrotHyrax,48.7,5.0,1,True,0.0,
3koaWT,56,51,CarrotHyrax,48.7,5.0,0,True,0.0,
3koaWT,56,52,CarrotHyrax,48.7,5.0,0,True,0.0,
3koaWT,56,53,CarrotHyrax,48.7,5.0,0,True,0.0,
3koaWT,56,54,CarrotHyrax,48.7,5.0,3,True,0.0,
3koaWT,56,55,CarrotHyrax,48.7,5.0,0,True,0.0,
3koaWT,56,56,CarrotHyrax,60.3,5.0,0,True,0.0,
3koaWT,56,57,CarrotHyrax,60.3,5.0,2,True,0.0,
3koaWT,56,58,CarrotHyrax,60.3,5.0,0,True,0.0,
3koaWT,56,59,CarrotHyrax,60.3,5.0,0,True,0.0,
3koaWT,56,60,CarrotHyrax,60.3,5.0,1,True,0.0,
3koaWT,56,61,CarrotHyrax,60.3,5.0,1,True,0.0,
3koaWT,56,62,CarrotHyrax,60.3,5.0,1,True,0.0,
3koaWT,56,63,CarrotHyrax,60.3,5.0,0,True,0.0,
3koaWT,56,64,CarrotHyrax,60.3,5.0,0,True,0.0,
3koaWT,56,65,CarrotHyrax,60.3,5.0,0,True,0.0,
3koaWT,56,66,CarrotHyrax,39.7,5.0,0,True,0.0,
3koaWT,56,67,CarrotHyrax,39.7,5.0,2,True,0.0,
3koaWT,56,68,CarrotHyrax,39.7,5.0,1,True,0.0,
3koaWT,56,69,CarrotHyrax,39.7,5.0,0,True,0.0,
3koaWT,56,70,CarrotHyrax,39.7,5.0,1,True,0.0,
3koaWT,56,71,CarrotHyrax,39.7,5.0,0,True,0.0,
3koaWT,56,72,CarrotHyrax,39.7,5.0,1,True,0.0,
3koaWT,56,73,CarrotHyrax,39.7,5.0,1,True,0.0,
3koaWT,56,74,CarrotHyrax,39.7,5.0,0,True,0.0,
3koaWT,56,75,CarrotHyrax,39.7,5.0,0,True,0.0,
3koaWT,56,76,CarrotHyrax,74.8,5.0,3,True,0.001,
3koaWT,56,77,CarrotHyrax,74.8,5.0,0,True,0.0,
3koaWT,56,78,CarrotHyrax,74.8,5.0,0,True,0.0,
3koaWT,56,79,CarrotHyrax,74.8,5.0,0,True,0.0,
3koaWT,56,80,CarrotHyrax,74.8,5.0,1,True,0.0,
3koaWT,56,81,CarrotHyrax,74.8,5.0,1,True,0.0,
3koaWT,56,82,CarrotHyrax,74.8,5.0,0,True,0.0,
3koaWT,56,83,CarrotHyrax,74.8,5.0,0,True,0.0,
3koaWT,56,84,CarrotHyrax,74.8,5.0,0,True,0.0,
3koaWT,56,85,CarrotHyrax,74.8,5.0,1,True,0.0,
3koaWT,56,86,CarrotHyrax,49.6,5.0,0,True,0.0,
3koaWT,56,87,CarrotHyrax,49.6,5.0,0,True,0.0,
3koaWT,56,88,CarrotHyrax,49.6,5.0,0,True,0.001,
3koaWT,56,89,CarrotHyrax,49.6,5.0,0,True,0.0,
3koaWT,56,90,CarrotHyrax,49.6,5.0,0,True,0.0,
3koaWT,56,91,CarrotHyrax,49.6,5.0,1,True,0.0,
3koaWT,56,92,CarrotHyrax,49.6,5.0,1,True,0.0,
3koaWT,56,93,CarrotHyrax,49.6,5.0,0,True,0.0,
3koaWT,56,94,CarrotHyrax,49.6,5.0,1,True,0.0,
3koaWT,56,95,CarrotHyrax,49.6,5.0,1,True,0.0,
3koaWT,56,96,CarrotHyrax,55.8,5.0,1,True,0.0,
3koaWT,56,97,CarrotHyrax,55.8,5.0,2,True,0.0,
3koaWT,56,98,CarrotHyrax,55.8,5.0,2,True,0.0,
3koaWT,56,99,CarrotHyrax,55.8,5.0,0,True,0.0,
3koaWT,56,100,CarrotHyrax,55.8,5.0,0,True,0.0,
3koaWT,57,1,CarrotHyrax,55.8,31.0,0,True,0.0,
3koaWT,57,2,CarrotHyrax,55.8,24.8,1,True,0.0,
3koaWT,57,3,CarrotHyrax,55.8,24.0,0,True,0.0,
3koaWT,57,4,CarrotHyrax,55.8,22.2,0,True,0.0,
3koaWT,57,5,CarrotHyrax,36.8,19.9,0,True,0.0,
3koaWT,57,6,CarrotHyrax,36.8,17.4,1,True,0.0,
3koaWT,57,7,CarrotHyrax,36.8,16.3,0,True,0.0,
3koaWT,57,8,CarrotHyrax,36.8,14.9,1,True,0.0,
3koaWT,57,9,CarrotHyrax,36.8,14.1,0,True,0.0,
3koaWT,57,10,CarrotHyrax,36.8,13.1,0,True,0.0,
3koaWT,57,11,CarrotHyrax,36.8,12.1,1,True,0.0,
3koaWT,57,12,CarrotHyrax,36.8,11.5,1,True,0.0,
3koaWT,57,13,CarrotHyrax,36.8,11.1,0,True,0.0,
3koaWT,57,14,CarrotHyrax,36.8,10.5,0,True,0.0,
3koaWT,57,15,CarrotHyrax,54.8,9.8,0,True,0.0,
3koaWT,57,16,CarrotHyrax,54.8,9.1,0,True,0.0,
3koaWT,57,17,CarrotHyrax,54.8,8.3,0,True,0.0,
3koaWT,57,18,CarrotHyrax,54.8,7.5,1,True,0.0,
3koaWT,57,19,CarrotHyrax,54.8,7.0,0,True,0.0,
3koaWT,57,20,CarrotHyrax,54.8,6.4,0,True,0.0,
3koaWT,57,21,CarrotHyrax,54.8,5.8,0,True,0.0,
3koaWT,57,22,CarrotHyrax,54.8,5.3,0,True,0.0,
3koaWT,57,23,CarrotHyrax,54.8,5.0,1,True,0.0,
3koaWT,57,24,CarrotHyrax,54.8,5.0,1,True,0.0,
3koaWT,57,25,CarrotHyrax,58.8,5.0,0,True,0.0,
3koaWT,57,26,CarrotHyrax,58.8,5.0,1,True,0.0,
3koaWT,57,27,CarrotHyrax,58.8,5.0,0,True,0.0,
3koaWT,57,28,CarrotHyrax,58.8,5.0,1,True,0.0,
3koaWT,57,29,CarrotHyrax,58.8,5.0,0,True,0.0,
3koaWT,57,30,CarrotHyrax,58.8,5.0,2,True,0.0,
3koaWT,57,31,CarrotHyrax,58.8,5.0,0,True,0.0,
3koaWT,57,32,CarrotHyrax,58.8,5.0,1,True,0.0,
3koaWT,57,33,CarrotHyrax,58.8,5.0,0,True,0.0,
3koaWT,57,34,CarrotHyrax,58.8,5.0,0,True,0.0,
3koaWT,57,35,CarrotHyrax,75.1,5.0,0,True,0.0,
3koaWT,57,36,CarrotHyrax,75.1,5.0,0,True,0.001,
3koaWT,57,37,CarrotHyrax,75.1,5.0,0,True,0.0,
3koaWT,57,38,CarrotHyrax,75.1,5.0,1,True,0.0,
3koaWT,57,39,CarrotHyrax,75.1,5.0,1,True,0.0,
3koaWT,57,40,CarrotHyrax,75.1,5.0,0,True,0.0,
3koaWT,57,41,CarrotHyrax,75.1,5.0,0,True,0.0,
3koaWT,57,42,CarrotHyrax,75.1,5.0,0,True,0.0,
3koaWT,57,43,CarrotHyrax,75.1,5.0,0,True,0.0,
3koaWT,57,44,CarrotHyrax,75.1,5.0,1,True,0.0,
3koaWT,57,45,CarrotHyrax,65.2,5.0,0,True,0.0,
3koaWT,57,46,CarrotHyrax,65.2,5.0,1,True,0.0,
3koaWT,57,47,CarrotHyrax,65.2,5.0,1,True,0.0,
3koaWT,57,48,CarrotHyrax,65.2,5.0,2,True,0.0,
3koaWT,57,49,CarrotHyrax,65.2,5.0,1,True,0.0,
3koaWT,57,50,CarrotHyrax,65.2,5.0,0,True,0.0,
3koaWT,57,51,CarrotHyrax,65.2,5.0,2,True,0.0,
3koaWT,57,52,CarrotHyrax,65.2,5.0,1,True,0.0,
3koaWT,57,53,CarrotHyrax,65.2,5.0,0,True,0.0,
3koaWT,57,54,CarrotHyrax,65.2,5.0,0,True,0.0,
3koaWT,57,55,CarrotHyrax,63.2,5.0,1,True,0.0,
3koaWT,57,56,CarrotHyrax,63.2,5.0,1,True,0.0,
3koaWT,57,57,CarrotHyrax,63.2,5.0,0,True,0.0,
3koaWT,57,58,CarrotHyrax,63.2,5.0,1,True,0.0,
3koaWT,57,59,CarrotHyrax,63.2,5.0,1,True,0.0,
3koaWT,57,60,CarrotHyrax,63.2,5.0,0,True,0.0,
3koaWT,57,61,CarrotHyrax,63.2,5.0,3,True,0.0,
3koaWT,57,62,CarrotHyrax,63.2,5.0,0,True,0.0,
3koaWT,57,63,CarrotHyrax,63.2,5.0,0,True,0.0,
3koaWT,57,64,CarrotHyrax,63.2,5.0,0,True,0.0,
3koaWT,57,65,CarrotHyrax,60.7,5.0,1,True,0.0,
3koaWT,57,66,CarrotHyrax,60.7,5.0,0,True,0.0,
3koaWT,57,67,CarrotHyrax,60.7,5.0,0,True,0.0,
3koaWT,57,68,CarrotHyrax,60.7,5.0,0,True,0.0,
3koaWT,57,69,CarrotHyrax,60.7,5.0,0,True,0.0,
3koaWT,57,70,CarrotHyrax,60.7,5.0,1,True,0.0,
3koaWT,57,71,CarrotHyrax,60.7,5.0,0,True,0.0,
3koaWT,57,72,CarrotHyrax,60.7,5.0,1,True,0.0,
3koaWT,57,73,CarrotHyrax,60.7,5.0,0,True,0.0,
3koaWT,57,74,CarrotHyrax,60.7,5.0,0,True,0.0,
3koaWT,57,75,CarrotHyrax,49.6,5.0,1,True,0.0,
3koaWT,57,76,CarrotHyrax,49.6,5.0,0,True,0.0,
3koaWT,57,77,CarrotHyrax,49.6,5.0,1,True,0.0,
3koaWT,57,78,CarrotHyrax,49.6,5.0,1,True,0.0,
3koaWT,57,79,CarrotHyrax,49.6,5.0,0,True,0.0,
3koaWT,57,80,CarrotHyrax,49.6,5.0,0,True,0.0,
3koaWT,57,81,CarrotHyrax,49.6,5.0,0,True,0.0,
3koaWT,57,82,CarrotHyrax,49.6,5.0,0,True,0.0,
3koaWT,57,83,CarrotHyrax,49.6,5.0,0,True,0.0,
3koaWT,57,84,CarrotHyrax,49.6,5.0,1,True,0.0,
3koaWT,57,85,CarrotHyrax,46.0,5.0,1,True,0.0,
3koaWT,57,86,CarrotHyrax,46.0,5.0,1,True,0.0,
3koaWT,57,87,CarrotHyrax,46.0,5.0,4,True,0.0,
3koaWT,57,88,CarrotHyrax,46.0,5.0,1,True,0.0,
3koaWT,57,89,CarrotHyrax,46.0,5.0,0,True,0.0,
3koaWT,57,90,CarrotHyrax,46.0,5.0,0,True,0.0,
3koaWT,57,91,CarrotHyrax,46.0,5.0,0,True,0.0,
3koaWT,57,92,CarrotHyrax,46.0,5.0,3,True,0.0,
3koaWT,57,93,CarrotHyrax,46.0,5.0,0,True,0.0,
3koaWT,57,94,CarrotHyrax,46.0,5.0,0,True,0.0,
3koaWT,57,95,CarrotHyrax,78.8,5.0,1,True,0.0,
3koaWT,57,96,CarrotHyrax,78.8,5.0,1,True,0.0,
3koaWT,57,97,CarrotHyrax,78.8,5.0,1,True,0.0,
3koaWT,57,98,CarrotHyrax,78.8,5.0,0,True,0.0,
3koaWT,57,99,CarrotHyrax,78.8,5.0,1,True,0.0,
3koaWT,57,100,CarrotHyrax,78.8,5.0,3,True,0.0,
3koaWT,58,1,CarrotHyrax,78.8,33.0,0,True,0.0,
3koaWT,58,2,CarrotHyrax,78.8,26.4,1,True,0.0,
3koaWT,58,3,CarrotHyrax,78.8,25.5,0,True,0.0,
3koaWT,58,4,CarrotHyrax,35.3,23.7,0,True,0.0,
3koaWT,58,5,CarrotHyrax,35.3,21.2,1,True,0.0,
3koaWT,58,6,CarrotHyrax,35.3,20.1,0,True,0.0,
3koaWT,58,7,CarrotHyrax,35.3,18.8,0,True,0.0,
3koaWT,58,8,CarrotHyrax,35.3,17.2,0,True,0.0,
3koaWT,58,9,CarrotHyrax,35.3,15.4,1,True,0.0,
3koaWT,58,10,CarrotHyrax,35.3,14.4,1,True,0.0,
3koaWT,58,11,CarrotHyrax,35.3,13.8,1,True,0.0,
3koaWT,58,12,CarrotHyrax,35.3,13.6,0,True,0.0,
3koaWT,58,13,CarrotHyrax,35.3,13.1,0,True,0.0,
3koaWT,58,14,CarrotHyrax,44.4,12.5,0,True,0.0,
3koaWT,58,15,CarrotHyrax,44.4,11.7,0,True,0.0,
3koaWT,58,16,CarrotHyrax,44.4,10.8,1,True,0.0,
3koaWT,58,17,CarrotHyrax,44.4,10.1,0,True,0.0,
3koaWT,58,18,CarrotHyrax,44.4,9.4,1,True,0.0,
3koaWT,58,19,CarrotHyrax,44.4,8.9,0,True,0.0,
3koaWT,58,20,CarrotHyrax,44.4,8.3,1,True,0.0,
3koaWT,58,21,CarrotHyrax,44.4,7.9,0,True,0.0,
3koaWT,58,22,CarrotHyrax,44.4,7.5,0,True,0.0,
3koaWT,58,23,CarrotHyrax,44.4,7.0,3,True,0.0,
3koaWT,58,24,CarrotHyrax,78.9,6.9,0,True,0.0,
3koaWT,58,25,CarrotHyrax,78.9,6.7,1,True,0.0,
3koaWT,58,26,CarrotHyrax,78.9,6.5,1,True,0.0,
3koaWT,58,27,CarrotHyrax,78.9,6.5,1,True,0.0,
3koaWT,58,28,CarrotHyrax,78.9,6.4,1,True,0.0,
3koaWT,58,29,CarrotHyrax,78.9,6.4,1,True,0.0,
3koaWT,58,30,CarrotHyrax,78.9,6.4,0,True,0.0,
3koaWT,58,31,CarrotHyrax,78.9,6.4,2,True,0.0,
3koaWT,58,32,CarrotHyrax,78.9,6.5,0,True,0.0,
3koaWT,58,33,CarrotHyrax,78.9,6.6,0,True,0.0,
3koaWT,58,34,CarrotHyrax,62.3,6.6,0,True,0.0,
3koaWT,58,35,CarrotHyrax,62.3,6.6,0,True,0.0,
3koaWT,58,36,CarrotHyrax,62.3,6.5,0,True,0.0,
3koaWT,58,37,CarrotHyrax,62.3,6.4,1,True,0.0,
3koaWT,58,38,CarrotHyrax,62.3,6.4,0,True,0.0,
3koaWT,58,39,CarrotHyrax,62.3,6.3,0,True,0.001,
3koaWT,58,40,CarrotHyrax,62.3,6.2,2,True,0.0,
3koaWT,58,41,CarrotHyrax,62.3,6.2,0,True,0.0,
3koaWT,58,42,CarrotHyrax,62.3,6.2,1,True,0.0,
3koaWT,58,43,CarrotHyrax,62.3,6.2,1,True,0.0,
3koaWT,58,44,CarrotHyrax,75.6,6.2,1,True,0.0,
3koaWT,58,45,CarrotHyrax,75.6,6.2,0,True,0.0,
3koaWT,58,46,CarrotHyrax,75.6,6.2,1,True,0.0,
3koaWT,58,47,CarrotHyrax,75.6,6.3,1,True,0.0,
3koaWT,58,48,CarrotHyrax,75.6,6.4,0,True,0.0,
3koaWT,58,49,CarrotHyrax,75.6,6.4,0,True,0.0,
3koaWT,58,50,CarrotHyrax,75.6,6.4,1,True,0.0,
3koaWT,58,51,CarrotHyrax,75.6,6.5,0,True,0.0,
3koaWT,58,52,CarrotHyrax,75.6,6.5,0,True,0.0,
3koaWT,58,53,CarrotHyrax,75.6,6.5,0,True,0.0,
3koaWT,58,54,CarrotHyrax,73.6,6.4,0,True,0.0,
3koaWT,58,55,CarrotHyrax,73.6,6.3,0,True,0.0,
3koaWT,58,56,CarrotHyrax,73.6,6.2,2,True,0.0,
3koaWT,58,57,CarrotHyrax,73.6,6.1,0,True,0.0,
3koaWT,58,58,CarrotHyrax,73.6,6.0,1,True,0.0,
3koaWT,58,59,CarrotHyrax,73.6,5.9,0,True,0.0,
3koaWT,58,60,CarrotHyrax,73.6,5.8,1,True,0.0,
3koaWT,58,61,CarrotHyrax,73.6,5.8,2,True,0.0,
3koaWT,58,62,CarrotHyrax,73.6,5.7,0,True,0.0,
3koaWT,58,63,CarrotHyrax,73.6,5.6,1,True,0.0,
3koaWT,58,64,CarrotHyrax,48.4,5.6,1,True,0.0,
3koaWT,58,65,CarrotHyrax,48.4,5.5,0,True,0.001,
3koaWT,58,66,CarrotHyrax,48.4,5.4,0,True,0.0,
3koaWT,58,67,CarrotHyrax,48.4,5.3,0,True,0.0,
3koaWT,58,68,CarrotHyrax,48.4,5.1,2,True,0.001,
3koaWT,58,69,CarrotHyrax,48.4,5.0,0,True,0.0,
3koaWT,58,70,CarrotHyrax,48.4,5.0,0,True,0.0,
3koaWT,58,71,CarrotHyrax,48.4,5.0,0,True,0.0,
3koaWT,58,72,CarrotHyrax,48.4,5.0,0,True,0.0,
3koaWT,58,73,CarrotHyrax,48.4,5.0,1,True,0.0,
3koaWT,58,74,CarrotHyrax,66.1,5.0,2,True,0.0,
3koaWT,58,75,CarrotHyrax,66.1,5.0,1,True,0.0,
3koaWT,58,76,CarrotHyrax,66.1,5.0,0,True,0.0,
3koaWT,58,77,CarrotHyrax,66.1,5.0,1,True,0.0,
3koaWT,58,78,CarrotHyrax,66.1,5.0,0,True,0.0,
3koaWT,58,79,CarrotHyrax,66.1,5.0,1,True,0.0,
3koaWT,58,80,CarrotHyrax,66.1,5.0,0,True,0.0,
3koaWT,58,81,CarrotHyrax,66.1,5.0,0,True,0.0,
3koaWT,58,82,CarrotHyrax,66.1,5.0,1,True,0.0,
3koaWT,58,83,CarrotHyrax,66.1,5.0,1,True,0.0,
3koaWT,58,84,CarrotHyrax,69.6,5.0,0,True,0.0,
3koaWT,58,85,CarrotHyrax,69.6,5.0,0,True,0.0,
3koaWT,58,86,CarrotHyrax,69.6,5.0,1,True,0.0,
3koaWT,58,87,CarrotHyrax,69.6,5.0,1,True,0.0,
3koaWT,58,88,CarrotHyrax,69.6,5.0,1,True,0.0,
3koaWT,58,89,CarrotHyrax,69.6,5.0,0,True,0.0,
3koaWT,58,90,CarrotHyrax,69.6,5.0,0,True,0.0,
3koaWT,58,91,CarrotHyrax,69.6,5.0,0,True,0.0,
3koaWT,58,92,CarrotHyrax,69.6,5.0,0,True,0.0,
3koaWT,58,93,CarrotHyrax,69.6,5.0,0,True,0.0,
3koaWT,58,94,CarrotHyrax,53.9,5.0,1,True,0.0,
3koaWT,58,95,CarrotHyrax,53.9,5.0,2,True,0.0,
3koaWT,58,96,CarrotHyrax,53.9,5.0,0,True,0.0,
3koaWT,58,97,CarrotHyrax,53.9,5.0,1,True,0.0,
3koaWT,58,98,CarrotHyrax,53.9,5.0,0,True,0.0,
3koaWT,58,99,CarrotHyrax,53.9,5.0,0,True,0.0,
3koaWT,58,100,CarrotHyrax,53.9,5.0,0,True,0.0,
3koaWT,59,1,CarrotHyrax,53.9,51.0,1,True,0.0,
3koaWT,59,2,CarrotHyrax,53.9,58.6,0,True,0.0,
3koaWT,59,3,CarrotHyrax,53.3,56.6,0,True,0.0,
3koaWT,59,4,CarrotHyrax,53.3,52.5,0,True,0.0,
3koaWT,59,5,CarrotHyrax,53.3,47.1,0,True,0.0,
3koaWT,59,6,CarrotHyrax,53.3,41.1,0,True,0.0,
3koaWT,59,7,CarrotHyrax,53.3,35.7,1,True,0.0,
3koaWT,59,8,CarrotHyrax,53.3,32.6,0,True,0.0,
3koaWT,59,9,CarrotHyrax,53.3,29.3,0,True,0.0,
3koaWT,59,10,CarrotHyrax,53.3,26.0,1,True,0.0,
3koaWT,59,11,CarrotHyrax,53.3,24.0,0,True,0.0,
3koaWT,59,12,CarrotHyrax,53.3,21.9,1,True,0.0,
3koaWT,59,13,CarrotHyrax,62.8,20.3,1,True,0.0,
3koaWT,59,14,CarrotHyrax,62.8,19.3,1,True,0.009,
3koaWT,59,15,CarrotHyrax,62.8,18.6,0,True,0.0,
3koaWT,59,16,CarrotHyrax,62.8,17.6,0,True,0.0,
3koaWT,59,17,CarrotHyrax,62.8,16.5,0,True,0.0,
3koaWT,59,18,CarrotHyrax,62.8,15.3,1,True,0.0,
3koaWT,59,19,CarrotHyrax,62.8,14.5,1,True,0.0,
3koaWT,59,20,CarrotHyrax,62.8,13.9,0,True,0.0,
3koaWT,59,21,CarrotHyrax,62.8,13.2,0,True,0.0,
3koaWT,59,22,CarrotHyrax,62.8,12.5,2,True,0.0,
3koaWT,59,23,CarrotHyrax,76.4,12.1,1,True,0.0,
3koaWT,59,24,CarrotHyrax,76.4,11.9,0,True,0.0,
3koaWT,59,25,CarrotHyrax,76.4,11.5,0,True,0.0,
3koaWT,59,26,CarrotHyrax,76.4,11.1,0,True,0.001,
3koaWT,59,27,CarrotHyrax,76.4,10.7,1,True,0.0,
3koaWT,59,28,CarrotHyrax,76.4,10.3,0,True,0.0,
3koaWT,59,29,CarrotHyrax,76.4,9.9,0,True,0.002,
3koaWT,59,30,CarrotHyrax,76.4,9.4,0,True,0.001,
3koaWT,59,31,CarrotHyrax,76.4,8.9,0,True,0.002,
3koaWT,59,32,CarrotHyrax,76.4,8.4,0,True,0.0,
3koaWT,59,33,CarrotHyrax,47.9,7.9,0,True,0.0,
3koaWT,59,34,CarrotHyrax,47.9,7.4,1,True,0.007,
3koaWT,59,35,CarrotHyrax,47.9,7.0,1,True,0.0,
3koaWT,59,36,CarrotHyrax,47.9,6.6,0,True,0.023,
3koaWT,59,37,CarrotHyrax,47.9,6.3,0,True,0.008,
3koaWT,59,38,CarrotHyrax,47.9,5.9,0,True,0.0,
3koaWT,59,39,CarrotHyrax,47.9,5.5,1,True,0.0,
3koaWT,59,40,CarrotHyrax,47.9,5.2,0,True,0.0,
3koaWT,59,41,CarrotHyrax,47.9,5.0,0,True,0.0,
3koaWT,59,42,CarrotHyrax,47.9,5.0,0,True,0.006,
3koaWT,59,43,CarrotHyrax,46.6,5.0,0,True,0.0,
3koaWT,59,44,CarrotHyrax,46.6,5.0,0,True,0.0,
3koaWT,59,45,CarrotHyrax,46.6,5.0,0,True,0.035,
3koaWT,59,46,CarrotHyrax,46.6,5.0,0,True,0.001,
3koaWT,59,47,CarrotHyrax,46.6,5.0,1,True,0.0,
3koaWT,59,48,CarrotHyrax,46.6,5.0,0,True,0.0,
3koaWT,59,49,CarrotHyrax,46.6,5.0,0,True,0.001,
3koaWT,59,50,CarrotHyrax,46.6,5.0,0,True,0.0,
3koaWT,59,51,CarrotHyrax,46.6,5.0,1,True,0.0,
3koaWT,59,52,CarrotHyrax,46.6,5.0,0,True,0.0,
3koaWT,59,53,CarrotHyrax,71.9,5.0,0,True,0.002,
3koaWT,59,54,CarrotHyrax,71.9,5.0,0,True,0.0,
3koaWT,59,55,CarrotHyrax,71.9,5.0,0,True,0.0,
3koaWT,59,56,CarrotHyrax,71.9,5.0,0,True,0.0,
3koaWT,59,57,CarrotHyrax,71.9,5.0,0,True,0.0,
3koaWT,59,58,CarrotHyrax,71.9,5.0,1,True,0.002,
3koaWT,59,59,CarrotHyrax,71.9,5.0,0,True,0.0,
3koaWT,59,60,CarrotHyrax,71.9,5.0,0,True,0.001,
3koaWT,59,61,CarrotHyrax,71.9,5.0,0,True,0.0,
3koaWT,59,62,CarrotHyrax,71.9,5.0,0,True,0.0,
3koaWT,59,63,CarrotHyrax,40.9,5.0,2,True,0.001,
3koaWT,59,64,CarrotHyrax,40.9,5.0,0,True,0.0,
3koaWT,59,65,CarrotHyrax,40.9,5.0,1,True,0.0,
3koaWT,59,66,CarrotHyrax,40.9,5.0,1,True,0.0,
3koaWT,59,67,CarrotHyrax,40.9,5.0,0,True,0.0,
3koaWT,59,68,CarrotHyrax,40.9,5.0,1,True,0.0,
3koaWT,59,69,CarrotHyrax,40.9,5.0,1,True,0.0,
3koaWT,59,70,CarrotHyrax,40.9,5.0,0,True,0.0,
3koaWT,59,71,CarrotHyrax,40.9,5.0,0,True,0.0,
3koaWT,59,72,CarrotHyrax,40.9,5.0,0,True,0.0,
3koaWT,59,73,CarrotHyrax,52.6,5.0,0,True,0.0,
3koaWT,59,74,CarrotHyrax,52.6,5.0,0,True,0.0,
3koaWT,59,75,CarrotHyrax,52.6,5.0,0,True,0.0,
3koaWT,59,76,CarrotHyrax,52.6,5.0,1,True,0.0,
3koaWT,59,77,CarrotHyrax,52.6,5.0,0,True,0.001,
3koaWT,59,78,CarrotHyrax,52.6,5.0,0,True,0.001,
3koaWT,59,79,CarrotHyrax,52.6,5.0,0,True,0.001,
3koaWT,59,80,CarrotHyrax,52.6,5.0,3,True,0.0,
3koaWT,59,81,CarrotHyrax,52.6,5.0,2,True,0.0,
3koaWT,59,82,CarrotHyrax,52.6,5.0,0,True,0.0,
3koaWT,59,83,CarrotHyrax,41.8,5.0,0,True,0.0,
3koaWT,59,84,CarrotHyrax,41.8,5.0,1,True,0.0,
3koaWT,59,85,CarrotHyrax,41.8,5.0,2,True,0.0,
3koaWT,59,86,CarrotHyrax,41.8,5.0,0,True,0.0,
3koaWT,59,87,CarrotHyrax,41.8,5.0,1,True,0.0,
3koaWT,59,88,CarrotHyrax,41.8,5.0,1,True,0.0,
3koaWT,59,89,CarrotHyrax,41.8,5.0,1,True,0.0,
3koaWT,59,90,CarrotHyrax,41.8,5.0,1,True,0.0,
3koaWT,59,91,CarrotHyrax,41.8,5.0,0,True,0.0,
3koaWT,59,92,CarrotHyrax,41.8,5.0,1,True,0.003,
3koaWT,59,93,CarrotHyrax,50.4,5.0,0,True,0.0,
3koaWT,59,94,CarrotHyrax,50.4,5.0,0,True,0.0,
3koaWT,59,95,CarrotHyrax,50.4,5.0,0,True,0.0,
3koaWT,59,96,CarrotHyrax,50.4,5.0,0,True,0.0,
3koaWT,59,97,CarrotHyrax,50.4,5.0,0,True,0.0,
3koaWT,59,98,CarrotHyrax,50.4,5.0,0,True,0.002,
3koaWT,59,99,CarrotHyrax,50.4,5.0,2,True,0.0,
3koaWT,59,100,CarrotHyrax,50.4,5.0,2,True,0.0,
3koaWT,60,1,CarrotHyrax,50.4,73.0,0,True,0.0,
3koaWT,60,2,CarrotHyrax,61.4,58.4,0,True,0.0,
3koaWT,60,3,CarrotHyrax,61.4,46.7,0,True,0.001,
3koaWT,60,4,CarrotHyrax,61.4,37.4,0,True,0.0,
3koaWT,60,5,CarrotHyrax,61.4,29.9,0,True,0.003,
3koaWT,60,6,CarrotHyrax,61.4,23.9,0,True,0.0,
3koaWT,60,7,CarrotHyrax,61.4,19.1,3,True,0.0,
3koaWT,60,8,CarrotHyrax,61.4,18.6,0,True,0.001,
3koaWT,60,9,CarrotHyrax,61.4,17.6,0,True,0.0,
3koaWT,60,10,CarrotHyrax,61.4,16.4,0,True,0.0,
3koaWT,60,11,CarrotHyrax,61.4,15.1,1,True,0.0,
3koaWT,60,12,CarrotHyrax,63.0,14.4,0,True,0.0,
3koaWT,60,13,CarrotHyrax,63.0,13.4,0,True,0.0,
3koaWT,60,14,CarrotHyrax,63.0,12.3,1,True,0.0,
3koaWT,60,15,CarrotHyrax,63.0,11.5,0,True,0.0,
3koaWT,60,16,CarrotHyrax,63.0,10.6,0,True,0.0,
3koaWT,60,17,CarrotHyrax,63.0,9.7,0,True,0.0,
3koaWT,60,18,CarrotHyrax,63.0,8.8,0,True,0.0,
3koaWT,60,19,CarrotHyrax,63.0,7.9,0,True,0.0,
3koaWT,60,20,CarrotHyrax,63.0,7.1,0,True,0.0,
3koaWT,60,21,CarrotHyrax,63.0,6.4,0,True,0.0,
3koaWT,60,22,CarrotHyrax,77.6,5.7,1,True,0.0,
3koaWT,60,23,CarrotHyrax,77.6,5.1,0,True,0.0,
3koaWT,60,24,CarrotHyrax,77.6,5.0,2,True,0.0,
3koaWT,60,25,CarrotHyrax,77.6,5.0,1,True,0.0,
3koaWT,60,26,CarrotHyrax,77.6,5.0,1,True,0.0,
3koaWT,60,27,CarrotHyrax,77.6,5.0,1,True,0.0,
3koaWT,60,28,CarrotHyrax,77.6,5.0,0,True,0.0,
3koaWT,60,29,CarrotHyrax,77.6,5.0,1,True,0.0,
3koaWT,60,30,CarrotHyrax,77.6,5.0,0,True,0.0,
3koaWT,60,31,CarrotHyrax,77.6,5.0,0,True,0.0,
3koaWT,60,32,CarrotHyrax,73.2,5.0,0,True,0.001,
3koaWT,60,33,CarrotHyrax,73.2,5.0,0,True,0.0,
3koaWT,60,34,CarrotHyrax,73.2,5.0,1,True,0.0,
3koaWT,60,35,CarrotHyrax,73.2,5.0,0,True,0.0,
3koaWT,60,36,CarrotHyrax,73.2,5.0,0,True,0.0,
3koaWT,60,37,CarrotHyrax,73.2,5.0,0,True,0.0,
3koaWT,60,38,CarrotHyrax,73.2,5.0,0,True,0.0,
3koaWT,60,39,CarrotHyrax,73.2,5.0,1,True,0.0,
3koaWT,60,40,CarrotHyrax,73.2,5.0,1,True,0.0,
3koaWT,60,41,CarrotHyrax,73.2,5.0,1,True,0.0,
3koaWT,60,42,CarrotHyrax,46.7,5.0,0,True,0.0,
3koaWT,60,43,CarrotHyrax,46.7,5.0,0,True,0.0,
3koaWT,60,44,CarrotHyrax,46.7,5.0,0,True,0.0,
3koaWT,60,45,CarrotHyrax,46.7,5.0,2,True,0.0,
3koaWT,60,46,CarrotHyrax,46.7,5.0,0,True,0.0,
3koaWT,60,47,CarrotHyrax,46.7,5.0,1,True,0.0,
3koaWT,60,48,CarrotHyrax,46.7,5.0,0,True,0.0,
3koaWT,60,49,CarrotHyrax,46.7,5.0,0,True,0.0,
3koaWT,60,50,CarrotHyrax,46.7,5.0,0,True,0.0,
3koaWT,60,51,CarrotHyrax,46.7,5.0,0,True,0.0,
3koaWT,60,52,CarrotHyrax,51.1,5.0,1,True,0.0,
3koaWT,60,53,CarrotHyrax,51.1,5.0,0,True,0.0,
3koaWT,60,54,CarrotHyrax,51.1,5.0,3,True,0.0,
3koaWT,60,55,CarrotHyrax,51.1,5.0,0,True,0.0,
3koaWT,60,56,CarrotHyrax,51.1,5.0,2,True,0.0,
3koaWT,60,57,CarrotHyrax,51.1,5.0,0,True,0.0,
3koaWT,60,58,CarrotHyrax,51.1,5.0,0,True,0.0,
3koaWT,60,59,CarrotHyrax,51.1,5.0,1,True,0.0,
3koaWT,60,60,CarrotHyrax,51.1,5.0,0,True,0.0,
3koaWT,60,61,CarrotHyrax,51.1,5.0,1,True,0.0,
3koaWT,60,62,CarrotHyrax,32.9,5.0,3,True,0.0,
3koaWT,60,63,CarrotHyrax,32.9,5.0,2,True,0.0,
3koaWT,60,64,CarrotHyrax,32.9,5.0,1,True,0.0,
3koaWT,60,65,CarrotHyrax,32.9,5.0,0,True,0.0,
3koaWT,60,66,CarrotHyrax,32.9,5.0,0,True,0.0,
3koaWT,60,67,CarrotHyrax,32.9,5.0,1,True,0.0,
3koaWT,60,68,CarrotHyrax,32.9,5.0,0,True,0.0,
3koaWT,60,69,CarrotHyrax,32.9,5.0,0,True,0.0,
3koaWT,60,70,CarrotHyrax,32.9,5.0,1,True,0.0,
3koaWT,60,71,CarrotHyrax,32.9,5.0,2,True,0.0,
3koaWT,60,72,CarrotHyrax,79.6,5.0,0,True,0.0,
3koaWT,60,73,CarrotHyrax,79.6,5.0,0,True,0.0,
3koaWT,60,74,CarrotHyrax,79.6,5.0,0,True,0.0,
3koaWT,60,75,CarrotHyrax,79.6,5.0,0,True,0.0,
3koaWT,60,76,CarrotHyrax,79.6,5.0,0,True,0.0,
3koaWT,60,77,CarrotHyrax,79.6,5.0,2,True,0.0,
3koaWT,60,78,CarrotHyrax,79.6,5.0,1,True,0.0,
3koaWT,60,79,CarrotHyrax,79.6,5.0,0,True,0.0,
3koaWT,60,80,CarrotHyrax,79.6,5.0,0,True,0.001,
3koaWT,60,81,CarrotHyrax,79.6,5.0,0,True,0.0,
3koaWT,60,82,CarrotHyrax,56.9,5.0,0,True,0.0,
3koaWT,60,83,CarrotHyrax,56.9,5.0,0,True,0.0,
3koaWT,60,84,CarrotHyrax,56.9,5.0,0,True,0.0,
3koaWT,60,85,CarrotHyrax,56.9,5.0,0,True,0.0,
3koaWT,60,86,CarrotHyrax,56.9,5.0,0,True,0.0,
3koaWT,60,87,CarrotHyrax,56.9,5.0,2,True,0.0,
3koaWT,60,88,CarrotHyrax,56.9,5.0,0,True,0.0,
3koaWT,60,89,CarrotHyrax,56.9,5.0,0,True,0.0,
3koaWT,60,90,CarrotHyrax,56.9,5.0,1,True,0.0,
3koaWT,60,91,CarrotHyrax,56.9,5.0,1,True,0.0,
3koaWT,60,92,CarrotHyrax,65.8,5.0,0,True,0.0,
3koaWT,60,93,CarrotHyrax,65.8,5.0,0,True,0.0,
3koaWT,60,94,CarrotHyrax,65.8,5.0,0,True,0.0,
3koaWT,60,95,CarrotHyrax,65.8,5.0,1,True,0.0,
3koaWT,60,96,CarrotHyrax,65.8,5.0,0,True,0.0,
3koaWT,60,97,CarrotHyrax,65.8,5.0,1,True,0.0,
3koaWT,60,98,CarrotHyrax,65.8,5.0,0,True,0.0,
3koaWT,60,99,CarrotHyrax,65.8,5.0,0,True,0.0,
3koaWT,60,100,CarrotHyrax,65.8,5.0,2,True,0.0,
3koaWT,61,1,CarrotHyrax,48.3,32.0,1,True,0.0,
3koaWT,61,2,CarrotHyrax,48.3,36.8,0,True,0.0,
3koaWT,61,3,CarrotHyrax,48.3,35.5,0,True,0.0,
3koaWT,61,4,CarrotHyrax,48.3,32.9,0,True,0.0,
3koaWT,61,5,CarrotHyrax,48.3,29.5,0,True,0.0,
3koaWT,61,6,CarrotHyrax,48.3,25.8,2,True,0.0,
3koaWT,61,7,CarrotHyrax,48.3,25.8,1,True,0.0,
3koaWT,61,8,CarrotHyrax,48.3,26.5,1,True,0.0,
3koaWT,61,9,CarrotHyrax,48.3,27.8,0,True,0.0,
3koaWT,61,10,CarrotHyrax,48.3,28.3,0,True,0.0,
3koaWT,61,11,CarrotHyrax,31.7,28.4,1,True,0.0,
3koaWT,61,12,CarrotHyrax,31.7,29.1,1,True,0.0,
3koaWT,61,13,CarrotHyrax,31.7,29.9,0,True,0.0,
3koaWT,61,14,CarrotHyrax,31.7,30.2,0,True,0.0,
3koaWT,61,15,CarrotHyrax,31.7,29.8,0,True,0.0,
3koaWT,61,16,CarrotHyrax,31.7,29.0,0,True,0.0,
3koaWT,61,17,CarrotHyrax,31.7,27.8,1,True,0.0,
3koaWT,61,18,CarrotHyrax,31.7,27.1,1,True,0.001,
3koaWT,61,19,CarrotHyrax,31.7,26.7,0,True,0.0,
3koaWT,61,20,CarrotHyrax,31.7,26.1,2,True,0.0,
3koaWT,61,21,CarrotHyrax,70.0,26.4,3,True,0.0,
3koaWT,61,22,CarrotHyrax,70.0,27.8,0,True,0.0,
3koaWT,61,23,CarrotHyrax,70.0,29.0,0,True,0.0,
3koaWT,61,24,CarrotHyrax,70.0,29.7,1,True,0.0,
3koaWT,61,25,CarrotHyrax,70.0,30.7,0,True,0.001,
3koaWT,61,26,CarrotHyrax,70.0,31.5,0,True,0.0,
3koaWT,61,27,CarrotHyrax,70.0,32.1,0,True,0.0,
3koaWT,61,28,CarrotHyrax,70.0,32.3,1,True,0.0,
3koaWT,61,29,CarrotHyrax,70.0,32.7,0,True,0.0,
3koaWT,61,30,CarrotHyrax,70.0,32.8,1,True,0.0,
3koaWT,61,31,CarrotHyrax,41.5,33.1,1,True,0.0,
3koaWT,61,32,CarrotHyrax,41.5,33.6,0,True,0.0,
3koaWT,61,33,CarrotHyrax,41.5,33.9,0,True,0.0,
3koaWT,61,34,CarrotHyrax,41.5,34.1,0,True,0.0,
3koaWT,61,35,CarrotHyrax,41.5,34.0,0,True,0.0,
3koaWT,61,36,CarrotHyrax,41.5,33.7,0,True,0.001,
3koaWT,61,37,CarrotHyrax,41.5,33.3,0,True,0.0,
3koaWT,61,38,CarrotHyrax,41.5,32.7,0,True,0.0,
3koaWT,61,39,CarrotHyrax,41.5,32.0,1,True,0.0,
3koaWT,61,40,CarrotHyrax,41.5,31.5,0,True,0.0,
3koaWT,61,41,CarrotHyrax,67.4,30.8,0,True,0.0,
3koaWT,61,42,CarrotHyrax,67.4,30.1,2,True,0.0,
3koaWT,61,43,CarrotHyrax,67.4,29.8,0,True,0.0,
3koaWT,61,44,CarrotHyrax,67.4,29.3,0,True,0.0,
3koaWT,61,45,CarrotHyrax,67.4,28.8,2,True,0.0,
3koaWT,61,46,CarrotHyrax,67.4,28.6,0,True,0.0,
3koaWT,61,47,CarrotHyrax,67.4,28.3,2,True,0.0,
3koaWT,61,48,CarrotHyrax,67.4,28.4,0,True,0.001,
3koaWT,61,49,CarrotHyrax,67.4,28.5,2,True,0.0,
3koaWT,61,50,CarrotHyrax,67.4,28.7,0,True,0.0,
3koaWT,61,51,CarrotHyrax,44.7,28.9,2,True,0.0,
3koaWT,61,52,CarrotHyrax,44.7,29.4,0,True,0.0,
3koaWT,61,53,CarrotHyrax,44.7,29.7,2,True,0.0,
3koaWT,61,54,CarrotHyrax,44.7,30.2,0,True,0.0,
3koaWT,61,55,CarrotHyrax,44.7,30.5,0,True,0.0,
3koaWT,61,56,CarrotHyrax,44.7,30.7,0,True,0.0,
3koaWT,61,57,CarrotHyrax,44.7,30.8,0,True,0.0,
3koaWT,61,58,CarrotHyrax,44.7,30.8,1,True,0.0,
3koaWT,61,59,CarrotHyrax,44.7,30.8,0,True,0.0,
3koaWT,61,60,CarrotHyrax,44.7,30.7,0,True,0.0,
3koaWT,61,61,CarrotHyrax,39.6,30.4,2,True,0.0,
3koaWT,61,62,CarrotHyrax,39.6,30.3,1,True,0.0,
3koaWT,61,63,CarrotHyrax,39.6,30.3,0,True,0.0,
3koaWT,61,64,CarrotHyrax,39.6,30.1,0,True,0.0,
3koaWT,61,65,CarrotHyrax,39.6,29.7,1,True,0.0,
3koaWT,61,66,CarrotHyrax,39.6,29.3,1,True,0.0,
3koaWT,61,67,CarrotHyrax,39.6,28.9,2,True,0.0,
3koaWT,61,68,CarrotHyrax,39.6,28.6,0,True,0.0,
3koaWT,61,69,CarrotHyrax,39.6,28.2,1,True,0.0,
3koaWT,61,70,CarrotHyrax,39.6,27.8,0,True,0.0,
3koaWT,61,71,CarrotHyrax,76.5,27.3,0,True,0.0,
3koaWT,61,72,CarrotHyrax,76.5,26.7,1,True,0.0,
3koaWT,61,73,CarrotHyrax,76.5,26.0,0,True,0.0,
3koaWT,61,74,CarrotHyrax,76.5,25.3,2,True,0.0,
3koaWT,61,75,CarrotHyrax,76.5,24.6,0,True,0.0,
3koaWT,61,76,CarrotHyrax,76.5,23.8,0,True,0.0,
3koaWT,61,77,CarrotHyrax,76.5,23.0,1,True,0.0,
3koaWT,61,78,CarrotHyrax,76.5,22.2,0,True,0.0,
3koaWT,61,79,CarrotHyrax,76.5,21.3,0,True,0.0,
3koaWT,61,80,CarrotHyrax,76.5,20.4,0,True,0.0,
3koaWT,61,81,CarrotHyrax,55.4,19.4,1,True,0.0,
3koaWT,61,82,CarrotHyrax,55.4,18.5,1,True,0.0,
3koaWT,61,83,CarrotHyrax,55.4,17.6,1,True,0.0,
3koaWT,61,84,CarrotHyrax,55.4,16.8,0,True,0.0,
3koaWT,61,85,CarrotHyrax,55.4,15.9,0,True,0.0,
3koaWT,61,86,CarrotHyrax,55.4,15.1,0,True,0.0,
3koaWT,61,87,CarrotHyrax,55.4,14.2,0,True,0.0,
3koaWT,61,88,CarrotHyrax,55.4,13.3,0,True,0.0,
3koaWT,61,89,CarrotHyrax,55.4,12.5,2,True,0.0,
3koaWT,61,90,CarrotHyrax,55.4,11.8,1,True,0.0,
3koaWT,61,91,CarrotHyrax,54.1,11.1,1,True,0.0,
3koaWT,61,92,CarrotHyrax,54.1,10.4,0,True,0.0,
3koaWT,61,93,CarrotHyrax,54.1,9.8,0,True,0.0,
3koaWT,61,94,CarrotHyrax,54.1,9.2,0,True,0.0,
3koaWT,61,95,CarrotHyrax,54.1,8.6,0,True,0.001,
3koaWT,61,96,CarrotHyrax,54.1,8.0,0,True,0.0,
3koaWT,61,97,CarrotHyrax,54.1,7.5,1,True,0.0,
3koaWT,61,98,CarrotHyrax,54.1,7.0,0,True,0.0,
3koaWT,61,99,CarrotHyrax,54.1,6.5,0,True,0.0,
3koaWT,61,100,CarrotHyrax,54.1,6.1,1,True,0.0,
3koaWT,62,1,CarrotHyrax,62.2,38.0,0,True,0.0,
3koaWT,62,2,CarrotHyrax,62.2,30.4,1,True,0.0,
3koaWT,62,3,CarrotHyrax,62.2,29.4,1,True,0.0,
3koaWT,62,4,CarrotHyrax,62.2,31.0,0,True,0.0,
3koaWT,62,5,CarrotHyrax,62.2,30.7,0,True,0.0,
3koaWT,62,6,CarrotHyrax,62.2,29.2,0,True,0.0,
3koaWT,62,7,CarrotHyrax,62.2,27.2,1,True,0.0,
3koaWT,62,8,CarrotHyrax,62.2,26.4,1,True,0.0,
3koaWT,62,9,CarrotHyrax,62.2,26.3,1,True,0.0,
3koaWT,62,10,CarrotHyrax,46.4,26.9,1,True,0.0,
3koaWT,62,11,CarrotHyrax,46.4,28.1,0,True,0.0,
3koaWT,62,12,CarrotHyrax,46.4,28.7,0,True,0.0,
3koaWT,62,13,CarrotHyrax,46.4,28.6,0,True,0.0,
3koaWT,62,14,CarrotHyrax,46.4,28.0,3,True,0.0,
3koaWT,62,15,CarrotHyrax,46.4,29.2,1,True,0.0,
3koaWT,62,16,CarrotHyrax,46.4,30.5,0,True,0.0,
3koaWT,62,17,CarrotHyrax,46.4,31.4,0,True,0.0,
3koaWT,62,18,CarrotHyrax,46.4,31.9,2,True,0.0,
3koaWT,62,19,CarrotHyrax,46.4,33.5,0,True,0.0,
3koaWT,62,20,CarrotHyrax,73.0,34.7,1,True,0.0,
3koaWT,62,21,CarrotHyrax,73.0,36.3,0,True,0.0,
3koaWT,62,22,CarrotHyrax,73.0,37.6,0,True,0.0,
3koaWT,62,23,CarrotHyrax,73.0,38.6,0,True,0.0,
3koaWT,62,24,CarrotHyrax,73.0,39.0,0,True,0.0,
3koaWT,62,25,CarrotHyrax,73.0,39.1,2,True,0.0,
3koaWT,62,26,CarrotHyrax,73.0,40.1,1,True,0.0,
3koaWT,62,27,CarrotHyrax,73.0,41.3,0,True,0.0,
3koaWT,62,28,CarrotHyrax,73.0,42.2,1,True,0.0,
3koaWT,62,29,CarrotHyrax,73.0,43.3,0,True,0.0,
3koaWT,62,30,CarrotHyrax,48.0,44.0,0,True,0.0,
3koaWT,62,31,CarrotHyrax,48.0,44.3,0,True,0.0,
3koaWT,62,32,CarrotHyrax,48.0,44.5,0,True,0.0,
3koaWT,62,33,CarrotHyrax,48.0,44.4,0,True,0.0,
3koaWT,62,34,CarrotHyrax,48.0,44.1,1,True,0.0,
3koaWT,62,35,CarrotHyrax,48.0,44.0,0,True,0.0,
3koaWT,62,36,CarrotHyrax,48.0,43.6,0,True,0.0,
3koaWT,62,37,CarrotHyrax,48.0,43.1,0,True,0.0,
3koaWT,62,38,CarrotHyrax,48.0,42.3,1,True,0.0,
3koaWT,62,39,CarrotHyrax,48.0,41.8,0,True,0.0,
3koaWT,62,40,CarrotHyrax,59.1,41.1,0,True,0.0,
3koaWT,62,41,CarrotHyrax,59.1,40.3,1,True,0.0,
3koaWT,62,42,CarrotHyrax,59.1,39.7,0,True,0.0,
3koaWT,62,43,CarrotHyrax,59.1,38.9,0,True,0.0,
3koaWT,62,44,CarrotHyrax,59.1,38.0,1,True,0.0,
3koaWT,62,45,CarrotHyrax,59.1,37.3,0,True,0.0,
3koaWT,62,46,CarrotHyrax,59.1,36.5,2,True,0.0,
3koaWT,62,47,CarrotHyrax,59.1,36.1,1,True,0.0,
3koaWT,62,48,CarrotHyrax,59.1,35.9,2,True,0.0,
3koaWT,62,49,CarrotHyrax,59.1,36.3,1,True,0.0,
3koaWT,62,50,CarrotHyrax,78.7,36.6,1,True,0.0,
3koaWT,62,51,CarrotHyrax,78.7,37.1,0,True,0.0,
3koaWT,62,52,CarrotHyrax,78.7,37.5,0,True,0.0,
3koaWT,62,53,CarrotHyrax,78.7,37.6,1,True,0.0,
3koaWT,62,54,CarrotHyrax,78.7,37.7,0,True,0.0,
3koaWT,62,55,CarrotHyrax,78.7,37.6,0,True,0.0,
3koaWT,62,56,CarrotHyrax,78.7,37.3,0,True,0.0,
3koaWT,62,57,CarrotHyrax,78.7,36.9,1,True,0.0,
3koaWT,62,58,CarrotHyrax,78.7,36.7,1,True,0.0,
3koaWT,62,59,CarrotHyrax,78.7,36.5,0,True,0.0,
3koaWT,62,60,CarrotHyrax,40.5,36.1,1,True,0.0,
3koaWT,62,61,CarrotHyrax,40.5,35.8,1,True,0.0,
3koaWT,62,62,CarrotHyrax,40.5,35.5,0,True,0.0,
3koaWT,62,63,CarrotHyrax,40.5,35.1,0,True,0.0,
3koaWT,62,64,CarrotHyrax,40.5,34.4,1,True,0.0,
3koaWT,62,65,CarrotHyrax,40.5,33.8,0,True,0.0,
3koaWT,62,66,CarrotHyrax,40.5,33.0,0,True,0.0,
3koaWT,62,67,CarrotHyrax,40.5,32.0,1,True,0.0,
3koaWT,62,68,CarrotHyrax,40.5,31.1,0,True,0.0,
3koaWT,62,69,CarrotHyrax,40.5,30.1,0,True,0.0,
3koaWT,62,70,CarrotHyrax,44.5,29.0,0,True,0.0,
3koaWT,62,71,CarrotHyrax,44.5,27.8,1,True,0.0,
3koaWT,62,72,CarrotHyrax,44.5,26.6,2,True,0.0,
3koaWT,62,73,CarrotHyrax,44.5,25.6,1,True,0.0,
3koaWT,62,74,CarrotHyrax,44.5,24.7,1,True,0.0,
3koaWT,62,75,CarrotHyrax,44.5,23.7,1,True,0.0,
3koaWT,62,76,CarrotHyrax,44.5,22.8,0,True,0.0,
3koaWT,62,77,CarrotHyrax,44.5,21.8,1,True,0.0,
3koaWT,62,78,CarrotHyrax,44.5,20.9,1,True,0.0,
3koaWT,62,79,CarrotHyrax,44.5,20.0,0,True,0.0,
3koaWT,62,80,CarrotHyrax,62.3,19.0,0,True,0.0,
3koaWT,62,81,CarrotHyrax,62.3,18.1,0,True,0.0,
3koaWT,62,82,CarrotHyrax,62.3,17.1,2,True,0.0,
3koaWT,62,83,CarrotHyrax,62.3,16.2,2,True,0.0,
3koaWT,62,84,CarrotHyrax,62.3,15.5,0,True,0.0,
3koaWT,62,85,CarrotHyrax,62.3,14.7,1,True,0.0,
3koaWT,62,86,CarrotHyrax,62.3,13.9,2,True,0.0,
3koaWT,62,87,CarrotHyrax,62.3,13.2,0,True,0.0,
3koaWT,62,88,CarrotHyrax,62.3,12.6,1,True,0.0,
3koaWT,62,89,CarrotHyrax,62.3,11.9,0,True,0.0,
3koaWT,62,90,CarrotHyrax,35.8,11.3,0,True,0.0,
3koaWT,62,91,CarrotHyrax,35.8,10.6,0,True,0.0,
3koaWT,62,92,CarrotHyrax,35.8,10.0,0,True,0.0,
3koaWT,62,93,CarrotHyrax,35.8,9.4,1,True,0.0,
3koaWT,62,94,CarrotHyrax,35.8,8.9,0,True,0.0,
3koaWT,62,95,CarrotHyrax,35.8,8.3,0,True,0.0,
3koaWT,62,96,CarrotHyrax,35.8,7.8,1,True,0.0,
3koaWT,62,97,CarrotHyrax,35.8,7.3,0,True,0.0,
3koaWT,62,98,CarrotHyrax,35.8,6.9,1,True,0.0,
3koaWT,62,99,CarrotHyrax,35.8,6.4,0,True,0.0,
3koaWT,62,100,CarrotHyrax,69.1,6.0,1,True,0.0,
3koaWT,63,1,CarrotHyrax,69.1,46.0,0,True,0.0,
3koaWT,63,2,CarrotHyrax,69.1,36.8,0,True,0.0,
3koaWT,63,3,CarrotHyrax,69.1,29.4,0,True,0.0,
3koaWT,63,4,CarrotHyrax,69.1,23.6,2,True,0.0,
3koaWT,63,5,CarrotHyrax,69.1,23.4,1,True,0.0,
3koaWT,63,6,CarrotHyrax,69.1,23.9,0,True,0.0,
3koaWT,63,7,CarrotHyrax,69.1,23.9,0,True,0.0,
3koaWT,63,8,CarrotHyrax,69.1,23.2,0,True,0.0,
3koaWT,63,9,CarrotHyrax,57.2,22.0,0,True,0.0,
3koaWT,63,10,CarrotHyrax,57.2,20.5,0,True,0.0,
3koaWT,63,11,CarrotHyrax,57.2,18.9,0,True,0.0,
3koaWT,63,12,CarrotHyrax,57.2,17.2,0,True,0.0,
3koaWT,63,13,CarrotHyrax,57.2,15.5,0,True,0.0,
3koaWT,63,14,CarrotHyrax,57.2,13.8,1,True,0.0,
3koaWT,63,15,CarrotHyrax,57.2,12.5,0,True,0.0,
3koaWT,63,16,CarrotHyrax,57.2,11.2,1,True,0.0,
3koaWT,63,17,CarrotHyrax,57.2,10.3,0,True,0.0,
3koaWT,63,18,CarrotHyrax,57.2,9.3,2,True,0.0,
3koaWT,63,19,CarrotHyrax,54.4,8.8,0,True,0.0,
3koaWT,63,20,CarrotHyrax,54.4,8.3,0,True,0.0,
3koaWT,63,21,CarrotHyrax,54.4,7.7,1,True,0.0,
3koaWT,63,22,CarrotHyrax,54.4,7.3,0,True,0.0,
3koaWT,63,23,CarrotHyrax,54.4,6.8,1,True,0.0,
3koaWT,63,24,CarrotHyrax,54.4,6.5,2,True,0.0,
3koaWT,63,25,CarrotHyrax,54.4,6.3,0,True,0.0,
3koaWT,63,26,CarrotHyrax,54.4,6.1,0,True,0.0,
3koaWT,63,27,CarrotHyrax,54.4,5.8,1,True,0.0,
3koaWT,63,28,CarrotHyrax,54.4,5.6,1,True,0.0,
3koaWT,63,29,CarrotHyrax,60.2,5.5,0,True,0.0,
3koaWT,63,30,CarrotHyrax,60.2,5.3,1,True,0.0,
3koaWT,63,31,CarrotHyrax,60.2,5.1,1,True,0.0,
3koaWT,63,32,CarrotHyrax,60.2,5.0,0,True,0.0,
3koaWT,63,33,CarrotHyrax,60.2,5.0,1,True,0.0,
3koaWT,63,34,CarrotHyrax,60.2,5.0,1,True,0.0,
3koaWT,63,35,CarrotHyrax,60.2,5.0,0,True,0.0,
3koaWT,63,36,CarrotHyrax,60.2,5.0,1,True,0.0,
3koaWT,63,37,CarrotHyrax,60.2,5.0,1,True,0.0,
3koaWT,63,38,CarrotHyrax,60.2,5.0,0,True,0.0,
3koaWT,63,39,CarrotHyrax,38.9,5.0,1,True,0.0,
3koaWT,63,40,CarrotHyrax,38.9,5.0,0,True,0.001,
3koaWT,63,41,CarrotHyrax,38.9,5.0,0,True,0.0,
3koaWT,63,42,CarrotHyrax,38.9,5.0,1,True,0.0,
3koaWT,63,43,CarrotHyrax,38.9,5.0,2,True,0.0,
3koaWT,63,44,CarrotHyrax,38.9,5.0,0,True,0.001,
3koaWT,63,45,CarrotHyrax,38.9,5.0,1,True,0.0,
3koaWT,63,46,CarrotHyrax,38.9,5.0,2,True,0.0,
3koaWT,63,47,CarrotHyrax,38.9,5.1,0,True,0.0,
3koaWT,63,48,CarrotHyrax,38.9,5.2,1,True,0.0,
3koaWT,63,49,CarrotHyrax,71.0,5.2,2,True,0.001,
3koaWT,63,50,CarrotHyrax,71.0,5.4,0,True,0.0,
3koaWT,63,51,CarrotHyrax,71.0,5.5,0,True,0.0,
3koaWT,63,52,CarrotHyrax,71.0,5.6,0,True,0.0,
3koaWT,63,53,CarrotHyrax,71.0,5.6,0,True,0.001,
3koaWT,63,54,CarrotHyrax,71.0,5.7,2,True,0.0,
3koaWT,63,55,CarrotHyrax,71.0,5.7,1,True,0.0,
3koaWT,63,56,CarrotHyrax,71.0,5.8,0,True,0.001,
3koaWT,63,57,CarrotHyrax,71.0,5.8,1,True,0.0,
3koaWT,63,58,CarrotHyrax,71.0,5.9,0,True,0.0,
3koaWT,63,59,CarrotHyrax,44.0,6.0,0,True,0.0,
3koaWT,63,60,CarrotHyrax,44.0,6.0,0,True,0.0,
3koaWT,63,61,CarrotHyrax,44.0,6.0,0,True,0.0,
3koaWT,63,62,CarrotHyrax,44.0,5.9,0,True,0.0,
3koaWT,63,63,CarrotHyrax,44.0,5.8,1,True,0.0,
3koaWT,63,64,CarrotHyrax,44.0,5.8,0,True,0.0,
3koaWT,63,65,CarrotHyrax,44.0,5.7,0,True,0.0,
3koaWT,63,66,CarrotHyrax,44.0,5.5,1,True,0.0,
3koaWT,63,67,CarrotHyrax,44.0,5.4,1,True,0.0,
3koaWT,63,68,CarrotHyrax,44.0,5.3,0,True,0.0,
3koaWT,63,69,CarrotHyrax,59.7,5.1,0,True,0.0,
3koaWT,63,70,CarrotHyrax,59.7,5.0,0,True,0.0,
3koaWT,63,71,CarrotHyrax,59.7,5.0,0,True,0.0,
3koaWT,63,72,CarrotHyrax,59.7,5.0,1,True,0.0,
3koaWT,63,73,CarrotHyrax,59.7,5.0,0,True,0.0,
3koaWT,63,74,CarrotHyrax,59.7,5.0,1,True,0.0,
3koaWT,63,75,CarrotHyrax,59.7,5.0,0,True,0.0,
3koaWT,63,76,CarrotHyrax,59.7,5.0,0,True,0.0,
3koaWT,63,77,CarrotHyrax,59.7,5.0,0,True,0.001,
3koaWT,63,78,CarrotHyrax,59.7,5.0,0,True,0.0,
3koaWT,63,79,CarrotHyrax,56.8,5.0,0,True,0.0,
3koaWT,63,80,CarrotHyrax,56.8,5.0,0,True,0.0,
3koaWT,63,81,CarrotHyrax,56.8,5.0,0,True,0.0,
3koaWT,63,82,CarrotHyrax,56.8,5.0,3,True,0.0,
3koaWT,63,83,CarrotHyrax,56.8,5.0,0,True,0.0,
3koaWT,63,84,CarrotHyrax,56.8,5.0,0,True,0.0,
3koaWT,63,85,CarrotHyrax,56.8,5.0,0,True,0.0,
3koaWT,63,86,CarrotHyrax,56.8,5.0,0,True,0.0,
3koaWT,63,87,CarrotHyrax,56.8,5.0,0,True,0.0,
3koaWT,63,88,CarrotHyrax,56.8,5.0,1,True,0.0,
3koaWT,63,89,CarrotHyrax,44.5,5.0,0,True,0.0,
3koaWT,63,90,CarrotHyrax,44.5,5.0,0,True,0.0,
3koaWT,63,91,CarrotHyrax,44.5,5.0,0,True,0.0,
3koaWT,63,92,CarrotHyrax,44.5,5.0,0,True,0.0,
3koaWT,63,93,CarrotHyrax,44.5,5.0,0,True,0.0,
3koaWT,63,94,CarrotHyrax,44.5,5.0,0,True,0.0,
3koaWT,63,95,CarrotHyrax,44.5,5.0,1,True,0.0,
3koaWT,63,96,CarrotHyrax,44.5,5.0,1,True,0.001,
3koaWT,63,97,CarrotHyrax,44.5,5.0,2,True,0.0,
3koaWT,63,98,CarrotHyrax,44.5,5.0,1,True,0.0,
3koaWT,63,99,CarrotHyrax,60.1,5.0,0,True,0.001,
3koaWT,63,100,CarrotHyrax,60.1,5.0,1,True,0.001,
3koaWT,64,1,CarrotHyrax,60.1,33.0,0,True,0.0,
3koaWT,64,2,CarrotHyrax,60.1,26.4,0,True,0.0,
3koaWT,64,3,CarrotHyrax,60.1,21.1,0,True,0.0,
3koaWT,64,4,CarrotHyrax,60.1,16.9,0,True,0.0,
3koaWT,64,5,CarrotHyrax,60.1,13.5,0,True,0.0,
3koaWT,64,6,CarrotHyrax,60.1,10.8,0,True,0.0,
3koaWT,64,7,CarrotHyrax,60.1,8.7,1,True,0.0,
3koaWT,64,8,CarrotHyrax,59.4,7.4,0,True,0.0,
3koaWT,64,9,CarrotHyrax,59.4,6.3,1,True,0.0,
3koaWT,64,10,CarrotHyrax,59.4,5.6,0,True,0.0,
3koaWT,64,11,CarrotHyrax,59.4,5.0,0,True,0.0,
3koaWT,64,12,CarrotHyrax,59.4,5.0,0,True,0.0,
3koaWT,64,13,CarrotHyrax,59.4,5.0,1,True,0.0,
3koaWT,64,14,CarrotHyrax,59.4,5.0,0,True,0.0,
3koaWT,64,15,CarrotHyrax,59.4,5.0,0,True,0.0,
3koaWT,64,16,CarrotHyrax,59.4,5.0,2,True,0.0,
3koaWT,64,17,CarrotHyrax,59.4,5.0,0,True,0.0,
3koaWT,64,18,CarrotHyrax,66.9,5.0,0,True,0.0,
3koaWT,64,19,CarrotHyrax,66.9,5.0,0,True,0.001,
3koaWT,64,20,CarrotHyrax,66.9,5.0,0,True,0.0,
3koaWT,64,21,CarrotHyrax,66.9,5.0,0,True,0.0,
3koaWT,64,22,CarrotHyrax,66.9,5.0,0,True,0.0,
3koaWT,64,23,CarrotHyrax,66.9,5.0,1,True,0.0,
3koaWT,64,24,CarrotHyrax,66.9,5.0,0,True,0.0,
3koaWT,64,25,CarrotHyrax,66.9,5.0,0,True,0.0,
3koaWT,64,26,CarrotHyrax,66.9,5.0,1,True,0.0,
3koaWT,64,27,CarrotHyrax,66.9,5.0,0,True,0.0,
3koaWT,64,28,CarrotHyrax,38.0,5.0,0,True,0.0,
3koaWT,64,29,CarrotHyrax,38.0,5.0,1,True,0.0,
3koaWT,64,30,CarrotHyrax,38.0,5.0,0,True,0.0,
3koaWT,64,31,CarrotHyrax,38.0,5.0,0,True,0.0,
3koaWT,64,32,CarrotHyrax,38.0,5.0,0,True,0.001,
3koaWT,64,33,CarrotHyrax,38.0,5.0,0,True,0.0,
3koaWT,64,34,CarrotHyrax,38.0,5.0,1,True,0.0,
3koaWT,64,35,CarrotHyrax,38.0,5.0,1,True,0.0,
3koaWT,64,36,CarrotHyrax,38.0,5.0,0,True,0.0,
3koaWT,64,37,CarrotHyrax,38.0,5.0,1,True,0.0,
3koaWT,64,38,CarrotHyrax,50.4,5.0,0,True,0.0,
3koaWT,64,39,CarrotHyrax,50.4,5.0,0,True,0.0,
3koaWT,64,40,CarrotHyrax,50.4,5.0,0,True,0.0,
3koaWT,64,41,CarrotHyrax,50.4,5.0,0,True,0.0,
3koaWT,64,42,CarrotHyrax,50.4,5.0,0,True,0.0,
3koaWT,64,43,CarrotHyrax,50.4,5.0,1,True,0.0,
3koaWT,64,44,CarrotHyrax,50.4,5.0,0,True,0.0,
3koaWT,64,45,CarrotHyrax,50.4,5.0,0,True,0.0,
3koaWT,64,46,CarrotHyrax,50.4,5.0,1,True,0.0,
3koaWT,64,47,CarrotHyrax,50.4,5.0,0,True,0.0,
3koaWT,64,48,CarrotHyrax,77.3,5.0,0,True,0.0,
3koaWT,64,49,CarrotHyrax,77.3,5.0,0,True,0.0,
3koaWT,64,50,CarrotHyrax,77.3,5.0,0,True,0.0,
3koaWT,64,51,CarrotHyrax,77.3,5.0,0,True,0.0,
3koaWT,64,52,CarrotHyrax,77.3,5.0,0,True,0.001,
3koaWT,64,53,CarrotHyrax,77.3,5.0,0,True,0.0,
3koaWT,64,54,CarrotHyrax,77.3,5.0,0,True,0.0,
3koaWT,64,55,CarrotHyrax,77.3,5.0,0,True,0.0,
3koaWT,64,56,CarrotHyrax,77.3,5.0,0,True,0.0,
3koaWT,64,57,CarrotHyrax,77.3,5.0,0,True,0.0,
3koaWT,64,58,CarrotHyrax,75.5,5.0,0,True,0.0,
3koaWT,64,59,CarrotHyrax,75.5,5.0,1,True,0.0,
3koaWT,64,60,CarrotHyrax,75.5,5.0,0,True,0.0,
3koaWT,64,61,CarrotHyrax,75.5,5.0,0,True,0.0,
3koaWT,64,62,CarrotHyrax,75.5,5.0,0,True,0.0,
3koaWT,64,63,CarrotHyrax,75.5,5.0,0,True,0.0,
3koaWT,64,64,CarrotHyrax,75.5,5.0,1,True,0.0,
3koaWT,64,65,CarrotHyrax,75.5,5.0,0,True,0.0,
3koaWT,64,66,CarrotHyrax,75.5,5.0,1,True,0.0,
3koaWT,64,67,CarrotHyrax,75.5,5.0,1,True,0.0,
3koaWT,64,68,CarrotHyrax,79.2,5.0,1,True,0.0,
3koaWT,64,69,CarrotHyrax,79.2,5.0,1,True,0.0,
3koaWT,64,70,CarrotHyrax,79.2,5.0,1,True,0.0,
3koaWT,64,71,CarrotHyrax,79.2,5.0,0,True,0.0,
3koaWT,64,72,CarrotHyrax,79.2,5.0,1,True,0.0,
3koaWT,64,73,CarrotHyrax,79.2,5.0,1,True,0.0,
3koaWT,64,74,CarrotHyrax,79.2,5.0,1,True,0.0,
3koaWT,64,75,CarrotHyrax,79.2,5.0,0,True,0.0,
3koaWT,64,76,CarrotHyrax,79.2,5.0,0,True,0.0,
3koaWT,64,77,CarrotHyrax,79.2,5.0,1,True,0.0,
3koaWT,64,78,CarrotHyrax,67.6,5.0,0,True,0.0,
3koaWT,64,79,CarrotHyrax,67.6,5.0,1,True,0.0,
3koaWT,64,80,CarrotHyrax,67.6,5.0,2,True,0.0,
3koaWT,64,81,CarrotHyrax,67.6,5.0,0,True,0.0,
3koaWT,64,82,CarrotHyrax,67.6,5.0,0,True,0.0,
3koaWT,64,83,CarrotHyrax,67.6,5.0,1,True,0.0,
3koaWT,64,84,CarrotHyrax,67.6,5.0,1,True,0.0,
3koaWT,64,85,CarrotHyrax,67.6,5.0,1,True,0.0,
3koaWT,64,86,CarrotHyrax,67.6,5.0,0,True,0.0,
3koaWT,64,87,CarrotHyrax,67.6,5.0,1,True,0.0,
3koaWT,64,88,CarrotHyrax,70.5,5.0,0,True,0.0,
3koaWT,64,89,CarrotHyrax,70.5,5.0,0,True,0.0,
3koaWT,64,90,CarrotHyrax,70.5,5.0,1,True,0.0,
3koaWT,64,91,CarrotHyrax,70.5,5.0,0,True,0.0,
3koaWT,64,92,CarrotHyrax,70.5,5.0,1,True,0.0,
3koaWT,64,93,CarrotHyrax,70.5,5.0,0,True,0.0,
3koaWT,64,94,CarrotHyrax,70.5,5.0,1,True,0.0,
3koaWT,64,95,CarrotHyrax,70.5,5.0,1,True,0.0,
3koaWT,64,96,CarrotHyrax,70.5,5.0,1,True,0.0,
3koaWT,64,97,CarrotHyrax,70.5,5.0,1,True,0.0,
3koaWT,64,98,CarrotHyrax,77.6,5.0,1,True,0.0,
3koaWT,64,99,CarrotHyrax,77.6,5.0,0,True,0.0,
3koaWT,64,100,CarrotHyrax,77.6,5.0,0,True,0.0,
3koaWT,65,1,CarrotHyrax,77.6,75.0,0,True,0.0,
3koaWT,65,2,CarrotHyrax,77.6,60.0,0,True,0.0,
3koaWT,65,3,CarrotHyrax,77.6,48.0,0,True,0.0,
3koaWT,65,4,CarrotHyrax,77.6,38.4,0,True,0.0,
3koaWT,65,5,CarrotHyrax,77.6,30.7,0,True,0.0,
3koaWT,65,6,CarrotHyrax,77.6,24.6,1,True,0.0,
3koaWT,65,7,CarrotHyrax,43.9,21.3,0,True,0.0,
3koaWT,65,8,CarrotHyrax,43.9,18.3,1,True,0.0,
3koaWT,65,9,CarrotHyrax,43.9,16.4,0,True,0.0,
3koaWT,65,10,CarrotHyrax,43.9,14.6,1,True,0.0,
3koaWT,65,11,CarrotHyrax,43.9,13.4,0,True,0.0,
3koaWT,65,12,CarrotHyrax,43.9,12.2,0,True,0.0,
3koaWT,65,13,CarrotHyrax,43.9,11.0,0,True,0.0,
3koaWT,65,14,CarrotHyrax,43.9,9.8,1,True,0.0,
3koaWT,65,15,CarrotHyrax,43.9,8.9,1,True,0.001,
3koaWT,65,16,CarrotHyrax,43.9,8.2,0,True,0.0,
3koaWT,65,17,CarrotHyrax,50.9,7.5,0,True,0.0,
3koaWT,65,18,CarrotHyrax,50.9,6.8,2,True,0.0,
3koaWT,65,19,CarrotHyrax,50.9,6.4,2,True,0.0,
3koaWT,65,20,CarrotHyrax,50.9,6.3,1,True,0.0,
3koaWT,65,21,CarrotHyrax,50.9,6.2,0,True,0.0,
3koaWT,65,22,CarrotHyrax,50.9,6.1,0,True,0.001,
3koaWT,65,23,CarrotHyrax,50.9,5.9,2,True,0.0,
3koaWT,65,24,CarrotHyrax,50.9,5.9,1,True,0.0,
3koaWT,65,25,CarrotHyrax,50.9,5.9,0,True,0.0,
3koaWT,65,26,CarrotHyrax,50.9,5.9,0,True,0.0,
3koaWT,65,27,CarrotHyrax,77.4,5.8,1,True,0.0,
3koaWT,65,28,CarrotHyrax,77.4,5.8,0,True,0.0,
3koaWT,65,29,CarrotHyrax,77.4,5.7,0,True,0.0,
3koaWT,65,30,CarrotHyrax,77.4,5.6,0,True,0.0,
3koaWT,65,31,CarrotHyrax,77.4,5.4,0,True,0.0,
3koaWT,65,32,CarrotHyrax,77.4,5.2,1,True,0.0,
3koaWT,65,33,CarrotHyrax,77.4,5.1,1,True,0.0,
3koaWT,65,34,CarrotHyrax,77.4,5.0,0,True,0.0,
3koaWT,65,35,CarrotHyrax,77.4,5.0,0,True,0.0,
3koaWT,65,36,CarrotHyrax,77.4,5.0,1,True,0.0,
3koaWT,65,37,CarrotHyrax,73.5,5.0,0,True,0.0,
3koaWT,65,38,CarrotHyrax,73.5,5.0,2,True,0.0,
3koaWT,65,39,CarrotHyrax,73.5,5.0,1,True,0.0,
3koaWT,65,40,CarrotHyrax,73.5,5.0,1,True,0.0,
3koaWT,65,41,CarrotHyrax,73.5,5.0,0,True,0.0,
3koaWT,65,42,CarrotHyrax,73.5,5.0,0,True,0.0,
3koaWT,65,43,CarrotHyrax,73.5,5.0,2,True,0.0,
3koaWT,65,44,CarrotHyrax,73.5,5.0,1,True,0.0,
3koaWT,65,45,CarrotHyrax,73.5,5.1,0,True,0.0,
3koaWT,65,46,CarrotHyrax,73.5,5.1,0,True,0.0,
3koaWT,65,47,CarrotHyrax,73.2,5.1,2,True,0.0,
3koaWT,65,48,CarrotHyrax,73.2,5.1,0,True,0.0,
3koaWT,65,49,CarrotHyrax,73.2,5.2,0,True,0.0,
3koaWT,65,50,CarrotHyrax,73.2,5.2,0,True,0.0,
3koaWT,65,51,CarrotHyrax,73.2,5.2,0,True,0.0,
3koaWT,65,52,CarrotHyrax,73.2,5.1,1,True,0.0,
3koaWT,65,53,CarrotHyrax,73.2,5.1,1,True,0.0,
3koaWT,65,54,CarrotHyrax,73.2,5.1,0,True,0.0,
3koaWT,65,55,CarrotHyrax,73.2,5.0,0,True,0.0,
3koaWT,65,56,CarrotHyrax,73.2,5.0,1,True,0.0,
3koaWT,65,57,CarrotHyrax,31.0,5.0,1,True,0.0,
3koaWT,65,58,CarrotHyrax,31.0,5.0,1,True,0.0,
3koaWT,65,59,CarrotHyrax,31.0,5.0,0,True,0.0,
3koaWT,65,60,CarrotHyrax,31.0,5.0,1,True,0.0,
3koaWT,65,61,CarrotHyrax,31.0,5.0,0,True,0.0,
3koaWT,65,62,CarrotHyrax,31.0,5.0,0,True,0.0,
3koaWT,65,63,CarrotHyrax,31.0,5.0,1,True,0.0,
3koaWT,65,64,CarrotHyrax,31.0,5.0,0,True,0.0,
3koaWT,65,65,CarrotHyrax,31.0,5.0,2,True,0.0,
3koaWT,65,66,CarrotHyrax,31.0,5.0,0,True,0.0,
3koaWT,65,67,CarrotHyrax,47.4,5.0,0,True,0.0,
3koaWT,65,68,CarrotHyrax,47.4,5.0,0,True,0.0,
3koaWT,65,69,CarrotHyrax,47.4,5.0,1,True,0.0,
3koaWT,65,70,CarrotHyrax,47.4,5.0,0,True,0.0,
3koaWT,65,71,CarrotHyrax,47.4,5.0,1,True,0.0,
3koaWT,65,72,CarrotHyrax,47.4,5.0,0,True,0.0,
3koaWT,65,73,CarrotHyrax,47.4,5.0,1,True,0.0,
3koaWT,65,74,CarrotHyrax,47.4,5.0,0,True,0.0,
3koaWT,65,75,CarrotHyrax,47.4,5.0,1,True,0.0,
3koaWT,65,76,CarrotHyrax,47.4,5.0,0,True,0.0,
3koaWT,65,77,CarrotHyrax,79.5,5.0,2,True,0.0,
3koaWT,65,78,CarrotHyrax,79.5,5.0,1,True,0.0,
3koaWT,65,79,CarrotHyrax,79.5,5.0,1,True,0.0,
3koaWT,65,80,CarrotHyrax,79.5,5.0,2,True,0.0,
3koaWT,65,81,CarrotHyrax,79.5,5.0,0,True,0.0,
3koaWT,65,82,CarrotHyrax,79.5,5.0,0,True,0.001,
3koaWT,65,83,CarrotHyrax,79.5,5.0,1,True,0.0,
3koaWT,65,84,CarrotHyrax,79.5,5.0,1,True,0.001,
3koaWT,65,85,CarrotHyrax,79.5,5.0,0,True,0.0,
3koaWT,65,86,CarrotHyrax,79.5,5.0,1,True,0.0,
3koaWT,65,87,CarrotHyrax,78.0,5.0,0,True,0.0,
3koaWT,65,88,CarrotHyrax,78.0,5.0,0,True,0.0,
3koaWT,65,89,CarrotHyrax,78.0,5.0,2,True,0.0,
3koaWT,65,90,CarrotHyrax,78.0,5.0,2,True,0.0,
3koaWT,65,91,CarrotHyrax,78.0,5.0,0,True,0.0,
3koaWT,65,92,CarrotHyrax,78.0,5.0,1,True,0.002,
3koaWT,65,93,CarrotHyrax,78.0,5.0,0,True,0.001,
3koaWT,65,94,CarrotHyrax,78.0,5.0,2,True,0.001,
3koaWT,65,95,CarrotHyrax,78.0,5.0,2,True,0.005,
3koaWT,65,96,CarrotHyrax,78.0,5.0,0,True,0.0,
3koaWT,65,97,CarrotHyrax,31.1,5.0,0,True,0.0,
3koaWT,65,98,CarrotHyrax,31.1,5.0,2,True,0.001,
3koaWT,65,99,CarrotHyrax,31.1,5.0,2,True,0.009,
3koaWT,65,100,CarrotHyrax,31.1,5.0,0,True,0.0,
3koaWT,66,1,CarrotHyrax,31.1,57.0,0,True,0.0,
3koaWT,66,2,CarrotHyrax,31.1,45.6,0,True,0.0,
3koaWT,66,3,CarrotHyrax,31.1,36.5,0,True,0.0,
3koaWT,66,4,CarrotHyrax,31.1,29.2,0,True,0.0,
3koaWT,66,5,CarrotHyrax,31.1,23.3,1,True,0.003,
3koaWT,66,6,CarrotHyrax,55.0,20.4,0,True,0.0,
3koaWT,66,7,CarrotHyrax,55.0,17.7,1,True,0.0,
3koaWT,66,8,CarrotHyrax,55.0,16.2,0,True,0.0,
3koaWT,66,9,CarrotHyrax,55.0,14.5,0,True,0.0,
3koaWT,66,10,CarrotHyrax,55.0,12.9,0,True,0.002,
3koaWT,66,11,CarrotHyrax,55.0,11.4,0,True,0.001,
3koaWT,66,12,CarrotHyrax,55.0,9.9,1,True,0.005,
3koaWT,66,13,CarrotHyrax,55.0,8.9,0,True,0.001,
3koaWT,66,14,CarrotHyrax,55.0,7.9,1,True,0.0,
3koaWT,66,15,CarrotHyrax,55.0,7.2,0,True,0.0,
3koaWT,66,16,CarrotHyrax,41.9,6.5,0,True,0.018,
3koaWT,66,17,CarrotHyrax,41.9,5.8,1,True,0.002,
3koaWT,66,18,CarrotHyrax,41.9,5.2,2,True,0.0,
3koaWT,66,19,CarrotHyrax,41.9,5.0,0,True,0.001,
3koaWT,66,20,CarrotHyrax,41.9,5.0,2,True,0.0,
3koaWT,66,21,CarrotHyrax,41.9,5.0,0,True,0.001,
3koaWT,66,22,CarrotHyrax,41.9,5.0,0,True,0.001,
3koaWT,66,23,CarrotHyrax,41.9,5.0,1,True,0.0,
3koaWT,66,24,CarrotHyrax,41.9,5.0,0,True,0.0,
3koaWT,66,25,CarrotHyrax,41.9,5.0,2,True,0.0,
3koaWT,66,26,CarrotHyrax,52.6,5.0,1,True,0.001,
3koaWT,66,27,CarrotHyrax,52.6,5.0,1,True,0.001,
3koaWT,66,28,CarrotHyrax,52.6,5.0,0,True,0.0,
3koaWT,66,29,CarrotHyrax,52.6,5.0,1,True,0.0,
3koaWT,66,30,CarrotHyrax,52.6,5.0,0,True,0.0,
3koaWT,66,31,CarrotHyrax,52.6,5.0,0,True,0.0,
3koaWT,66,32,CarrotHyrax,52.6,5.0,0,True,0.0,
3koaWT,66,33,CarrotHyrax,52.6,5.0,2,True,0.001,
3koaWT,66,34,CarrotHyrax,52.6,5.0,0,True,0.0,
3koaWT,66,35,CarrotHyrax,52.6,5.0,0,True,0.001,
3koaWT,66,36,CarrotHyrax,76.0,5.0,1,True,0.0,
3koaWT,66,37,CarrotHyrax,76.0,5.0,0,True,0.001,
3koaWT,66,38,CarrotHyrax,76.0,5.0,0,True,0.001,
3koaWT,66,39,CarrotHyrax,76.0,5.0,0,True,0.0,
3koaWT,66,40,CarrotHyrax,76.0,5.0,0,True,0.0,
3koaWT,66,41,CarrotHyrax,76.0,5.0,0,True,0.001,
3koaWT,66,42,CarrotHyrax,76.0,5.0,0,True,0.001,
3koaWT,66,43,CarrotHyrax,76.0,5.0,0,True,0.0,
3koaWT,66,44,CarrotHyrax,76.0,5.0,0,True,0.0,
3koaWT,66,45,CarrotHyrax,76.0,5.0,2,True,0.0,
3koaWT,66,46,CarrotHyrax,46.5,5.0,1,True,0.001,
3koaWT,66,47,CarrotHyrax,46.5,5.0,0,True,0.0,
3koaWT,66,48,CarrotHyrax,46.5,5.0,0,True,0.0,
3koaWT,66,49,CarrotHyrax,46.5,5.0,0,True,0.0,
3koaWT,66,50,CarrotHyrax,46.5,5.0,0,True,0.001,
3koaWT,66,51,CarrotHyrax,46.5,5.0,1,True,0.001,
3koaWT,66,52,CarrotHyrax,46.5,5.0,1,True,0.0,
3koaWT,66,53,CarrotHyrax,46.5,5.0,0,True,0.0,
3koaWT,66,54,CarrotHyrax,46.5,5.0,1,True,0.0,
3koaWT,66,55,CarrotHyrax,46.5,5.0,0,True,0.0,
3koaWT,66,56,CarrotHyrax,55.0,5.0,0,True,0.0,
3koaWT,66,57,CarrotHyrax,55.0,5.0,0,True,0.0,
3koaWT,66,58,CarrotHyrax,55.0,5.0,0,True,0.0,
3koaWT,66,59,CarrotHyrax,55.0,5.0,1,True,0.0,
3koaWT,66,60,CarrotHyrax,55.0,5.0,1,True,0.0,
3koaWT,66,61,CarrotHyrax,55.0,5.0,0,True,0.0,
3koaWT,66,62,CarrotHyrax,55.0,5.0,0,True,0.0,
3koaWT,66,63,CarrotHyrax,55.0,5.0,0,True,0.0,
3koaWT,66,64,CarrotHyrax,55.0,5.0,0,True,0.0,
3koaWT,66,65,CarrotHyrax,55.0,5.0,0,True,0.0,
3koaWT,66,66,CarrotHyrax,45.5,5.0,0,True,0.0,
3koaWT,66,67,CarrotHyrax,45.5,5.0,0,True,0.0,
3koaWT,66,68,CarrotHyrax,45.5,5.0,1,True,0.0,
3koaWT,66,69,CarrotHyrax,45.5,5.0,0,True,0.0,
3koaWT,66,70,CarrotHyrax,45.5,5.0,0,True,0.001,
3koaWT,66,71,CarrotHyrax,45.5,5.0,0,True,0.0,
3koaWT,66,72,CarrotHyrax,45.5,5.0,0,True,0.0,
3koaWT,66,73,CarrotHyrax,45.5,5.0,1,True,0.0,
3koaWT,66,74,CarrotHyrax,45.5,5.0,3,True,0.0,
3koaWT,66,75,CarrotHyrax,45.5,5.0,1,True,0.0,
3koaWT,66,76,CarrotHyrax,79.3,5.0,0,True,0.0,
3koaWT,66,77,CarrotHyrax,79.3,5.0,2,True,0.0,
3koaWT,66,78,CarrotHyrax,79.3,5.0,0,True,0.0,
3koaWT,66,79,CarrotHyrax,79.3,5.0,1,True,0.0,
3koaWT,66,80,CarrotHyrax,79.3,5.0,0,True,0.0,
3koaWT,66,81,CarrotHyrax,79.3,5.0,2,True,0.0,
3koaWT,66,82,CarrotHyrax,79.3,5.0,0,True,0.001,
3koaWT,66,83,CarrotHyrax,79.3,5.0,0,True,0.0,
3koaWT,66,84,CarrotHyrax,79.3,5.0,0,True,0.0,
3koaWT,66,85,CarrotHyrax,79.3,5.0,0,True,0.0,
3koaWT,66,86,CarrotHyrax,66.5,5.0,1,True,0.0,
3koaWT,66,87,CarrotHyrax,66.5,5.0,0,True,0.0,
3koaWT,66,88,CarrotHyrax,66.5,5.0,2,True,0.0,
3koaWT,66,89,CarrotHyrax,66.5,5.0,0,True,0.0,
3koaWT,66,90,CarrotHyrax,66.5,5.0,0,True,0.0,
3koaWT,66,91,CarrotHyrax,66.5,5.0,0,True,0.0,
3koaWT,66,92,CarrotHyrax,66.5,5.0,0,True,0.0,
3koaWT,66,93,CarrotHyrax,66.5,5.0,2,True,0.0,
3koaWT,66,94,CarrotHyrax,66.5,5.0,1,True,0.0,
3koaWT,66,95,CarrotHyrax,66.5,5.0,1,True,0.0,
3koaWT,66,96,CarrotHyrax,38.8,5.0,0,True,0.0,
3koaWT,66,97,CarrotHyrax,38.8,5.0,1,True,0.0,
3koaWT,66,98,CarrotHyrax,38.8,5.0,0,True,0.0,
3koaWT,66,99,CarrotHyrax,38.8,5.0,1,True,0.0,
3koaWT,66,100,CarrotHyrax,38.8,5.0,0,True,0.0,
3koaWT,67,1,CarrotHyrax,38.8,57.0,0,True,0.0,
3koaWT,67,2,CarrotHyrax,38.8,45.6,0,True,0.0,
3koaWT,67,3,CarrotHyrax,38.8,36.5,1,True,0.0,
3koaWT,67,4,CarrotHyrax,38.8,33.8,0,True,0.001,
3koaWT,67,5,CarrotHyrax,68.5,30.3,0,True,0.0,
3koaWT,67,6,CarrotHyrax,68.5,26.5,0,True,0.0,
3koaWT,67,7,CarrotHyrax,68.5,23.0,0,True,0.0,
3koaWT,67,8,CarrotHyrax,68.5,19.7,0,True,0.0,
3koaWT,67,9,CarrotHyrax,68.5,16.7,0,True,0.0,
3koaWT,67,10,CarrotHyrax,68.5,14.1,0,True,0.0,
3koaWT,67,11,CarrotHyrax,68.5,11.9,1,True,0.0,
3koaWT,67,12,CarrotHyrax,68.5,10.4,1,True,0.0,
3koaWT,67,13,CarrotHyrax,68.5,9.3,0,True,0.0,
3koaWT,67,14,CarrotHyrax,68.5,8.3,0,True,0.0,
3koaWT,67,15,CarrotHyrax,62.4,7.3,0,True,0.0,
3koaWT,67,16,CarrotHyrax,62.4,6.4,0,True,0.0,
3koaWT,67,17,CarrotHyrax,62.4,5.5,0,True,0.0,
3koaWT,67,18,CarrotHyrax,62.4,5.0,0,True,0.0,
3koaWT,67,19,CarrotHyrax,62.4,5.0,2,True,0.0,
3koaWT,67,20,CarrotHyrax,62.4,5.0,0,True,0.0,
3koaWT,67,21,CarrotHyrax,62.4,5.0,1,True,0.0,
3koaWT,67,22,CarrotHyrax,62.4,5.0,0,True,0.0,
3koaWT,67,23,CarrotHyrax,62.4,5.0,2,True,0.0,
3koaWT,67,24,CarrotHyrax,62.4,5.0,0,True,0.0,
3koaWT,67,25,CarrotHyrax,57.6,5.0,0,True,0.0,
3koaWT,67,26,CarrotHyrax,57.6,5.0,1,True,0.0,
3koaWT,67,27,CarrotHyrax,57.6,5.0,1,True,0.0,
3koaWT,67,28,CarrotHyrax,57.6,5.0,0,True,0.0,
3koaWT,67,29,CarrotHyrax,57.6,5.0,0,True,0.0,
3koaWT,67,30,CarrotHyrax,57.6,5.0,0,True,0.0,
3koaWT,67,31,CarrotHyrax,57.6,5.0,2,True,0.0,
3koaWT,67,32,CarrotHyrax,57.6,5.0,0,True,0.0,
3koaWT,67,33,CarrotHyrax,57.6,5.0,1,True,0.0,
3koaWT,67,34,CarrotHyrax,57.6,5.0,0,True,0.0,
3koaWT,67,35,CarrotHyrax,36.6,5.0,0,True,0.0,
3koaWT,67,36,CarrotHyrax,36.6,5.0,0,True,0.0,
3koaWT,67,37,CarrotHyrax,36.6,5.0,0,True,0.0,
3koaWT,67,38,CarrotHyrax,36.6,5.0,2,True,0.001,
3koaWT,67,39,CarrotHyrax,36.6,5.0,0,True,0.0,
3koaWT,67,40,CarrotHyrax,36.6,5.0,1,True,0.0,
3koaWT,67,41,CarrotHyrax,36.6,5.0,0,True,0.0,
3koaWT,67,42,CarrotHyrax,36.6,5.0,0,True,0.0,
3koaWT,67,43,CarrotHyrax,36.6,5.0,0,True,0.0,
3koaWT,67,44,CarrotHyrax,36.6,5.0,0,True,0.0,
3koaWT,67,45,CarrotHyrax,55.1,5.0,1,True,0.0,
3koaWT,67,46,CarrotHyrax,55.1,5.0,0,True,0.0,
3koaWT,67,47,CarrotHyrax,55.1,5.0,0,True,0.0,
3koaWT,67,48,CarrotHyrax,55.1,5.0,0,True,0.0,
3koaWT,67,49,CarrotHyrax,55.1,5.0,0,True,0.001,
3koaWT,67,50,CarrotHyrax,55.1,5.0,1,True,0.0,
3koaWT,67,51,CarrotHyrax,55.1,5.0,0,True,0.0,
3koaWT,67,52,CarrotHyrax,55.1,5.0,1,True,0.0,
3koaWT,67,53,CarrotHyrax,55.1,5.0,0,True,0.0,
3koaWT,67,54,CarrotHyrax,55.1,5.0,0,True,0.0,
3koaWT,67,55,CarrotHyrax,76.8,5.0,1,True,0.0,
3koaWT,67,56,CarrotHyrax,76.8,5.0,0,True,0.0,
3koaWT,67,57,CarrotHyrax,76.8,5.0,0,True,0.0,
3koaWT,67,58,CarrotHyrax,76.8,5.0,1,True,0.0,
3koaWT,67,59,CarrotHyrax,76.8,5.0,0,True,0.0,
3koaWT,67,60,CarrotHyrax,76.8,5.0,0,True,0.0,
3koaWT,67,61,CarrotHyrax,76.8,5.0,1,True,0.0,
3koaWT,67,62,CarrotHyrax,76.8,5.0,0,True,0.0,
3koaWT,67,63,CarrotHyrax,76.8,5.0,0,True,0.0,
3koaWT,67,64,CarrotHyrax,76.8,5.0,2,True,0.0,
3koaWT,67,65,CarrotHyrax,53.0,5.0,0,True,0.0,
3koaWT,67,66,CarrotHyrax,53.0,5.0,0,True,0.0,
3koaWT,67,67,CarrotHyrax,53.0,5.0,0,True,0.0,
3koaWT,67,68,CarrotHyrax,53.0,5.0,0,True,0.0,
3koaWT,67,69,CarrotHyrax,53.0,5.0,0,True,0.0,
3koaWT,67,70,CarrotHyrax,53.0,5.0,1,True,0.0,
3koaWT,67,71,CarrotHyrax,53.0,5.0,2,True,0.0,
3koaWT,67,72,CarrotHyrax,53.0,5.0,0,True,0.0,
3koaWT,67,73,CarrotHyrax,53.0,5.0,0,True,0.0,
3koaWT,67,74,CarrotHyrax,53.0,5.0,1,True,0.0,
3koaWT,67,75,CarrotHyrax,51.0,5.0,1,True,0.0,
3koaWT,67,76,CarrotHyrax,51.0,5.0,0,True,0.0,
3koaWT,67,77,CarrotHyrax,51.0,5.0,0,True,0.0,
3koaWT,67,78,CarrotHyrax,51.0,5.0,0,True,0.0,
3koaWT,67,79,CarrotHyrax,51.0,5.0,0,True,0.0,
3koaWT,67,80,CarrotHyrax,51.0,5.0,0,True,0.0,
3koaWT,67,81,CarrotHyrax,51.0,5.0,2,True,0.0,
3koaWT,67,82,CarrotHyrax,51.0,5.0,1,True,0.0,
3koaWT,67,83,CarrotHyrax,51.0,5.0,1,True,0.0,
3koaWT,67,84,CarrotHyrax,51.0,5.0,0,True,0.0,
3koaWT,67,85,CarrotHyrax,79.3,5.0,0,True,0.0,
3koaWT,67,86,CarrotHyrax,79.3,5.0,1,True,0.0,
3koaWT,67,87,CarrotHyrax,79.3,5.0,1,True,0.0,
3koaWT,67,88,CarrotHyrax,79.3,5.0,0,True,0.0,
3koaWT,67,89,CarrotHyrax,79.3,5.0,0,True,0.0,
3koaWT,67,90,CarrotHyrax,79.3,5.0,0,True,0.0,
3koaWT,67,91,CarrotHyrax,79.3,5.0,1,True,0.0,
3koaWT,67,92,CarrotHyrax,79.3,5.0,1,True,0.0,
3koaWT,67,93,CarrotHyrax,79.3,5.0,0,True,0.0,
3koaWT,67,94,CarrotHyrax,79.3,5.0,1,True,0.0,
3koaWT,67,95,CarrotHyrax,42.9,5.0,0,True,0.0,
3koaWT,67,96,CarrotHyrax,42.9,5.0,1,True,0.0,
3koaWT,67,97,CarrotHyrax,42.9,5.0,0,True,0.0,
3koaWT,67,98,CarrotHyrax,42.9,5.0,2,True,0.0,
3koaWT,67,99,CarrotHyrax,42.9,5.0,2,True,0.0,
3koaWT,67,100,CarrotHyrax,42.9,5.0,0,True,0.0,
3koaWT,68,1,CarrotHyrax,42.9,30.0,1,True,0.0,
3koaWT,68,2,CarrotHyrax,42.9,34.5,0,True,0.0,
3koaWT,68,3,CarrotHyrax,42.9,33.3,1,True,0.0,
3koaWT,68,4,CarrotHyrax,65.0,35.1,0,True,0.0,
3koaWT,68,5,CarrotHyrax,65.0,34.9,0,True,0.0,
3koaWT,68,6,CarrotHyrax,65.0,33.1,0,True,0.0,
3koaWT,68,7,CarrotHyrax,65.0,30.9,1,True,0.0,
3koaWT,68,8,CarrotHyrax,65.0,30.0,0,True,0.0,
3koaWT,68,9,CarrotHyrax,65.0,28.4,0,True,0.0,
3koaWT,68,10,CarrotHyrax,65.0,26.5,0,True,0.0,
3koaWT,68,11,CarrotHyrax,65.0,24.4,0,True,0.0,
3koaWT,68,12,CarrotHyrax,65.0,22.2,0,True,0.0,
3koaWT,68,13,CarrotHyrax,65.0,20.0,0,True,0.0,
3koaWT,68,14,CarrotHyrax,76.6,17.8,0,True,0.0,
3koaWT,68,15,CarrotHyrax,76.6,15.6,0,True,0.0,
3koaWT,68,16,CarrotHyrax,76.6,13.7,0,True,0.0,
3koaWT,68,17,CarrotHyrax,76.6,11.9,0,True,0.0,
3koaWT,68,18,CarrotHyrax,76.6,10.3,3,True,0.0,
3koaWT,68,19,CarrotHyrax,76.6,9.5,0,True,0.0,
3koaWT,68,20,CarrotHyrax,76.6,8.7,1,True,0.0,
3koaWT,68,21,CarrotHyrax,76.6,8.1,1,True,0.0,
3koaWT,68,22,CarrotHyrax,76.6,7.7,1,True,0.0,
3koaWT,68,23,CarrotHyrax,76.6,7.3,0,True,0.0,
3koaWT,68,24,CarrotHyrax,69.1,7.0,1,True,0.0,
3koaWT,68,25,CarrotHyrax,69.1,6.6,1,True,0.0,
3koaWT,68,26,CarrotHyrax,69.1,6.4,0,True,0.0,
3koaWT,68,27,CarrotHyrax,69.1,6.2,1,True,0.0,
3koaWT,68,28,CarrotHyrax,69.1,5.9,0,True,0.0,
3koaWT,68,29,CarrotHyrax,69.1,5.7,0,True,0.0,
3koaWT,68,30,CarrotHyrax,69.1,5.4,0,True,0.0,
3koaWT,68,31,CarrotHyrax,69.1,5.1,1,True,0.0,
3koaWT,68,32,CarrotHyrax,69.1,5.0,0,True,0.0,
3koaWT,68,33,CarrotHyrax,69.1,5.0,0,True,0.0,
3koaWT,68,34,CarrotHyrax,77.2,5.0,0,True,0.0,
3koaWT,68,35,CarrotHyrax,77.2,5.0,1,True,0.001,
3koaWT,68,36,CarrotHyrax,77.2,5.0,0,True,0.0,
3koaWT,68,37,CarrotHyrax,77.2,5.0,1,True,0.0,
3koaWT,68,38,CarrotHyrax,77.2,5.0,0,True,0.0,
3koaWT,68,39,CarrotHyrax,77.2,5.0,1,True,0.0,
3koaWT,68,40,CarrotHyrax,77.2,5.0,1,True,0.0,
3koaWT,68,41,CarrotHyrax,77.2,5.0,1,True,0.0,
3koaWT,68,42,CarrotHyrax,77.2,5.0,0,True,0.0,
3koaWT,68,43,CarrotHyrax,77.2,5.0,0,True,0.0,
3koaWT,68,44,CarrotHyrax,47.5,5.0,0,True,0.0,
3koaWT,68,45,CarrotHyrax,47.5,5.0,0,True,0.0,
3koaWT,68,46,CarrotHyrax,47.5,5.0,0,True,0.0,
3koaWT,68,47,CarrotHyrax,47.5,5.0,1,True,0.0,
3koaWT,68,48,CarrotHyrax,47.5,5.0,0,True,0.0,
3koaWT,68,49,CarrotHyrax,47.5,5.0,0,True,0.0,
3koaWT,68,50,CarrotHyrax,47.5,5.0,0,True,0.001,
3koaWT,68,51,CarrotHyrax,47.5,5.0,0,True,0.0,
3koaWT,68,52,CarrotHyrax,47.5,5.0,1,True,0.0,
3koaWT,68,53,CarrotHyrax,47.5,5.0,1,True,0.0,
3koaWT,68,54,CarrotHyrax,59.8,5.0,0,True,0.0,
3koaWT,68,55,CarrotHyrax,59.8,5.0,1,True,0.0,
3koaWT,68,56,CarrotHyrax,59.8,5.0,0,True,0.0,
3koaWT,68,57,CarrotHyrax,59.8,5.0,0,True,0.0,
3koaWT,68,58,CarrotHyrax,59.8,5.0,1,True,0.0,
3koaWT,68,59,CarrotHyrax,59.8,5.0,1,True,0.0,
3koaWT,68,60,CarrotHyrax,59.8,5.0,0,True,0.0,
3koaWT,68,61,CarrotHyrax,59.8,5.0,3,True,0.0,
3koaWT,68,62,CarrotHyrax,59.8,5.0,0,True,0.0,
3koaWT,68,63,CarrotHyrax,59.8,5.0,1,True,0.0,
3koaWT,68,64,CarrotHyrax,48.1,5.0,0,True,0.0,
3koaWT,68,65,CarrotHyrax,48.1,5.0,0,True,0.0,
3koaWT,68,66,CarrotHyrax,48.1,5.0,0,True,0.0,
3koaWT,68,67,CarrotHyrax,48.1,5.0,0,True,0.0,
3koaWT,68,68,CarrotHyrax,48.1,5.0,1,True,0.0,
3koaWT,68,69,CarrotHyrax,48.1,5.0,0,True,0.0,
3koaWT,68,70,CarrotHyrax,48.1,5.0,1,True,0.0,
3koaWT,68,71,CarrotHyrax,48.1,5.0,0,True,0.0,
3koaWT,68,72,CarrotHyrax,48.1,5.0,0,True,0.0,
3koaWT,68,73,CarrotHyrax,48.1,5.0,0,True,0.0,
3koaWT,68,74,CarrotHyrax,48.3,5.0,1,True,0.0,
3koaWT,68,75,CarrotHyrax,48.3,5.0,0,True,0.0,
3koaWT,68,76,CarrotHyrax,48.3,5.0,0,True,0.0,
3koaWT,68,77,CarrotHyrax,48.3,5.0,0,True,0.0,
3koaWT,68,78,CarrotHyrax,48.3,5.0,0,True,0.0,
3koaWT,68,79,CarrotHyrax,48.3,5.0,1,True,0.0,
3koaWT,68,80,CarrotHyrax,48.3,5.0,1,True,0.0,
3koaWT,68,81,CarrotHyrax,48.3,5.0,2,True,0.0,
3koaWT,68,82,CarrotHyrax,48.3,5.0,0,True,0.0,
3koaWT,68,83,CarrotHyrax,48.3,5.0,1,True,0.0,
3koaWT,68,84,CarrotHyrax,67.4,5.0,1,True,0.0,
3koaWT,68,85,CarrotHyrax,67.4,5.0,0,True,0.0,
3koaWT,68,86,CarrotHyrax,67.4,5.0,0,True,0.0,
3koaWT,68,87,CarrotHyrax,67.4,5.0,0,True,0.0,
3koaWT,68,88,CarrotHyrax,67.4,5.0,0,True,0.0,
3koaWT,68,89,CarrotHyrax,67.4,5.0,2,True,0.0,
3koaWT,68,90,CarrotHyrax,67.4,5.0,2,True,0.0,
3koaWT,68,91,CarrotHyrax,67.4,5.0,1,True,0.0,
3koaWT,68,92,CarrotHyrax,67.4,5.0,0,True,0.0,
3koaWT,68,93,CarrotHyrax,67.4,5.0,0,True,0.0,
3koaWT,68,94,CarrotHyrax,50.7,5.0,2,True,0.0,
3koaWT,68,95,CarrotHyrax,50.7,5.0,1,True,0.0,
3koaWT,68,96,CarrotHyrax,50.7,5.0,1,True,0.0,
3koaWT,68,97,CarrotHyrax,50.7,5.0,2,True,0.0,
3koaWT,68,98,CarrotHyrax,50.7,5.0,0,True,0.0,
3koaWT,68,99,CarrotHyrax,50.7,5.0,0,True,0.0,
3koaWT,68,100,CarrotHyrax,50.7,5.0,1,True,0.0,
3koaWT,69,1,CarrotHyrax,50.7,56.0,1,True,0.0,
3koaWT,69,2,CarrotHyrax,50.7,64.3,0,True,0.0,
3koaWT,69,3,CarrotHyrax,34.9,62.2,0,True,0.0,
3koaWT,69,4,CarrotHyrax,34.9,57.7,0,True,0.0,
3koaWT,69,5,CarrotHyrax,34.9,51.7,0,True,0.0,
3koaWT,69,6,CarrotHyrax,34.9,45.2,0,True,0.0,
3koaWT,69,7,CarrotHyrax,34.9,39.2,0,True,0.001,
3koaWT,69,8,CarrotHyrax,34.9,33.6,0,True,0.0,
3koaWT,69,9,CarrotHyrax,34.9,28.5,0,True,0.0,
3koaWT,69,10,CarrotHyrax,34.9,24.1,1,True,0.001,
3koaWT,69,11,CarrotHyrax,34.9,21.2,0,True,0.0,
3koaWT,69,12,CarrotHyrax,34.9,18.5,1,True,0.0,
3koaWT,69,13,CarrotHyrax,59.8,16.7,0,True,0.0,
3koaWT,69,14,CarrotHyrax,59.8,14.8,1,True,0.0,
3koaWT,69,15,CarrotHyrax,59.8,13.4,1,True,0.0,
3koaWT,69,16,CarrotHyrax,59.8,12.4,0,True,0.0,
3koaWT,69,17,CarrotHyrax,59.8,11.3,0,True,0.0,
3koaWT,69,18,CarrotHyrax,59.8,10.3,0,True,0.0,
3koaWT,69,19,CarrotHyrax,59.8,9.3,0,True,0.0,
3koaWT,69,20,CarrotHyrax,59.8,8.4,0,True,0.0,
3koaWT,69,21,CarrotHyrax,59.8,7.5,1,True,0.0,
3koaWT,69,22,CarrotHyrax,59.8,6.8,0,True,0.0,
3koaWT,69,23,CarrotHyrax,68.5,6.1,1,True,0.0,
3koaWT,69,24,CarrotHyrax,68.5,5.6,0,True,0.0,
3koaWT,69,25,CarrotHyrax,68.5,5.1,0,True,0.0,
3koaWT,69,26,CarrotHyrax,68.5,5.0,0,True,0.0,
3koaWT,69,27,CarrotHyrax,68.5,5.0,1,True,0.0,
3koaWT,69,28,CarrotHyrax,68.5,5.0,0,True,0.0,
3koaWT,69,29,CarrotHyrax,68.5,5.0,0,True,0.0,
3koaWT,69,30,CarrotHyrax,68.5,5.0,0,True,0.0,
3koaWT,69,31,CarrotHyrax,68.5,5.0,0,True,0.0,
3koaWT,69,32,CarrotHyrax,68.5,5.0,0,True,0.0,
3koaWT,69,33,CarrotHyrax,52.1,5.0,0,True,0.0,
3koaWT,69,34,CarrotHyrax,52.1,5.0,1,True,0.0,
3koaWT,69,35,CarrotHyrax,52.1,5.0,1,True,0.0,
3koaWT,69,36,CarrotHyrax,52.1,5.0,0,True,0.001,
3koaWT,69,37,CarrotHyrax,52.1,5.0,1,True,0.0,
3koaWT,69,38,CarrotHyrax,52.1,5.0,1,True,0.0,
3koaWT,69,39,CarrotHyrax,52.1,5.0,1,True,0.0,
3koaWT,69,40,CarrotHyrax,52.1,5.0,0,True,0.0,
3koaWT,69,41,CarrotHyrax,52.1,5.0,0,True,0.0,
3koaWT,69,42,CarrotHyrax,52.1,5.0,1,True,0.0,
3koaWT,69,43,CarrotHyrax,52.2,5.0,0,True,0.0,
3koaWT,69,44,CarrotHyrax,52.2,5.0,1,True,0.0,
3koaWT,69,45,CarrotHyrax,52.2,5.0,1,True,0.0,
3koaWT,69,46,CarrotHyrax,52.2,5.0,0,True,0.0,
3koaWT,69,47,CarrotHyrax,52.2,5.0,0,True,0.0,
3koaWT,69,48,CarrotHyrax,52.2,5.0,1,True,0.0,
3koaWT,69,49,CarrotHyrax,52.2,5.0,1,True,0.0,
3koaWT,69,50,CarrotHyrax,52.2,5.0,0,True,0.0,
3koaWT,69,51,CarrotHyrax,52.2,5.0,0,True,0.0,
3koaWT,69,52,CarrotHyrax,52.2,5.0,1,True,0.0,
3koaWT,69,53,CarrotHyrax,56.2,5.0,1,True,0.0,
3koaWT,69,54,CarrotHyrax,56.2,5.0,0,True,0.0,
3koaWT,69,55,CarrotHyrax,56.2,5.0,1,True,0.0,
3koaWT,69,56,CarrotHyrax,56.2,5.0,1,True,0.0,
3koaWT,69,57,CarrotHyrax,56.2,5.0,0,True,0.0,
3koaWT,69,58,CarrotHyrax,56.2,5.0,2,True,0.0,
3koaWT,69,59,CarrotHyrax,56.2,5.0,0,True,0.0,
3koaWT,69,60,CarrotHyrax,56.2,5.0,0,True,0.0,
3koaWT,69,61,CarrotHyrax,56.2,5.0,0,True,0.0,
3koaWT,69,62,CarrotHyrax,56.2,5.0,0,True,0.0,
3koaWT,69,63,CarrotHyrax,69.0,5.0,1,True,0.0,
3koaWT,69,64,CarrotHyrax,69.0,5.0,0,True,0.0,
3koaWT,69,65,CarrotHyrax,69.0,5.0,1,True,0.0,
3koaWT,69,66,CarrotHyrax,69.0,5.0,0,True,0.0,
3koaWT,69,67,CarrotHyrax,69.0,5.0,0,True,0.0,
3koaWT,69,68,CarrotHyrax,69.0,5.0,0,True,0.0,
3koaWT,69,69,CarrotHyrax,69.0,5.0,0,True,0.0,
3koaWT,69,70,CarrotHyrax,69.0,5.0,0,True,0.0,
3koaWT,69,71,CarrotHyrax,69.0,5.0,1,True,0.0,
3koaWT,69,72,CarrotHyrax,69.0,5.0,1,True,0.0,
3koaWT,69,73,CarrotHyrax,75.0,5.0,0,True,0.0,
3koaWT,69,74,CarrotHyrax,75.0,5.0,1,True,0.0,
3koaWT,69,75,CarrotHyrax,75.0,5.0,0,True,0.0,
3koaWT,69,76,CarrotHyrax,75.0,5.0,1,True,0.001,
3koaWT,69,77,CarrotHyrax,75.0,5.0,1,True,0.0,
3koaWT,69,78,CarrotHyrax,75.0,5.0,1,True,0.0,
3koaWT,69,79,CarrotHyrax,75.0,5.0,1,True,0.0,
3koaWT,69,80,CarrotHyrax,75.0,5.0,0,True,0.0,
3koaWT,69,81,CarrotHyrax,75.0,5.0,0,True,0.0,
3koaWT,69,82,CarrotHyrax,75.0,5.0,0,True,0.0,
3koaWT,69,83,CarrotHyrax,37.6,5.0,0,True,0.0,
3koaWT,69,84,CarrotHyrax,37.6,5.0,1,True,0.0,
3koaWT,69,85,CarrotHyrax,37.6,5.0,0,True,0.0,
3koaWT,69,86,CarrotHyrax,37.6,5.0,1,True,0.0,
3koaWT,69,87,CarrotHyrax,37.6,5.0,1,True,0.0,
3koaWT,69,88,CarrotHyrax,37.6,5.0,1,True,0.0,
3koaWT,69,89,CarrotHyrax,37.6,5.0,0,True,0.0,
3koaWT,69,90,CarrotHyrax,37.6,5.0,0,True,0.0,
3koaWT,69,91,CarrotHyrax,37.6,5.0,0,True,0.0,
3koaWT,69,92,CarrotHyrax,37.6,5.0,0,True,0.001,
3koaWT,69,93,CarrotHyrax,61.0,5.0,0,True,0.0,
3koaWT,69,94,CarrotHyrax,61.0,5.0,0,True,0.0,
3koaWT,69,95,CarrotHyrax,61.0,5.0,0,True,0.0,
3koaWT,69,96,CarrotHyrax,61.0,5.0,1,True,0.001,
3koaWT,69,97,CarrotHyrax,61.0,5.0,0,True,0.0,
3koaWT,69,98,CarrotHyrax,61.0,5.0,0,True,0.0,
3koaWT,69,99,CarrotHyrax,61.0,5.0,0,True,0.0,
3koaWT,69,100,CarrotHyrax,61.0,5.0,3,True,0.0,
3koaWT,70,1,CarrotHyrax,61.0,62.0,0,True,0.0,
3koaWT,70,2,CarrotHyrax,64.9,49.6,0,True,0.0,
3koaWT,70,3,CarrotHyrax,64.9,39.7,0,True,0.0,
3koaWT,70,4,CarrotHyrax,64.9,31.7,0,True,0.0,
3koaWT,70,5,CarrotHyrax,64.9,25.4,0,True,0.0,
3koaWT,70,6,CarrotHyrax,64.9,20.3,0,True,0.0,
3koaWT,70,7,CarrotHyrax,64.9,16.3,2,True,0.0,
3koaWT,70,8,CarrotHyrax,64.9,14.8,0,True,0.0,
3koaWT,70,9,CarrotHyrax,64.9,13.3,0,True,0.0,
3koaWT,70,10,CarrotHyrax,64.9,11.8,0,True,0.0,
3koaWT,70,11,CarrotHyrax,64.9,10.4,0,True,0.0,
3koaWT,70,12,CarrotHyrax,72.3,9.1,0,True,0.0,
3koaWT,70,13,CarrotHyrax,72.3,7.9,0,True,0.0,
3koaWT,70,14,CarrotHyrax,72.3,6.8,0,True,0.0,
3koaWT,70,15,CarrotHyrax,72.3,5.8,0,True,0.0,
3koaWT,70,16,CarrotHyrax,72.3,5.0,0,True,0.0,
3koaWT,70,17,CarrotHyrax,72.3,5.0,1,True,0.0,
3koaWT,70,18,CarrotHyrax,72.3,5.0,0,True,0.0,
3koaWT,70,19,CarrotHyrax,72.3,5.0,1,True,0.0,
3koaWT,70,20,CarrotHyrax,72.3,5.0,0,True,0.0,
3koaWT,70,21,CarrotHyrax,72.3,5.0,1,True,0.0,
3koaWT,70,22,CarrotHyrax,54.9,5.0,2,True,0.0,
3koaWT,70,23,CarrotHyrax,54.9,5.0,0,True,0.0,
3koaWT,70,24,CarrotHyrax,54.9,5.0,0,True,0.0,
3koaWT,70,25,CarrotHyrax,54.9,5.0,1,True,0.0,
3koaWT,70,26,CarrotHyrax,54.9,5.0,0,True,0.0,
3koaWT,70,27,CarrotHyrax,54.9,5.0,0,True,0.0,
3koaWT,70,28,CarrotHyrax,54.9,5.0,0,True,0.001,
3koaWT,70,29,CarrotHyrax,54.9,5.0,2,True,0.0,
3koaWT,70,30,CarrotHyrax,54.9,5.0,0,True,0.0,
3koaWT,70,31,CarrotHyrax,54.9,5.0,0,True,0.0,
3koaWT,70,32,CarrotHyrax,37.2,5.0,0,True,0.0,
3koaWT,70,33,CarrotHyrax,37.2,5.0,1,True,0.0,
3koaWT,70,34,CarrotHyrax,37.2,5.0,0,True,0.0,
3koaWT,70,35,CarrotHyrax,37.2,5.0,0,True,0.0,
3koaWT,70,36,CarrotHyrax,37.2,5.0,0,True,0.0,
3koaWT,70,37,CarrotHyrax,37.2,5.0,1,True,0.0,
3koaWT,70,38,CarrotHyrax,37.2,5.0,0,True,0.0,
3koaWT,70,39,CarrotHyrax,37.2,5.0,2,True,0.001,
3koaWT,70,40,CarrotHyrax,37.2,5.0,1,True,0.0,
3koaWT,70,41,CarrotHyrax,37.2,5.0,0,True,0.0,
3koaWT,70,42,CarrotHyrax,76.2,5.0,0,True,0.0,
3koaWT,70,43,CarrotHyrax,76.2,5.0,0,True,0.0,
3koaWT,70,44,CarrotHyrax,76.2,5.0,0,True,0.0,
3koaWT,70,45,CarrotHyrax,76.2,5.0,1,True,0.0,
3koaWT,70,46,CarrotHyrax,76.2,5.0,1,True,0.0,
3koaWT,70,47,CarrotHyrax,76.2,5.0,0,True,0.0,
3koaWT,70,48,CarrotHyrax,76.2,5.0,0,True,0.0,
3koaWT,70,49,CarrotHyrax,76.2,5.0,1,True,0.0,
3koaWT,70,50,CarrotHyrax,76.2,5.0,1,True,0.0,
3koaWT,70,51,CarrotHyrax,76.2,5.0,0,True,0.0,
3koaWT,70,52,CarrotHyrax,73.9,5.0,0,True,0.001,
3koaWT,70,53,CarrotHyrax,73.9,5.0,1,True,0.0,
3koaWT,70,54,CarrotHyrax,73.9,5.0,0,True,0.0,
3koaWT,70,55,CarrotHyrax,73.9,5.0,1,True,0.0,
3koaWT,70,56,CarrotHyrax,73.9,5.0,1,True,0.0,
3koaWT,70,57,CarrotHyrax,73.9,5.0,2,True,0.0,
3koaWT,70,58,CarrotHyrax,73.9,5.0,0,True,0.0,
3koaWT,70,59,CarrotHyrax,73.9,5.0,0,True,0.0,
3koaWT,70,60,CarrotHyrax,73.9,5.0,1,True,0.0,
3koaWT,70,61,CarrotHyrax,73.9,5.0,2,True,0.0,
3koaWT,70,62,CarrotHyrax,68.4,5.0,2,True,0.0,
3koaWT,70,63,CarrotHyrax,68.4,5.0,0,True,0.0,
3koaWT,70,64,CarrotHyrax,68.4,5.0,0,True,0.0,
3koaWT,70,65,CarrotHyrax,68.4,5.0,0,True,0.0,
3koaWT,70,66,CarrotHyrax,68.4,5.0,0,True,0.0,
3koaWT,70,67,CarrotHyrax,68.4,5.0,0,True,0.0,
3koaWT,70,68,CarrotHyrax,68.4,5.0,1,True,0.0,
3koaWT,70,69,CarrotHyrax,68.4,5.0,0,True,0.0,
3koaWT,70,70,CarrotHyrax,68.4,5.0,2,True,0.0,
3koaWT,70,71,CarrotHyrax,68.4,5.0,1,True,0.0,
3koaWT,70,72,CarrotHyrax,52.4,5.0,1,True,0.0,
3koaWT,70,73,CarrotHyrax,52.4,5.0,0,True,0.0,
3koaWT,70,74,CarrotHyrax,52.4,5.0,0,True,0.0,
3koaWT,70,75,CarrotHyrax,52.4,5.0,0,True,0.0,
3koaWT,70,76,CarrotHyrax,52.4,5.0,2,True,0.0,
3koaWT,70,77,CarrotHyrax,52.4,5.0,0,True,0.0,
3koaWT,70,78,CarrotHyrax,52.4,5.0,0,True,0.0,
3koaWT,70,79,CarrotHyrax,52.4,5.0,0,True,0.0,
3koaWT,70,80,CarrotHyrax,52.4,5.0,1,True,0.0,
3koaWT,70,81,CarrotHyrax,52.4,5.0,1,True,0.0,
3koaWT,70,82,CarrotHyrax,69.1,5.0,1,True,0.0,
3koaWT,70,83,CarrotHyrax,69.1,5.0,2,True,0.0,
3koaWT,70,84,CarrotHyrax,69.1,5.0,0,True,0.0,
3koaWT,70,85,CarrotHyrax,69.1,5.0,0,True,0.0,
3koaWT,70,86,CarrotHyrax,69.1,5.0,1,True,0.0,
3koaWT,70,87,CarrotHyrax,69.1,5.0,2,True,0.0,
3koaWT,70,88,CarrotHyrax,69.1,5.0,0,True,0.0,
3koaWT,70,89,CarrotHyrax,69.1,5.0,0,True,0.0,
3koaWT,70,90,CarrotHyrax,69.1,5.0,1,True,0.0,
3koaWT,70,91,CarrotHyrax,69.1,5.0,0,True,0.0,
3koaWT,70,92,CarrotHyrax,30.9,5.0,0,True,0.0,
3koaWT,70,93,CarrotHyrax,30.9,5.0,0,True,0.0,
3koaWT,70,94,CarrotHyrax,30.9,5.0,0,True,0.0,
3koaWT,70,95,CarrotHyrax,30.9,5.0,0,True,0.0,
3koaWT,70,96,CarrotHyrax,30.9,5.0,1,True,0.0,
3koaWT,70,97,CarrotHyrax,30.9,5.0,0,True,0.0,
3koaWT,70,98,CarrotHyrax,30.9,5.0,0,True,0.0,
3koaWT,70,99,CarrotHyrax,30.9,5.0,1,True,0.0,
3koaWT,70,100,CarrotHyrax,30.9,5.0,1,True,0.0,
3koaWT,71,1,CarrotHyrax,30.6,87.0,0,True,0.0,
3koaWT,71,2,CarrotHyrax,30.6,69.6,0,True,0.0,
3koaWT,71,3,CarrotHyrax,30.6,55.7,0,True,0.0,
3koaWT,71,4,CarrotHyrax,30.6,44.5,0,True,0.0,
3koaWT,71,5,CarrotHyrax,30.6,35.6,0,True,0.0,
3koaWT,71,6,CarrotHyrax,30.6,28.5,0,True,0.0,
3koaWT,71,7,CarrotHyrax,30.6,22.8,1,True,0.0,
3koaWT,71,8,CarrotHyrax,30.6,19.5,1,True,0.0,
3koaWT,71,9,CarrotHyrax,30.6,17.6,0,True,0.0,
3koaWT,71,10,CarrotHyrax,30.6,15.6,0,True,0.0,
3koaWT,71,11,CarrotHyrax,79.1,13.7,0,True,0.0,
3koaWT,71,12,CarrotHyrax,79.1,12.0,0,True,0.001,
3koaWT,71,13,CarrotHyrax,79.1,10.4,1,True,0.0,
3koaWT,71,14,CarrotHyrax,79.1,9.2,1,True,0.0,
3koaWT,71,15,CarrotHyrax,79.1,8.4,1,True,0.0,
3koaWT,71,16,CarrotHyrax,79.1,7.8,0,True,0.0,
3koaWT,71,17,CarrotHyrax,79.1,7.1,0,True,0.0,
3koaWT,71,18,CarrotHyrax,79.1,6.4,1,True,0.0,
3koaWT,71,19,CarrotHyrax,79.1,5.9,1,True,0.0,
3koaWT,71,20,CarrotHyrax,79.1,5.6,0,True,0.0,
3koaWT,71,21,CarrotHyrax,40.2,5.2,0,True,0.0,
3koaWT,71,22,CarrotHyrax,40.2,5.0,0,True,0.0,
3koaWT,71,23,CarrotHyrax,40.2,5.0,0,True,0.0,
3koaWT,71,24,CarrotHyrax,40.2,5.0,0,True,0.0,
3koaWT,71,25,CarrotHyrax,40.2,5.0,1,True,0.0,
3koaWT,71,26,CarrotHyrax,40.2,5.0,0,True,0.0,
3koaWT,71,27,CarrotHyrax,40.2,5.0,0,True,0.0,
3koaWT,71,28,CarrotHyrax,40.2,5.0,0,True,0.0,
3koaWT,71,29,CarrotHyrax,40.2,5.0,0,True,0.0,
3koaWT,71,30,CarrotHyrax,40.2,5.0,2,True,0.0,
3koaWT,71,31,CarrotHyrax,73.5,5.0,1,True,0.0,
3koaWT,71,32,CarrotHyrax,73.5,5.0,1,True,0.0,
3koaWT,71,33,CarrotHyrax,73.5,5.0,2,True,0.0,
3koaWT,71,34,CarrotHyrax,73.5,5.0,1,True,0.0,
3koaWT,71,35,CarrotHyrax,73.5,5.0,2,True,0.0,
3koaWT,71,36,CarrotHyrax,73.5,5.0,0,True,0.0,
3koaWT,71,37,CarrotHyrax,73.5,5.0,0,True,0.0,
3koaWT,71,38,CarrotHyrax,73.5,5.0,0,True,0.0,
3koaWT,71,39,CarrotHyrax,73.5,5.0,0,True,0.0,
3koaWT,71,40,CarrotHyrax,73.5,5.0,0,True,0.0,
3koaWT,71,41,CarrotHyrax,55.7,5.0,1,True,0.0,
3koaWT,71,42,CarrotHyrax,55.7,5.0,0,True,0.0,
3koaWT,71,43,CarrotHyrax,55.7,5.0,0,True,0.0,
3koaWT,71,44,CarrotHyrax,55.7,5.0,1,True,0.0,
3koaWT,71,45,CarrotHyrax,55.7,5.0,0,True,0.0,
3koaWT,71,46,CarrotHyrax,55.7,5.0,0,True,0.0,
3koaWT,71,47,CarrotHyrax,55.7,5.0,2,True,0.0,
3koaWT,71,48,CarrotHyrax,55.7,5.0,1,True,0.0,
3koaWT,71,49,CarrotHyrax,55.7,5.0,0,True,0.0,
3koaWT,71,50,CarrotHyrax,55.7,5.0,0,True,0.0,
3koaWT,71,51,CarrotHyrax,34.6,5.0,0,True,0.001,
3koaWT,71,52,CarrotHyrax,34.6,5.0,0,True,0.0,
3koaWT,71,53,CarrotHyrax,34.6,5.0,1,True,0.0,
3koaWT,71,54,CarrotHyrax,34.6,5.0,3,True,0.0,
3koaWT,71,55,CarrotHyrax,34.6,5.0,0,True,0.0,
3koaWT,71,56,CarrotHyrax,34.6,5.0,0,True,0.0,
3koaWT,71,57,CarrotHyrax,34.6,5.0,1,True,0.0,
3koaWT,71,58,CarrotHyrax,34.6,5.0,0,True,0.0,
3koaWT,71,59,CarrotHyrax,34.6,5.0,0,True,0.0,
3koaWT,71,60,CarrotHyrax,34.6,5.0,0,True,0.0,
3koaWT,71,61,CarrotHyrax,41.8,5.0,1,True,0.0,
3koaWT,71,62,CarrotHyrax,41.8,5.0,0,True,0.0,
3koaWT,71,63,CarrotHyrax,41.8,5.0,0,True,0.0,
3koaWT,71,64,CarrotHyrax,41.8,5.0,1,True,0.0,
3koaWT,71,65,CarrotHyrax,41.8,5.0,0,True,0.0,
3koaWT,71,66,CarrotHyrax,41.8,5.0,0,True,0.0,
3koaWT,71,67,CarrotHyrax,41.8,5.0,1,True,0.0,
3koaWT,71,68,CarrotHyrax,41.8,5.0,0,True,0.0,
3koaWT,71,69,CarrotHyrax,41.8,5.0,0,True,0.0,
3koaWT,71,70,CarrotHyrax,41.8,5.0,2,True,0.0,
3koaWT,71,71,CarrotHyrax,71.7,5.0,1,True,0.0,
3koaWT,71,72,CarrotHyrax,71.7,5.0,0,True,0.0,
3koaWT,71,73,CarrotHyrax,71.7,5.0,0,True,0.0,
3koaWT,71,74,CarrotHyrax,71.7,5.0,0,True,0.0,
3koaWT,71,75,CarrotHyrax,71.7,5.0,0,True,0.0,
3koaWT,71,76,CarrotHyrax,71.7,5.0,4,True,0.0,
3koaWT,71,77,CarrotHyrax,71.7,5.0,1,True,0.0,
3koaWT,71,78,CarrotHyrax,71.7,5.0,0,True,0.0,
3koaWT,71,79,CarrotHyrax,71.7,5.0,1,True,0.0,
3koaWT,71,80,CarrotHyrax,71.7,5.0,0,True,0.0,
3koaWT,71,81,CarrotHyrax,61.3,5.0,1,True,0.0,
3koaWT,71,82,CarrotHyrax,61.3,5.0,0,True,0.0,
3koaWT,71,83,CarrotHyrax,61.3,5.0,0,True,0.0,
3koaWT,71,84,CarrotHyrax,61.3,5.0,0,True,0.0,
3koaWT,71,85,CarrotHyrax,61.3,5.0,3,True,0.0,
3koaWT,71,86,CarrotHyrax,61.3,5.0,1,True,0.0,
3koaWT,71,87,CarrotHyrax,61.3,5.0,0,True,0.0,
3koaWT,71,88,CarrotHyrax,61.3,5.0,0,True,0.0,
3koaWT,71,89,CarrotHyrax,61.3,5.0,0,True,0.0,
3koaWT,71,90,CarrotHyrax,61.3,5.0,1,True,0.0,
3koaWT,71,91,CarrotHyrax,57.0,5.0,1,True,0.0,
3koaWT,71,92,CarrotHyrax,57.0,5.0,0,True,0.0,
3koaWT,71,93,CarrotHyrax,57.0,5.0,0,True,0.0,
3koaWT,71,94,CarrotHyrax,57.0,5.0,0,True,0.0,
3koaWT,71,95,CarrotHyrax,57.0,5.0,2,True,0.0,
3koaWT,71,96,CarrotHyrax,57.0,5.0,0,True,0.0,
3koaWT,71,97,CarrotHyrax,57.0,5.0,0,True,0.0,
3koaWT,71,98,CarrotHyrax,57.0,5.0,0,True,0.0,
3koaWT,71,99,CarrotHyrax,57.0,5.0,1,True,0.0,
3koaWT,71,100,CarrotHyrax,57.0,5.0,0,True,0.0,
3koaWT,72,1,CarrotHyrax,36.9,79.0,0,True,0.0,
3koaWT,72,2,CarrotHyrax,36.9,63.2,0,True,0.0,
3koaWT,72,3,CarrotHyrax,36.9,50.6,0,True,0.0,
3koaWT,72,4,CarrotHyrax,36.9,40.4,0,True,0.0,
3koaWT,72,5,CarrotHyrax,36.9,32.4,0,True,0.0,
3koaWT,72,6,CarrotHyrax,36.9,25.9,0,True,0.0,
3koaWT,72,7,CarrotHyrax,36.9,20.7,0,True,0.0,
3koaWT,72,8,CarrotHyrax,36.9,16.6,1,True,0.0,
3koaWT,72,9,CarrotHyrax,36.9,14.1,0,True,0.0,
3koaWT,72,10,CarrotHyrax,38.2,11.9,0,True,0.0,
3koaWT,72,11,CarrotHyrax,38.2,10.0,0,True,0.0,
3koaWT,72,12,CarrotHyrax,38.2,8.4,1,True,0.0,
3koaWT,72,13,CarrotHyrax,38.2,7.2,2,True,0.0,
3koaWT,72,14,CarrotHyrax,38.2,6.6,0,True,0.0,
3koaWT,72,15,CarrotHyrax,38.2,6.0,0,True,0.0,
3koaWT,72,16,CarrotHyrax,38.2,5.4,0,True,0.0,
3koaWT,72,17,CarrotHyrax,38.2,5.0,2,True,0.0,
3koaWT,72,18,CarrotHyrax,38.2,5.0,2,True,0.0,
3koaWT,72,19,CarrotHyrax,38.2,5.0,0,True,0.0,
3koaWT,72,20,CarrotHyrax,58.8,5.0,1,True,0.0,
3koaWT,72,21,CarrotHyrax,58.8,5.0,0,True,0.0,
3koaWT,72,22,CarrotHyrax,58.8,5.0,0,True,0.0,
3koaWT,72,23,CarrotHyrax,58.8,5.0,0,True,0.0,
3koaWT,72,24,CarrotHyrax,58.8,5.0,0,True,0.0,
3koaWT,72,25,CarrotHyrax,58.8,5.0,1,True,0.0,
3koaWT,72,26,CarrotHyrax,58.8,5.0,1,True,0.0,
3koaWT,72,27,CarrotHyrax,58.8,5.0,1,True,0.0,
3koaWT,72,28,CarrotHyrax,58.8,5.0,0,True,0.0,
3koaWT,72,29,CarrotHyrax,58.8,5.0,0,True,0.0,
3koaWT,72,30,CarrotHyrax,62.3,5.0,0,True,0.0,
3koaWT,72,31,CarrotHyrax,62.3,5.0,1,True,0.0,
3koaWT,72,32,CarrotHyrax,62.3,5.0,0,True,0.0,
3koaWT,72,33,CarrotHyrax,62.3,5.0,0,True,0.0,
3koaWT,72,34,CarrotHyrax,62.3,5.0,0,True,0.0,
3koaWT,72,35,CarrotHyrax,62.3,5.0,0,True,0.0,
3koaWT,72,36,CarrotHyrax,62.3,5.0,1,True,0.0,
3koaWT,72,37,CarrotHyrax,62.3,5.0,0,True,0.0,
3koaWT,72,38,CarrotHyrax,62.3,5.0,0,True,0.0,
3koaWT,72,39,CarrotHyrax,62.3,5.0,0,True,0.0,
3koaWT,72,40,CarrotHyrax,63.7,5.0,4,True,0.0,
3koaWT,72,41,CarrotHyrax,63.7,5.0,0,True,0.0,
3koaWT,72,42,CarrotHyrax,63.7,5.0,1,True,0.0,
3koaWT,72,43,CarrotHyrax,63.7,5.0,1,True,0.0,
3koaWT,72,44,CarrotHyrax,63.7,5.0,1,True,0.0,
3koaWT,72,45,CarrotHyrax,63.7,5.0,0,True,0.0,
3koaWT,72,46,CarrotHyrax,63.7,5.0,1,True,0.0,
3koaWT,72,47,CarrotHyrax,63.7,5.0,1,True,0.0,
3koaWT,72,48,CarrotHyrax,63.7,5.0,0,True,0.0,
3koaWT,72,49,CarrotHyrax,63.7,5.0,0,True,0.0,
3koaWT,72,50,CarrotHyrax,35.6,5.0,0,True,0.0,
3koaWT,72,51,CarrotHyrax,35.6,5.0,0,True,0.0,
3koaWT,72,52,CarrotHyrax,35.6,5.0,0,True,0.001,
3koaWT,72,53,CarrotHyrax,35.6,5.0,1,True,0.0,
3koaWT,72,54,CarrotHyrax,35.6,5.0,1,True,0.0,
3koaWT,72,55,CarrotHyrax,35.6,5.0,0,True,0.0,
3koaWT,72,56,CarrotHyrax,35.6,5.0,0,True,0.0,
3koaWT,72,57,CarrotHyrax,35.6,5.0,0,True,0.0,
3koaWT,72,58,CarrotHyrax,35.6,5.0,1,True,0.0,
3koaWT,72,59,CarrotHyrax,35.6,5.0,0,True,0.0,
3koaWT,72,60,CarrotHyrax,51.0,5.0,1,True,0.0,
3koaWT,72,61,CarrotHyrax,51.0,5.0,1,True,0.0,
3koaWT,72,62,CarrotHyrax,51.0,5.0,0,True,0.004,
3koaWT,72,63,CarrotHyrax,51.0,5.0,0,True,0.0,
3koaWT,72,64,CarrotHyrax,51.0,5.0,2,True,0.0,
3koaWT,72,65,CarrotHyrax,51.0,5.0,0,True,0.0,
3koaWT,72,66,CarrotHyrax,51.0,5.0,1,True,0.0,
3koaWT,72,67,CarrotHyrax,51.0,5.0,0,True,0.0,
3koaWT,72,68,CarrotHyrax,51.0,5.0,0,True,0.0,
3koaWT,72,69,CarrotHyrax,51.0,5.0,0,True,0.0,
3koaWT,72,70,CarrotHyrax,58.1,5.0,0,True,0.0,
3koaWT,72,71,CarrotHyrax,58.1,5.0,0,True,0.0,
3koaWT,72,72,CarrotHyrax,58.1,5.0,1,True,0.0,
3koaWT,72,73,CarrotHyrax,58.1,5.0,1,True,0.0,
3koaWT,72,74,CarrotHyrax,58.1,5.0,0,True,0.0,
3koaWT,72,75,CarrotHyrax,58.1,5.0,0,True,0.0,
3koaWT,72,76,CarrotHyrax,58.1,5.0,0,True,0.0,
3koaWT,72,77,CarrotHyrax,58.1,5.0,1,True,0.0,
3koaWT,72,78,CarrotHyrax,58.1,5.0,2,True,0.0,
3koaWT,72,79,CarrotHyrax,58.1,5.0,1,True,0.0,
3koaWT,72,80,CarrotHyrax,61.6,5.0,0,True,0.0,
3koaWT,72,81,CarrotHyrax,61.6,5.0,1,True,0.0,
3koaWT,72,82,CarrotHyrax,61.6,5.0,0,True,0.0,
3koaWT,72,83,CarrotHyrax,61.6,5.0,1,True,0.015,
3koaWT,72,84,CarrotHyrax,61.6,5.0,0,True,0.001,
3koaWT,72,85,CarrotHyrax,61.6,5.0,0,True,0.001,
3koaWT,72,86,CarrotHyrax,61.6,5.0,1,True,0.001,
3koaWT,72,87,CarrotHyrax,61.6,5.0,0,True,0.005,
3koaWT,72,88,CarrotHyrax,61.6,5.0,0,True,0.002,
3koaWT,72,89,CarrotHyrax,61.6,5.0,1,True,0.0,
3koaWT,72,90,CarrotHyrax,54.0,5.0,0,True,0.0,
3koaWT,72,91,CarrotHyrax,54.0,5.0,0,True,0.0,
3koaWT,72,92,CarrotHyrax,54.0,5.0,0,True,0.0,
3koaWT,72,93,CarrotHyrax,54.0,5.0,0,True,0.0,
3koaWT,72,94,CarrotHyrax,54.0,5.0,1,True,0.0,
3koaWT,72,95,CarrotHyrax,54.0,5.0,0,True,0.0,
3koaWT,72,96,CarrotHyrax,54.0,5.0,0,True,0.001,
3koaWT,72,97,CarrotHyrax,54.0,5.0,1,True,0.001,
3koaWT,72,98,CarrotHyrax,54.0,5.0,0,True,0.0,
3koaWT,72,99,CarrotHyrax,54.0,5.0,1,True,0.0,
3koaWT,72,100,CarrotHyrax,79.8,5.0,2,True,0.0,
3koaWT,73,1,CarrotHyrax,79.8,32.0,1,True,0.0,
3koaWT,73,2,CarrotHyrax,79.8,36.8,0,True,0.0,
3koaWT,73,3,CarrotHyrax,79.8,35.5,0,True,0.007,
3koaWT,73,4,CarrotHyrax,79.8,32.9,1,True,0.008,
3koaWT,73,5,CarrotHyrax,79.8,32.7,2,True,0.0,
3koaWT,73,6,CarrotHyrax,79.8,35.9,0,True,0.001,
3koaWT,73,7,CarrotHyrax,79.8,38.3,1,True,0.0,
3koaWT,73,8,CarrotHyrax,79.8,41.5,1,True,0.0,
3koaWT,73,9,CarrotHyrax,48.7,45.5,0,True,0.0,
3koaWT,73,10,CarrotHyrax,48.7,48.4,0,True,0.0,
3koaWT,73,11,CarrotHyrax,48.7,50.5,0,True,0.0,
3koaWT,73,12,CarrotHyrax,48.7,51.7,0,True,0.0,
3koaWT,73,13,CarrotHyrax,48.7,51.5,0,True,0.0,
3koaWT,73,14,CarrotHyrax,48.7,50.4,0,True,0.0,
3koaWT,73,15,CarrotHyrax,48.7,48.5,1,True,0.0,
3koaWT,73,16,CarrotHyrax,48.7,47.2,0,True,0.0,
3koaWT,73,17,CarrotHyrax,48.7,45.2,0,True,0.0,
3koaWT,73,18,CarrotHyrax,48.7,43.1,1,True,0.0,
3koaWT,73,19,CarrotHyrax,56.8,41.6,1,True,0.0,
3koaWT,73,20,CarrotHyrax,56.8,40.6,0,True,0.0,
3koaWT,73,21,CarrotHyrax,56.8,39.5,0,True,0.0,
3koaWT,73,22,CarrotHyrax,56.8,38.0,0,True,0.001,
3koaWT,73,23,CarrotHyrax,56.8,36.3,0,True,0.0,
3koaWT,73,24,CarrotHyrax,56.8,34.4,0,True,0.0,
3koaWT,73,25,CarrotHyrax,56.8,32.3,0,True,0.0,
3koaWT,73,26,CarrotHyrax,56.8,30.2,3,True,0.0,
3koaWT,73,27,CarrotHyrax,56.8,29.4,1,True,0.0,
3koaWT,73,28,CarrotHyrax,56.8,28.8,0,True,0.0,
3koaWT,73,29,CarrotHyrax,54.9,28.0,0,True,0.0,
3koaWT,73,30,CarrotHyrax,54.9,27.0,0,True,0.0,
3koaWT,73,31,CarrotHyrax,54.9,26.0,0,True,0.0,
3koaWT,73,32,CarrotHyrax,54.9,24.8,0,True,0.0,
3koaWT,73,33,CarrotHyrax,54.9,23.6,0,True,0.0,
3koaWT,73,34,CarrotHyrax,54.9,22.4,0,True,0.0,
3koaWT,73,35,CarrotHyrax,54.9,21.1,1,True,0.0,
3koaWT,73,36,CarrotHyrax,54.9,20.0,1,True,0.0,
3koaWT,73,37,CarrotHyrax,54.9,19.1,0,True,0.0,
3koaWT,73,38,CarrotHyrax,54.9,18.2,0,True,0.0,
3koaWT,73,39,CarrotHyrax,32.9,17.3,0,True,0.0,
3koaWT,73,40,CarrotHyrax,32.9,16.3,0,True,0.0,
3koaWT,73,41,CarrotHyrax,32.9,15.4,0,True,0.0,
3koaWT,73,42,CarrotHyrax,32.9,14.4,0,True,0.0,
3koaWT,73,43,CarrotHyrax,32.9,13.5,0,True,0.0,
3koaWT,73,44,CarrotHyrax,32.9,12.6,0,True,0.0,
3koaWT,73,45,CarrotHyrax,32.9,11.7,1,True,0.0,
3koaWT,73,46,CarrotHyrax,32.9,10.9,1,True,0.0,
3koaWT,73,47,CarrotHyrax,32.9,10.3,2,True,0.0,
3koaWT,73,48,CarrotHyrax,32.9,9.8,0,True,0.0,
3koaWT,73,49,CarrotHyrax,64.7,9.4,1,True,0.0,
3koaWT,73,50,CarrotHyrax,64.7,8.9,0,True,0.0,
3koaWT,73,51,CarrotHyrax,64.7,8.5,1,True,0.0,
3koaWT,73,52,CarrotHyrax,64.7,8.2,0,True,0.0,
3koaWT,73,53,CarrotHyrax,64.7,7.8,0,True,0.0,
3koaWT,73,54,CarrotHyrax,64.7,7.4,0,True,0.0,
3koaWT,73,55,CarrotHyrax,64.7,6.9,0,True,0.0,
3koaWT,73,56,CarrotHyrax,64.7,6.5,1,True,0.0,
3koaWT,73,57,CarrotHyrax,64.7,6.2,0,True,0.0,
3koaWT,73,58,CarrotHyrax,64.7,5.8,1,True,0.0,
3koaWT,73,59,CarrotHyrax,30.9,5.5,0,True,0.0,
3koaWT,73,60,CarrotHyrax,30.9,5.1,0,True,0.0,
3koaWT,73,61,CarrotHyrax,30.9,5.0,0,True,0.0,
3koaWT,73,62,CarrotHyrax,30.9,5.0,0,True,0.0,
3koaWT,73,63,CarrotHyrax,30.9,5.0,1,True,0.0,
3koaWT,73,64,CarrotHyrax,30.9,5.0,1,True,0.0,
3koaWT,73,65,CarrotHyrax,30.9,5.0,0,True,0.0,
3koaWT,73,66,CarrotHyrax,30.9,5.0,1,True,0.0,
3koaWT,73,67,CarrotHyrax,30.9,5.0,2,True,0.0,
3koaWT,73,68,CarrotHyrax,30.9,5.0,0,True,0.0,
3koaWT,73,69,CarrotHyrax,61.8,5.0,0,True,0.0,
3koaWT,73,70,CarrotHyrax,61.8,5.0,0,True,0.0,
3koaWT,73,71,CarrotHyrax,61.8,5.0,0,True,0.0,
3koaWT,73,72,CarrotHyrax,61.8,5.0,0,True,0.0,
3koaWT,73,73,CarrotHyrax,61.8,5.0,1,True,0.0,
3koaWT,73,74,CarrotHyrax,61.8,5.0,1,True,0.001,
3koaWT,73,75,CarrotHyrax,61.8,5.0,3,True,0.0,
3koaWT,73,76,CarrotHyrax,61.8,5.0,1,True,0.0,
3koaWT,73,77,CarrotHyrax,61.8,5.0,0,True,0.0,
3koaWT,73,78,CarrotHyrax,61.8,5.0,2,True,0.0,
3koaWT,73,79,CarrotHyrax,37.4,5.0,0,True,0.0,
3koaWT,73,80,CarrotHyrax,37.4,5.0,0,True,0.0,
3koaWT,73,81,CarrotHyrax,37.4,5.0,0,True,0.0,
3koaWT,73,82,CarrotHyrax,37.4,5.0,2,True,0.0,
3koaWT,73,83,CarrotHyrax,37.4,5.0,0,True,0.0,
3koaWT,73,84,CarrotHyrax,37.4,5.0,0,True,0.0,
3koaWT,73,85,CarrotHyrax,37.4,5.0,0,True,0.0,
3koaWT,73,86,CarrotHyrax,37.4,5.0,1,True,0.0,
3koaWT,73,87,CarrotHyrax,37.4,5.0,1,True,0.0,
3koaWT,73,88,CarrotHyrax,37.4,5.0,0,True,0.0,
3koaWT,73,89,CarrotHyrax,43.8,5.0,0,True,0.0,
3koaWT,73,90,CarrotHyrax,43.8,5.0,3,True,0.0,
3koaWT,73,91,CarrotHyrax,43.8,5.0,2,True,0.0,
3koaWT,73,92,CarrotHyrax,43.8,5.0,0,True,0.0,
3koaWT,73,93,CarrotHyrax,43.8,5.0,0,True,0.0,
3koaWT,73,94,CarrotHyrax,43.8,5.0,0,True,0.0,
3koaWT,73,95,CarrotHyrax,43.8,5.0,1,True,0.0,
3koaWT,73,96,CarrotHyrax,43.8,5.0,1,True,0.0,
3koaWT,73,97,CarrotHyrax,43.8,5.0,0,True,0.0,
3koaWT,73,98,CarrotHyrax,43.8,5.0,2,True,0.0,
3koaWT,73,99,CarrotHyrax,43.9,5.0,0,True,0.0,
3koaWT,73,100,CarrotHyrax,43.9,5.0,2,True,0.0,
3koaWT,74,1,CarrotHyrax,43.9,56.0,0,True,0.0,
3koaWT,74,2,CarrotHyrax,43.9,44.8,0,True,0.0,
3koaWT,74,3,CarrotHyrax,43.9,35.8,0,True,0.0,
3koaWT,74,4,CarrotHyrax,43.9,28.7,0,True,0.0,
3koaWT,74,5,CarrotHyrax,43.9,22.9,0,True,0.0,
3koaWT,74,6,CarrotHyrax,43.9,18.4,0,True,0.0,
3koaWT,74,7,CarrotHyrax,43.9,14.7,0,True,0.0,
3koaWT,74,8,CarrotHyrax,43.7,11.7,0,True,0.0,
3koaWT,74,9,CarrotHyrax,43.7,9.4,1,True,0.0,
3koaWT,74,10,CarrotHyrax,43.7,7.9,0,True,0.0,
3koaWT,74,11,CarrotHyrax,43.7,6.7,0,True,0.0,
3koaWT,74,12,CarrotHyrax,43.7,5.6,0,True,0.0,
3koaWT,74,13,CarrotHyrax,43.7,5.0,0,True,0.0,
3koaWT,74,14,CarrotHyrax,43.7,5.0,0,True,0.0,
3koaWT,74,15,CarrotHyrax,43.7,5.0,0,True,0.0,
3koaWT,74,16,CarrotHyrax,43.7,5.0,0,True,0.0,
3koaWT,74,17,CarrotHyrax,43.7,5.0,1,True,0.0,
3koaWT,74,18,CarrotHyrax,64.3,5.0,0,True,0.0,
3koaWT,74,19,CarrotHyrax,64.3,5.0,0,True,0.0,
3koaWT,74,20,CarrotHyrax,64.3,5.0,0,True,0.0,
3koaWT,74,21,CarrotHyrax,64.3,5.0,1,True,0.0,
3koaWT,74,22,CarrotHyrax,64.3,5.0,0,True,0.0,
3koaWT,74,23,CarrotHyrax,64.3,5.0,0,True,0.0,
3koaWT,74,24,CarrotHyrax,64.3,5.0,0,True,0.0,
3koaWT,74,25,CarrotHyrax,64.3,5.0,0,True,0.0,
3koaWT,74,26,CarrotHyrax,64.3,5.0,0,True,0.0,
3koaWT,74,27,CarrotHyrax,64.3,5.0,0,True,0.0,
3koaWT,74,28,CarrotHyrax,62.1,5.0,0,True,0.0,
3koaWT,74,29,CarrotHyrax,62.1,5.0,0,True,0.0,
3koaWT,74,30,CarrotHyrax,62.1,5.0,1,True,0.0,
3koaWT,74,31,CarrotHyrax,62.1,5.0,0,True,0.0,
3koaWT,74,32,CarrotHyrax,62.1,5.0,0,True,0.0,
3koaWT,74,33,CarrotHyrax,62.1,5.0,0,True,0.0,
3koaWT,74,34,CarrotHyrax,62.1,5.0,1,True,0.0,
3koaWT,74,35,CarrotHyrax,62.1,5.0,0,True,0.0,
3koaWT,74,36,CarrotHyrax,62.1,5.0,1,True,0.0,
3koaWT,74,37,CarrotHyrax,62.1,5.0,0,True,0.0,
3koaWT,74,38,CarrotHyrax,56.6,5.0,0,True,0.0,
3koaWT,74,39,CarrotHyrax,56.6,5.0,0,True,0.0,
3koaWT,74,40,CarrotHyrax,56.6,5.0,0,True,0.0,
3koaWT,74,41,CarrotHyrax,56.6,5.0,0,True,0.001,
3koaWT,74,42,CarrotHyrax,56.6,5.0,0,True,0.0,
3koaWT,74,43,CarrotHyrax,56.6,5.0,1,True,0.0,
3koaWT,74,44,CarrotHyrax,56.6,5.0,0,True,0.0,
3koaWT,74,45,CarrotHyrax,56.6,5.0,0,True,0.0,
3koaWT,74,46,CarrotHyrax,56.6,5.0,0,True,0.0,
3koaWT,74,47,CarrotHyrax,56.6,5.0,4,True,0.0,
3koaWT,74,48,CarrotHyrax,68.9,5.0,1,True,0.0,
3koaWT,74,49,CarrotHyrax,68.9,5.0,1,True,0.0,
3koaWT,74,50,CarrotHyrax,68.9,5.0,1,True,0.0,
3koaWT,74,51,CarrotHyrax,68.9,5.0,0,True,0.0,
3koaWT,74,52,CarrotHyrax,68.9,5.0,1,True,0.0,
3koaWT,74,53,CarrotHyrax,68.9,5.0,0,True,0.0,
3koaWT,74,54,CarrotHyrax,68.9,5.0,0,True,0.0,
3koaWT,74,55,CarrotHyrax,68.9,5.0,0,True,0.0,
3koaWT,74,56,CarrotHyrax,68.9,5.0,0,True,0.0,
3koaWT,74,57,CarrotHyrax,68.9,5.0,1,True,0.0,
3koaWT,74,58,CarrotHyrax,64.1,5.0,0,True,0.0,
3koaWT,74,59,CarrotHyrax,64.1,5.0,1,True,0.0,
3koaWT,74,60,CarrotHyrax,64.1,5.0,0,True,0.0,
3koaWT,74,61,CarrotHyrax,64.1,5.0,1,True,0.0,
3koaWT,74,62,CarrotHyrax,64.1,5.0,0,True,0.0,
3koaWT,74,63,CarrotHyrax,64.1,5.0,0,True,0.0,
3koaWT,74,64,CarrotHyrax,64.1,5.0,1,True,0.0,
3koaWT,74,65,CarrotHyrax,64.1,5.0,1,True,0.0,
3koaWT,74,66,CarrotHyrax,64.1,5.0,2,True,0.0,
3koaWT,74,67,CarrotHyrax,64.1,5.0,0,True,0.001,
3koaWT,74,68,CarrotHyrax,66.9,5.0,1,True,0.0,
3koaWT,74,69,CarrotHyrax,66.9,5.0,1,True,0.0,
3koaWT,74,70,CarrotHyrax,66.9,5.0,2,True,0.0,
3koaWT,74,71,CarrotHyrax,66.9,5.0,0,True,0.0,
3koaWT,74,72,CarrotHyrax,66.9,5.0,1,True,0.0,
3koaWT,74,73,CarrotHyrax,66.9,5.0,0,True,0.0,
3koaWT,74,74,CarrotHyrax,66.9,5.0,1,True,0.0,
3koaWT,74,75,CarrotHyrax,66.9,5.0,1,True,0.0,
3koaWT,74,76,CarrotHyrax,66.9,5.0,0,True,0.0,
3koaWT,74,77,CarrotHyrax,66.9,5.0,0,True,0.0,
3koaWT,74,78,CarrotHyrax,61.0,5.0,1,True,0.0,
3koaWT,74,79,CarrotHyrax,61.0,5.0,2,True,0.0,
3koaWT,74,80,CarrotHyrax,61.0,5.0,0,True,0.0,
3koaWT,74,81,CarrotHyrax,61.0,5.0,0,True,0.0,
3koaWT,74,82,CarrotHyrax,61.0,5.0,1,True,0.0,
3koaWT,74,83,CarrotHyrax,61.0,5.0,0,True,0.0,
3koaWT,74,84,CarrotHyrax,61.0,5.0,2,True,0.0,
3koaWT,74,85,CarrotHyrax,61.0,5.0,1,True,0.0,
3koaWT,74,86,CarrotHyrax,61.0,5.0,1,True,0.0,
3koaWT,74,87,CarrotHyrax,61.0,5.0,1,True,0.0,
3koaWT,74,88,CarrotHyrax,79.8,5.0,2,True,0.0,
3koaWT,74,89,CarrotHyrax,79.8,5.0,0,True,0.0,
3koaWT,74,90,CarrotHyrax,79.8,5.0,2,True,0.0,
3koaWT,74,91,CarrotHyrax,79.8,5.0,0,True,0.0,
3koaWT,74,92,CarrotHyrax,79.8,5.0,1,True,0.0,
3koaWT,74,93,CarrotHyrax,79.8,5.0,0,True,0.0,
3koaWT,74,94,CarrotHyrax,79.8,5.0,0,True,0.0,
3koaWT,74,95,CarrotHyrax,79.8,5.0,1,True,0.0,
3koaWT,74,96,CarrotHyrax,79.8,5.0,0,True,0.0,
3koaWT,74,97,CarrotHyrax,79.8,5.0,0,True,0.0,
3koaWT,74,98,CarrotHyrax,71.0,5.0,1,True,0.0,
3koaWT,74,99,CarrotHyrax,71.0,5.0,1,True,0.0,
3koaWT,74,100,CarrotHyrax,71.0,5.0,0,True,0.0,
3koaWT,75,1,CarrotHyrax,71.0,72.0,0,True,0.0,
3koaWT,75,2,CarrotHyrax,71.0,57.6,0,True,0.0,
3koaWT,75,3,CarrotHyrax,71.0,46.1,0,True,0.0,
3koaWT,75,4,CarrotHyrax,71.0,36.9,0,True,0.0,
3koaWT,75,5,CarrotHyrax,71.0,29.5,0,True,0.001,
3koaWT,75,6,CarrotHyrax,71.0,23.6,0,True,0.0,
3koaWT,75,7,CarrotHyrax,46.7,18.9,0,True,0.0,
3koaWT,75,8,CarrotHyrax,46.7,15.1,1,True,0.0,
3koaWT,75,9,CarrotHyrax,46.7,12.8,0,True,0.0,
3koaWT,75,10,CarrotHyrax,46.7,10.8,0,True,0.0,
3koaWT,75,11,CarrotHyrax,46.7,9.1,0,True,0.0,
3koaWT,75,12,CarrotHyrax,46.7,7.6,0,True,0.0,
3koaWT,75,13,CarrotHyrax,46.7,6.3,1,True,0.0,
3koaWT,75,14,CarrotHyrax,46.7,5.5,0,True,0.0,
3koaWT,75,15,CarrotHyrax,46.7,5.0,0,True,0.0,
3koaWT,75,16,CarrotHyrax,46.7,5.0,1,True,0.0,
3koaWT,75,17,CarrotHyrax,71.1,5.0,2,True,0.0,
3koaWT,75,18,CarrotHyrax,71.1,5.0,0,True,0.0,
3koaWT,75,19,CarrotHyrax,71.1,5.0,0,True,0.0,
3koaWT,75,20,CarrotHyrax,71.1,5.0,0,True,0.0,
3koaWT,75,21,CarrotHyrax,71.1,5.0,0,True,0.0,
3koaWT,75,22,CarrotHyrax,71.1,5.0,0,True,0.0,
3koaWT,75,23,CarrotHyrax,71.1,5.0,1,True,0.0,
3koaWT,75,24,CarrotHyrax,71.1,5.0,1,True,0.0,
3koaWT,75,25,CarrotHyrax,71.1,5.0,0,True,0.0,
3koaWT,75,26,CarrotHyrax,71.1,5.0,0,True,0.0,
3koaWT,75,27,CarrotHyrax,47.5,5.0,2,True,0.0,
3koaWT,75,28,CarrotHyrax,47.5,5.0,1,True,0.0,
3koaWT,75,29,CarrotHyrax,47.5,5.0,0,True,0.0,
3koaWT,75,30,CarrotHyrax,47.5,5.0,0,True,0.0,
3koaWT,75,31,CarrotHyrax,47.5,5.0,0,True,0.0,
3koaWT,75,32,CarrotHyrax,47.5,5.0,1,True,0.0,
3koaWT,75,33,CarrotHyrax,47.5,5.0,0,True,0.001,
3koaWT,75,34,CarrotHyrax,47.5,5.0,1,True,0.0,
3koaWT,75,35,CarrotHyrax,47.5,5.0,0,True,0.0,
3koaWT,75,36,CarrotHyrax,47.5,5.0,0,True,0.0,
3koaWT,75,37,CarrotHyrax,52.5,5.0,0,True,0.0,
3koaWT,75,38,CarrotHyrax,52.5,5.0,1,True,0.0,
3koaWT,75,39,CarrotHyrax,52.5,5.0,1,True,0.0,
3koaWT,75,40,CarrotHyrax,52.5,5.0,0,True,0.0,
3koaWT,75,41,CarrotHyrax,52.5,5.0,0,True,0.0,
3koaWT,75,42,CarrotHyrax,52.5,5.0,0,True,0.0,
3koaWT,75,43,CarrotHyrax,52.5,5.0,0,True,0.0,
3koaWT,75,44,CarrotHyrax,52.5,5.0,0,True,0.0,
3koaWT,75,45,CarrotHyrax,52.5,5.0,0,True,0.0,
3koaWT,75,46,CarrotHyrax,52.5,5.0,0,True,0.0,
3koaWT,75,47,CarrotHyrax,56.9,5.0,0,True,0.0,
3koaWT,75,48,CarrotHyrax,56.9,5.0,1,True,0.0,
3koaWT,75,49,CarrotHyrax,56.9,5.0,1,True,0.0,
3koaWT,75,50,CarrotHyrax,56.9,5.0,1,True,0.0,
3koaWT,75,51,CarrotHyrax,56.9,5.0,0,True,0.0,
3koaWT,75,52,CarrotHyrax,56.9,5.0,1,True,0.0,
3koaWT,75,53,CarrotHyrax,56.9,5.0,1,True,0.0,
3koaWT,75,54,CarrotHyrax,56.9,5.0,1,True,0.0,
3koaWT,75,55,CarrotHyrax,56.9,5.0,0,True,0.0,
3koaWT,75,56,CarrotHyrax,56.9,5.0,1,True,0.0,
3koaWT,75,57,CarrotHyrax,38.0,5.0,1,True,0.0,
3koaWT,75,58,CarrotHyrax,38.0,5.0,0,True,0.0,
3koaWT,75,59,CarrotHyrax,38.0,5.0,0,True,0.0,
3koaWT,75,60,CarrotHyrax,38.0,5.0,0,True,0.0,
3koaWT,75,61,CarrotHyrax,38.0,5.0,1,True,0.0,
3koaWT,75,62,CarrotHyrax,38.0,5.0,0,True,0.0,
3koaWT,75,63,CarrotHyrax,38.0,5.0,0,True,0.0,
3koaWT,75,64,CarrotHyrax,38.0,5.0,1,True,0.0,
3koaWT,75,65,CarrotHyrax,38.0,5.0,0,True,0.0,
3koaWT,75,66,CarrotHyrax,38.0,5.0,0,True,0.0,
3koaWT,75,67,CarrotHyrax,79.0,5.0,2,True,0.0,
3koaWT,75,68,CarrotHyrax,79.0,5.0,0,True,0.0,
3koaWT,75,69,CarrotHyrax,79.0,5.0,0,True,0.0,
3koaWT,75,70,CarrotHyrax,79.0,5.0,0,True,0.0,
3koaWT,75,71,CarrotHyrax,79.0,5.0,1,True,0.0,
3koaWT,75,72,CarrotHyrax,79.0,5.0,1,True,0.0,
3koaWT,75,73,CarrotHyrax,79.0,5.0,0,True,0.0,
3koaWT,75,74,CarrotHyrax,79.0,5.0,1,True,0.0,
3koaWT,75,75,CarrotHyrax,79.0,5.0,1,True,0.0,
3koaWT,75,76,CarrotHyrax,79.0,5.0,0,True,0.0,
3koaWT,75,77,CarrotHyrax,56.4,5.0,1,True,0.0,
3koaWT,75,78,CarrotHyrax,56.4,5.0,1,True,0.0,
3koaWT,75,79,CarrotHyrax,56.4,5.0,1,True,0.0,
3koaWT,75,80,CarrotHyrax,56.4,5.0,0,True,0.0,
3koaWT,75,81,CarrotHyrax,56.4,5.0,0,True,0.0,
3koaWT,75,82,CarrotHyrax,56.4,5.0,1,True,0.0,
3koaWT,75,83,CarrotHyrax,56.4,5.0,2,True,0.0,
3koaWT,75,84,CarrotHyrax,56.4,5.0,1,True,0.0,
3koaWT,75,85,CarrotHyrax,56.4,5.0,1,True,0.0,
3koaWT,75,86,CarrotHyrax,56.4,5.0,0,True,0.0,
3koaWT,75,87,CarrotHyrax,77.7,5.0,0,True,0.0,
3koaWT,75,88,CarrotHyrax,77.7,5.0,0,True,0.0,
3koaWT,75,89,CarrotHyrax,77.7,5.0,1,True,0.0,
3koaWT,75,90,CarrotHyrax,77.7,5.0,3,True,0.0,
3koaWT,75,91,CarrotHyrax,77.7,5.0,0,True,0.0,
3koaWT,75,92,CarrotHyrax,77.7,5.0,0,True,0.0,
3koaWT,75,93,CarrotHyrax,77.7,5.0,1,True,0.0,
3koaWT,75,94,CarrotHyrax,77.7,5.0,1,True,0.0,
3koaWT,75,95,CarrotHyrax,77.7,5.0,0,True,0.0,
3koaWT,75,96,CarrotHyrax,77.7,5.0,1,True,0.0,
3koaWT,75,97,CarrotHyrax,33.3,5.0,1,True,0.0,
3koaWT,75,98,CarrotHyrax,33.3,5.0,0,True,0.0,
3koaWT,75,99,CarrotHyrax,33.3,5.0,0,True,0.0,
3koaWT,75,100,CarrotHyrax,33.3,5.0,1,True,0.0,
3koaWT,76,1,CarrotHyrax,33.3,32.0,0,True,0.0,
3koaWT,76,2,CarrotHyrax,33.3,25.6,0,True,0.0,
3koaWT,76,3,CarrotHyrax,33.3,20.5,0,True,0.0,
3koaWT,76,4,CarrotHyrax,33.3,16.4,1,True,0.0,
3koaWT,76,5,CarrotHyrax,33.3,14.7,1,True,0.0,
3koaWT,76,6,CarrotHyrax,30.9,13.9,0,True,0.0,
3koaWT,76,7,CarrotHyrax,30.9,13.0,0,True,0.0,
3koaWT,76,8,CarrotHyrax,30.9,11.9,0,True,0.0,
3koaWT,76,9,CarrotHyrax,30.9,10.7,0,True,0.0,
3koaWT,76,10,CarrotHyrax,30.9,9.5,2,True,0.0,
3koaWT,76,11,CarrotHyrax,30.9,9.1,0,True,0.0,
3koaWT,76,12,CarrotHyrax,30.9,8.7,0,True,0.0,
3koaWT,76,13,CarrotHyrax,30.9,8.1,0,True,0.0,
3koaWT,76,14,CarrotHyrax,30.9,7.4,0,True,0.0,
3koaWT,76,15,CarrotHyrax,30.9,6.7,0,True,0.0,
3koaWT,76,16,CarrotHyrax,60.1,6.0,0,True,0.0,
3koaWT,76,17,CarrotHyrax,60.1,5.4,0,True,0.0,
3koaWT,76,18,CarrotHyrax,60.1,5.0,0,True,0.0,
3koaWT,76,19,CarrotHyrax,60.1,5.0,1,True,0.0,
3koaWT,76,20,CarrotHyrax,60.1,5.0,1,True,0.0,
3koaWT,76,21,CarrotHyrax,60.1,5.0,0,True,0.0,
3koaWT,76,22,CarrotHyrax,60.1,5.0,1,True,0.0,
3koaWT,76,23,CarrotHyrax,60.1,5.0,1,True,0.0,
3koaWT,76,24,CarrotHyrax,60.1,5.0,1,True,0.0,
3koaWT,76,25,CarrotHyrax,60.1,5.0,0,True,0.0,
3koaWT,76,26,CarrotHyrax,48.4,5.0,1,True,0.0,
3koaWT,76,27,CarrotHyrax,48.4,5.0,1,True,0.0,
3koaWT,76,28,CarrotHyrax,48.4,5.0,0,True,0.0,
3koaWT,76,29,CarrotHyrax,48.4,5.0,0,True,0.0,
3koaWT,76,30,CarrotHyrax,48.4,5.0,0,True,0.0,
3koaWT,76,31,CarrotHyrax,48.4,5.0,1,True,0.0,
3koaWT,76,32,CarrotHyrax,48.4,5.0,1,True,0.0,
3koaWT,76,33,CarrotHyrax,48.4,5.0,1,True,0.0,
3koaWT,76,34,CarrotHyrax,48.4,5.0,0,True,0.0,
3koaWT,76,35,CarrotHyrax,48.4,5.0,0,True,0.0,
3koaWT,76,36,CarrotHyrax,61.0,5.0,0,True,0.0,
3koaWT,76,37,CarrotHyrax,61.0,5.0,0,True,0.0,
3koaWT,76,38,CarrotHyrax,61.0,5.0,0,True,0.0,
3koaWT,76,39,CarrotHyrax,61.0,5.0,1,True,0.0,
3koaWT,76,40,CarrotHyrax,61.0,5.0,0,True,0.0,
3koaWT,76,41,CarrotHyrax,61.0,5.0,0,True,0.0,
3koaWT,76,42,CarrotHyrax,61.0,5.0,1,True,0.0,
3koaWT,76,43,CarrotHyrax,61.0,5.0,0,True,0.0,
3koaWT,76,44,CarrotHyrax,61.0,5.0,0,True,0.0,
3koaWT,76,45,CarrotHyrax,61.0,5.0,1,True,0.0,
3koaWT,76,46,CarrotHyrax,40.1,5.0,0,True,0.0,
3koaWT,76,47,CarrotHyrax,40.1,5.0,0,True,0.0,
3koaWT,76,48,CarrotHyrax,40.1,5.0,1,True,0.0,
3koaWT,76,49,CarrotHyrax,40.1,5.0,1,True,0.0,
3koaWT,76,50,CarrotHyrax,40.1,5.0,0,True,0.0,
3koaWT,76,51,CarrotHyrax,40.1,5.0,0,True,0.0,
3koaWT,76,52,CarrotHyrax,40.1,5.0,0,True,0.001,
3koaWT,76,53,CarrotHyrax,40.1,5.0,1,True,0.001,
3koaWT,76,54,CarrotHyrax,40.1,5.0,4,True,0.0,
3koaWT,76,55,CarrotHyrax,40.1,5.0,0,True,0.0,
3koaWT,76,56,CarrotHyrax,72.9,5.0,0,True,0.0,
3koaWT,76,57,CarrotHyrax,72.9,5.0,2,True,0.0,
3koaWT,76,58,CarrotHyrax,72.9,5.0,0,True,0.0,
3koaWT,76,59,CarrotHyrax,72.9,5.0,0,True,0.0,
3koaWT,76,60,CarrotHyrax,72.9,5.0,2,True,0.0,
3koaWT,76,61,CarrotHyrax,72.9,5.0,0,True,0.0,
3koaWT,76,62,CarrotHyrax,72.9,5.0,0,True,0.0,
3koaWT,76,63,CarrotHyrax,72.9,5.0,0,True,0.001,
3koaWT,76,64,CarrotHyrax,72.9,5.0,0,True,0.0,
3koaWT,76,65,CarrotHyrax,72.9,5.0,1,True,0.0,
3koaWT,76,66,CarrotHyrax,41.7,5.0,1,True,0.0,
3koaWT,76,67,CarrotHyrax,41.7,5.0,0,True,0.0,
3koaWT,76,68,CarrotHyrax,41.7,5.0,1,True,0.0,
3koaWT,76,69,CarrotHyrax,41.7,5.0,1,True,0.0,
3koaWT,76,70,CarrotHyrax,41.7,5.0,1,True,0.0,
3koaWT,76,71,CarrotHyrax,41.7,5.0,0,True,0.0,
3koaWT,76,72,CarrotHyrax,41.7,5.0,1,True,0.0,
3koaWT,76,73,CarrotHyrax,41.7,5.0,1,True,0.0,
3koaWT,76,74,CarrotHyrax,41.7,5.0,0,True,0.0,
3koaWT,76,75,CarrotHyrax,41.7,5.0,2,True,0.0,
3koaWT,76,76,CarrotHyrax,78.1,5.0,1,True,0.0,
3koaWT,76,77,CarrotHyrax,78.1,5.0,0,True,0.0,
3koaWT,76,78,CarrotHyrax,78.1,5.0,0,True,0.0,
3koaWT,76,79,CarrotHyrax,78.1,5.0,0,True,0.0,
3koaWT,76,80,CarrotHyrax,78.1,5.0,1,True,0.0,
3koaWT,76,81,CarrotHyrax,78.1,5.0,0,True,0.0,
3koaWT,76,82,CarrotHyrax,78.1,5.0,0,True,0.0,
3koaWT,76,83,CarrotHyrax,78.1,5.0,1,True,0.0,
3koaWT,76,84,CarrotHyrax,78.1,5.0,0,True,0.0,
3koaWT,76,85,CarrotHyrax,78.1,5.0,0,True,0.0,
3koaWT,76,86,CarrotHyrax,42.9,5.0,0,True,0.0,
3koaWT,76,87,CarrotHyrax,42.9,5.0,2,True,0.0,
3koaWT,76,88,CarrotHyrax,42.9,5.0,0,True,0.0,
3koaWT,76,89,CarrotHyrax,42.9,5.0,1,True,0.0,
3koaWT,76,90,CarrotHyrax,42.9,5.0,1,True,0.0,
3koaWT,76,91,CarrotHyrax,42.9,5.0,1,True,0.0,
3koaWT,76,92,CarrotHyrax,42.9,5.0,2,True,0.0,
3koaWT,76,93,CarrotHyrax,42.9,5.0,0,True,0.0,
3koaWT,76,94,CarrotHyrax,42.9,5.0,1,True,0.0,
3koaWT,76,95,CarrotHyrax,42.9,5.0,0,True,0.0,
3koaWT,76,96,CarrotHyrax,39.3,5.0,1,True,0.0,
3koaWT,76,97,CarrotHyrax,39.3,5.0,0,True,0.0,
3koaWT,76,98,CarrotHyrax,39.3,5.0,0,True,0.0,
3koaWT,76,99,CarrotHyrax,39.3,5.0,0,True,0.0,
3koaWT,76,100,CarrotHyrax,39.3,5.0,0,True,0.0,
3koaWT,77,1,CarrotHyrax,39.3,37.0,0,True,0.0,
3koaWT,77,2,CarrotHyrax,39.3,29.6,0,True,0.0,
3koaWT,77,3,CarrotHyrax,39.3,23.7,1,True,0.0,
3koaWT,77,4,CarrotHyrax,39.3,22.0,1,True,0.0,
3koaWT,77,5,CarrotHyrax,73.2,21.8,0,True,0.0,
3koaWT,77,6,CarrotHyrax,73.2,20.7,1,True,0.0,
3koaWT,77,7,CarrotHyrax,73.2,20.7,0,True,0.0,
3koaWT,77,8,CarrotHyrax,73.2,20.1,0,True,0.0,
3koaWT,77,9,CarrotHyrax,73.2,19.0,1,True,0.0,
3koaWT,77,10,CarrotHyrax,73.2,18.6,0,True,0.0,
3koaWT,77,11,CarrotHyrax,73.2,17.9,0,True,0.0,
3koaWT,77,12,CarrotHyrax,73.2,17.0,0,True,0.0,
3koaWT,77,13,CarrotHyrax,73.2,15.8,1,True,0.0,
3koaWT,77,14,CarrotHyrax,73.2,15.0,1,True,0.0,
3koaWT,77,15,CarrotHyrax,40.3,14.4,0,True,0.0,
3koaWT,77,16,CarrotHyrax,40.3,13.7,0,True,0.0,
3koaWT,77,17,CarrotHyrax,40.3,12.8,0,True,0.001,
3koaWT,77,18,CarrotHyrax,40.3,11.9,1,True,0.0,
3koaWT,77,19,CarrotHyrax,40.3,11.2,0,True,0.0,
3koaWT,77,20,CarrotHyrax,40.3,10.5,0,True,0.001,
3koaWT,77,21,CarrotHyrax,40.3,9.8,1,True,0.0,
3koaWT,77,22,CarrotHyrax,40.3,9.3,0,True,0.0,
3koaWT,77,23,CarrotHyrax,40.3,8.7,1,True,0.0,
3koaWT,77,24,CarrotHyrax,40.3,8.3,1,True,0.0,
3koaWT,77,25,CarrotHyrax,72.1,7.9,1,True,0.0,
3koaWT,77,26,CarrotHyrax,72.1,7.6,0,True,0.0,
3koaWT,77,27,CarrotHyrax,72.1,7.3,0,True,0.0,
3koaWT,77,28,CarrotHyrax,72.1,7.0,0,True,0.001,
3koaWT,77,29,CarrotHyrax,72.1,6.6,0,True,0.0,
3koaWT,77,30,CarrotHyrax,72.1,6.2,2,True,0.0,
3koaWT,77,31,CarrotHyrax,72.1,5.9,1,True,0.0,
3koaWT,77,32,CarrotHyrax,72.1,5.7,0,True,0.0,
3koaWT,77,33,CarrotHyrax,72.1,5.5,1,True,0.0,
3koaWT,77,34,CarrotHyrax,72.1,5.4,0,True,0.0,
3koaWT,77,35,CarrotHyrax,44.0,5.2,0,True,0.003,
3koaWT,77,36,CarrotHyrax,44.0,5.0,1,True,0.0,
3koaWT,77,37,CarrotHyrax,44.0,5.0,2,True,0.0,
3koaWT,77,38,CarrotHyrax,44.0,5.0,0,True,0.0,
3koaWT,77,39,CarrotHyrax,44.0,5.0,1,True,0.0,
3koaWT,77,40,CarrotHyrax,44.0,5.0,0,True,0.0,
3koaWT,77,41,CarrotHyrax,44.0,5.0,1,True,0.0,
3koaWT,77,42,CarrotHyrax,44.0,5.0,0,True,0.0,
3koaWT,77,43,CarrotHyrax,44.0,5.0,0,True,0.0,
3koaWT,77,44,CarrotHyrax,44.0,5.0,0,True,0.0,
3koaWT,77,45,CarrotHyrax,42.8,5.0,0,True,0.0,
3koaWT,77,46,CarrotHyrax,42.8,5.0,0,True,0.0,
3koaWT,77,47,CarrotHyrax,42.8,5.0,0,True,0.0,
3koaWT,77,48,CarrotHyrax,42.8,5.0,2,True,0.0,
3koaWT,77,49,CarrotHyrax,42.8,5.0,1,True,0.0,
3koaWT,77,50,CarrotHyrax,42.8,5.0,1,True,0.0,
3koaWT,77,51,CarrotHyrax,42.8,5.0,0,True,0.0,
3koaWT,77,52,CarrotHyrax,42.8,5.0,0,True,0.0,
3koaWT,77,53,CarrotHyrax,42.8,5.0,0,True,0.0,
3koaWT,77,54,CarrotHyrax,42.8,5.0,0,True,0.0,
3koaWT,77,55,CarrotHyrax,57.6,5.0,0,True,0.0,
3koaWT,77,56,CarrotHyrax,57.6,5.0,0,True,0.0,
3koaWT,77,57,CarrotHyrax,57.6,5.0,0,True,0.0,
3koaWT,77,58,CarrotHyrax,57.6,5.0,0,True,0.0,
3koaWT,77,59,CarrotHyrax,57.6,5.0,0,True,0.0,
3koaWT,77,60,CarrotHyrax,57.6,5.0,0,True,0.0,
3koaWT,77,61,CarrotHyrax,57.6,5.0,0,True,0.0,
3koaWT,77,62,CarrotHyrax,57.6,5.0,1,True,0.0,
3koaWT,77,63,CarrotHyrax,57.6,5.0,2,True,0.0,
3koaWT,77,64,CarrotHyrax,57.6,5.0,0,True,0.0,
3koaWT,77,65,CarrotHyrax,33.0,5.0,1,True,0.0,
3koaWT,77,66,CarrotHyrax,33.0,5.0,0,True,0.0,
3koaWT,77,67,CarrotHyrax,33.0,5.0,1,True,0.0,
3koaWT,77,68,CarrotHyrax,33.0,5.0,0,True,0.0,
3koaWT,77,69,CarrotHyrax,33.0,5.0,0,True,0.0,
3koaWT,77,70,CarrotHyrax,33.0,5.0,2,True,0.0,
3koaWT,77,71,CarrotHyrax,33.0,5.0,0,True,0.0,
3koaWT,77,72,CarrotHyrax,33.0,5.0,1,True,0.0,
3koaWT,77,73,CarrotHyrax,33.0,5.0,1,True,0.0,
3koaWT,77,74,CarrotHyrax,33.0,5.0,1,True,0.0,
3koaWT,77,75,CarrotHyrax,70.2,5.0,1,True,0.0,
3koaWT,77,76,CarrotHyrax,70.2,5.0,1,True,0.0,
3koaWT,77,77,CarrotHyrax,70.2,5.0,1,True,0.0,
3koaWT,77,78,CarrotHyrax,70.2,5.0,0,True,0.0,
3koaWT,77,79,CarrotHyrax,70.2,5.0,0,True,0.0,
3koaWT,77,80,CarrotHyrax,70.2,5.0,1,True,0.0,
3koaWT,77,81,CarrotHyrax,70.2,5.0,0,True,0.0,
3koaWT,77,82,CarrotHyrax,70.2,5.0,0,True,0.0,
3koaWT,77,83,CarrotHyrax,70.2,5.0,2,True,0.0,
3koaWT,77,84,CarrotHyrax,70.2,5.0,0,True,0.0,
3koaWT,77,85,CarrotHyrax,58.6,5.0,1,True,0.0,
3koaWT,77,86,CarrotHyrax,58.6,5.0,2,True,0.0,
3koaWT,77,87,CarrotHyrax,58.6,5.0,1,True,0.0,
3koaWT,77,88,CarrotHyrax,58.6,5.0,0,True,0.0,
3koaWT,77,89,CarrotHyrax,58.6,5.0,1,True,0.0,
3koaWT,77,90,CarrotHyrax,58.6,5.0,1,True,0.0,
3koaWT,77,91,CarrotHyrax,58.6,5.0,1,True,0.0,
3koaWT,77,92,CarrotHyrax,58.6,5.0,1,True,0.0,
3koaWT,77,93,CarrotHyrax,58.6,5.0,0,True,0.0,
3koaWT,77,94,CarrotHyrax,58.6,5.0,0,True,0.0,
3koaWT,77,95,CarrotHyrax,35.7,5.0,1,True,0.0,
3koaWT,77,96,CarrotHyrax,35.7,5.0,1,True,0.0,
3koaWT,77,97,CarrotHyrax,35.7,5.0,2,True,0.0,
3koaWT,77,98,CarrotHyrax,35.7,5.0,1,True,0.0,
3koaWT,77,99,CarrotHyrax,35.7,5.0,0,True,0.0,
3koaWT,77,100,CarrotHyrax,35.7,5.0,0,True,0.0,
3koaWT,78,1,CarrotHyrax,35.7,80.0,0,True,0.0,
3koaWT,78,2,CarrotHyrax,35.7,64.0,0,True,0.0,
3koaWT,78,3,CarrotHyrax,35.7,51.2,0,True,0.0,
3koaWT,78,4,CarrotHyrax,33.8,41.0,0,True,0.0,
3koaWT,78,5,CarrotHyrax,33.8,32.8,0,True,0.0,
3koaWT,78,6,CarrotHyrax,33.8,26.2,0,True,0.0,
3koaWT,78,7,CarrotHyrax,33.8,21.0,0,True,0.0,
3koaWT,78,8,CarrotHyrax,33.8,16.8,0,True,0.0,
3koaWT,78,9,CarrotHyrax,33.8,13.4,0,True,0.0,
3koaWT,78,10,CarrotHyrax,33.8,10.7,0,True,0.0,
3koaWT,78,11,CarrotHyrax,33.8,8.6,0,True,0.0,
3koaWT,78,12,CarrotHyrax,33.8,6.9,0,True,0.0,
3koaWT,78,13,CarrotHyrax,33.8,5.5,0,True,0.0,
3koaWT,78,14,CarrotHyrax,72.1,5.0,1,True,0.0,
3koaWT,78,15,CarrotHyrax,72.1,5.0,1,True,0.0,
3koaWT,78,16,CarrotHyrax,72.1,5.0,0,True,0.0,
3koaWT,78,17,CarrotHyrax,72.1,5.0,0,True,0.0,
3koaWT,78,18,CarrotHyrax,72.1,5.0,1,True,0.0,
3koaWT,78,19,CarrotHyrax,72.1,5.0,1,True,0.0,
3koaWT,78,20,CarrotHyrax,72.1,5.0,0,True,0.0,
3koaWT,78,21,CarrotHyrax,72.1,5.0,2,True,0.001,
3koaWT,78,22,CarrotHyrax,72.1,5.0,0,True,0.0,
3koaWT,78,23,CarrotHyrax,72.1,5.0,0,True,0.0,
3koaWT,78,24,CarrotHyrax,33.1,5.0,1,True,0.0,
3koaWT,78,25,CarrotHyrax,33.1,5.0,1,True,0.0,
3koaWT,78,26,CarrotHyrax,33.1,5.0,1,True,0.0,
3koaWT,78,27,CarrotHyrax,33.1,5.0,0,True,0.0,
3koaWT,78,28,CarrotHyrax,33.1,5.0,0,True,0.0,
3koaWT,78,29,CarrotHyrax,33.1,5.0,0,True,0.0,
3koaWT,78,30,CarrotHyrax,33.1,5.0,1,True,0.0,
3koaWT,78,31,CarrotHyrax,33.1,5.0,0,True,0.0,
3koaWT,78,32,CarrotHyrax,33.1,5.0,2,True,0.0,
3koaWT,78,33,CarrotHyrax,33.1,5.0,0,True,0.0,
3koaWT,78,34,CarrotHyrax,74.5,5.0,0,True,0.0,
3koaWT,78,35,CarrotHyrax,74.5,5.0,0,True,0.0,
3koaWT,78,36,CarrotHyrax,74.5,5.0,0,True,0.0,
3koaWT,78,37,CarrotHyrax,74.5,5.0,0,True,0.0,
3koaWT,78,38,CarrotHyrax,74.5,5.0,0,True,0.0,
3koaWT,78,39,CarrotHyrax,74.5,5.0,0,True,0.0,
3koaWT,78,40,CarrotHyrax,74.5,5.0,1,True,0.0,
3koaWT,78,41,CarrotHyrax,74.5,5.0,0,True,0.0,
3koaWT,78,42,CarrotHyrax,74.5,5.0,1,True,0.0,
3koaWT,78,43,CarrotHyrax,74.5,5.0,0,True,0.0,
3koaWT,78,44,CarrotHyrax,50.0,5.0,1,True,0.0,
3koaWT,78,45,CarrotHyrax,50.0,5.0,1,True,0.0,
3koaWT,78,46,CarrotHyrax,50.0,5.0,0,True,0.0,
3koaWT,78,47,CarrotHyrax,50.0,5.0,1,True,0.0,
3koaWT,78,48,CarrotHyrax,50.0,5.0,1,True,0.0,
3koaWT,78,49,CarrotHyrax,50.0,5.0,1,True,0.0,
3koaWT,78,50,CarrotHyrax,50.0,5.0,0,True,0.0,
3koaWT,78,51,CarrotHyrax,50.0,5.0,0,True,0.0,
3koaWT,78,52,CarrotHyrax,50.0,5.0,0,True,0.0,
3koaWT,78,53,CarrotHyrax,50.0,5.0,0,True,0.0,
3koaWT,78,54,CarrotHyrax,65.4,5.0,0,True,0.0,
3koaWT,78,55,CarrotHyrax,65.4,5.0,0,True,0.0,
3koaWT,78,56,CarrotHyrax,65.4,5.0,0,True,0.0,
3koaWT,78,57,CarrotHyrax,65.4,5.0,0,True,0.0,
3koaWT,78,58,CarrotHyrax,65.4,5.0,2,True,0.0,
3koaWT,78,59,CarrotHyrax,65.4,5.0,0,True,0.0,
3koaWT,78,60,CarrotHyrax,65.4,5.0,1,True,0.0,
3koaWT,78,61,CarrotHyrax,65.4,5.0,2,True,0.0,
3koaWT,78,62,CarrotHyrax,65.4,5.0,4,True,0.0,
3koaWT,78,63,CarrotHyrax,65.4,5.0,0,True,0.0,
3koaWT,78,64,CarrotHyrax,45.2,5.0,0,True,0.0,
3koaWT,78,65,CarrotHyrax,45.2,5.0,0,True,0.0,
3koaWT,78,66,CarrotHyrax,45.2,5.0,1,True,0.0,
3koaWT,78,67,CarrotHyrax,45.2,5.0,0,True,0.0,
3koaWT,78,68,CarrotHyrax,45.2,5.0,1,True,0.0,
3koaWT,78,69,CarrotHyrax,45.2,5.0,0,True,0.0,
3koaWT,78,70,CarrotHyrax,45.2,5.0,0,True,0.0,
3koaWT,78,71,CarrotHyrax,45.2,5.0,0,True,0.0,
3koaWT,78,72,CarrotHyrax,45.2,5.0,0,True,0.0,
3koaWT,78,73,CarrotHyrax,45.2,5.0,1,True,0.0,
3koaWT,78,74,CarrotHyrax,64.3,5.0,1,True,0.0,
3koaWT,78,75,CarrotHyrax,64.3,5.0,0,True,0.0,
3koaWT,78,76,CarrotHyrax,64.3,5.0,0,True,0.0,
3koaWT,78,77,CarrotHyrax,64.3,5.0,0,True,0.0,
3koaWT,78,78,CarrotHyrax,64.3,5.0,1,True,0.0,
3koaWT,78,79,CarrotHyrax,64.3,5.0,0,True,0.0,
3koaWT,78,80,CarrotHyrax,64.3,5.0,0,True,0.0,
3koaWT,78,81,CarrotHyrax,64.3,5.0,1,True,0.0,
3koaWT,78,82,CarrotHyrax,64.3,5.0,1,True,0.0,
3koaWT,78,83,CarrotHyrax,64.3,5.0,1,True,0.0,
3koaWT,78,84,CarrotHyrax,30.2,5.0,0,True,0.0,
3koaWT,78,85,CarrotHyrax,30.2,5.0,0,True,0.0,
3koaWT,78,86,CarrotHyrax,30.2,5.0,1,True,0.0,
3koaWT,78,87,CarrotHyrax,30.2,5.0,0,True,0.0,
3koaWT,78,88,CarrotHyrax,30.2,5.0,0,True,0.0,
3koaWT,78,89,CarrotHyrax,30.2,5.0,4,True,0.0,
3koaWT,78,90,CarrotHyrax,30.2,5.0,0,True,0.0,
3koaWT,78,91,CarrotHyrax,30.2,5.0,1,True,0.0,
3koaWT,78,92,CarrotHyrax,30.2,5.0,0,True,0.0,
3koaWT,78,93,CarrotHyrax,30.2,5.0,1,True,0.0,
3koaWT,78,94,CarrotHyrax,51.4,5.0,0,True,0.0,
3koaWT,78,95,CarrotHyrax,51.4,5.0,2,True,0.0,
3koaWT,78,96,CarrotHyrax,51.4,5.0,0,True,0.0,
3koaWT,78,97,CarrotHyrax,51.4,5.0,0,True,0.0,
3koaWT,78,98,CarrotHyrax,51.4,5.0,0,True,0.0,
3koaWT,78,99,CarrotHyrax,51.4,5.0,0,True,0.0,
3koaWT,78,100,CarrotHyrax,51.4,5.0,1,True,0.0,
3koaWT,79,1,CarrotHyrax,51.4,30.0,0,True,0.0,
3koaWT,79,2,CarrotHyrax,51.4,24.0,1,True,0.0,
3koaWT,79,3,CarrotHyrax,33.3,23.2,0,True,0.0,
3koaWT,79,4,CarrotHyrax,33.3,21.5,0,True,0.0,
3koaWT,79,5,CarrotHyrax,33.3,19.3,1,True,0.001,
3koaWT,79,6,CarrotHyrax,33.3,18.3,0,True,0.0,
3koaWT,79,7,CarrotHyrax,33.3,17.1,0,True,0.0,
3koaWT,79,8,CarrotHyrax,33.3,15.6,0,True,0.0,
3koaWT,79,9,CarrotHyrax,33.3,14.0,0,True,0.0,
3koaWT,79,10,CarrotHyrax,33.3,12.4,1,True,0.0,
3koaWT,79,11,CarrotHyrax,33.3,11.5,0,True,0.0,
3koaWT,79,12,CarrotHyrax,33.3,10.5,0,True,0.0,
3koaWT,79,13,CarrotHyrax,49.1,9.4,0,True,0.0,
3koaWT,79,14,CarrotHyrax,49.1,8.4,1,True,0.0,
3koaWT,79,15,CarrotHyrax,49.1,7.6,1,True,0.001,
3koaWT,79,16,CarrotHyrax,49.1,7.0,1,True,0.0,
3koaWT,79,17,CarrotHyrax,49.1,6.6,0,True,0.0,
3koaWT,79,18,CarrotHyrax,49.1,6.1,0,True,0.0,
3koaWT,79,19,CarrotHyrax,49.1,5.6,1,True,0.0,
3koaWT,79,20,CarrotHyrax,49.1,5.3,0,True,0.0,
3koaWT,79,21,CarrotHyrax,49.1,5.0,1,True,0.0,
3koaWT,79,22,CarrotHyrax,49.1,5.0,0,True,0.0,
3koaWT,79,23,CarrotHyrax,63.8,5.0,0,True,0.0,
3koaWT,79,24,CarrotHyrax,63.8,5.0,0,True,0.0,
3koaWT,79,25,CarrotHyrax,63.8,5.0,1,True,0.0,
3koaWT,79,26,CarrotHyrax,63.8,5.0,0,True,0.0,
3koaWT,79,27,CarrotHyrax,63.8,5.0,1,True,0.0,
3koaWT,79,28,CarrotHyrax,63.8,5.0,0,True,0.001,
3koaWT,79,29,CarrotHyrax,63.8,5.0,1,True,0.0,
3koaWT,79,30,CarrotHyrax,63.8,5.0,2,True,0.0,
3koaWT,79,31,CarrotHyrax,63.8,5.0,0,True,0.0,
3koaWT,79,32,CarrotHyrax,63.8,5.0,0,True,0.001,
3koaWT,79,33,CarrotHyrax,68.1,5.0,0,True,0.0,
3koaWT,79,34,CarrotHyrax,68.1,5.0,2,True,0.0,
3koaWT,79,35,CarrotHyrax,68.1,5.0,1,True,0.0,
3koaWT,79,36,CarrotHyrax,68.1,5.0,0,True,0.0,
3koaWT,79,37,CarrotHyrax,68.1,5.0,1,True,0.0,
3koaWT,79,38,CarrotHyrax,68.1,5.0,0,True,0.0,
3koaWT,79,39,CarrotHyrax,68.1,5.0,0,True,0.0,
3koaWT,79,40,CarrotHyrax,68.1,5.0,1,True,0.0,
3koaWT,79,41,CarrotHyrax,68.1,5.0,0,True,0.0,
3koaWT,79,42,CarrotHyrax,68.1,5.0,0,True,0.0,
3koaWT,79,43,CarrotHyrax,57.5,5.0,1,True,0.0,
3koaWT,79,44,CarrotHyrax,57.5,5.0,0,True,0.001,
3koaWT,79,45,CarrotHyrax,57.5,5.0,1,True,0.0,
3koaWT,79,46,CarrotHyrax,57.5,5.0,0,True,0.0,
3koaWT,79,47,CarrotHyrax,57.5,5.0,1,True,0.001,
3koaWT,79,48,CarrotHyrax,57.5,5.0,1,True,0.0,
3koaWT,79,49,CarrotHyrax,57.5,5.0,0,True,0.0,
3koaWT,79,50,CarrotHyrax,57.5,5.0,1,True,0.0,
3koaWT,79,51,CarrotHyrax,57.5,5.0,0,True,0.0,
3koaWT,79,52,CarrotHyrax,57.5,5.0,1,True,0.0,
3koaWT,79,53,CarrotHyrax,61.7,5.0,1,True,0.0,
3koaWT,79,54,CarrotHyrax,61.7,5.0,2,True,0.0,
3koaWT,79,55,CarrotHyrax,61.7,5.0,1,True,0.0,
3koaWT,79,56,CarrotHyrax,61.7,5.0,0,True,0.0,
3koaWT,79,57,CarrotHyrax,61.7,5.0,0,True,0.0,
3koaWT,79,58,CarrotHyrax,61.7,5.0,0,True,0.0,
3koaWT,79,59,CarrotHyrax,61.7,5.0,0,True,0.002,
3koaWT,79,60,CarrotHyrax,61.7,5.0,0,True,0.017,
3koaWT,79,61,CarrotHyrax,61.7,5.0,0,True,0.0,
3koaWT,79,62,CarrotHyrax,61.7,5.0,2,True,0.0,
3koaWT,79,63,CarrotHyrax,36.4,5.0,0,True,0.0,
3koaWT,79,64,CarrotHyrax,36.4,5.0,0,True,0.0,
3koaWT,79,65,CarrotHyrax,36.4,5.0,1,True,0.001,
3koaWT,79,66,CarrotHyrax,36.4,5.0,0,True,0.002,
3koaWT,79,67,CarrotHyrax,36.4,5.0,0,True,0.0,
3koaWT,79,68,CarrotHyrax,36.4,5.0,0,True,0.005,
3koaWT,79,69,CarrotHyrax,36.4,5.0,0,True,0.002,
3koaWT,79,70,CarrotHyrax,36.4,5.0,0,True,0.008,
3koaWT,79,71,CarrotHyrax,36.4,5.0,1,True,0.0,
3koaWT,79,72,CarrotHyrax,36.4,5.0,2,True,0.0,
3koaWT,79,73,CarrotHyrax,34.5,5.0,0,True,0.008,
3koaWT,79,74,CarrotHyrax,34.5,5.0,2,True,0.0,
3koaWT,79,75,CarrotHyrax,34.5,5.0,0,True,0.0,
3koaWT,79,76,CarrotHyrax,34.5,5.0,1,True,0.0,
3koaWT,79,77,CarrotHyrax,34.5,5.0,0,True,0.0,
3koaWT,79,78,CarrotHyrax,34.5,5.0,0,True,0.0,
3koaWT,79,79,CarrotHyrax,34.5,5.0,0,True,0.0,
3koaWT,79,80,CarrotHyrax,34.5,5.0,0,True,0.0,
3koaWT,79,81,CarrotHyrax,34.5,5.0,0,True,0.001,
3koaWT,79,82,CarrotHyrax,34.5,5.0,0,True,0.0,
3koaWT,79,83,CarrotHyrax,37.0,5.0,1,True,0.0,
3koaWT,79,84,CarrotHyrax,37.0,5.0,3,True,0.0,
3koaWT,79,85,CarrotHyrax,37.0,5.0,0,True,0.0,
3koaWT,79,86,CarrotHyrax,37.0,5.0,0,True,0.0,
3koaWT,79,87,CarrotHyrax,37.0,5.0,0,True,0.0,
3koaWT,79,88,CarrotHyrax,37.0,5.0,0,True,0.001,
3koaWT,79,89,CarrotHyrax,37.0,5.0,0,True,0.0,
3koaWT,79,90,CarrotHyrax,37.0,5.0,0,True,0.0,
3koaWT,79,91,CarrotHyrax,37.0,5.0,0,True,0.001,
3koaWT,79,92,CarrotHyrax,37.0,5.0,0,True,0.0,
3koaWT,79,93,CarrotHyrax,34.2,5.0,3,True,0.0,
3koaWT,79,94,CarrotHyrax,34.2,5.0,0,True,0.0,
3koaWT,79,95,CarrotHyrax,34.2,5.0,1,True,0.0,
3koaWT,79,96,CarrotHyrax,34.2,5.0,0,True,0.0,
3koaWT,79,97,CarrotHyrax,34.2,5.0,0,True,0.0,
3koaWT,79,98,CarrotHyrax,34.2,5.0,0,True,0.0,
3koaWT,79,99,CarrotHyrax,34.2,5.0,1,True,0.0,
3koaWT,79,100,CarrotHyrax,34.2,5.0,1,True,0.0,
3koaWT,80,1,CarrotHyrax,34.2,67.0,0,True,0.0,
3koaWT,80,2,CarrotHyrax,47.4,53.6,0,True,0.0,
3koaWT,80,3,CarrotHyrax,47.4,42.9,0,True,0.0,
3koaWT,80,4,CarrotHyrax,47.4,34.3,0,True,0.0,
3koaWT,80,5,CarrotHyrax,47.4,27.4,1,True,0.0,
3koaWT,80,6,CarrotHyrax,47.4,24.0,1,True,0.0,
3koaWT,80,7,CarrotHyrax,47.4,22.4,0,True,0.0,
3koaWT,80,8,CarrotHyrax,47.4,20.5,0,True,0.0,
3koaWT,80,9,CarrotHyrax,47.4,18.4,0,True,0.0,
3koaWT,80,10,CarrotHyrax,47.4,16.3,0,True,0.0,
3koaWT,80,11,CarrotHyrax,47.4,14.4,0,True,0.0,
3koaWT,80,12,CarrotHyrax,48.8,12.6,1,True,0.0,
3koaWT,80,13,CarrotHyrax,48.8,11.3,0,True,0.0,
3koaWT,80,14,CarrotHyrax,48.8,10.1,0,True,0.0,
3koaWT,80,15,CarrotHyrax,48.8,8.9,0,True,0.0,
3koaWT,80,16,CarrotHyrax,48.8,7.7,0,True,0.0,
3koaWT,80,17,CarrotHyrax,48.8,6.7,0,True,0.0,
3koaWT,80,18,CarrotHyrax,48.8,5.8,0,True,0.0,
3koaWT,80,19,CarrotHyrax,48.8,5.0,0,True,0.001,
3koaWT,80,20,CarrotHyrax,48.8,5.0,0,True,0.0,
3koaWT,80,21,CarrotHyrax,48.8,5.0,0,True,0.0,
3koaWT,80,22,CarrotHyrax,51.9,5.0,0,True,0.0,
3koaWT,80,23,CarrotHyrax,51.9,5.0,0,True,0.001,
3koaWT,80,24,CarrotHyrax,51.9,5.0,0,True,0.0,
3koaWT,80,25,CarrotHyrax,51.9,5.0,0,True,0.0,
3koaWT,80,26,CarrotHyrax,51.9,5.0,1,True,0.0,
3koaWT,80,27,CarrotHyrax,51.9,5.0,0,True,0.0,
3koaWT,80,28,CarrotHyrax,51.9,5.0,0,True,0.0,
3koaWT,80,29,CarrotHyrax,51.9,5.0,0,True,0.0,
3koaWT,80,30,CarrotHyrax,51.9,5.0,2,True,0.0,
3koaWT,80,31,CarrotHyrax,51.9,5.0,0,True,0.0,
3koaWT,80,32,CarrotHyrax,34.5,5.0,1,True,0.0,
3koaWT,80,33,CarrotHyrax,34.5,5.0,2,True,0.0,
3koaWT,80,34,CarrotHyrax,34.5,5.0,0,True,0.0,
3koaWT,80,35,CarrotHyrax,34.5,5.0,1,True,0.0,
3koaWT,80,36,CarrotHyrax,34.5,5.0,0,True,0.0,
3koaWT,80,37,CarrotHyrax,34.5,5.0,0,True,0.0,
3koaWT,80,38,CarrotHyrax,34.5,5.0,2,True,0.0,
3koaWT,80,39,CarrotHyrax,34.5,5.0,0,True,0.0,
3koaWT,80,40,CarrotHyrax,34.5,5.0,0,True,0.0,
3koaWT,80,41,CarrotHyrax,34.5,5.0,0,True,0.0,
3koaWT,80,42,CarrotHyrax,65.3,5.0,0,True,0.0,
3koaWT,80,43,CarrotHyrax,65.3,5.0,1,True,0.0,
3koaWT,80,44,CarrotHyrax,65.3,5.0,1,True,0.0,
3koaWT,80,45,CarrotHyrax,65.3,5.0,2,True,0.0,
3koaWT,80,46,CarrotHyrax,65.3,5.0,0,True,0.0,
3koaWT,80,47,CarrotHyrax,65.3,5.0,0,True,0.0,
3koaWT,80,48,CarrotHyrax,65.3,5.0,0,True,0.0,
3koaWT,80,49,CarrotHyrax,65.3,5.0,1,True,0.0,
3koaWT,80,50,CarrotHyrax,65.3,5.0,2,True,0.0,
3koaWT,80,51,CarrotHyrax,65.3,5.0,0,True,0.001,
3koaWT,80,52,CarrotHyrax,72.3,5.0,1,True,0.001,
3koaWT,80,53,CarrotHyrax,72.3,5.0,0,True,0.0,
3koaWT,80,54,CarrotHyrax,72.3,5.0,0,True,0.0,
3koaWT,80,55,CarrotHyrax,72.3,5.0,0,True,0.0,
3koaWT,80,56,CarrotHyrax,72.3,5.0,1,True,0.0,
3koaWT,80,57,CarrotHyrax,72.3,5.0,0,True,0.0,
3koaWT,80,58,CarrotHyrax,72.3,5.0,1,True,0.0,
3koaWT,80,59,CarrotHyrax,72.3,5.0,0,True,0.0,
3koaWT,80,60,CarrotHyrax,72.3,5.0,1,True,0.0,
3koaWT,80,61,CarrotHyrax,72.3,5.0,0,True,0.0,
3koaWT,80,62,CarrotHyrax,78.5,5.0,0,True,0.0,
3koaWT,80,63,CarrotHyrax,78.5,5.0,1,True,0.0,
3koaWT,80,64,CarrotHyrax,78.5,5.0,1,True,0.0,
3koaWT,80,65,CarrotHyrax,78.5,5.0,1,True,0.0,
3koaWT,80,66,CarrotHyrax,78.5,5.0,0,True,0.0,
3koaWT,80,67,CarrotHyrax,78.5,5.0,0,True,0.0,
3koaWT,80,68,CarrotHyrax,78.5,5.0,0,True,0.0,
3koaWT,80,69,CarrotHyrax,78.5,5.0,1,True,0.0,
3koaWT,80,70,CarrotHyrax,78.5,5.0,0,True,0.0,
3koaWT,80,71,CarrotHyrax,78.5,5.0,0,True,0.0,
3koaWT,80,72,CarrotHyrax,37.0,5.0,2,True,0.0,
3koaWT,80,73,CarrotHyrax,37.0,5.0,1,True,0.0,
3koaWT,80,74,CarrotHyrax,37.0,5.0,0,True,0.0,
3koaWT,80,75,CarrotHyrax,37.0,5.0,1,True,0.0,
3koaWT,80,76,CarrotHyrax,37.0,5.0,1,True,0.0,
3koaWT,80,77,CarrotHyrax,37.0,5.0,0,True,0.0,
3koaWT,80,78,CarrotHyrax,37.0,5.0,0,True,0.0,
3koaWT,80,79,CarrotHyrax,37.0,5.0,0,True,0.001,
3koaWT,80,80,CarrotHyrax,37.0,5.0,0,True,0.0,
3koaWT,80,81,CarrotHyrax,37.0,5.0,0,True,0.0,
3koaWT,80,82,CarrotHyrax,78.2,5.0,0,True,0.0,
3koaWT,80,83,CarrotHyrax,78.2,5.0,2,True,0.0,
3koaWT,80,84,CarrotHyrax,78.2,5.0,0,True,0.0,
3koaWT,80,85,CarrotHyrax,78.2,5.0,0,True,0.0,
3koaWT,80,86,CarrotHyrax,78.2,5.0,0,True,0.0,
3koaWT,80,87,CarrotHyrax,78.2,5.0,0,True,0.0,
3koaWT,80,88,CarrotHyrax,78.2,5.0,0,True,0.0,
3koaWT,80,89,CarrotHyrax,78.2,5.0,0,True,0.0,
3koaWT,80,90,CarrotHyrax,78.2,5.0,1,True,0.0,
3koaWT,80,91,CarrotHyrax,78.2,5.0,2,True,0.0,
3koaWT,80,92,CarrotHyrax,64.1,5.0,0,True,0.001,
3koaWT,80,93,CarrotHyrax,64.1,5.0,0,True,0.0,
3koaWT,80,94,CarrotHyrax,64.1,5.0,0,True,0.0,
3koaWT,80,95,CarrotHyrax,64.1,5.0,0,True,0.0,
3koaWT,80,96,CarrotHyrax,64.1,5.0,1,True,0.0,
3koaWT,80,97,CarrotHyrax,64.1,5.0,0,True,0.0,
3koaWT,80,98,CarrotHyrax,64.1,5.0,1,True,0.0,
3koaWT,80,99,CarrotHyrax,64.1,5.0,2,True,0.0,
3koaWT,80,100,CarrotHyrax,64.1,5.0,0,True,0.0,
3koaWT,81,1,CarrotHyrax,40.6,51.0,0,True,0.0,
3koaWT,81,2,CarrotHyrax,40.6,40.8,1,True,0.0,
3koaWT,81,3,CarrotHyrax,40.6,39.4,0,True,0.0,
3koaWT,81,4,CarrotHyrax,40.6,36.6,0,True,0.0,
3koaWT,81,5,CarrotHyrax,40.6,32.8,0,True,0.0,
3koaWT,81,6,CarrotHyrax,40.6,28.6,0,True,0.0,
3koaWT,81,7,CarrotHyrax,40.6,24.8,1,True,0.0,
3koaWT,81,8,CarrotHyrax,40.6,22.7,0,True,0.0,
3koaWT,81,9,CarrotHyrax,40.6,20.4,1,True,0.0,
3koaWT,81,10,CarrotHyrax,40.6,19.0,0,True,0.0,
3koaWT,81,11,CarrotHyrax,30.4,17.5,0,True,0.0,
3koaWT,81,12,CarrotHyrax,30.4,16.0,1,True,0.0,
3koaWT,81,13,CarrotHyrax,30.4,14.9,1,True,0.0,
3koaWT,81,14,CarrotHyrax,30.4,14.1,0,True,0.0,
3koaWT,81,15,CarrotHyrax,30.4,13.2,0,True,0.0,
3koaWT,81,16,CarrotHyrax,30.4,12.2,1,True,0.0,
3koaWT,81,17,CarrotHyrax,30.4,11.4,1,True,0.0,
3koaWT,81,18,CarrotHyrax,30.4,10.9,0,True,0.0,
3koaWT,81,19,CarrotHyrax,30.4,10.3,0,True,0.0,
3koaWT,81,20,CarrotHyrax,30.4,9.6,3,True,0.0,
3koaWT,81,21,CarrotHyrax,50.7,9.5,0,True,0.001,
3koaWT,81,22,CarrotHyrax,50.7,9.3,0,True,0.0,
3koaWT,81,23,CarrotHyrax,50.7,9.1,0,True,0.0,
3koaWT,81,24,CarrotHyrax,50.7,8.7,0,True,0.0,
3koaWT,81,25,CarrotHyrax,50.7,8.4,1,True,0.0,
3koaWT,81,26,CarrotHyrax,50.7,8.1,0,True,0.0,
3koaWT,81,27,CarrotHyrax,50.7,7.7,1,True,0.0,
3koaWT,81,28,CarrotHyrax,50.7,7.5,1,True,0.0,
3koaWT,81,29,CarrotHyrax,50.7,7.3,1,True,0.0,
3koaWT,81,30,CarrotHyrax,50.7,7.1,0,True,0.0,
3koaWT,81,31,CarrotHyrax,42.3,6.9,0,True,0.0,
3koaWT,81,32,CarrotHyrax,42.3,6.7,1,True,0.0,
3koaWT,81,33,CarrotHyrax,42.3,6.5,1,True,0.0,
3koaWT,81,34,CarrotHyrax,42.3,6.4,0,True,0.0,
3koaWT,81,35,CarrotHyrax,42.3,6.2,0,True,0.0,
3koaWT,81,36,CarrotHyrax,42.3,6.1,1,True,0.0,
3koaWT,81,37,CarrotHyrax,42.3,5.9,0,True,0.0,
3koaWT,81,38,CarrotHyrax,42.3,5.8,1,True,0.0,
3koaWT,81,39,CarrotHyrax,42.3,5.6,1,True,0.0,
3koaWT,81,40,CarrotHyrax,42.3,5.5,1,True,0.0,
3koaWT,81,41,CarrotHyrax,74.8,5.5,1,True,0.0,
3koaWT,81,42,CarrotHyrax,74.8,5.4,0,True,0.001,
3koaWT,81,43,CarrotHyrax,74.8,5.4,2,True,0.0,
3koaWT,81,44,CarrotHyrax,74.8,5.4,0,True,0.0,
3koaWT,81,45,CarrotHyrax,74.8,5.4,2,True,0.0,
3koaWT,81,46,CarrotHyrax,74.8,5.5,3,True,0.0,
3koaWT,81,47,CarrotHyrax,74.8,5.6,0,True,0.0,
3koaWT,81,48,CarrotHyrax,74.8,5.8,0,True,0.0,
3koaWT,81,49,CarrotHyrax,74.8,5.9,0,True,0.0,
3koaWT,81,50,CarrotHyrax,74.8,6.0,0,True,0.0,
3koaWT,81,51,CarrotHyrax,63.0,6.1,0,True,0.0,
3koaWT,81,52,CarrotHyrax,63.0,6.2,0,True,0.0,
3koaWT,81,53,CarrotHyrax,63.0,6.2,0,True,0.0,
3koaWT,81,54,CarrotHyrax,63.0,6.2,1,True,0.0,
3koaWT,81,55,CarrotHyrax,63.0,6.2,0,True,0.0,
3koaWT,81,56,CarrotHyrax,63.0,6.1,0,True,0.0,
3koaWT,81,57,CarrotHyrax,63.0,6.0,0,True,0.0,
3koaWT,81,58,CarrotHyrax,63.0,6.0,0,True,0.0,
3koaWT,81,59,CarrotHyrax,63.0,5.9,0,True,0.0,
3koaWT,81,60,CarrotHyrax,63.0,5.7,0,True,0.0,
3koaWT,81,61,CarrotHyrax,61.1,5.6,0,True,0.0,
3koaWT,81,62,CarrotHyrax,61.1,5.4,1,True,0.0,
3koaWT,81,63,CarrotHyrax,61.1,5.2,0,True,0.0,
3koaWT,81,64,CarrotHyrax,61.1,5.1,0,True,0.0,
3koaWT,81,65,CarrotHyrax,61.1,5.0,1,True,0.0,
3koaWT,81,66,CarrotHyrax,61.1,5.0,0,True,0.0,
3koaWT,81,67,CarrotHyrax,61.1,5.0,0,True,0.001,
3koaWT,81,68,CarrotHyrax,61.1,5.0,0,True,0.0,
3koaWT,81,69,CarrotHyrax,61.1,5.0,0,True,0.0,
3koaWT,81,70,CarrotHyrax,61.1,5.0,0,True,0.0,
3koaWT,81,71,CarrotHyrax,71.9,5.0,0,True,0.0,
3koaWT,81,72,CarrotHyrax,71.9,5.0,0,True,0.0,
3koaWT,81,73,CarrotHyrax,71.9,5.0,0,True,0.0,
3koaWT,81,74,CarrotHyrax,71.9,5.0,2,True,0.0,
3koaWT,81,75,CarrotHyrax,71.9,5.0,0,True,0.0,
3koaWT,81,76,CarrotHyrax,71.9,5.0,1,True,0.0,
3koaWT,81,77,CarrotHyrax,71.9,5.0,1,True,0.0,
3koaWT,81,78,CarrotHyrax,71.9,5.0,1,True,0.0,
3koaWT,81,79,CarrotHyrax,71.9,5.0,2,True,0.0,
3koaWT,81,80,CarrotHyrax,71.9,5.0,0,True,0.0,
3koaWT,81,81,CarrotHyrax,69.5,5.0,1,True,0.0,
3koaWT,81,82,CarrotHyrax,69.5,5.0,0,True,0.0,
3koaWT,81,83,CarrotHyrax,69.5,5.0,0,True,0.0,
3koaWT,81,84,CarrotHyrax,69.5,5.0,2,True,0.0,
3koaWT,81,85,CarrotHyrax,69.5,5.0,0,True,0.0,
3koaWT,81,86,CarrotHyrax,69.5,5.0,1,True,0.0,
3koaWT,81,87,CarrotHyrax,69.5,5.0,2,True,0.0,
3koaWT,81,88,CarrotHyrax,69.5,5.0,0,True,0.0,
3koaWT,81,89,CarrotHyrax,69.5,5.0,1,True,0.0,
3koaWT,81,90,CarrotHyrax,69.5,5.0,3,True,0.0,
3koaWT,81,91,CarrotHyrax,61.4,5.0,3,True,0.0,
3koaWT,81,92,CarrotHyrax,61.4,5.0,1,True,0.0,
3koaWT,81,93,CarrotHyrax,61.4,5.0,1,True,0.0,
3koaWT,81,94,CarrotHyrax,61.4,5.0,1,True,0.0,
3koaWT,81,95,CarrotHyrax,61.4,5.0,0,True,0.0,
3koaWT,81,96,CarrotHyrax,61.4,5.0,0,True,0.0,
3koaWT,81,97,CarrotHyrax,61.4,5.0,0,True,0.0,
3koaWT,81,98,CarrotHyrax,61.4,5.0,1,True,0.0,
3koaWT,81,99,CarrotHyrax,61.4,5.0,1,True,0.0,
3koaWT,81,100,CarrotHyrax,61.4,5.0,0,True,0.0,
3koaWT,82,1,CarrotHyrax,50.2,84.0,0,True,0.0,
3koaWT,82,2,CarrotHyrax,50.2,67.2,0,True,0.0,
3koaWT,82,3,CarrotHyrax,50.2,53.8,0,True,0.0,
3koaWT,82,4,CarrotHyrax,50.2,43.0,0,True,0.0,
3koaWT,82,5,CarrotHyrax,50.2,34.4,0,True,0.0,
3koaWT,82,6,CarrotHyrax,50.2,27.5,2,True,0.0,
3koaWT,82,7,CarrotHyrax,50.2,25.7,1,True,0.0,
3koaWT,82,8,CarrotHyrax,50.2,24.9,0,True,0.0,
3koaWT,82,9,CarrotHyrax,50.2,23.6,0,True,0.0,
3koaWT,82,10,CarrotHyrax,44.5,22.0,1,True,0.0,
3koaWT,82,11,CarrotHyrax,44.5,21.2,0,True,0.0,
3koaWT,82,12,CarrotHyrax,44.5,20.1,0,True,0.0,
3koaWT,82,13,CarrotHyrax,44.5,18.7,0,True,0.0,
3koaWT,82,14,CarrotHyrax,44.5,17.2,0,True,0.0,
3koaWT,82,15,CarrotHyrax,44.5,15.6,1,True,0.0,
3koaWT,82,16,CarrotHyrax,44.5,14.4,0,True,0.0,
3koaWT,82,17,CarrotHyrax,44.5,13.2,0,True,0.0,
3koaWT,82,18,CarrotHyrax,44.5,12.0,1,True,0.0,
3koaWT,82,19,CarrotHyrax,44.5,11.1,1,True,0.0,
3koaWT,82,20,CarrotHyrax,67.0,10.4,1,True,0.0,
3koaWT,82,21,CarrotHyrax,67.0,9.9,0,True,0.0,
3koaWT,82,22,CarrotHyrax,67.0,9.3,0,True,0.0,
3koaWT,82,23,CarrotHyrax,67.0,8.8,0,True,0.0,
3koaWT,82,24,CarrotHyrax,67.0,8.2,1,True,0.0,
3koaWT,82,25,CarrotHyrax,67.0,7.7,0,True,0.0,
3koaWT,82,26,CarrotHyrax,67.0,7.2,0,True,0.0,
3koaWT,82,27,CarrotHyrax,67.0,6.7,0,True,0.0,
3koaWT,82,28,CarrotHyrax,67.0,6.2,0,True,0.0,
3koaWT,82,29,CarrotHyrax,67.0,5.7,1,True,0.0,
3koaWT,82,30,CarrotHyrax,70.6,5.3,0,True,0.0,
3koaWT,82,31,CarrotHyrax,70.6,5.0,1,True,0.0,
3koaWT,82,32,CarrotHyrax,70.6,5.0,0,True,0.0,
3koaWT,82,33,CarrotHyrax,70.6,5.0,1,True,0.0,
3koaWT,82,34,CarrotHyrax,70.6,5.0,0,True,0.0,
3koaWT,82,35,CarrotHyrax,70.6,5.0,0,True,0.0,
3koaWT,82,36,CarrotHyrax,70.6,5.0,0,True,0.0,
3koaWT,82,37,CarrotHyrax,70.6,5.0,0,True,0.0,
3koaWT,82,38,CarrotHyrax,70.6,5.0,0,True,0.0,
3koaWT,82,39,CarrotHyrax,70.6,5.0,0,True,0.0,
3koaWT,82,40,CarrotHyrax,36.5,5.0,1,True,0.0,
3koaWT,82,41,CarrotHyrax,36.5,5.0,1,True,0.0,
3koaWT,82,42,CarrotHyrax,36.5,5.0,0,True,0.0,
3koaWT,82,43,CarrotHyrax,36.5,5.0,0,True,0.0,
3koaWT,82,44,CarrotHyrax,36.5,5.0,1,True,0.0,
3koaWT,82,45,CarrotHyrax,36.5,5.0,1,True,0.0,
3koaWT,82,46,CarrotHyrax,36.5,5.0,0,True,0.0,
3koaWT,82,47,CarrotHyrax,36.5,5.0,0,True,0.0,
3koaWT,82,48,CarrotHyrax,36.5,5.0,0,True,0.0,
3koaWT,82,49,CarrotHyrax,36.5,5.0,1,True,0.0,
3koaWT,82,50,CarrotHyrax,74.1,5.0,0,True,0.0,
3koaWT,82,51,CarrotHyrax,74.1,5.0,1,True,0.0,
3koaWT,82,52,CarrotHyrax,74.1,5.0,0,True,0.0,
3koaWT,82,53,CarrotHyrax,74.1,5.0,2,True,0.0,
3koaWT,82,54,CarrotHyrax,74.1,5.0,0,True,0.0,
3koaWT,82,55,CarrotHyrax,74.1,5.0,0,True,0.0,
3koaWT,82,56,CarrotHyrax,74.1,5.0,0,True,0.0,
3koaWT,82,57,CarrotHyrax,74.1,5.0,1,True,0.0,
3koaWT,82,58,CarrotHyrax,74.1,5.0,0,True,0.0,
3koaWT,82,59,CarrotHyrax,74.1,5.0,3,True,0.0,
3koaWT,82,60,CarrotHyrax,47.7,5.0,0,True,0.0,
3koaWT,82,61,CarrotHyrax,47.7,5.0,0,True,0.0,
3koaWT,82,62,CarrotHyrax,47.7,5.0,0,True,0.0,
3koaWT,82,63,CarrotHyrax,47.7,5.0,2,True,0.0,
3koaWT,82,64,CarrotHyrax,47.7,5.0,0,True,0.0,
3koaWT,82,65,CarrotHyrax,47.7,5.0,0,True,0.0,
3koaWT,82,66,CarrotHyrax,47.7,5.0,0,True,0.0,
3koaWT,82,67,CarrotHyrax,47.7,5.0,1,True,0.0,
3koaWT,82,68,CarrotHyrax,47.7,5.0,1,True,0.0,
3koaWT,82,69,CarrotHyrax,47.7,5.0,0,True,0.0,
3koaWT,82,70,CarrotHyrax,71.7,5.0,0,True,0.0,
3koaWT,82,71,CarrotHyrax,71.7,5.0,0,True,0.0,
3koaWT,82,72,CarrotHyrax,71.7,5.0,1,True,0.0,
3koaWT,82,73,CarrotHyrax,71.7,5.0,0,True,0.0,
3koaWT,82,74,CarrotHyrax,71.7,5.0,0,True,0.0,
3koaWT,82,75,CarrotHyrax,71.7,5.0,0,True,0.0,
3koaWT,82,76,CarrotHyrax,71.7,5.0,0,True,0.0,
3koaWT,82,77,CarrotHyrax,71.7,5.0,1,True,0.0,
3koaWT,82,78,CarrotHyrax,71.7,5.0,0,True,0.0,
3koaWT,82,79,CarrotHyrax,71.7,5.0,1,True,0.0,
3koaWT,82,80,CarrotHyrax,55.2,5.0,0,True,0.0,
3koaWT,82,81,CarrotHyrax,55.2,5.0,0,True,0.0,
3koaWT,82,82,CarrotHyrax,55.2,5.0,0,True,0.0,
3koaWT,82,83,CarrotHyrax,55.2,5.0,0,True,0.0,
3koaWT,82,84,CarrotHyrax,55.2,5.0,0,True,0.0,
3koaWT,82,85,CarrotHyrax,55.2,5.0,0,True,0.0,
3koaWT,82,86,CarrotHyrax,55.2,5.0,0,True,0.0,
3koaWT,82,87,CarrotHyrax,55.2,5.0,0,True,0.0,
3koaWT,82,88,CarrotHyrax,55.2,5.0,0,True,0.0,
3koaWT,82,89,CarrotHyrax,55.2,5.0,0,True,0.0,
3koaWT,82,90,CarrotHyrax,64.0,5.0,2,True,0.0,
3koaWT,82,91,CarrotHyrax,64.0,5.0,0,True,0.0,
3koaWT,82,92,CarrotHyrax,64.0,5.0,1,True,0.0,
3koaWT,82,93,CarrotHyrax,64.0,5.0,0,True,0.0,
3koaWT,82,94,CarrotHyrax,64.0,5.0,2,True,0.0,
3koaWT,82,95,CarrotHyrax,64.0,5.0,0,True,0.0,
3koaWT,82,96,CarrotHyrax,64.0,5.0,0,True,0.0,
3koaWT,82,97,CarrotHyrax,64.0,5.0,1,True,0.0,
3koaWT,82,98,CarrotHyrax,64.0,5.0,1,True,0.0,
3koaWT,82,99,CarrotHyrax,64.0,5.0,0,True,0.0,
3koaWT,82,100,CarrotHyrax,55.9,5.0,0,True,0.0,
3koaWT,83,1,CarrotHyrax,55.9,89.0,0,True,0.0,
3koaWT,83,2,CarrotHyrax,55.9,71.2,0,True,0.0,
3koaWT,83,3,CarrotHyrax,55.9,57.0,0,True,0.0,
3koaWT,83,4,CarrotHyrax,55.9,45.6,1,True,0.0,
3koaWT,83,5,CarrotHyrax,55.9,40.8,0,True,0.0,
3koaWT,83,6,CarrotHyrax,55.9,35.7,1,True,0.0,
3koaWT,83,7,CarrotHyrax,55.9,33.3,0,True,0.0,
3koaWT,83,8,CarrotHyrax,55.9,30.5,0,True,0.0,
3koaWT,83,9,CarrotHyrax,78.9,27.4,0,True,0.0,
3koaWT,83,10,CarrotHyrax,78.9,24.3,0,True,0.0,
3koaWT,83,11,CarrotHyrax,78.9,21.4,0,True,0.0,
3koaWT,83,12,CarrotHyrax,78.9,18.7,0,True,0.0,
3koaWT,83,13,CarrotHyrax,78.9,16.2,1,True,0.0,
3koaWT,83,14,CarrotHyrax,78.9,14.4,0,True,0.0,
3koaWT,83,15,CarrotHyrax,78.9,12.7,0,True,0.0,
3koaWT,83,16,CarrotHyrax,78.9,11.1,0,True,0.0,
3koaWT,83,17,CarrotHyrax,78.9,9.6,0,True,0.0,
3koaWT,83,18,CarrotHyrax,78.9,8.3,0,True,0.0,
3koaWT,83,19,CarrotHyrax,35.0,7.2,0,True,0.0,
3koaWT,83,20,CarrotHyrax,35.0,6.2,0,True,0.0,
3koaWT,83,21,CarrotHyrax,35.0,5.3,0,True,0.0,
3koaWT,83,22,CarrotHyrax,35.0,5.0,0,True,0.0,
3koaWT,83,23,CarrotHyrax,35.0,5.0,0,True,0.0,
3koaWT,83,24,CarrotHyrax,35.0,5.0,1,True,0.0,
3koaWT,83,25,CarrotHyrax,35.0,5.0,0,True,0.0,
3koaWT,83,26,CarrotHyrax,35.0,5.0,0,True,0.0,
3koaWT,83,27,CarrotHyrax,35.0,5.0,0,True,0.0,
3koaWT,83,28,CarrotHyrax,35.0,5.0,1,True,0.0,
3koaWT,83,29,CarrotHyrax,30.3,5.0,0,True,0.0,
3koaWT,83,30,CarrotHyrax,30.3,5.0,0,True,0.0,
3koaWT,83,31,CarrotHyrax,30.3,5.0,1,True,0.0,
3koaWT,83,32,CarrotHyrax,30.3,5.0,0,True,0.0,
3koaWT,83,33,CarrotHyrax,30.3,5.0,2,True,0.0,
3koaWT,83,34,CarrotHyrax,30.3,5.0,0,True,0.0,
3koaWT,83,35,CarrotHyrax,30.3,5.0,0,True,0.0,
3koaWT,83,36,CarrotHyrax,30.3,5.0,0,True,0.0,
3koaWT,83,37,CarrotHyrax,30.3,5.0,0,True,0.0,
3koaWT,83,38,CarrotHyrax,30.3,5.0,1,True,0.0,
3koaWT,83,39,CarrotHyrax,65.1,5.0,1,True,0.0,
3koaWT,83,40,CarrotHyrax,65.1,5.0,2,True,0.0,
3koaWT,83,41,CarrotHyrax,65.1,5.0,1,True,0.0,
3koaWT,83,42,CarrotHyrax,65.1,5.0,0,True,0.0,
3koaWT,83,43,CarrotHyrax,65.1,5.0,2,True,0.0,
3koaWT,83,44,CarrotHyrax,65.1,5.0,2,True,0.0,
3koaWT,83,45,CarrotHyrax,65.1,5.0,0,True,0.0,
3koaWT,83,46,CarrotHyrax,65.1,5.0,0,True,0.0,
3koaWT,83,47,CarrotHyrax,65.1,5.0,0,True,0.0,
3koaWT,83,48,CarrotHyrax,65.1,5.0,0,True,0.0,
3koaWT,83,49,CarrotHyrax,71.6,5.0,0,True,0.0,
3koaWT,83,50,CarrotHyrax,71.6,5.0,0,True,0.0,
3koaWT,83,51,CarrotHyrax,71.6,5.0,0,True,0.0,
3koaWT,83,52,CarrotHyrax,71.6,5.0,2,True,0.0,
3koaWT,83,53,CarrotHyrax,71.6,5.0,0,True,0.0,
3koaWT,83,54,CarrotHyrax,71.6,5.0,1,True,0.0,
3koaWT,83,55,CarrotHyrax,71.6,5.0,0,True,0.0,
3koaWT,83,56,CarrotHyrax,71.6,5.0,0,True,0.0,
3koaWT,83,57,CarrotHyrax,71.6,5.0,1,True,0.0,
3koaWT,83,58,CarrotHyrax,71.6,5.0,0,True,0.0,
3koaWT,83,59,CarrotHyrax,62.1,5.0,1,True,0.0,
3koaWT,83,60,CarrotHyrax,62.1,5.0,0,True,0.0,
3koaWT,83,61,CarrotHyrax,62.1,5.0,1,True,0.0,
3koaWT,83,62,CarrotHyrax,62.1,5.0,1,True,0.0,
3koaWT,83,63,CarrotHyrax,62.1,5.0,0,True,0.0,
3koaWT,83,64,CarrotHyrax,62.1,5.0,0,True,0.0,
3koaWT,83,65,CarrotHyrax,62.1,5.0,0,True,0.0,
3koaWT,83,66,CarrotHyrax,62.1,5.0,1,True,0.0,
3koaWT,83,67,CarrotHyrax,62.1,5.0,0,True,0.0,
3koaWT,83,68,CarrotHyrax,62.1,5.0,1,True,0.0,
3koaWT,83,69,CarrotHyrax,46.6,5.0,0,True,0.0,
3koaWT,83,70,CarrotHyrax,46.6,5.0,3,True,0.0,
3koaWT,83,71,CarrotHyrax,46.6,5.0,2,True,0.0,
3koaWT,83,72,CarrotHyrax,46.6,5.0,2,True,0.0,
3koaWT,83,73,CarrotHyrax,46.6,5.0,0,True,0.0,
3koaWT,83,74,CarrotHyrax,46.6,5.0,1,True,0.0,
3koaWT,83,75,CarrotHyrax,46.6,5.0,0,True,0.0,
3koaWT,83,76,CarrotHyrax,46.6,5.0,1,True,0.0,
3koaWT,83,77,CarrotHyrax,46.6,5.0,0,True,0.0,
3koaWT,83,78,CarrotHyrax,46.6,5.0,0,True,0.0,
3koaWT,83,79,CarrotHyrax,33.7,5.0,0,True,0.0,
3koaWT,83,80,CarrotHyrax,33.7,5.0,0,True,0.0,
3koaWT,83,81,CarrotHyrax,33.7,5.0,2,True,0.0,
3koaWT,83,82,CarrotHyrax,33.7,5.0,0,True,0.0,
3koaWT,83,83,CarrotHyrax,33.7,5.0,1,True,0.0,
3koaWT,83,84,CarrotHyrax,33.7,5.0,0,True,0.0,
3koaWT,83,85,CarrotHyrax,33.7,5.0,2,True,0.0,
3koaWT,83,86,CarrotHyrax,33.7,5.0,0,True,0.0,
3koaWT,83,87,CarrotHyrax,33.7,5.0,1,True,0.0,
3koaWT,83,88,CarrotHyrax,33.7,5.0,1,True,0.0,
3koaWT,83,89,CarrotHyrax,77.8,5.0,0,True,0.002,
3koaWT,83,90,CarrotHyrax,77.8,5.0,2,True,0.0,
3koaWT,83,91,CarrotHyrax,77.8,5.0,0,True,0.0,
3koaWT,83,92,CarrotHyrax,77.8,5.0,0,True,0.0,
3koaWT,83,93,CarrotHyrax,77.8,5.0,0,True,0.0,
3koaWT,83,94,CarrotHyrax,77.8,5.0,0,True,0.0,
3koaWT,83,95,CarrotHyrax,77.8,5.0,2,True,0.0,
3koaWT,83,96,CarrotHyrax,77.8,5.0,1,True,0.0,
3koaWT,83,97,CarrotHyrax,77.8,5.0,0,True,0.0,
3koaWT,83,98,CarrotHyrax,77.8,5.0,1,True,0.0,
3koaWT,83,99,CarrotHyrax,61.6,5.0,0,True,0.0,
3koaWT,83,100,CarrotHyrax,61.6,5.0,1,True,0.0,
3koaWT,84,1,CarrotHyrax,61.6,52.0,0,True,0.001,
3koaWT,84,2,CarrotHyrax,61.6,41.6,0,True,0.0,
3koaWT,84,3,CarrotHyrax,61.6,33.3,0,True,0.001,
3koaWT,84,4,CarrotHyrax,61.6,26.6,0,True,0.0,
3koaWT,84,5,CarrotHyrax,61.6,21.3,0,True,0.0,
3koaWT,84,6,CarrotHyrax,61.6,17.0,0,True,0.0,
3koaWT,84,7,CarrotHyrax,61.6,13.6,0,True,0.0,
3koaWT,84,8,CarrotHyrax,42.5,10.9,0,True,0.0,
3koaWT,84,9,CarrotHyrax,42.5,8.7,0,True,0.0,
3koaWT,84,10,CarrotHyrax,42.5,7.0,1,True,0.0,
3koaWT,84,11,CarrotHyrax,42.5,5.9,0,True,0.0,
3koaWT,84,12,CarrotHyrax,42.5,5.0,0,True,0.0,
3koaWT,84,13,CarrotHyrax,42.5,5.0,2,True,0.0,
3koaWT,84,14,CarrotHyrax,42.5,5.0,0,True,0.0,
3koaWT,84,15,CarrotHyrax,42.5,5.0,0,True,0.0,
3koaWT,84,16,CarrotHyrax,42.5,5.0,0,True,0.0,
3koaWT,84,17,CarrotHyrax,42.5,5.0,1,True,0.0,
3koaWT,84,18,CarrotHyrax,75.3,5.0,1,True,0.0,
3koaWT,84,19,CarrotHyrax,75.3,5.0,0,True,0.0,
3koaWT,84,20,CarrotHyrax,75.3,5.0,0,True,0.0,
3koaWT,84,21,CarrotHyrax,75.3,5.0,0,True,0.0,
3koaWT,84,22,CarrotHyrax,75.3,5.0,0,True,0.0,
3koaWT,84,23,CarrotHyrax,75.3,5.0,0,True,0.0,
3koaWT,84,24,CarrotHyrax,75.3,5.0,1,True,0.0,
3koaWT,84,25,CarrotHyrax,75.3,5.0,0,True,0.0,
3koaWT,84,26,CarrotHyrax,75.3,5.0,0,True,0.0,
3koaWT,84,27,CarrotHyrax,75.3,5.0,0,True,0.0,
3koaWT,84,28,CarrotHyrax,43.8,5.0,0,True,0.0,
3koaWT,84,29,CarrotHyrax,43.8,5.0,0,True,0.0,
3koaWT,84,30,CarrotHyrax,43.8,5.0,0,True,0.001,
3koaWT,84,31,CarrotHyrax,43.8,5.0,0,True,0.0,
3koaWT,84,32,CarrotHyrax,43.8,5.0,1,True,0.0,
3koaWT,84,33,CarrotHyrax,43.8,5.0,0,True,0.0,
3koaWT,84,34,CarrotHyrax,43.8,5.0,2,True,0.0,
3koaWT,84,35,CarrotHyrax,43.8,5.0,0,True,0.0,
3koaWT,84,36,CarrotHyrax,43.8,5.0,0,True,0.0,
3koaWT,84,37,CarrotHyrax,43.8,5.0,0,True,0.0,
3koaWT,84,38,CarrotHyrax,50.6,5.0,0,True,0.0,
3koaWT,84,39,CarrotHyrax,50.6,5.0,0,True,0.0,
3koaWT,84,40,CarrotHyrax,50.6,5.0,0,True,0.0,
3koaWT,84,41,CarrotHyrax,50.6,5.0,0,True,0.0,
3koaWT,84,42,CarrotHyrax,50.6,5.0,2,True,0.0,
3koaWT,84,43,CarrotHyrax,50.6,5.0,0,True,0.0,
3koaWT,84,44,CarrotHyrax,50.6,5.0,1,True,0.0,
3koaWT,84,45,CarrotHyrax,50.6,5.0,0,True,0.0,
3koaWT,84,46,CarrotHyrax,50.6,5.0,0,True,0.0,
3koaWT,84,47,CarrotHyrax,50.6,5.0,0,True,0.0,
3koaWT,84,48,CarrotHyrax,30.6,5.0,0,True,0.0,
3koaWT,84,49,CarrotHyrax,30.6,5.0,0,True,0.0,
3koaWT,84,50,CarrotHyrax,30.6,5.0,1,True,0.0,
3koaWT,84,51,CarrotHyrax,30.6,5.0,1,True,0.0,
3koaWT,84,52,CarrotHyrax,30.6,5.0,0,True,0.0,
3koaWT,84,53,CarrotHyrax,30.6,5.0,1,True,0.0,
3koaWT,84,54,CarrotHyrax,30.6,5.0,0,True,0.001,
3koaWT,84,55,CarrotHyrax,30.6,5.0,1,True,0.0,
3koaWT,84,56,CarrotHyrax,30.6,5.0,0,True,0.0,
3koaWT,84,57,CarrotHyrax,30.6,5.0,2,True,0.0,
3koaWT,84,58,CarrotHyrax,37.3,5.0,3,True,0.0,
3koaWT,84,59,CarrotHyrax,37.3,5.0,1,True,0.0,
3koaWT,84,60,CarrotHyrax,37.3,5.0,1,True,0.0,
3koaWT,84,61,CarrotHyrax,37.3,5.0,0,True,0.0,
3koaWT,84,62,CarrotHyrax,37.3,5.0,0,True,0.0,
3koaWT,84,63,CarrotHyrax,37.3,5.0,0,True,0.0,
3koaWT,84,64,CarrotHyrax,37.3,5.0,1,True,0.0,
3koaWT,84,65,CarrotHyrax,37.3,5.0,0,True,0.0,
3koaWT,84,66,CarrotHyrax,37.3,5.0,0,True,0.0,
3koaWT,84,67,CarrotHyrax,37.3,5.0,0,True,0.0,
3koaWT,84,68,CarrotHyrax,56.9,5.0,0,True,0.0,
3koaWT,84,69,CarrotHyrax,56.9,5.0,0,True,0.0,
3koaWT,84,70,CarrotHyrax,56.9,5.0,0,True,0.0,
3koaWT,84,71,CarrotHyrax,56.9,5.0,1,True,0.0,
3koaWT,84,72,CarrotHyrax,56.9,5.0,1,True,0.0,
3koaWT,84,73,CarrotHyrax,56.9,5.0,1,True,0.0,
3koaWT,84,74,CarrotHyrax,56.9,5.0,0,True,0.0,
3koaWT,84,75,CarrotHyrax,56.9,5.0,2,True,0.0,
3koaWT,84,76,CarrotHyrax,56.9,5.0,2,True,0.0,
3koaWT,84,77,CarrotHyrax,56.9,5.0,0,True,0.0,
3koaWT,84,78,CarrotHyrax,74.9,5.0,2,True,0.0,
3koaWT,84,79,CarrotHyrax,74.9,5.0,0,True,0.0,
3koaWT,84,80,CarrotHyrax,74.9,5.0,0,True,0.0,
3koaWT,84,81,CarrotHyrax,74.9,5.0,0,True,0.0,
3koaWT,84,82,CarrotHyrax,74.9,5.0,0,True,0.0,
3koaWT,84,83,CarrotHyrax,74.9,5.0,1,True,0.001,
3koaWT,84,84,CarrotHyrax,74.9,5.0,2,True,0.0,
3koaWT,84,85,CarrotHyrax,74.9,5.0,0,True,0.0,
3koaWT,84,86,CarrotHyrax,74.9,5.0,0,True,0.0,
3koaWT,84,87,CarrotHyrax,74.9,5.0,2,True,0.0,
3koaWT,84,88,CarrotHyrax,46.1,5.0,1,True,0.0,
3koaWT,84,89,CarrotHyrax,46.1,5.0,0,True,0.0,
3koaWT,84,90,CarrotHyrax,46.1,5.0,1,True,0.0,
3koaWT,84,91,CarrotHyrax,46.1,5.0,1,True,0.0,
3koaWT,84,92,CarrotHyrax,46.1,5.0,0,True,0.0,
3koaWT,84,93,CarrotHyrax,46.1,5.0,1,True,0.0,
3koaWT,84,94,CarrotHyrax,46.1,5.0,0,True,0.0,
3koaWT,84,95,CarrotHyrax,46.1,5.0,1,True,0.0,
3koaWT,84,96,CarrotHyrax,46.1,5.0,1,True,0.0,
3koaWT,84,97,CarrotHyrax,46.1,5.0,1,True,0.0,
3koaWT,84,98,CarrotHyrax,59.8,5.0,0,True,0.0,
3koaWT,84,99,CarrotHyrax,59.8,5.0,1,True,0.0,
3koaWT,84,100,CarrotHyrax,59.8,5.0,1,True,0.0,
3koaWT,85,1,CarrotHyrax,59.8,64.0,0,True,0.0,
3koaWT,85,2,CarrotHyrax,59.8,51.2,1,True,0.0,
3koaWT,85,3,CarrotHyrax,59.8,49.5,0,True,0.0,
3koaWT,85,4,CarrotHyrax,59.8,45.9,0,True,0.0,
3koaWT,85,5,CarrotHyrax,59.8,41.1,0,True,0.0,
3koaWT,85,6,CarrotHyrax,59.8,36.0,0,True,0.0,
3koaWT,85,7,CarrotHyrax,42.8,31.2,0,True,0.0,
3koaWT,85,8,CarrotHyrax,42.8,26.7,1,True,0.0,
3koaWT,85,9,CarrotHyrax,42.8,24.0,0,True,0.0,
3koaWT,85,10,CarrotHyrax,42.8,21.3,2,True,0.0,
3koaWT,85,11,CarrotHyrax,42.8,20.5,0,True,0.0,
3koaWT,85,12,CarrotHyrax,42.8,19.5,0,True,0.0,
3koaWT,85,13,CarrotHyrax,42.8,18.1,0,True,0.0,
3koaWT,85,14,CarrotHyrax,42.8,16.7,0,True,0.0,
3koaWT,85,15,CarrotHyrax,42.8,15.1,2,True,0.0,
3koaWT,85,16,CarrotHyrax,42.8,14.3,0,True,0.0,
3koaWT,85,17,CarrotHyrax,44.5,13.4,1,True,0.0,
3koaWT,85,18,CarrotHyrax,44.5,12.8,0,True,0.0,
3koaWT,85,19,CarrotHyrax,44.5,12.1,1,True,0.0,
3koaWT,85,20,CarrotHyrax,44.5,11.6,1,True,0.0,
3koaWT,85,21,CarrotHyrax,44.5,11.2,1,True,0.0,
3koaWT,85,22,CarrotHyrax,44.5,11.0,0,True,0.0,
3koaWT,85,23,CarrotHyrax,44.5,10.7,1,True,0.0,
3koaWT,85,24,CarrotHyrax,44.5,10.5,0,True,0.0,
3koaWT,85,25,CarrotHyrax,44.5,10.2,0,True,0.0,
3koaWT,85,26,CarrotHyrax,44.5,9.8,0,True,0.0,
3koaWT,85,27,CarrotHyrax,50.4,9.4,0,True,0.0,
3koaWT,85,28,CarrotHyrax,50.4,9.0,1,True,0.0,
3koaWT,85,29,CarrotHyrax,50.4,8.6,1,True,0.0,
3koaWT,85,30,CarrotHyrax,50.4,8.3,0,True,0.0,
3koaWT,85,31,CarrotHyrax,50.4,8.0,1,True,0.0,
3koaWT,85,32,CarrotHyrax,50.4,7.7,1,True,0.0,
3koaWT,85,33,CarrotHyrax,50.4,7.5,0,True,0.0,
3koaWT,85,34,CarrotHyrax,50.4,7.3,0,True,0.0,
3koaWT,85,35,CarrotHyrax,50.4,7.0,0,True,0.0,
3koaWT,85,36,CarrotHyrax,50.4,6.8,2,True,0.0,
3koaWT,85,37,CarrotHyrax,31.8,6.6,0,True,0.0,
3koaWT,85,38,CarrotHyrax,31.8,6.4,1,True,0.001,
3koaWT,85,39,CarrotHyrax,31.8,6.3,0,True,0.0,
3koaWT,85,40,CarrotHyrax,31.8,6.1,0,True,0.0,
3koaWT,85,41,CarrotHyrax,31.8,5.9,1,True,0.0,
3koaWT,85,42,CarrotHyrax,31.8,5.8,1,True,0.0,
3koaWT,85,43,CarrotHyrax,31.8,5.7,1,True,0.0,
3koaWT,85,44,CarrotHyrax,31.8,5.6,0,True,0.0,
3koaWT,85,45,CarrotHyrax,31.8,5.5,0,True,0.0,
3koaWT,85,46,CarrotHyrax,31.8,5.4,0,True,0.0,
3koaWT,85,47,CarrotHyrax,67.9,5.2,0,True,0.0,
3koaWT,85,48,CarrotHyrax,67.9,5.1,1,True,0.0,
3koaWT,85,49,CarrotHyrax,67.9,5.0,3,True,0.0,
3koaWT,85,50,CarrotHyrax,67.9,5.0,0,True,0.0,
3koaWT,85,51,CarrotHyrax,67.9,5.0,0,True,0.0,
3koaWT,85,52,CarrotHyrax,67.9,5.0,0,True,0.0,
3koaWT,85,53,CarrotHyrax,67.9,5.0,0,True,0.0,
3koaWT,85,54,CarrotHyrax,67.9,5.0,0,True,0.0,
3koaWT,85,55,CarrotHyrax,67.9,5.0,2,True,0.0,
3koaWT,85,56,CarrotHyrax,67.9,5.0,2,True,0.0,
3koaWT,85,57,CarrotHyrax,71.9,5.0,2,True,0.001,
3koaWT,85,58,CarrotHyrax,71.9,5.0,1,True,0.0,
3koaWT,85,59,CarrotHyrax,71.9,5.0,0,True,0.0,
3koaWT,85,60,CarrotHyrax,71.9,5.0,1,True,0.0,
3koaWT,85,61,CarrotHyrax,71.9,5.0,0,True,0.0,
3koaWT,85,62,CarrotHyrax,71.9,5.0,3,True,0.0,
3koaWT,85,63,CarrotHyrax,71.9,5.0,0,True,0.0,
3koaWT,85,64,CarrotHyrax,71.9,5.0,2,True,0.0,
3koaWT,85,65,CarrotHyrax,71.9,5.0,2,True,0.0,
3koaWT,85,66,CarrotHyrax,71.9,5.1,1,True,0.0,
3koaWT,85,67,CarrotHyrax,56.8,5.1,0,True,0.0,
3koaWT,85,68,CarrotHyrax,56.8,5.1,1,True,0.0,
3koaWT,85,69,CarrotHyrax,56.8,5.1,1,True,0.0,
3koaWT,85,70,CarrotHyrax,56.8,5.1,1,True,0.0,
3koaWT,85,71,CarrotHyrax,56.8,5.1,1,True,0.0,
3koaWT,85,72,CarrotHyrax,56.8,5.1,2,True,0.0,
3koaWT,85,73,CarrotHyrax,56.8,5.1,0,True,0.0,
3koaWT,85,74,CarrotHyrax,56.8,5.1,0,True,0.0,
3koaWT,85,75,CarrotHyrax,56.8,5.0,2,True,0.0,
3koaWT,85,76,CarrotHyrax,56.8,5.0,2,True,0.0,
3koaWT,85,77,CarrotHyrax,37.5,5.0,0,True,0.0,
3koaWT,85,78,CarrotHyrax,37.5,5.0,0,True,0.0,
3koaWT,85,79,CarrotHyrax,37.5,5.0,3,True,0.0,
3koaWT,85,80,CarrotHyrax,37.5,5.0,0,True,0.0,
3koaWT,85,81,CarrotHyrax,37.5,5.0,0,True,0.0,
3koaWT,85,82,CarrotHyrax,37.5,5.0,0,True,0.0,
3koaWT,85,83,CarrotHyrax,37.5,5.0,0,True,0.0,
3koaWT,85,84,CarrotHyrax,37.5,5.0,0,True,0.0,
3koaWT,85,85,CarrotHyrax,37.5,5.0,0,True,0.0,
3koaWT,85,86,CarrotHyrax,37.5,5.0,0,True,0.0,
3koaWT,85,87,CarrotHyrax,34.8,5.0,1,True,0.0,
3koaWT,85,88,CarrotHyrax,34.8,5.0,0,True,0.0,
3koaWT,85,89,CarrotHyrax,34.8,5.0,2,True,0.0,
3koaWT,85,90,CarrotHyrax,34.8,5.0,0,True,0.0,
3koaWT,85,91,CarrotHyrax,34.8,5.0,2,True,0.0,
3koaWT,85,92,CarrotHyrax,34.8,5.0,0,True,0.0,
3koaWT,85,93,CarrotHyrax,34.8,5.0,0,True,0.0,
3koaWT,85,94,CarrotHyrax,34.8,5.0,1,True,0.0,
3koaWT,85,95,CarrotHyrax,34.8,5.0,1,True,0.0,
3koaWT,85,96,CarrotHyrax,34.8,5.0,1,True,0.0,
3koaWT,85,97,CarrotHyrax,38.5,5.0,0,True,0.0,
3koaWT,85,98,CarrotHyrax,38.5,5.0,0,True,0.001,
3koaWT,85,99,CarrotHyrax,38.5,5.0,0,True,0.001,
3koaWT,85,100,CarrotHyrax,38.5,5.0,0,True,0.0,
3koaWT,86,1,CarrotHyrax,38.5,67.0,0,True,0.0,
3koaWT,86,2,CarrotHyrax,38.5,53.6,0,True,0.0,
3koaWT,86,3,CarrotHyrax,38.5,42.9,0,True,0.0,
3koaWT,86,4,CarrotHyrax,38.5,34.3,0,True,0.0,
3koaWT,86,5,CarrotHyrax,38.5,27.4,0,True,0.0,
3koaWT,86,6,CarrotHyrax,46.5,22.0,0,True,0.0,
3koaWT,86,7,CarrotHyrax,46.5,17.6,1,True,0.0,
3koaWT,86,8,CarrotHyrax,46.5,15.0,0,True,0.0,
3koaWT,86,9,CarrotHyrax,46.5,12.8,0,True,0.0,
3koaWT,86,10,CarrotHyrax,46.5,10.8,0,True,0.0,
3koaWT,86,11,CarrotHyrax,46.5,9.1,1,True,0.0,
3koaWT,86,12,CarrotHyrax,46.5,7.9,0,True,0.001,
3koaWT,86,13,CarrotHyrax,46.5,6.9,0,True,0.0,
3koaWT,86,14,CarrotHyrax,46.5,5.9,0,True,0.0,
3koaWT,86,15,CarrotHyrax,46.5,5.0,0,True,0.0,
3koaWT,86,16,CarrotHyrax,63.6,5.0,0,True,0.0,
3koaWT,86,17,CarrotHyrax,63.6,5.0,0,True,0.0,
3koaWT,86,18,CarrotHyrax,63.6,5.0,1,True,0.0,
3koaWT,86,19,CarrotHyrax,63.6,5.0,1,True,0.0,
3koaWT,86,20,CarrotHyrax,63.6,5.0,1,True,0.0,
3koaWT,86,21,CarrotHyrax,63.6,5.0,1,True,0.0,
3koaWT,86,22,CarrotHyrax,63.6,5.0,0,True,0.0,
3koaWT,86,23,CarrotHyrax,63.6,5.0,0,True,0.0,
3koaWT,86,24,CarrotHyrax,63.6,5.0,2,True,0.0,
3koaWT,86,25,CarrotHyrax,63.6,5.0,0,True,0.0,
3koaWT,86,26,CarrotHyrax,51.5,5.0,0,True,0.0,
3koaWT,86,27,CarrotHyrax,51.5,5.0,3,True,0.0,
3koaWT,86,28,CarrotHyrax,51.5,5.0,1,True,0.0,
3koaWT,86,29,CarrotHyrax,51.5,5.0,1,True,0.0,
3koaWT,86,30,CarrotHyrax,51.5,5.0,0,True,0.0,
3koaWT,86,31,CarrotHyrax,51.5,5.0,1,True,0.0,
3koaWT,86,32,CarrotHyrax,51.5,5.0,0,True,0.0,
3koaWT,86,33,CarrotHyrax,51.5,5.0,1,True,0.0,
3koaWT,86,34,CarrotHyrax,51.5,5.0,1,True,0.0,
3koaWT,86,35,CarrotHyrax,51.5,5.0,0,True,0.0,
3koaWT,86,36,CarrotHyrax,42.6,5.0,1,True,0.012,
3koaWT,86,37,CarrotHyrax,42.6,5.0,1,True,0.0,
3koaWT,86,38,CarrotHyrax,42.6,5.0,0,True,0.0,
3koaWT,86,39,CarrotHyrax,42.6,5.0,0,True,0.0,
3koaWT,86,40,CarrotHyrax,42.6,5.0,1,True,0.0,
3koaWT,86,41,CarrotHyrax,42.6,5.0,0,True,0.0,
3koaWT,86,42,CarrotHyrax,42.6,5.0,2,True,0.0,
3koaWT,86,43,CarrotHyrax,42.6,5.0,0,True,0.0,
3koaWT,86,44,CarrotHyrax,42.6,5.0,0,True,0.0,
3koaWT,86,45,CarrotHyrax,42.6,5.0,1,True,0.0,
3koaWT,86,46,CarrotHyrax,45.8,5.0,0,True,0.0,
3koaWT,86,47,CarrotHyrax,45.8,5.0,1,True,0.0,
3koaWT,86,48,CarrotHyrax,45.8,5.0,0,True,0.0,
3koaWT,86,49,CarrotHyrax,45.8,5.0,0,True,0.0,
3koaWT,86,50,CarrotHyrax,45.8,5.0,1,True,0.0,
3koaWT,86,51,CarrotHyrax,45.8,5.0,0,True,0.0,
3koaWT,86,52,CarrotHyrax,45.8,5.0,0,True,0.001,
3koaWT,86,53,CarrotHyrax,45.8,5.0,0,True,0.0,
3koaWT,86,54,CarrotHyrax,45.8,5.0,1,True,0.001,
3koaWT,86,55,CarrotHyrax,45.8,5.0,0,True,0.0,
3koaWT,86,56,CarrotHyrax,38.6,5.0,1,True,0.0,
3koaWT,86,57,CarrotHyrax,38.6,5.0,0,True,0.0,
3koaWT,86,58,CarrotHyrax,38.6,5.0,0,True,0.0,
3koaWT,86,59,CarrotHyrax,38.6,5.0,0,True,0.001,
3koaWT,86,60,CarrotHyrax,38.6,5.0,1,True,0.008,
3koaWT,86,61,CarrotHyrax,38.6,5.0,0,True,0.007,
3koaWT,86,62,CarrotHyrax,38.6,5.0,0,True,0.006,
3koaWT,86,63,CarrotHyrax,38.6,5.0,0,True,0.0,
3koaWT,86,64,CarrotHyrax,38.6,5.0,0,True,0.002,
3koaWT,86,65,CarrotHyrax,38.6,5.0,0,True,0.002,
3koaWT,86,66,CarrotHyrax,34.8,5.0,0,True,0.001,
3koaWT,86,67,CarrotHyrax,34.8,5.0,1,True,0.006,
3koaWT,86,68,CarrotHyrax,34.8,5.0,2,True,0.0,
3koaWT,86,69,CarrotHyrax,34.8,5.0,0,True,0.001,
3koaWT,86,70,CarrotHyrax,34.8,5.0,0,True,0.0,
3koaWT,86,71,CarrotHyrax,34.8,5.0,1,True,0.0,
3koaWT,86,72,CarrotHyrax,34.8,5.0,0,True,0.0,
3koaWT,86,73,CarrotHyrax,34.8,5.0,1,True,0.003,
3koaWT,86,74,CarrotHyrax,34.8,5.0,0,True,0.0,
3koaWT,86,75,CarrotHyrax,34.8,5.0,3,True,0.001,
3koaWT,86,76,CarrotHyrax,56.7,5.0,0,True,0.0,
3koaWT,86,77,CarrotHyrax,56.7,5.0,0,True,0.0,
3koaWT,86,78,CarrotHyrax,56.7,5.0,0,True,0.0,
3koaWT,86,79,CarrotHyrax,56.7,5.0,1,True,0.0,
3koaWT,86,80,CarrotHyrax,56.7,5.0,0,True,0.0,
3koaWT,86,81,CarrotHyrax,56.7,5.0,3,True,0.0,
3koaWT,86,82,CarrotHyrax,56.7,5.0,1,True,0.0,
3koaWT,86,83,CarrotHyrax,56.7,5.0,0,True,0.002,
3koaWT,86,84,CarrotHyrax,56.7,5.0,0,True,0.0,
3koaWT,86,85,CarrotHyrax,56.7,5.0,1,True,0.0,
3koaWT,86,86,CarrotHyrax,49.6,5.0,0,True,0.0,
3koaWT,86,87,CarrotHyrax,49.6,5.0,1,True,0.0,
3koaWT,86,88,CarrotHyrax,49.6,5.0,0,True,0.0,
3koaWT,86,89,CarrotHyrax,49.6,5.0,1,True,0.0,
3koaWT,86,90,CarrotHyrax,49.6,5.0,1,True,0.0,
3koaWT,86,91,CarrotHyrax,49.6,5.0,0,True,0.0,
3koaWT,86,92,CarrotHyrax,49.6,5.0,0,True,0.0,
3koaWT,86,93,CarrotHyrax,49.6,5.0,0,True,0.0,
3koaWT,86,94,CarrotHyrax,49.6,5.0,0,True,0.0,
3koaWT,86,95,CarrotHyrax,49.6,5.0,0,True,0.0,
3koaWT,86,96,CarrotHyrax,67.1,5.0,0,True,0.0,
3koaWT,86,97,CarrotHyrax,67.1,5.0,2,True,0.0,
3koaWT,86,98,CarrotHyrax,67.1,5.0,1,True,0.0,
3koaWT,86,99,CarrotHyrax,67.1,5.0,0,True,0.0,
3koaWT,86,100,CarrotHyrax,67.1,5.0,0,True,0.0,
3koaWT,87,1,CarrotHyrax,67.1,88.0,0,True,0.0,
3koaWT,87,2,CarrotHyrax,67.1,70.4,0,True,0.0,
3koaWT,87,3,CarrotHyrax,67.1,56.3,0,True,0.0,
3koaWT,87,4,CarrotHyrax,67.1,45.1,1,True,0.0,
3koaWT,87,5,CarrotHyrax,36.6,40.4,0,True,0.0,
3koaWT,87,6,CarrotHyrax,36.6,35.3,0,True,0.0,
3koaWT,87,7,CarrotHyrax,36.6,30.6,0,True,0.0,
3koaWT,87,8,CarrotHyrax,36.6,26.2,0,True,0.0,
3koaWT,87,9,CarrotHyrax,36.6,22.3,0,True,0.0,
3koaWT,87,10,CarrotHyrax,36.6,18.8,0,True,0.0,
3koaWT,87,11,CarrotHyrax,36.6,15.8,0,True,0.0,
3koaWT,87,12,CarrotHyrax,36.6,13.2,0,True,0.0,
3koaWT,87,13,CarrotHyrax,36.6,11.0,1,True,0.0,
3koaWT,87,14,CarrotHyrax,36.6,9.5,0,True,0.0,
3koaWT,87,15,CarrotHyrax,45.7,8.1,0,True,0.0,
3koaWT,87,16,CarrotHyrax,45.7,6.9,0,True,0.0,
3koaWT,87,17,CarrotHyrax,45.7,5.8,1,True,0.0,
3koaWT,87,18,CarrotHyrax,45.7,5.0,1,True,0.0,
3koaWT,87,19,CarrotHyrax,45.7,5.0,0,True,0.0,
3koaWT,87,20,CarrotHyrax,45.7,5.0,0,True,0.0,
3koaWT,87,21,CarrotHyrax,45.7,5.0,1,True,0.0,
3koaWT,87,22,CarrotHyrax,45.7,5.0,2,True,0.0,
3koaWT,87,23,CarrotHyrax,45.7,5.0,0,True,0.0,
3koaWT,87,24,CarrotHyrax,45.7,5.0,0,True,0.0,
3koaWT,87,25,CarrotHyrax,52.4,5.0,1,True,0.0,
3koaWT,87,26,CarrotHyrax,52.4,5.0,1,True,0.0,
3koaWT,87,27,CarrotHyrax,52.4,5.0,1,True,0.0,
3koaWT,87,28,CarrotHyrax,52.4,5.0,0,True,0.0,
3koaWT,87,29,CarrotHyrax,52.4,5.0,0,True,0.0,
3koaWT,87,30,CarrotHyrax,52.4,5.0,1,True,0.0,
3koaWT,87,31,CarrotHyrax,52.4,5.0,0,True,0.0,
3koaWT,87,32,CarrotHyrax,52.4,5.0,0,True,0.0,
3koaWT,87,33,CarrotHyrax,52.4,5.0,0,True,0.0,
3koaWT,87,34,CarrotHyrax,52.4,5.0,0,True,0.001,
3koaWT,87,35,CarrotHyrax,47.4,5.0,1,True,0.0,
3koaWT,87,36,CarrotHyrax,47.4,5.0,1,True,0.001,
3koaWT,87,37,CarrotHyrax,47.4,5.0,1,True,0.0,
3koaWT,87,38,CarrotHyrax,47.4,5.0,0,True,0.0,
3koaWT,87,39,CarrotHyrax,47.4,5.0,0,True,0.0,
3koaWT,87,40,CarrotHyrax,47.4,5.0,0,True,0.0,
3koaWT,87,41,CarrotHyrax,47.4,5.0,0,True,0.0,
3koaWT,87,42,CarrotHyrax,47.4,5.0,0,True,0.0,
3koaWT,87,43,CarrotHyrax,47.4,5.0,2,True,0.0,
3koaWT,87,44,CarrotHyrax,47.4,5.0,0,True,0.0,
3koaWT,87,45,CarrotHyrax,69.7,5.0,1,True,0.0,
3koaWT,87,46,CarrotHyrax,69.7,5.0,3,True,0.0,
3koaWT,87,47,CarrotHyrax,69.7,5.0,0,True,0.0,
3koaWT,87,48,CarrotHyrax,69.7,5.0,1,True,0.0,
3koaWT,87,49,CarrotHyrax,69.7,5.0,2,True,0.001,
3koaWT,87,50,CarrotHyrax,69.7,5.0,1,True,0.0,
3koaWT,87,51,CarrotHyrax,69.7,5.0,0,True,0.001,
3koaWT,87,52,CarrotHyrax,69.7,5.0,0,True,0.0,
3koaWT,87,53,CarrotHyrax,69.7,5.0,0,True,0.0,
3koaWT,87,54,CarrotHyrax,69.7,5.0,1,True,0.0,
3koaWT,87,55,CarrotHyrax,72.8,5.0,2,True,0.0,
3koaWT,87,56,CarrotHyrax,72.8,5.0,1,True,0.0,
3koaWT,87,57,CarrotHyrax,72.8,5.0,0,True,0.0,
3koaWT,87,58,CarrotHyrax,72.8,5.0,0,True,0.0,
3koaWT,87,59,CarrotHyrax,72.8,5.0,0,True,0.0,
3koaWT,87,60,CarrotHyrax,72.8,5.0,1,True,0.0,
3koaWT,87,61,CarrotHyrax,72.8,5.0,0,True,0.0,
3koaWT,87,62,CarrotHyrax,72.8,5.0,0,True,0.0,
3koaWT,87,63,CarrotHyrax,72.8,5.0,0,True,0.0,
3koaWT,87,64,CarrotHyrax,72.8,5.0,0,True,0.0,
3koaWT,87,65,CarrotHyrax,48.2,5.0,0,True,0.0,
3koaWT,87,66,CarrotHyrax,48.2,5.0,0,True,0.0,
3koaWT,87,67,CarrotHyrax,48.2,5.0,1,True,0.0,
3koaWT,87,68,CarrotHyrax,48.2,5.0,1,True,0.0,
3koaWT,87,69,CarrotHyrax,48.2,5.0,1,True,0.0,
3koaWT,87,70,CarrotHyrax,48.2,5.0,1,True,0.0,
3koaWT,87,71,CarrotHyrax,48.2,5.0,0,True,0.0,
3koaWT,87,72,CarrotHyrax,48.2,5.0,2,True,0.0,
3koaWT,87,73,CarrotHyrax,48.2,5.0,0,True,0.0,
3koaWT,87,74,CarrotHyrax,48.2,5.0,0,True,0.0,
3koaWT,87,75,CarrotHyrax,39.5,5.0,0,True,0.0,
3koaWT,87,76,CarrotHyrax,39.5,5.0,0,True,0.0,
3koaWT,87,77,CarrotHyrax,39.5,5.0,0,True,0.0,
3koaWT,87,78,CarrotHyrax,39.5,5.0,1,True,0.0,
3koaWT,87,79,CarrotHyrax,39.5,5.0,1,True,0.0,
3koaWT,87,80,CarrotHyrax,39.5,5.0,1,True,0.0,
3koaWT,87,81,CarrotHyrax,39.5,5.0,1,True,0.0,
3koaWT,87,82,CarrotHyrax,39.5,5.0,2,True,0.0,
3koaWT,87,83,CarrotHyrax,39.5,5.0,0,True,0.0,
3koaWT,87,84,CarrotHyrax,39.5,5.0,0,True,0.0,
3koaWT,87,85,CarrotHyrax,65.3,5.0,0,True,0.0,
3koaWT,87,86,CarrotHyrax,65.3,5.0,1,True,0.0,
3koaWT,87,87,CarrotHyrax,65.3,5.0,0,True,0.0,
3koaWT,87,88,CarrotHyrax,65.3,5.0,0,True,0.0,
3koaWT,87,89,CarrotHyrax,65.3,5.0,0,True,0.0,
3koaWT,87,90,CarrotHyrax,65.3,5.0,1,True,0.0,
3koaWT,87,91,CarrotHyrax,65.3,5.0,0,True,0.0,
3koaWT,87,92,CarrotHyrax,65.3,5.0,0,True,0.0,
3koaWT,87,93,CarrotHyrax,65.3,5.0,0,True,0.0,
3koaWT,87,94,CarrotHyrax,65.3,5.0,0,True,0.0,
3koaWT,87,95,CarrotHyrax,69.9,5.0,0,True,0.0,
3koaWT,87,96,CarrotHyrax,69.9,5.0,2,True,0.0,
3koaWT,87,97,CarrotHyrax,69.9,5.0,0,True,0.0,
3koaWT,87,98,CarrotHyrax,69.9,5.0,0,True,0.0,
3koaWT,87,99,CarrotHyrax,69.9,5.0,0,True,0.0,
3koaWT,87,100,CarrotHyrax,69.9,5.0,1,True,0.0,
3koaWT,88,1,CarrotHyrax,69.9,40.0,0,True,0.0,
3koaWT,88,2,CarrotHyrax,69.9,32.0,1,True,0.0,
3koaWT,88,3,CarrotHyrax,69.9,30.9,0,True,0.0,
3koaWT,88,4,CarrotHyrax,60.2,28.7,1,True,0.0,
3koaWT,88,5,CarrotHyrax,60.2,28.5,1,True,0.0,
3koaWT,88,6,CarrotHyrax,60.2,29.1,0,True,0.0,
3koaWT,88,7,CarrotHyrax,60.2,29.1,3,True,0.0,
3koaWT,88,8,CarrotHyrax,60.2,33.2,1,True,0.0,
3koaWT,88,9,CarrotHyrax,60.2,38.0,0,True,0.0,
3koaWT,88,10,CarrotHyrax,60.2,42.2,2,True,0.0,
3koaWT,88,11,CarrotHyrax,60.2,49.2,2,True,0.0,
3koaWT,88,12,CarrotHyrax,60.2,59.0,0,True,0.0,
3koaWT,88,13,CarrotHyrax,60.2,68.5,0,True,0.0,
3koaWT,88,14,CarrotHyrax,37.0,77.2,0,True,0.0,
3koaWT,88,15,CarrotHyrax,37.0,84.5,0,True,0.0,
3koaWT,88,16,CarrotHyrax,37.0,90.6,0,True,0.0,
3koaWT,88,17,CarrotHyrax,37.0,95.2,0,True,0.0,
3koaWT,88,18,CarrotHyrax,37.0,98.8,0,True,0.0,
3koaWT,88,19,CarrotHyrax,37.0,100.0,0,True,0.001,
3koaWT,88,20,CarrotHyrax,37.0,100.0,0,True,0.0,
3koaWT,88,21,CarrotHyrax,37.0,100.0,0,True,0.0,
3koaWT,88,22,CarrotHyrax,37.0,99.9,0,True,0.0,
3koaWT,88,23,CarrotHyrax,37.0,99.0,0,True,0.0,
3koaWT,88,24,CarrotHyrax,75.5,96.8,0,True,0.0,
3koaWT,88,25,CarrotHyrax,75.5,94.0,0,True,0.0,
3koaWT,88,26,CarrotHyrax,75.5,90.8,0,True,0.0,
3koaWT,88,27,CarrotHyrax,75.5,87.1,0,True,0.0,
3koaWT,88,28,CarrotHyrax,75.5,82.9,0,True,0.0,
3koaWT,88,29,CarrotHyrax,75.5,78.4,0,True,0.0,
3koaWT,88,30,CarrotHyrax,75.5,73.7,0,True,0.0,
3koaWT,88,31,CarrotHyrax,75.5,68.9,0,True,0.0,
3koaWT,88,32,CarrotHyrax,75.5,64.2,0,True,0.0,
3koaWT,88,33,CarrotHyrax,75.5,59.6,0,True,0.0,
3koaWT,88,34,CarrotHyrax,49.4,55.1,0,True,0.0,
3koaWT,88,35,CarrotHyrax,49.4,50.7,0,True,0.0,
3koaWT,88,36,CarrotHyrax,49.4,46.5,0,True,0.0,
3koaWT,88,37,CarrotHyrax,49.4,42.5,0,True,0.0,
3koaWT,88,38,CarrotHyrax,49.4,38.8,0,True,0.0,
3koaWT,88,39,CarrotHyrax,49.4,35.2,0,True,0.0,
3koaWT,88,40,CarrotHyrax,49.4,32.0,1,True,0.0,
3koaWT,88,41,CarrotHyrax,49.4,29.2,1,True,0.0,
3koaWT,88,42,CarrotHyrax,49.4,26.9,1,True,0.0,
3koaWT,88,43,CarrotHyrax,49.4,24.9,1,True,0.0,
3koaWT,88,44,CarrotHyrax,77.1,23.2,0,True,0.0,
3koaWT,88,45,CarrotHyrax,77.1,21.6,1,True,0.0,
3koaWT,88,46,CarrotHyrax,77.1,20.2,1,True,0.0,
3koaWT,88,47,CarrotHyrax,77.1,19.0,0,True,0.0,
3koaWT,88,48,CarrotHyrax,77.1,17.8,0,True,0.0,
3koaWT,88,49,CarrotHyrax,77.1,16.7,0,True,0.0,
3koaWT,88,50,CarrotHyrax,77.1,15.5,0,True,0.0,
3koaWT,88,51,CarrotHyrax,77.1,14.5,2,True,0.0,
3koaWT,88,52,CarrotHyrax,77.1,13.6,3,True,0.0,
3koaWT,88,53,CarrotHyrax,77.1,13.1,0,True,0.0,
3koaWT,88,54,CarrotHyrax,39.2,12.5,1,True,0.0,
3koaWT,88,55,CarrotHyrax,39.2,11.9,1,True,0.0,
3koaWT,88,56,CarrotHyrax,39.2,11.4,1,True,0.0,
3koaWT,88,57,CarrotHyrax,39.2,11.0,4,True,0.0,
3koaWT,88,58,CarrotHyrax,39.2,10.9,1,True,0.0,
3koaWT,88,59,CarrotHyrax,39.2,10.7,0,True,0.0,
3koaWT,88,60,CarrotHyrax,39.2,10.6,1,True,0.0,
3koaWT,88,61,CarrotHyrax,39.2,10.4,1,True,0.0,
3koaWT,88,62,CarrotHyrax,39.2,10.3,0,True,0.0,
3koaWT,88,63,CarrotHyrax,39.2,10.1,0,True,0.0,
3koaWT,88,64,CarrotHyrax,34.4,9.8,0,True,0.0,
3koaWT,88,65,CarrotHyrax,34.4,9.6,1,True,0.0,
3koaWT,88,66,CarrotHyrax,34.4,9.3,4,True,0.0,
3koaWT,88,67,CarrotHyrax,34.4,9.2,0,True,0.0,
3koaWT,88,68,CarrotHyrax,34.4,9.0,2,True,0.0,
3koaWT,88,69,CarrotHyrax,34.4,8.8,0,True,0.0,
3koaWT,88,70,CarrotHyrax,34.4,8.7,2,True,0.0,
3koaWT,88,71,CarrotHyrax,34.4,8.6,0,True,0.0,
3koaWT,88,72,CarrotHyrax,34.4,8.4,0,True,0.0,
3koaWT,88,73,CarrotHyrax,34.4,8.2,2,True,0.0,
3koaWT,88,74,CarrotHyrax,53.3,8.0,0,True,0.0,
3koaWT,88,75,CarrotHyrax,53.3,7.8,0,True,0.0,
3koaWT,88,76,CarrotHyrax,53.3,7.6,2,True,0.0,
3koaWT,88,77,CarrotHyrax,53.3,7.4,0,True,0.0,
3koaWT,88,78,CarrotHyrax,53.3,7.1,1,True,0.0,
3koaWT,88,79,CarrotHyrax,53.3,6.9,0,True,0.0,
3koaWT,88,80,CarrotHyrax,53.3,6.6,0,True,0.0,
3koaWT,88,81,CarrotHyrax,53.3,6.4,3,True,0.0,
3koaWT,88,82,CarrotHyrax,53.3,6.2,0,True,0.0,
3koaWT,88,83,CarrotHyrax,53.3,5.9,1,True,0.0,
3koaWT,88,84,CarrotHyrax,42.1,5.7,1,True,0.0,
3koaWT,88,85,CarrotHyrax,42.1,5.5,0,True,0.0,
3koaWT,88,86,CarrotHyrax,42.1,5.3,1,True,0.0,
3koaWT,88,87,CarrotHyrax,42.1,5.0,0,True,0.0,
3koaWT,88,88,CarrotHyrax,42.1,5.0,0,True,0.0,
3koaWT,88,89,CarrotHyrax,42.1,5.0,2,True,0.0,
3koaWT,88,90,CarrotHyrax,42.1,5.0,1,True,0.0,
3koaWT,88,91,CarrotHyrax,42.1,5.0,1,True,0.0,
3koaWT,88,92,CarrotHyrax,42.1,5.0,1,True,0.0,
3koaWT,88,93,CarrotHyrax,42.1,5.0,1,True,0.0,
3koaWT,88,94,CarrotHyrax,54.8,5.0,0,True,0.0,
3koaWT,88,95,CarrotHyrax,54.8,5.0,1,True,0.0,
3koaWT,88,96,CarrotHyrax,54.8,5.0,1,True,0.0,
3koaWT,88,97,CarrotHyrax,54.8,5.0,1,True,0.0,
3koaWT,88,98,CarrotHyrax,54.8,5.0,3,True,0.0,
3koaWT,88,99,CarrotHyrax,54.8,5.0,1,True,0.0,
3koaWT,88,100,CarrotHyrax,54.8,5.0,2,True,0.0,
3koaWT,89,1,CarrotHyrax,54.8,42.0,0,True,0.0,
3koaWT,89,2,CarrotHyrax,54.8,33.6,1,True,0.0,
3koaWT,89,3,CarrotHyrax,39.3,32.5,0,True,0.0,
3koaWT,89,4,CarrotHyrax,39.3,30.1,1,True,0.0,
3koaWT,89,5,CarrotHyrax,39.3,29.9,2,True,0.0,
3koaWT,89,6,CarrotHyrax,39.3,32.8,0,True,0.0,
3koaWT,89,7,CarrotHyrax,39.3,35.0,0,True,0.0,
3koaWT,89,8,CarrotHyrax,39.3,36.0,0,True,0.0,
3koaWT,89,9,CarrotHyrax,39.3,35.8,0,True,0.0,
3koaWT,89,10,CarrotHyrax,39.3,35.0,1,True,0.0,
3koaWT,89,11,CarrotHyrax,39.3,35.1,0,True,0.0,
3koaWT,89,12,CarrotHyrax,39.3,34.6,0,True,0.0,
3koaWT,89,13,CarrotHyrax,65.8,33.4,0,True,0.0,
3koaWT,89,14,CarrotHyrax,65.8,31.7,1,True,0.0,
3koaWT,89,15,CarrotHyrax,65.8,30.4,1,True,0.0,
3koaWT,89,16,CarrotHyrax,65.8,29.6,0,True,0.0,
3koaWT,89,17,CarrotHyrax,65.8,28.4,0,True,0.0,
3koaWT,89,18,CarrotHyrax,65.8,27.0,0,True,0.0,
3koaWT,89,19,CarrotHyrax,65.8,25.5,0,True,0.0,
3koaWT,89,20,CarrotHyrax,65.8,24.0,1,True,0.0,
3koaWT,89,21,CarrotHyrax,65.8,22.8,0,True,0.0,
3koaWT,89,22,CarrotHyrax,65.8,21.5,0,True,0.0,
3koaWT,89,23,CarrotHyrax,54.9,20.2,0,True,0.0,
3koaWT,89,24,CarrotHyrax,54.9,18.8,1,True,0.0,
3koaWT,89,25,CarrotHyrax,54.9,17.7,2,True,0.0,
3koaWT,89,26,CarrotHyrax,54.9,17.1,0,True,0.0,
3koaWT,89,27,CarrotHyrax,54.9,16.4,1,True,0.0,
3koaWT,89,28,CarrotHyrax,54.9,15.8,1,True,0.0,
3koaWT,89,29,CarrotHyrax,54.9,15.4,1,True,0.0,
3koaWT,89,30,CarrotHyrax,54.9,15.0,0,True,0.0,
3koaWT,89,31,CarrotHyrax,54.9,14.6,0,True,0.0,
3koaWT,89,32,CarrotHyrax,54.9,14.2,0,True,0.0,
3koaWT,89,33,CarrotHyrax,61.3,13.6,0,True,0.0,
3koaWT,89,34,CarrotHyrax,61.3,13.1,2,True,0.0,
3koaWT,89,35,CarrotHyrax,61.3,12.7,0,True,0.0,
3koaWT,89,36,CarrotHyrax,61.3,12.4,2,True,0.0,
3koaWT,89,37,CarrotHyrax,61.3,12.2,1,True,0.0,
3koaWT,89,38,CarrotHyrax,61.3,12.1,1,True,0.0,
3koaWT,89,39,CarrotHyrax,61.3,12.1,0,True,0.0,
3koaWT,89,40,CarrotHyrax,61.3,12.0,0,True,0.0,
3koaWT,89,41,CarrotHyrax,61.3,11.9,0,True,0.0,
3koaWT,89,42,CarrotHyrax,61.3,11.7,1,True,0.001,
3koaWT,89,43,CarrotHyrax,54.4,11.6,0,True,0.0,
3koaWT,89,44,CarrotHyrax,54.4,11.4,0,True,0.0,
3koaWT,89,45,CarrotHyrax,54.4,11.2,1,True,0.0,
3koaWT,89,46,CarrotHyrax,54.4,11.0,0,True,0.0,
3koaWT,89,47,CarrotHyrax,54.4,10.8,0,True,0.0,
3koaWT,89,48,CarrotHyrax,54.4,10.6,1,True,0.0,
3koaWT,89,49,CarrotHyrax,54.4,10.5,0,True,0.0,
3koaWT,89,50,CarrotHyrax,54.4,10.2,0,True,0.0,
3koaWT,89,51,CarrotHyrax,54.4,10.0,1,True,0.0,
3koaWT,89,52,CarrotHyrax,54.4,9.8,1,True,0.0,
3koaWT,89,53,CarrotHyrax,76.9,9.6,0,True,0.0,
3koaWT,89,54,CarrotHyrax,76.9,9.4,0,True,0.0,
3koaWT,89,55,CarrotHyrax,76.9,9.1,1,True,0.0,
3koaWT,89,56,CarrotHyrax,76.9,8.8,2,True,0.0,
3koaWT,89,57,CarrotHyrax,76.9,8.7,1,True,0.0,
3koaWT,89,58,CarrotHyrax,76.9,8.6,1,True,0.0,
3koaWT,89,59,CarrotHyrax,76.9,8.5,1,True,0.0,
3koaWT,89,60,CarrotHyrax,76.9,8.4,1,True,0.0,
3koaWT,89,61,CarrotHyrax,76.9,8.3,1,True,0.0,
3koaWT,89,62,CarrotHyrax,76.9,8.2,3,True,0.0,
3koaWT,89,63,CarrotHyrax,71.3,8.3,0,True,0.0,
3koaWT,89,64,CarrotHyrax,71.3,8.3,0,True,0.0,
3koaWT,89,65,CarrotHyrax,71.3,8.2,1,True,0.0,
3koaWT,89,66,CarrotHyrax,71.3,8.1,0,True,0.0,
3koaWT,89,67,CarrotHyrax,71.3,8.0,1,True,0.0,
3koaWT,89,68,CarrotHyrax,71.3,7.9,0,True,0.0,
3koaWT,89,69,CarrotHyrax,71.3,7.8,0,True,0.0,
3koaWT,89,70,CarrotHyrax,71.3,7.6,1,True,0.0,
3koaWT,89,71,CarrotHyrax,71.3,7.4,0,True,0.0,
3koaWT,89,72,CarrotHyrax,71.3,7.2,0,True,0.0,
3koaWT,89,73,CarrotHyrax,68.0,7.0,1,True,0.0,
3koaWT,89,74,CarrotHyrax,68.0,6.7,0,True,0.0,
3koaWT,89,75,CarrotHyrax,68.0,6.5,2,True,0.0,
3koaWT,89,76,CarrotHyrax,68.0,6.2,1,True,0.0,
3koaWT,89,77,CarrotHyrax,68.0,6.0,0,True,0.0,
3koaWT,89,78,CarrotHyrax,68.0,5.8,1,True,0.0,
3koaWT,89,79,CarrotHyrax,68.0,5.6,1,True,0.0,
3koaWT,89,80,CarrotHyrax,68.0,5.3,0,True,0.0,
3koaWT,89,81,CarrotHyrax,68.0,5.1,1,True,0.0,
3koaWT,89,82,CarrotHyrax,68.0,5.0,1,True,0.0,
3koaWT,89,83,CarrotHyrax,64.7,5.0,0,True,0.0,
3koaWT,89,84,CarrotHyrax,64.7,5.0,0,True,0.0,
3koaWT,89,85,CarrotHyrax,64.7,5.0,0,True,0.0,
3koaWT,89,86,CarrotHyrax,64.7,5.0,1,True,0.0,
3koaWT,89,87,CarrotHyrax,64.7,5.0,0,True,0.0,
3koaWT,89,88,CarrotHyrax,64.7,5.0,0,True,0.0,
3koaWT,89,89,CarrotHyrax,64.7,5.0,0,True,0.0,
3koaWT,89,90,CarrotHyrax,64.7,5.0,0,True,0.0,
3koaWT,89,91,CarrotHyrax,64.7,5.0,0,True,0.0,
3koaWT,89,92,CarrotHyrax,64.7,5.0,0,True,0.0,
3koaWT,89,93,CarrotHyrax,66.3,5.0,1,True,0.0,
3koaWT,89,94,CarrotHyrax,66.3,5.0,1,True,0.0,
3koaWT,89,95,CarrotHyrax,66.3,5.0,1,True,0.0,
3koaWT,89,96,CarrotHyrax,66.3,5.0,0,True,0.0,
3koaWT,89,97,CarrotHyrax,66.3,5.0,1,True,0.001,
3koaWT,89,98,CarrotHyrax,66.3,5.0,1,True,0.0,
3koaWT,89,99,CarrotHyrax,66.3,5.0,1,True,0.0,
3koaWT,89,100,CarrotHyrax,66.3,5.0,2,True,0.0,
3koaWT,90,1,CarrotHyrax,66.3,36.0,1,True,0.0,
3koaWT,90,2,CarrotHyrax,38.9,41.4,0,True,0.0,
3koaWT,90,3,CarrotHyrax,38.9,40.0,0,True,0.0,
3koaWT,90,4,CarrotHyrax,38.9,37.1,1,True,0.0,
3koaWT,90,5,CarrotHyrax,38.9,36.8,0,True,0.0,
3koaWT,90,6,CarrotHyrax,38.9,34.9,0,True,0.0,
3koaWT,90,7,CarrotHyrax,38.9,32.6,1,True,0.0,
3koaWT,90,8,CarrotHyrax,38.9,31.6,1,True,0.0,
3koaWT,90,9,CarrotHyrax,38.9,31.5,0,True,0.0,
3koaWT,90,10,CarrotHyrax,38.9,30.8,1,True,0.0,
3koaWT,90,11,CarrotHyrax,38.9,30.9,0,True,0.0,
3koaWT,90,12,CarrotHyrax,48.7,30.4,0,True,0.0,
3koaWT,90,13,CarrotHyrax,48.7,29.3,0,True,0.0,
3koaWT,90,14,CarrotHyrax,48.7,27.8,0,True,0.0,
3koaWT,90,15,CarrotHyrax,48.7,26.0,0,True,0.0,
3koaWT,90,16,CarrotHyrax,48.7,24.0,0,True,0.0,
3koaWT,90,17,CarrotHyrax,48.7,21.9,0,True,0.0,
3koaWT,90,18,CarrotHyrax,48.7,19.9,0,True,0.0,
3koaWT,90,19,CarrotHyrax,48.7,18.0,0,True,0.0,
3koaWT,90,20,CarrotHyrax,48.7,16.2,0,True,0.0,
3koaWT,90,21,CarrotHyrax,48.7,14.5,0,True,0.0,
3koaWT,90,22,CarrotHyrax,51.7,12.9,0,True,0.0,
3koaWT,90,23,CarrotHyrax,51.7,11.4,0,True,0.0,
3koaWT,90,24,CarrotHyrax,51.7,10.1,3,True,0.0,
3koaWT,90,25,CarrotHyrax,51.7,9.3,0,True,0.0,
3koaWT,90,26,CarrotHyrax,51.7,8.6,1,True,0.0,
3koaWT,90,27,CarrotHyrax,51.7,8.0,0,True,0.0,
3koaWT,90,28,CarrotHyrax,51.7,7.4,1,True,0.0,
3koaWT,90,29,CarrotHyrax,51.7,6.9,2,True,0.0,
3koaWT,90,30,CarrotHyrax,51.7,6.6,0,True,0.0,
3koaWT,90,31,CarrotHyrax,51.7,6.2,0,True,0.0,
3koaWT,90,32,CarrotHyrax,46.0,5.9,0,True,0.0,
3koaWT,90,33,CarrotHyrax,46.0,5.5,0,True,0.0,
3koaWT,90,34,CarrotHyrax,46.0,5.2,0,True,0.0,
3koaWT,90,35,CarrotHyrax,46.0,5.0,2,True,0.0,
3koaWT,90,36,CarrotHyrax,46.0,5.0,2,True,0.0,
3koaWT,90,37,CarrotHyrax,46.0,5.0,0,True,0.001,
3koaWT,90,38,CarrotHyrax,46.0,5.0,1,True,0.0,
3koaWT,90,39,CarrotHyrax,46.0,5.0,0,True,0.0,
3koaWT,90,40,CarrotHyrax,46.0,5.0,1,True,0.0,
3koaWT,90,41,CarrotHyrax,46.0,5.0,0,True,0.0,
3koaWT,90,42,CarrotHyrax,74.7,5.0,0,True,0.0,
3koaWT,90,43,CarrotHyrax,74.7,5.0,0,True,0.0,
3koaWT,90,44,CarrotHyrax,74.7,5.0,0,True,0.0,
3koaWT,90,45,CarrotHyrax,74.7,5.0,1,True,0.0,
3koaWT,90,46,CarrotHyrax,74.7,5.0,0,True,0.0,
3koaWT,90,47,CarrotHyrax,74.7,5.0,0,True,0.0,
3koaWT,90,48,CarrotHyrax,74.7,5.0,0,True,0.0,
3koaWT,90,49,CarrotHyrax,74.7,5.0,0,True,0.001,
3koaWT,90,50,CarrotHyrax,74.7,5.0,0,True,0.0,
3koaWT,90,51,CarrotHyrax,74.7,5.0,1,True,0.0,
3koaWT,90,52,CarrotHyrax,60.2,5.0,1,True,0.0,
3koaWT,90,53,CarrotHyrax,60.2,5.0,0,True,0.0,
3koaWT,90,54,CarrotHyrax,60.2,5.0,1,True,0.0,
3koaWT,90,55,CarrotHyrax,60.2,5.0,0,True,0.0,
3koaWT,90,56,CarrotHyrax,60.2,5.0,2,True,0.0,
3koaWT,90,57,CarrotHyrax,60.2,5.0,1,True,0.0,
3koaWT,90,58,CarrotHyrax,60.2,5.0,0,True,0.0,
3koaWT,90,59,CarrotHyrax,60.2,5.0,1,True,0.0,
3koaWT,90,60,CarrotHyrax,60.2,5.0,0,True,0.0,
3koaWT,90,61,CarrotHyrax,60.2,5.0,0,True,0.0,
3koaWT,90,62,CarrotHyrax,37.4,5.0,2,True,0.0,
3koaWT,90,63,CarrotHyrax,37.4,5.0,1,True,0.0,
3koaWT,90,64,CarrotHyrax,37.4,5.0,0,True,0.0,
3koaWT,90,65,CarrotHyrax,37.4,5.0,0,True,0.0,
3koaWT,90,66,CarrotHyrax,37.4,5.0,1,True,0.0,
3koaWT,90,67,CarrotHyrax,37.4,5.0,0,True,0.0,
3koaWT,90,68,CarrotHyrax,37.4,5.0,0,True,0.0,
3koaWT,90,69,CarrotHyrax,37.4,5.0,0,True,0.0,
3koaWT,90,70,CarrotHyrax,37.4,5.0,1,True,0.0,
3koaWT,90,71,CarrotHyrax,37.4,5.0,0,True,0.0,
3koaWT,90,72,CarrotHyrax,76.1,5.0,0,True,0.0,
3koaWT,90,73,CarrotHyrax,76.1,5.0,2,True,0.0,
3koaWT,90,74,CarrotHyrax,76.1,5.0,0,True,0.0,
3koaWT,90,75,CarrotHyrax,76.1,5.0,2,True,0.0,
3koaWT,90,76,CarrotHyrax,76.1,5.0,2,True,0.0,
3koaWT,90,77,CarrotHyrax,76.1,5.0,1,True,0.0,
3koaWT,90,78,CarrotHyrax,76.1,5.0,2,True,0.0,
3koaWT,90,79,CarrotHyrax,76.1,5.0,1,True,0.0,
3koaWT,90,80,CarrotHyrax,76.1,5.0,0,True,0.0,
3koaWT,90,81,CarrotHyrax,76.1,5.0,0,True,0.0,
3koaWT,90,82,CarrotHyrax,43.6,5.0,0,True,0.0,
3koaWT,90,83,CarrotHyrax,43.6,5.0,0,True,0.0,
3koaWT,90,84,CarrotHyrax,43.6,5.0,0,True,0.0,
3koaWT,90,85,CarrotHyrax,43.6,5.0,1,True,0.0,
3koaWT,90,86,CarrotHyrax,43.6,5.0,0,True,0.0,
3koaWT,90,87,CarrotHyrax,43.6,5.0,1,True,0.0,
3koaWT,90,88,CarrotHyrax,43.6,5.0,0,True,0.0,
3koaWT,90,89,CarrotHyrax,43.6,5.0,1,True,0.0,
3koaWT,90,90,CarrotHyrax,43.6,5.0,2,True,0.0,
3koaWT,90,91,CarrotHyrax,43.6,5.0,0,True,0.0,
3koaWT,90,92,CarrotHyrax,31.5,5.0,1,True,0.0,
3koaWT,90,93,CarrotHyrax,31.5,5.0,1,True,0.0,
3koaWT,90,94,CarrotHyrax,31.5,5.0,0,True,0.0,
3koaWT,90,95,CarrotHyrax,31.5,5.0,0,True,0.0,
3koaWT,90,96,CarrotHyrax,31.5,5.0,0,True,0.0,
3koaWT,90,97,CarrotHyrax,31.5,5.0,1,True,0.0,
3koaWT,90,98,CarrotHyrax,31.5,5.0,0,True,0.0,
3koaWT,90,99,CarrotHyrax,31.5,5.0,1,True,0.0,
3koaWT,90,100,CarrotHyrax,31.5,5.0,1,True,0.0,
3koaWT,91,1,CarrotHyrax,50.3,54.0,0,True,0.0,
3koaWT,91,2,CarrotHyrax,50.3,43.2,0,True,0.0,
3koaWT,91,3,CarrotHyrax,50.3,34.6,0,True,0.0,
3koaWT,91,4,CarrotHyrax,50.3,27.6,0,True,0.0,
3koaWT,91,5,CarrotHyrax,50.3,22.1,0,True,0.0,
3koaWT,91,6,CarrotHyrax,50.3,17.7,1,True,0.0,
3koaWT,91,7,CarrotHyrax,50.3,15.3,0,True,0.0,
3koaWT,91,8,CarrotHyrax,50.3,13.1,0,True,0.0,
3koaWT,91,9,CarrotHyrax,50.3,11.2,0,True,0.0,
3koaWT,91,10,CarrotHyrax,50.3,9.4,0,True,0.0,
3koaWT,91,11,CarrotHyrax,50.6,7.9,1,True,0.0,
3koaWT,91,12,CarrotHyrax,50.6,6.9,1,True,0.0,
3koaWT,91,13,CarrotHyrax,50.6,6.2,0,True,0.0,
3koaWT,91,14,CarrotHyrax,50.6,5.5,0,True,0.0,
3koaWT,91,15,CarrotHyrax,50.6,5.0,0,True,0.0,
3koaWT,91,16,CarrotHyrax,50.6,5.0,0,True,0.0,
3koaWT,91,17,CarrotHyrax,50.6,5.0,0,True,0.0,
3koaWT,91,18,CarrotHyrax,50.6,5.0,0,True,0.0,
3koaWT,91,19,CarrotHyrax,50.6,5.0,0,True,0.0,
3koaWT,91,20,CarrotHyrax,50.6,5.0,0,True,0.0,
3koaWT,91,21,CarrotHyrax,79.1,5.0,0,True,0.0,
3koaWT,91,22,CarrotHyrax,79.1,5.0,0,True,0.0,
3koaWT,91,23,CarrotHyrax,79.1,5.0,1,True,0.0,
3koaWT,91,24,CarrotHyrax,79.1,5.0,0,True,0.0,
3koaWT,91,25,CarrotHyrax,79.1,5.0,0,True,0.0,
3koaWT,91,26,CarrotHyrax,79.1,5.0,1,True,0.0,
3koaWT,91,27,CarrotHyrax,79.1,5.0,1,True,0.0,
3koaWT,91,28,CarrotHyrax,79.1,5.0,2,True,0.0,
3koaWT,91,29,CarrotHyrax,79.1,5.0,1,True,0.0,
3koaWT,91,30,CarrotHyrax,79.1,5.0,1,True,0.0,
3koaWT,91,31,CarrotHyrax,69.5,5.0,0,True,0.0,
3koaWT,91,32,CarrotHyrax,69.5,5.0,0,True,0.0,
3koaWT,91,33,CarrotHyrax,69.5,5.0,1,True,0.0,
3koaWT,91,34,CarrotHyrax,69.5,5.0,0,True,0.0,
3koaWT,91,35,CarrotHyrax,69.5,5.0,0,True,0.0,
3koaWT,91,36,CarrotHyrax,69.5,5.0,1,True,0.0,
3koaWT,91,37,CarrotHyrax,69.5,5.0,0,True,0.0,
3koaWT,91,38,CarrotHyrax,69.5,5.0,1,True,0.001,
3koaWT,91,39,CarrotHyrax,69.5,5.0,1,True,0.0,
3koaWT,91,40,CarrotHyrax,69.5,5.0,0,True,0.0,
3koaWT,91,41,CarrotHyrax,73.1,5.0,0,True,0.0,
3koaWT,91,42,CarrotHyrax,73.1,5.0,2,True,0.0,
3koaWT,91,43,CarrotHyrax,73.1,5.0,0,True,0.0,
3koaWT,91,44,CarrotHyrax,73.1,5.0,1,True,0.0,
3koaWT,91,45,CarrotHyrax,73.1,5.0,0,True,0.0,
3koaWT,91,46,CarrotHyrax,73.1,5.0,1,True,0.0,
3koaWT,91,47,CarrotHyrax,73.1,5.0,1,True,0.0,
3koaWT,91,48,CarrotHyrax,73.1,5.0,1,True,0.0,
3koaWT,91,49,CarrotHyrax,73.1,5.0,0,True,0.0,
3koaWT,91,50,CarrotHyrax,73.1,5.0,1,True,0.0,
3koaWT,91,51,CarrotHyrax,35.1,5.0,1,True,0.0,
3koaWT,91,52,CarrotHyrax,35.1,5.0,0,True,0.0,
3koaWT,91,53,CarrotHyrax,35.1,5.0,2,True,0.0,
3koaWT,91,54,CarrotHyrax,35.1,5.0,1,True,0.0,
3koaWT,91,55,CarrotHyrax,35.1,5.0,0,True,0.0,
3koaWT,91,56,CarrotHyrax,35.1,5.0,0,True,0.0,
3koaWT,91,57,CarrotHyrax,35.1,5.0,1,True,0.0,
3koaWT,91,58,CarrotHyrax,35.1,5.0,0,True,0.0,
3koaWT,91,59,CarrotHyrax,35.1,5.0,0,True,0.0,
3koaWT,91,60,CarrotHyrax,35.1,5.0,0,True,0.0,
3koaWT,91,61,CarrotHyrax,60.7,5.0,2,True,0.0,
3koaWT,91,62,CarrotHyrax,60.7,5.0,0,True,0.0,
3koaWT,91,63,CarrotHyrax,60.7,5.0,0,True,0.0,
3koaWT,91,64,CarrotHyrax,60.7,5.0,0,True,0.0,
3koaWT,91,65,CarrotHyrax,60.7,5.0,0,True,0.0,
3koaWT,91,66,CarrotHyrax,60.7,5.0,1,True,0.0,
3koaWT,91,67,CarrotHyrax,60.7,5.0,1,True,0.0,
3koaWT,91,68,CarrotHyrax,60.7,5.0,1,True,0.0,
3koaWT,91,69,CarrotHyrax,60.7,5.0,0,True,0.0,
3koaWT,91,70,CarrotHyrax,60.7,5.0,1,True,0.0,
3koaWT,91,71,CarrotHyrax,64.6,5.0,0,True,0.0,
3koaWT,91,72,CarrotHyrax,64.6,5.0,0,True,0.0,
3koaWT,91,73,CarrotHyrax,64.6,5.0,0,True,0.0,
3koaWT,91,74,CarrotHyrax,64.6,5.0,0,True,0.0,
3koaWT,91,75,CarrotHyrax,64.6,5.0,1,True,0.0,
3koaWT,91,76,CarrotHyrax,64.6,5.0,1,True,0.0,
3koaWT,91,77,CarrotHyrax,64.6,5.0,1,True,0.0,
3koaWT,91,78,CarrotHyrax,64.6,5.0,0,True,0.0,
3koaWT,91,79,CarrotHyrax,64.6,5.0,1,True,0.0,
3koaWT,91,80,CarrotHyrax,64.6,5.0,0,True,0.0,
3koaWT,91,81,CarrotHyrax,48.1,5.0,0,True,0.0,
3koaWT,91,82,CarrotHyrax,48.1,5.0,0,True,0.0,
3koaWT,91,83,CarrotHyrax,48.1,5.0,0,True,0.0,
3koaWT,91,84,CarrotHyrax,48.1,5.0,0,True,0.0,
3koaWT,91,85,CarrotHyrax,48.1,5.0,0,True,0.0,
3koaWT,91,86,CarrotHyrax,48.1,5.0,0,True,0.0,
3koaWT,91,87,CarrotHyrax,48.1,5.0,0,True,0.0,
3koaWT,91,88,CarrotHyrax,48.1,5.0,1,True,0.0,
3koaWT,91,89,CarrotHyrax,48.1,5.0,0,True,0.0,
3koaWT,91,90,CarrotHyrax,48.1,5.0,2,True,0.0,
3koaWT,91,91,CarrotHyrax,77.9,5.0,0,True,0.0,
3koaWT,91,92,CarrotHyrax,77.9,5.0,1,True,0.0,
3koaWT,91,93,CarrotHyrax,77.9,5.0,0,True,0.0,
3koaWT,91,94,CarrotHyrax,77.9,5.0,0,True,0.0,
3koaWT,91,95,CarrotHyrax,77.9,5.0,0,True,0.0,
3koaWT,91,96,CarrotHyrax,77.9,5.0,1,True,0.0,
3koaWT,91,97,CarrotHyrax,77.9,5.0,1,True,0.0,
3koaWT,91,98,CarrotHyrax,77.9,5.0,1,True,0.0,
3koaWT,91,99,CarrotHyrax,77.9,5.0,0,True,0.0,
3koaWT,91,100,CarrotHyrax,77.9,5.0,2,True,0.0,
3koaWT,92,1,CarrotHyrax,78.6,83.0,0,True,0.0,
3koaWT,92,2,CarrotHyrax,78.6,66.4,0,True,0.0,
3koaWT,92,3,CarrotHyrax,78.6,53.1,1,True,0.0,
3koaWT,92,4,CarrotHyrax,78.6,49.2,0,True,0.0,
3koaWT,92,5,CarrotHyrax,78.6,44.1,0,True,0.0,
3koaWT,92,6,CarrotHyrax,78.6,38.6,1,True,0.0,
3koaWT,92,7,CarrotHyrax,78.6,36.0,0,True,0.0,
3koaWT,92,8,CarrotHyrax,78.6,32.9,0,True,0.0,
3koaWT,92,9,CarrotHyrax,78.6,29.6,0,True,0.0,
3koaWT,92,10,CarrotHyrax,35.0,26.3,0,True,0.0,
3koaWT,92,11,CarrotHyrax,35.0,23.2,0,True,0.0,
3koaWT,92,12,CarrotHyrax,35.0,20.2,0,True,0.0,
3koaWT,92,13,CarrotHyrax,35.0,17.5,0,True,0.0,
3koaWT,92,14,CarrotHyrax,35.0,15.1,0,True,0.0,
3koaWT,92,15,CarrotHyrax,35.0,12.9,0,True,0.0,
3koaWT,92,16,CarrotHyrax,35.0,10.9,0,True,0.0,
3koaWT,92,17,CarrotHyrax,35.0,9.2,0,True,0.0,
3koaWT,92,18,CarrotHyrax,35.0,7.8,0,True,0.0,
3koaWT,92,19,CarrotHyrax,35.0,6.6,1,True,0.0,
3koaWT,92,20,CarrotHyrax,64.2,5.6,1,True,0.0,
3koaWT,92,21,CarrotHyrax,64.2,5.0,0,True,0.0,
3koaWT,92,22,CarrotHyrax,64.2,5.0,0,True,0.0,
3koaWT,92,23,CarrotHyrax,64.2,5.0,0,True,0.0,
3koaWT,92,24,CarrotHyrax,64.2,5.0,0,True,0.001,
3koaWT,92,25,CarrotHyrax,64.2,5.0,0,True,0.0,
3koaWT,92,26,CarrotHyrax,64.2,5.0,0,True,0.0,
3koaWT,92,27,CarrotHyrax,64.2,5.0,1,True,0.0,
3koaWT,92,28,CarrotHyrax,64.2,5.0,0,True,0.0,
3koaWT,92,29,CarrotHyrax,64.2,5.0,0,True,0.0,
3koaWT,92,30,CarrotHyrax,72.5,5.0,0,True,0.0,
3koaWT,92,31,CarrotHyrax,72.5,5.0,1,True,0.0,
3koaWT,92,32,CarrotHyrax,72.5,5.0,0,True,0.0,
3koaWT,92,33,CarrotHyrax,72.5,5.0,1,True,0.0,
3koaWT,92,34,CarrotHyrax,72.5,5.0,1,True,0.0,
3koaWT,92,35,CarrotHyrax,72.5,5.0,0,True,0.0,
3koaWT,92,36,CarrotHyrax,72.5,5.0,1,True,0.0,
3koaWT,92,37,CarrotHyrax,72.5,5.0,0,True,0.0,
3koaWT,92,38,CarrotHyrax,72.5,5.0,1,True,0.0,
3koaWT,92,39,CarrotHyrax,72.5,5.0,0,True,0.0,
3koaWT,92,40,CarrotHyrax,35.9,5.0,1,True,0.0,
3koaWT,92,41,CarrotHyrax,35.9,5.0,1,True,0.0,
3koaWT,92,42,CarrotHyrax,35.9,5.0,0,True,0.0,
3koaWT,92,43,CarrotHyrax,35.9,5.0,0,True,0.0,
3koaWT,92,44,CarrotHyrax,35.9,5.0,0,True,0.0,
3koaWT,92,45,CarrotHyrax,35.9,5.0,0,True,0.0,
3koaWT,92,46,CarrotHyrax,35.9,5.0,0,True,0.0,
3koaWT,92,47,CarrotHyrax,35.9,5.0,1,True,0.0,
3koaWT,92,48,CarrotHyrax,35.9,5.0,0,True,0.0,
3koaWT,92,49,CarrotHyrax,35.9,5.0,0,True,0.0,
3koaWT,92,50,CarrotHyrax,40.5,5.0,1,True,0.0,
3koaWT,92,51,CarrotHyrax,40.5,5.0,0,True,0.0,
3koaWT,92,52,CarrotHyrax,40.5,5.0,0,True,0.0,
3koaWT,92,53,CarrotHyrax,40.5,5.0,1,True,0.0,
3koaWT,92,54,CarrotHyrax,40.5,5.0,1,True,0.0,
3koaWT,92,55,CarrotHyrax,40.5,5.0,1,True,0.0,
3koaWT,92,56,CarrotHyrax,40.5,5.0,1,True,0.0,
3koaWT,92,57,CarrotHyrax,40.5,5.0,0,True,0.0,
3koaWT,92,58,CarrotHyrax,40.5,5.0,0,True,0.0,
3koaWT,92,59,CarrotHyrax,40.5,5.0,1,True,0.0,
3koaWT,92,60,CarrotHyrax,67.1,5.0,1,True,0.0,
3koaWT,92,61,CarrotHyrax,67.1,5.0,0,True,0.0,
3koaWT,92,62,CarrotHyrax,67.1,5.0,1,True,0.0,
3koaWT,92,63,CarrotHyrax,67.1,5.0,0,True,0.0,
3koaWT,92,64,CarrotHyrax,67.1,5.0,1,True,0.0,
3koaWT,92,65,CarrotHyrax,67.1,5.0,0,True,0.0,
3koaWT,92,66,CarrotHyrax,67.1,5.0,0,True,0.0,
3koaWT,92,67,CarrotHyrax,67.1,5.0,1,True,0.0,
3koaWT,92,68,CarrotHyrax,67.1,5.0,0,True,0.0,
3koaWT,92,69,CarrotHyrax,67.1,5.0,0,True,0.0,
3koaWT,92,70,CarrotHyrax,63.7,5.0,0,True,0.0,
3koaWT,92,71,CarrotHyrax,63.7,5.0,0,True,0.0,
3koaWT,92,72,CarrotHyrax,63.7,5.0,2,True,0.0,
3koaWT,92,73,CarrotHyrax,63.7,5.0,0,True,0.0,
3koaWT,92,74,CarrotHyrax,63.7,5.0,0,True,0.0,
3koaWT,92,75,CarrotHyrax,63.7,5.0,1,True,0.0,
3koaWT,92,76,CarrotHyrax,63.7,5.0,1,True,0.0,
3koaWT,92,77,CarrotHyrax,63.7,5.0,0,True,0.0,
3koaWT,92,78,CarrotHyrax,63.7,5.0,1,True,0.0,
3koaWT,92,79,CarrotHyrax,63.7,5.0,3,True,0.0,
3koaWT,92,80,CarrotHyrax,64.3,5.0,1,True,0.0,
3koaWT,92,81,CarrotHyrax,64.3,5.0,0,True,0.0,
3koaWT,92,82,CarrotHyrax,64.3,5.0,1,True,0.0,
3koaWT,92,83,CarrotHyrax,64.3,5.0,0,True,0.0,
3koaWT,92,84,CarrotHyrax,64.3,5.0,0,True,0.0,
3koaWT,92,85,CarrotHyrax,64.3,5.0,1,True,0.0,
3koaWT,92,86,CarrotHyrax,64.3,5.0,0,True,0.0,
3koaWT,92,87,CarrotHyrax,64.3,5.0,0,True,0.0,
3koaWT,92,88,CarrotHyrax,64.3,5.0,3,True,0.0,
3koaWT,92,89,CarrotHyrax,64.3,5.0,0,True,0.0,
3koaWT,92,90,CarrotHyrax,65.0,5.0,0,True,0.0,
3koaWT,92,91,CarrotHyrax,65.0,5.0,0,True,0.0,
3koaWT,92,92,CarrotHyrax,65.0,5.0,1,True,0.0,
3koaWT,92,93,CarrotHyrax,65.0,5.0,1,True,0.0,
3koaWT,92,94,CarrotHyrax,65.0,5.0,0,True,0.0,
3koaWT,92,95,CarrotHyrax,65.0,5.0,1,True,0.0,
3koaWT,92,96,CarrotHyrax,65.0,5.0,0,True,0.0,
3koaWT,92,97,CarrotHyrax,65.0,5.0,1,True,0.0,
3koaWT,92,98,CarrotHyrax,65.0,5.0,1,True,0.0,
3koaWT,92,99,CarrotHyrax,65.0,5.0,0,True,0.0,
3koaWT,92,100,CarrotHyrax,30.9,5.0,1,True,0.0,
3koaWT,93,1,CarrotHyrax,30.9,33.0,0,True,0.0,
3koaWT,93,2,CarrotHyrax,30.9,26.4,0,True,0.0,
3koaWT,93,3,CarrotHyrax,30.9,21.1,2,True,0.0,
3koaWT,93,4,CarrotHyrax,30.9,22.3,0,True,0.0,
3koaWT,93,5,CarrotHyrax,30.9,22.1,0,True,0.0,
3koaWT,93,6,CarrotHyrax,30.9,21.0,0,True,0.0,
3koaWT,93,7,CarrotHyrax,30.9,19.6,0,True,0.0,
3koaWT,93,8,CarrotHyrax,30.9,17.9,1,True,0.0,
3koaWT,93,9,CarrotHyrax,43.8,16.9,0,True,0.0,
3koaWT,93,10,CarrotHyrax,43.8,15.8,0,True,0.0,
3koaWT,93,11,CarrotHyrax,43.8,14.6,1,True,0.0,
3koaWT,93,12,CarrotHyrax,43.8,13.8,0,True,0.0,
3koaWT,93,13,CarrotHyrax,43.8,12.9,1,True,0.0,
3koaWT,93,14,CarrotHyrax,43.8,12.2,0,True,0.0,
3koaWT,93,15,CarrotHyrax,43.8,11.4,0,True,0.0,
3koaWT,93,16,CarrotHyrax,43.8,10.5,0,True,0.0,
3koaWT,93,17,CarrotHyrax,43.8,9.6,0,True,0.0,
3koaWT,93,18,CarrotHyrax,43.8,8.7,1,True,0.0,
3koaWT,93,19,CarrotHyrax,41.9,8.1,1,True,0.0,
3koaWT,93,20,CarrotHyrax,41.9,7.6,0,True,0.0,
3koaWT,93,21,CarrotHyrax,41.9,7.1,0,True,0.0,
3koaWT,93,22,CarrotHyrax,41.9,6.6,0,True,0.0,
3koaWT,93,23,CarrotHyrax,41.9,6.0,0,True,0.01,
3koaWT,93,24,CarrotHyrax,41.9,5.5,0,True,0.0,
3koaWT,93,25,CarrotHyrax,41.9,5.0,0,True,0.0,
3koaWT,93,26,CarrotHyrax,41.9,5.0,2,True,0.0,
3koaWT,93,27,CarrotHyrax,41.9,5.0,0,True,0.0,
3koaWT,93,28,CarrotHyrax,41.9,5.0,0,True,0.0,
3koaWT,93,29,CarrotHyrax,78.3,5.0,1,True,0.0,
3koaWT,93,30,CarrotHyrax,78.3,5.0,1,True,0.0,
3koaWT,93,31,CarrotHyrax,78.3,5.0,0,True,0.0,
3koaWT,93,32,CarrotHyrax,78.3,5.0,0,True,0.0,
3koaWT,93,33,CarrotHyrax,78.3,5.0,0,True,0.0,
3koaWT,93,34,CarrotHyrax,78.3,5.0,1,True,0.0,
3koaWT,93,35,CarrotHyrax,78.3,5.0,0,True,0.0,
3koaWT,93,36,CarrotHyrax,78.3,5.0,1,True,0.0,
3koaWT,93,37,CarrotHyrax,78.3,5.0,0,True,0.0,
3koaWT,93,38,CarrotHyrax,78.3,5.0,0,True,0.001,
3koaWT,93,39,CarrotHyrax,40.8,5.0,0,True,0.01,
3koaWT,93,40,CarrotHyrax,40.8,5.0,1,True,0.001,
3koaWT,93,41,CarrotHyrax,40.8,5.0,0,True,0.011,
3koaWT,93,42,CarrotHyrax,40.8,5.0,1,True,0.0,
3koaWT,93,43,CarrotHyrax,40.8,5.0,0,True,0.0,
3koaWT,93,44,CarrotHyrax,40.8,5.0,0,True,0.0,
3koaWT,93,45,CarrotHyrax,40.8,5.0,0,True,0.01,
3koaWT,93,46,CarrotHyrax,40.8,5.0,1,True,0.0,
3koaWT,93,47,CarrotHyrax,40.8,5.0,0,True,0.0,
3koaWT,93,48,CarrotHyrax,40.8,5.0,0,True,0.0,
3koaWT,93,49,CarrotHyrax,31.8,5.0,0,True,0.0,
3koaWT,93,50,CarrotHyrax,31.8,5.0,1,True,0.001,
3koaWT,93,51,CarrotHyrax,31.8,5.0,0,True,0.015,
3koaWT,93,52,CarrotHyrax,31.8,5.0,1,True,0.0,
3koaWT,93,53,CarrotHyrax,31.8,5.0,0,True,0.001,
3koaWT,93,54,CarrotHyrax,31.8,5.0,0,True,0.008,
3koaWT,93,55,CarrotHyrax,31.8,5.0,0,True,0.0,
3koaWT,93,56,CarrotHyrax,31.8,5.0,0,True,0.0,
3koaWT,93,57,CarrotHyrax,31.8,5.0,2,True,0.001,
3koaWT,93,58,CarrotHyrax,31.8,5.0,0,True,0.0,
3koaWT,93,59,CarrotHyrax,39.2,5.0,1,True,0.0,
3koaWT,93,60,CarrotHyrax,39.2,5.0,0,True,0.001,
3koaWT,93,61,CarrotHyrax,39.2,5.0,1,True,0.0,
3koaWT,93,62,CarrotHyrax,39.2,5.0,1,True,0.001,
3koaWT,93,63,CarrotHyrax,39.2,5.0,1,True,0.0,
3koaWT,93,64,CarrotHyrax,39.2,5.0,2,True,0.0,
3koaWT,93,65,CarrotHyrax,39.2,5.0,0,True,0.0,
3koaWT,93,66,CarrotHyrax,39.2,5.0,1,True,0.0,
3koaWT,93,67,CarrotHyrax,39.2,5.0,0,True,0.0,
3koaWT,93,68,CarrotHyrax,39.2,5.0,1,True,0.0,
3koaWT,93,69,CarrotHyrax,77.2,5.0,0,True,0.0,
3koaWT,93,70,CarrotHyrax,77.2,5.0,0,True,0.0,
3koaWT,93,71,CarrotHyrax,77.2,5.0,1,True,0.0,
3koaWT,93,72,CarrotHyrax,77.2,5.0,1,True,0.0,
3koaWT,93,73,CarrotHyrax,77.2,5.0,0,True,0.0,
3koaWT,93,74,CarrotHyrax,77.2,5.0,0,True,0.0,
3koaWT,93,75,CarrotHyrax,77.2,5.0,1,True,0.0,
3koaWT,93,76,CarrotHyrax,77.2,5.0,1,True,0.0,
3koaWT,93,77,CarrotHyrax,77.2,5.0,1,True,0.0,
3koaWT,93,78,CarrotHyrax,77.2,5.0,0,True,0.0,
3koaWT,93,79,CarrotHyrax,46.3,5.0,1,True,0.0,
3koaWT,93,80,CarrotHyrax,46.3,5.0,0,True,0.0,
3koaWT,93,81,CarrotHyrax,46.3,5.0,1,True,0.0,
3koaWT,93,82,CarrotHyrax,46.3,5.0,0,True,0.0,
3koaWT,93,83,CarrotHyrax,46.3,5.0,1,True,0.0,
3koaWT,93,84,CarrotHyrax,46.3,5.0,0,True,0.0,
3koaWT,93,85,CarrotHyrax,46.3,5.0,1,True,0.0,
3koaWT,93,86,CarrotHyrax,46.3,5.0,1,True,0.0,
3koaWT,93,87,CarrotHyrax,46.3,5.0,1,True,0.001,
3koaWT,93,88,CarrotHyrax,46.3,5.0,1,True,0.0,
3koaWT,93,89,CarrotHyrax,75.5,5.0,2,True,0.0,
3koaWT,93,90,CarrotHyrax,75.5,5.0,0,True,0.0,
3koaWT,93,91,CarrotHyrax,75.5,5.0,0,True,0.0,
3koaWT,93,92,CarrotHyrax,75.5,5.0,1,True,0.0,
3koaWT,93,93,CarrotHyrax,75.5,5.0,0,True,0.0,
3koaWT,93,94,CarrotHyrax,75.5,5.0,0,True,0.0,
3koaWT,93,95,CarrotHyrax,75.5,5.0,1,True,0.0,
3koaWT,93,96,CarrotHyrax,75.5,5.0,0,True,0.0,
3koaWT,93,97,CarrotHyrax,75.5,5.0,1,True,0.0,
3koaWT,93,98,CarrotHyrax,75.5,5.0,1,True,0.0,
3koaWT,93,99,CarrotHyrax,73.7,5.0,1,True,0.0,
3koaWT,93,100,CarrotHyrax,73.7,5.0,2,True,0.0,
3koaWT,94,1,CarrotHyrax,73.7,34.0,0,True,0.0,
3koaWT,94,2,CarrotHyrax,73.7,27.2,0,True,0.0,
3koaWT,94,3,CarrotHyrax,73.7,21.8,0,True,0.0,
3koaWT,94,4,CarrotHyrax,73.7,17.4,0,True,0.0,
3koaWT,94,5,CarrotHyrax,73.7,13.9,0,True,0.0,
3koaWT,94,6,CarrotHyrax,73.7,11.1,0,True,0.0,
3koaWT,94,7,CarrotHyrax,73.7,8.9,0,True,0.0,
3koaWT,94,8,CarrotHyrax,50.5,7.1,0,True,0.0,
3koaWT,94,9,CarrotHyrax,50.5,5.7,0,True,0.0,
3koaWT,94,10,CarrotHyrax,50.5,5.0,1,True,0.0,
3koaWT,94,11,CarrotHyrax,50.5,5.0,1,True,0.0,
3koaWT,94,12,CarrotHyrax,50.5,5.0,0,True,0.0,
3koaWT,94,13,CarrotHyrax,50.5,5.0,1,True,0.0,
3koaWT,94,14,CarrotHyrax,50.5,5.0,1,True,0.0,
3koaWT,94,15,CarrotHyrax,50.5,5.0,0,True,0.0,
3koaWT,94,16,CarrotHyrax,50.5,5.0,0,True,0.0,
3koaWT,94,17,CarrotHyrax,50.5,5.0,0,True,0.0,
3koaWT,94,18,CarrotHyrax,37.4,5.0,0,True,0.0,
3koaWT,94,19,CarrotHyrax,37.4,5.0,1,True,0.0,
3koaWT,94,20,CarrotHyrax,37.4,5.0,1,True,0.0,
3koaWT,94,21,CarrotHyrax,37.4,5.0,0,True,0.0,
3koaWT,94,22,CarrotHyrax,37.4,5.0,0,True,0.0,
3koaWT,94,23,CarrotHyrax,37.4,5.0,1,True,0.0,
3koaWT,94,24,CarrotHyrax,37.4,5.0,1,True,0.0,
3koaWT,94,25,CarrotHyrax,37.4,5.0,1,True,0.0,
3koaWT,94,26,CarrotHyrax,37.4,5.0,0,True,0.001,
3koaWT,94,27,CarrotHyrax,37.4,5.0,0,True,0.0,
3koaWT,94,28,CarrotHyrax,52.0,5.0,2,True,0.0,
3koaWT,94,29,CarrotHyrax,52.0,5.0,0,True,0.0,
3koaWT,94,30,CarrotHyrax,52.0,5.0,1,True,0.0,
3koaWT,94,31,CarrotHyrax,52.0,5.0,0,True,0.0,
3koaWT,94,32,CarrotHyrax,52.0,5.0,0,True,0.0,
3koaWT,94,33,CarrotHyrax,52.0,5.0,0,True,0.0,
3koaWT,94,34,CarrotHyrax,52.0,5.0,1,True,0.0,
3koaWT,94,35,CarrotHyrax,52.0,5.0,0,True,0.0,
3koaWT,94,36,CarrotHyrax,52.0,5.0,0,True,0.0,
3koaWT,94,37,CarrotHyrax,52.0,5.0,0,True,0.0,
3koaWT,94,38,CarrotHyrax,49.9,5.0,1,True,0.002,
3koaWT,94,39,CarrotHyrax,49.9,5.0,0,True,0.0,
3koaWT,94,40,CarrotHyrax,49.9,5.0,2,True,0.0,
3koaWT,94,41,CarrotHyrax,49.9,5.0,0,True,0.0,
3koaWT,94,42,CarrotHyrax,49.9,5.0,0,True,0.0,
3koaWT,94,43,CarrotHyrax,49.9,5.0,1,True,0.0,
3koaWT,94,44,CarrotHyrax,49.9,5.0,0,True,0.0,
3koaWT,94,45,CarrotHyrax,49.9,5.0,0,True,0.0,
3koaWT,94,46,CarrotHyrax,49.9,5.0,1,True,0.0,
3koaWT,94,47,CarrotHyrax,49.9,5.0,0,True,0.0,
3koaWT,94,48,CarrotHyrax,70.2,5.0,0,True,0.0,
3koaWT,94,49,CarrotHyrax,70.2,5.0,0,True,0.0,
3koaWT,94,50,CarrotHyrax,70.2,5.0,0,True,0.0,
3koaWT,94,51,CarrotHyrax,70.2,5.0,0,True,0.0,
3koaWT,94,52,CarrotHyrax,70.2,5.0,0,True,0.0,
3koaWT,94,53,CarrotHyrax,70.2,5.0,0,True,0.001,
3koaWT,94,54,CarrotHyrax,70.2,5.0,0,True,0.0,
3koaWT,94,55,CarrotHyrax,70.2,5.0,1,True,0.0,
3koaWT,94,56,CarrotHyrax,70.2,5.0,0,True,0.0,
3koaWT,94,57,CarrotHyrax,70.2,5.0,0,True,0.001,
3koaWT,94,58,CarrotHyrax,50.9,5.0,1,True,0.0,
3koaWT,94,59,CarrotHyrax,50.9,5.0,0,True,0.0,
3koaWT,94,60,CarrotHyrax,50.9,5.0,1,True,0.0,
3koaWT,94,61,CarrotHyrax,50.9,5.0,0,True,0.0,
3koaWT,94,62,CarrotHyrax,50.9,5.0,1,True,0.0,
3koaWT,94,63,CarrotHyrax,50.9,5.0,0,True,0.0,
3koaWT,94,64,CarrotHyrax,50.9,5.0,0,True,0.0,
3koaWT,94,65,CarrotHyrax,50.9,5.0,1,True,0.0,
3koaWT,94,66,CarrotHyrax,50.9,5.0,2,True,0.0,
3koaWT,94,67,CarrotHyrax,50.9,5.0,0,True,0.0,
3koaWT,94,68,CarrotHyrax,59.9,5.0,0,True,0.0,
3koaWT,94,69,CarrotHyrax,59.9,5.0,0,True,0.0,
3koaWT,94,70,CarrotHyrax,59.9,5.0,0,True,0.0,
3koaWT,94,71,CarrotHyrax,59.9,5.0,0,True,0.0,
3koaWT,94,72,CarrotHyrax,59.9,5.0,0,True,0.0,
3koaWT,94,73,CarrotHyrax,59.9,5.0,0,True,0.0,
3koaWT,94,74,CarrotHyrax,59.9,5.0,0,True,0.0,
3koaWT,94,75,CarrotHyrax,59.9,5.0,0,True,0.0,
3koaWT,94,76,CarrotHyrax,59.9,5.0,1,True,0.0,
3koaWT,94,77,CarrotHyrax,59.9,5.0,3,True,0.0,
3koaWT,94,78,CarrotHyrax,71.8,5.0,1,True,0.0,
3koaWT,94,79,CarrotHyrax,71.8,5.0,0,True,0.0,
3koaWT,94,80,CarrotHyrax,71.8,5.0,0,True,0.0,
3koaWT,94,81,CarrotHyrax,71.8,5.0,1,True,0.0,
3koaWT,94,82,CarrotHyrax,71.8,5.0,1,True,0.0,
3koaWT,94,83,CarrotHyrax,71.8,5.0,1,True,0.0,
3koaWT,94,84,CarrotHyrax,71.8,5.0,0,True,0.0,
3koaWT,94,85,CarrotHyrax,71.8,5.0,1,True,0.0,
3koaWT,94,86,CarrotHyrax,71.8,5.0,0,True,0.0,
3koaWT,94,87,CarrotHyrax,71.8,5.0,0,True,0.0,
3koaWT,94,88,CarrotHyrax,33.8,5.0,0,True,0.0,
3koaWT,94,89,CarrotHyrax,33.8,5.0,1,True,0.0,
3koaWT,94,90,CarrotHyrax,33.8,5.0,1,True,0.0,
3koaWT,94,91,CarrotHyrax,33.8,5.0,0,True,0.0,
3koaWT,94,92,CarrotHyrax,33.8,5.0,0,True,0.0,
3koaWT,94,93,CarrotHyrax,33.8,5.0,0,True,0.0,
3koaWT,94,94,CarrotHyrax,33.8,5.0,0,True,0.0,
3koaWT,94,95,CarrotHyrax,33.8,5.0,1,True,0.0,
3koaWT,94,96,CarrotHyrax,33.8,5.0,0,True,0.0,
3koaWT,94,97,CarrotHyrax,33.8,5.0,2,True,0.0,
3koaWT,94,98,CarrotHyrax,42.7,5.0,0,True,0.0,
3koaWT,94,99,CarrotHyrax,42.7,5.0,1,True,0.0,
3koaWT,94,100,CarrotHyrax,42.7,5.0,0,True,0.0,
3koaWT,95,1,CarrotHyrax,42.7,73.0,0,True,0.0,
3koaWT,95,2,CarrotHyrax,42.7,58.4,0,True,0.0,
3koaWT,95,3,CarrotHyrax,42.7,46.7,0,True,0.0,
3koaWT,95,4,CarrotHyrax,42.7,37.4,0,True,0.0,
3koaWT,95,5,CarrotHyrax,42.7,29.9,0,True,0.0,
3koaWT,95,6,CarrotHyrax,42.7,23.9,0,True,0.0,
3koaWT,95,7,CarrotHyrax,71.1,19.1,0,True,0.0,
3koaWT,95,8,CarrotHyrax,71.1,15.3,1,True,0.0,
3koaWT,95,9,CarrotHyrax,71.1,13.0,1,True,0.0,
3koaWT,95,10,CarrotHyrax,71.1,11.5,1,True,0.0,
3koaWT,95,11,CarrotHyrax,71.1,10.6,2,True,0.0,
3koaWT,95,12,CarrotHyrax,71.1,10.5,0,True,0.0,
3koaWT,95,13,CarrotHyrax,71.1,10.1,0,True,0.0,
3koaWT,95,14,CarrotHyrax,71.1,9.6,0,True,0.0,
3koaWT,95,15,CarrotHyrax,71.1,9.0,1,True,0.0,
3koaWT,95,16,CarrotHyrax,71.1,8.5,0,True,0.0,
3koaWT,95,17,CarrotHyrax,36.4,8.0,0,True,0.0,
3koaWT,95,18,CarrotHyrax,36.4,7.4,0,True,0.0,
3koaWT,95,19,CarrotHyrax,36.4,6.8,2,True,0.0,
3koaWT,95,20,CarrotHyrax,36.4,6.6,0,True,0.0,
3koaWT,95,21,CarrotHyrax,36.4,6.2,1,True,0.0,
3koaWT,95,22,CarrotHyrax,36.4,6.0,1,True,0.0,
3koaWT,95,23,CarrotHyrax,36.4,5.9,0,True,0.0,
3koaWT,95,24,CarrotHyrax,36.4,5.6,1,True,0.0,
3koaWT,95,25,CarrotHyrax,36.4,5.5,0,True,0.0,
3koaWT,95,26,CarrotHyrax,36.4,5.3,1,True,0.0,
3koaWT,95,27,CarrotHyrax,35.2,5.1,1,True,0.0,
3koaWT,95,28,CarrotHyrax,35.2,5.0,0,True,0.0,
3koaWT,95,29,CarrotHyrax,35.2,5.0,0,True,0.001,
3koaWT,95,30,CarrotHyrax,35.2,5.0,0,True,0.0,
3koaWT,95,31,CarrotHyrax,35.2,5.0,2,True,0.0,
3koaWT,95,32,CarrotHyrax,35.2,5.0,0,True,0.0,
3koaWT,95,33,CarrotHyrax,35.2,5.0,0,True,0.0,
3koaWT,95,34,CarrotHyrax,35.2,5.0,3,True,0.0,
3koaWT,95,35,CarrotHyrax,35.2,5.0,1,True,0.0,
3koaWT,95,36,CarrotHyrax,35.2,5.0,2,True,0.0,
3koaWT,95,37,CarrotHyrax,53.3,5.1,0,True,0.0,
3koaWT,95,38,CarrotHyrax,53.3,5.2,0,True,0.0,
3koaWT,95,39,CarrotHyrax,53.3,5.2,1,True,0.0,
3koaWT,95,40,CarrotHyrax,53.3,5.3,0,True,0.0,
3koaWT,95,41,CarrotHyrax,53.3,5.3,1,True,0.0,
3koaWT,95,42,CarrotHyrax,53.3,5.4,2,True,0.0,
3koaWT,95,43,CarrotHyrax,53.3,5.5,0,True,0.0,
3koaWT,95,44,CarrotHyrax,53.3,5.6,0,True,0.0,
3koaWT,95,45,CarrotHyrax,53.3,5.7,1,True,0.0,
3koaWT,95,46,CarrotHyrax,53.3,5.8,1,True,0.0,
3koaWT,95,47,CarrotHyrax,42.9,6.0,0,True,0.0,
3koaWT,95,48,CarrotHyrax,42.9,6.1,0,True,0.0,
3koaWT,95,49,CarrotHyrax,42.9,6.2,0,True,0.0,
3koaWT,95,50,CarrotHyrax,42.9,6.3,1,True,0.0,
3koaWT,95,51,CarrotHyrax,42.9,6.4,0,True,0.0,
3koaWT,95,52,CarrotHyrax,42.9,6.4,0,True,0.0,
3koaWT,95,53,CarrotHyrax,42.9,6.4,0,True,0.0,
3koaWT,95,54,CarrotHyrax,42.9,6.4,2,True,0.0,
3koaWT,95,55,CarrotHyrax,42.9,6.4,0,True,0.0,
3koaWT,95,56,CarrotHyrax,42.9,6.4,1,True,0.0,
3koaWT,95,57,CarrotHyrax,49.7,6.4,0,True,0.0,
3koaWT,95,58,CarrotHyrax,49.7,6.4,2,True,0.0,
3koaWT,95,59,CarrotHyrax,49.7,6.5,0,True,0.0,
3koaWT,95,60,CarrotHyrax,49.7,6.5,1,True,0.0,
3koaWT,95,61,CarrotHyrax,49.7,6.5,2,True,0.0,
3koaWT,95,62,CarrotHyrax,49.7,6.6,1,True,0.0,
3koaWT,95,63,CarrotHyrax,49.7,6.6,0,True,0.0,
3koaWT,95,64,CarrotHyrax,49.7,6.7,1,True,0.0,
3koaWT,95,65,CarrotHyrax,49.7,6.7,1,True,0.0,
3koaWT,95,66,CarrotHyrax,49.7,6.7,1,True,0.0,
3koaWT,95,67,CarrotHyrax,41.0,6.7,0,True,0.0,
3koaWT,95,68,CarrotHyrax,41.0,6.7,2,True,0.0,
3koaWT,95,69,CarrotHyrax,41.0,6.7,0,True,0.0,
3koaWT,95,70,CarrotHyrax,41.0,6.7,0,True,0.0,
3koaWT,95,71,CarrotHyrax,41.0,6.6,1,True,0.0,
3koaWT,95,72,CarrotHyrax,41.0,6.5,0,True,0.0,
3koaWT,95,73,CarrotHyrax,41.0,6.4,2,True,0.0,
3koaWT,95,74,CarrotHyrax,41.0,6.3,0,True,0.0,
3koaWT,95,75,CarrotHyrax,41.0,6.2,0,True,0.0,
3koaWT,95,76,CarrotHyrax,41.0,6.1,1,True,0.0,
3koaWT,95,77,CarrotHyrax,39.0,5.9,0,True,0.0,
3koaWT,95,78,CarrotHyrax,39.0,5.8,1,True,0.0,
3koaWT,95,79,CarrotHyrax,39.0,5.6,0,True,0.0,
3koaWT,95,80,CarrotHyrax,39.0,5.4,0,True,0.001,
3koaWT,95,81,CarrotHyrax,39.0,5.2,0,True,0.0,
3koaWT,95,82,CarrotHyrax,39.0,5.0,0,True,0.0,
3koaWT,95,83,CarrotHyrax,39.0,5.0,0,True,0.0,
3koaWT,95,84,CarrotHyrax,39.0,5.0,1,True,0.0,
3koaWT,95,85,CarrotHyrax,39.0,5.0,0,True,0.0,
3koaWT,95,86,CarrotHyrax,39.0,5.0,1,True,0.0,
3koaWT,95,87,CarrotHyrax,74.3,5.0,0,True,0.0,
3koaWT,95,88,CarrotHyrax,74.3,5.0,0,True,0.0,
3koaWT,95,89,CarrotHyrax,74.3,5.0,0,True,0.0,
3koaWT,95,90,CarrotHyrax,74.3,5.0,1,True,0.0,
3koaWT,95,91,CarrotHyrax,74.3,5.0,2,True,0.0,
3koaWT,95,92,CarrotHyrax,74.3,5.0,0,True,0.0,
3koaWT,95,93,CarrotHyrax,74.3,5.0,0,True,0.0,
3koaWT,95,94,CarrotHyrax,74.3,5.0,1,True,0.0,
3koaWT,95,95,CarrotHyrax,74.3,5.0,0,True,0.0,
3koaWT,95,96,CarrotHyrax,74.3,5.0,2,True,0.0,
3koaWT,95,97,CarrotHyrax,50.3,5.0,0,True,0.0,
3koaWT,95,98,CarrotHyrax,50.3,5.0,0,True,0.0,
3koaWT,95,99,CarrotHyrax,50.3,5.0,1,True,0.0,
3koaWT,95,100,CarrotHyrax,50.3,5.0,0,True,0.0,
3koaWT,96,1,CarrotHyrax,50.3,38.0,0,True,0.0,
3koaWT,96,2,CarrotHyrax,50.3,30.4,0,True,0.0,
3koaWT,96,3,CarrotHyrax,50.3,24.3,1,True,0.0,
3koaWT,96,4,CarrotHyrax,50.3,22.5,1,True,0.0,
3koaWT,96,5,CarrotHyrax,50.3,22.4,0,True,0.0,
3koaWT,96,6,CarrotHyrax,41.3,21.2,0,True,0.0,
3koaWT,96,7,CarrotHyrax,41.3,19.8,1,True,0.0,
3koaWT,96,8,CarrotHyrax,41.3,19.2,0,True,0.0,
3koaWT,96,9,CarrotHyrax,41.3,18.2,0,True,0.0,
3koaWT,96,10,CarrotHyrax,41.3,17.0,0,True,0.0,
3koaWT,96,11,CarrotHyrax,41.3,15.7,0,True,0.0,
3koaWT,96,12,CarrotHyrax,41.3,14.3,0,True,0.0,
3koaWT,96,13,CarrotHyrax,41.3,12.8,0,True,0.0,
3koaWT,96,14,CarrotHyrax,41.3,11.4,0,True,0.0,
3koaWT,96,15,CarrotHyrax,41.3,10.0,0,True,0.0,
3koaWT,96,16,CarrotHyrax,46.3,8.8,0,True,0.0,
3koaWT,96,17,CarrotHyrax,46.3,7.6,0,True,0.0,
3koaWT,96,18,CarrotHyrax,46.3,6.6,0,True,0.0,
3koaWT,96,19,CarrotHyrax,46.3,5.7,1,True,0.0,
3koaWT,96,20,CarrotHyrax,46.3,5.0,2,True,0.0,
3koaWT,96,21,CarrotHyrax,46.3,5.0,0,True,0.0,
3koaWT,96,22,CarrotHyrax,46.3,5.0,1,True,0.0,
3koaWT,96,23,CarrotHyrax,46.3,5.0,0,True,0.0,
3koaWT,96,24,CarrotHyrax,46.3,5.0,0,True,0.0,
3koaWT,96,25,CarrotHyrax,46.3,5.0,0,True,0.0,
3koaWT,96,26,CarrotHyrax,36.2,5.0,0,True,0.0,
3koaWT,96,27,CarrotHyrax,36.2,5.0,1,True,0.0,
3koaWT,96,28,CarrotHyrax,36.2,5.0,0,True,0.0,
3koaWT,96,29,CarrotHyrax,36.2,5.0,0,True,0.0,
3koaWT,96,30,CarrotHyrax,36.2,5.0,0,True,0.0,
3koaWT,96,31,CarrotHyrax,36.2,5.0,0,True,0.0,
3koaWT,96,32,CarrotHyrax,36.2,5.0,0,True,0.0,
3koaWT,96,33,CarrotHyrax,36.2,5.0,0,True,0.0,
3koaWT,96,34,CarrotHyrax,36.2,5.0,0,True,0.0,
3koaWT,96,35,CarrotHyrax,36.2,5.0,2,True,0.0,
3koaWT,96,36,CarrotHyrax,56.3,5.0,0,True,0.0,
3koaWT,96,37,CarrotHyrax,56.3,5.0,4,True,0.0,
3koaWT,96,38,CarrotHyrax,56.3,5.0,0,True,0.001,
3koaWT,96,39,CarrotHyrax,56.3,5.0,0,True,0.0,
3koaWT,96,40,CarrotHyrax,56.3,5.0,0,True,0.0,
3koaWT,96,41,CarrotHyrax,56.3,5.0,0,True,0.0,
3koaWT,96,42,CarrotHyrax,56.3,5.0,1,True,0.0,
3koaWT,96,43,CarrotHyrax,56.3,5.0,0,True,0.0,
3koaWT,96,44,CarrotHyrax,56.3,5.0,0,True,0.0,
3koaWT,96,45,CarrotHyrax,56.3,5.0,0,True,0.0,
3koaWT,96,46,CarrotHyrax,59.7,5.0,0,True,0.0,
3koaWT,96,47,CarrotHyrax,59.7,5.0,0,True,0.0,
3koaWT,96,48,CarrotHyrax,59.7,5.0,0,True,0.0,
3koaWT,96,49,CarrotHyrax,59.7,5.0,1,True,0.0,
3koaWT,96,50,CarrotHyrax,59.7,5.0,2,True,0.0,
3koaWT,96,51,CarrotHyrax,59.7,5.0,1,True,0.0,
3koaWT,96,52,CarrotHyrax,59.7,5.0,0,True,0.0,
3koaWT,96,53,CarrotHyrax,59.7,5.0,0,True,0.0,
3koaWT,96,54,CarrotHyrax,59.7,5.0,0,True,0.0,
3koaWT,96,55,CarrotHyrax,59.7,5.0,1,True,0.0,
3koaWT,96,56,CarrotHyrax,35.1,5.0,0,True,0.0,
3koaWT,96,57,CarrotHyrax,35.1,5.0,0,True,0.0,
3koaWT,96,58,CarrotHyrax,35.1,5.0,0,True,0.0,
3koaWT,96,59,CarrotHyrax,35.1,5.0,1,True,0.0,
3koaWT,96,60,CarrotHyrax,35.1,5.0,0,True,0.0,
3koaWT,96,61,CarrotHyrax,35.1,5.0,1,True,0.0,
3koaWT,96,62,CarrotHyrax,35.1,5.0,0,True,0.0,
3koaWT,96,63,CarrotHyrax,35.1,5.0,0,True,0.0,
3koaWT,96,64,CarrotHyrax,35.1,5.0,1,True,0.0,
3koaWT,96,65,CarrotHyrax,35.1,5.0,2,True,0.0,
3koaWT,96,66,CarrotHyrax,32.5,5.0,0,True,0.0,
3koaWT,96,67,CarrotHyrax,32.5,5.0,0,True,0.0,
3koaWT,96,68,CarrotHyrax,32.5,5.0,0,True,0.0,
3koaWT,96,69,CarrotHyrax,32.5,5.0,0,True,0.0,
3koaWT,96,70,CarrotHyrax,32.5,5.0,1,True,0.0,
3koaWT,96,71,CarrotHyrax,32.5,5.0,0,True,0.0,
3koaWT,96,72,CarrotHyrax,32.5,5.0,0,True,0.0,
3koaWT,96,73,CarrotHyrax,32.5,5.0,0,True,0.0,
3koaWT,96,74,CarrotHyrax,32.5,5.0,0,True,0.0,
3koaWT,96,75,CarrotHyrax,32.5,5.0,1,True,0.0,
3koaWT,96,76,CarrotHyrax,79.2,5.0,0,True,0.0,
3koaWT,96,77,CarrotHyrax,79.2,5.0,1,True,0.0,
3koaWT,96,78,CarrotHyrax,79.2,5.0,1,True,0.0,
3koaWT,96,79,CarrotHyrax,79.2,5.0,1,True,0.0,
3koaWT,96,80,CarrotHyrax,79.2,5.0,1,True,0.0,
3koaWT,96,81,CarrotHyrax,79.2,5.0,1,True,0.0,
3koaWT,96,82,CarrotHyrax,79.2,5.0,0,True,0.0,
3koaWT,96,83,CarrotHyrax,79.2,5.0,0,True,0.0,
3koaWT,96,84,CarrotHyrax,79.2,5.0,0,True,0.001,
3koaWT,96,85,CarrotHyrax,79.2,5.0,1,True,0.0,
3koaWT,96,86,CarrotHyrax,65.0,5.0,0,True,0.0,
3koaWT,96,87,CarrotHyrax,65.0,5.0,1,True,0.0,
3koaWT,96,88,CarrotHyrax,65.0,5.0,1,True,0.0,
3koaWT,96,89,CarrotHyrax,65.0,5.0,0,True,0.0,
3koaWT,96,90,CarrotHyrax,65.0,5.0,0,True,0.0,
3koaWT,96,91,CarrotHyrax,65.0,5.0,2,True,0.0,
3koaWT,96,92,CarrotHyrax,65.0,5.0,1,True,0.0,
3koaWT,96,93,CarrotHyrax,65.0,5.0,0,True,0.0,
3koaWT,96,94,CarrotHyrax,65.0,5.0,0,True,0.0,
3koaWT,96,95,CarrotHyrax,65.0,5.0,1,True,0.0,
3koaWT,96,96,CarrotHyrax,57.6,5.0,1,True,0.0,
3koaWT,96,97,CarrotHyrax,57.6,5.0,0,True,0.0,
3koaWT,96,98,CarrotHyrax,57.6,5.0,1,True,0.0,
3koaWT,96,99,CarrotHyrax,57.6,5.0,0,True,0.0,
3koaWT,96,100,CarrotHyrax,57.6,5.0,2,True,0.0,
3koaWT,97,1,CarrotHyrax,57.6,66.0,0,True,0.0,
3koaWT,97,2,CarrotHyrax,57.6,52.8,0,True,0.0,
3koaWT,97,3,CarrotHyrax,57.6,42.2,2,True,0.0,
3koaWT,97,4,CarrotHyrax,57.6,44.5,0,True,0.0,
3koaWT,97,5,CarrotHyrax,48.9,44.2,0,True,0.0,
3koaWT,97,6,CarrotHyrax,48.9,41.9,0,True,0.0,
3koaWT,97,7,CarrotHyrax,48.9,39.1,1,True,0.0,
3koaWT,97,8,CarrotHyrax,48.9,38.0,0,True,0.0,
3koaWT,97,9,CarrotHyrax,48.9,36.0,0,True,0.0,
3koaWT,97,10,CarrotHyrax,48.9,33.6,0,True,0.0,
3koaWT,97,11,CarrotHyrax,48.9,30.9,0,True,0.0,
3koaWT,97,12,CarrotHyrax,48.9,28.2,1,True,0.0,
3koaWT,97,13,CarrotHyrax,48.9,26.3,0,True,0.0,
3koaWT,97,14,CarrotHyrax,48.9,24.1,1,True,0.001,
3koaWT,97,15,CarrotHyrax,57.1,22.5,0,True,0.0,
3koaWT,97,16,CarrotHyrax,57.1,20.8,1,True,0.0,
3koaWT,97,17,CarrotHyrax,57.1,19.5,2,True,0.0,
3koaWT,97,18,CarrotHyrax,57.1,19.0,0,True,0.0,
3koaWT,97,19,CarrotHyrax,57.1,18.3,0,True,0.0,
3koaWT,97,20,CarrotHyrax,57.1,17.6,0,True,0.0,
3koaWT,97,21,CarrotHyrax,57.1,16.7,1,True,0.0,
3koaWT,97,22,CarrotHyrax,57.1,16.1,1,True,0.0,
3koaWT,97,23,CarrotHyrax,57.1,15.7,0,True,0.0,
3koaWT,97,24,CarrotHyrax,57.1,15.1,0,True,0.0,
3koaWT,97,25,CarrotHyrax,79.2,14.4,1,True,0.0,
3koaWT,97,26,CarrotHyrax,79.2,13.9,0,True,0.0,
3koaWT,97,27,CarrotHyrax,79.2,13.3,1,True,0.0,
3koaWT,97,28,CarrotHyrax,79.2,12.9,0,True,0.0,
3koaWT,97,29,CarrotHyrax,79.2,12.4,0,True,0.0,
3koaWT,97,30,CarrotHyrax,79.2,11.8,0,True,0.0,
3koaWT,97,31,CarrotHyrax,79.2,11.1,0,True,0.0,
3koaWT,97,32,CarrotHyrax,79.2,10.5,1,True,0.0,
3koaWT,97,33,CarrotHyrax,79.2,10.0,0,True,0.0,
3koaWT,97,34,CarrotHyrax,79.2,9.5,0,True,0.0,
3koaWT,97,35,CarrotHyrax,59.4,8.9,1,True,0.001,
3koaWT,97,36,CarrotHyrax,59.4,8.5,0,True,0.0,
3koaWT,97,37,CarrotHyrax,59.4,8.0,1,True,0.0,
3koaWT,97,38,CarrotHyrax,59.4,7.6,1,True,0.0,
3koaWT,97,39,CarrotHyrax,59.4,7.3,1,True,0.0,
3koaWT,97,40,CarrotHyrax,59.4,7.1,0,True,0.0,
3koaWT,97,41,CarrotHyrax,59.4,6.8,0,True,0.0,
3koaWT,97,42,CarrotHyrax,59.4,6.5,0,True,0.0,
3koaWT,97,43,CarrotHyrax,59.4,6.2,0,True,0.0,
3koaWT,97,44,CarrotHyrax,59.4,5.9,1,True,0.0,
3koaWT,97,45,CarrotHyrax,67.0,5.6,0,True,0.0,
3koaWT,97,46,CarrotHyrax,67.0,5.4,0,True,0.0,
3koaWT,97,47,CarrotHyrax,67.0,5.1,1,True,0.0,
3koaWT,97,48,CarrotHyrax,67.0,5.0,2,True,0.0,
3koaWT,97,49,CarrotHyrax,67.0,5.0,0,True,0.001,
3koaWT,97,50,CarrotHyrax,67.0,5.0,1,True,0.0,
3koaWT,97,51,CarrotHyrax,67.0,5.0,1,True,0.0,
3koaWT,97,52,CarrotHyrax,67.0,5.0,1,True,0.0,
3koaWT,97,53,CarrotHyrax,67.0,5.0,0,True,0.0,
3koaWT,97,54,CarrotHyrax,67.0,5.0,0,True,0.0,
3koaWT,97,55,CarrotHyrax,51.3,5.0,0,True,0.0,
3koaWT,97,56,CarrotHyrax,51.3,5.0,0,True,0.0,
3koaWT,97,57,CarrotHyrax,51.3,5.0,0,True,0.0,
3koaWT,97,58,CarrotHyrax,51.3,5.0,0,True,0.0,
3koaWT,97,59,CarrotHyrax,51.3,5.0,0,True,0.0,
3koaWT,97,60,CarrotHyrax,51.3,5.0,1,True,0.0,
3koaWT,97,61,CarrotHyrax,51.3,5.0,0,True,0.001,
3koaWT,97,62,CarrotHyrax,51.3,5.0,0,True,0.0,
3koaWT,97,63,CarrotHyrax,51.3,5.0,0,True,0.0,
3koaWT,97,64,CarrotHyrax,51.3,5.0,2,True,0.0,
3koaWT,97,65,CarrotHyrax,75.3,5.0,2,True,0.0,
3koaWT,97,66,CarrotHyrax,75.3,5.0,0,True,0.0,
3koaWT,97,67,CarrotHyrax,75.3,5.0,1,True,0.0,
3koaWT,97,68,CarrotHyrax,75.3,5.0,1,True,0.0,
3koaWT,97,69,CarrotHyrax,75.3,5.0,2,True,0.001,
3koaWT,97,70,CarrotHyrax,75.3,5.0,1,True,0.0,
3koaWT,97,71,CarrotHyrax,75.3,5.0,1,True,0.0,
3koaWT,97,72,CarrotHyrax,75.3,5.0,0,True,0.0,
3koaWT,97,73,CarrotHyrax,75.3,5.0,2,True,0.0,
3koaWT,97,74,CarrotHyrax,75.3,5.0,0,True,0.0,
3koaWT,97,75,CarrotHyrax,59.3,5.0,1,True,0.0,
3koaWT,97,76,CarrotHyrax,59.3,5.0,1,True,0.0,
3koaWT,97,77,CarrotHyrax,59.3,5.0,0,True,0.0,
3koaWT,97,78,CarrotHyrax,59.3,5.0,0,True,0.0,
3koaWT,97,79,CarrotHyrax,59.3,5.0,0,True,0.0,
3koaWT,97,80,CarrotHyrax,59.3,5.0,1,True,0.0,
3koaWT,97,81,CarrotHyrax,59.3,5.0,0,True,0.0,
3koaWT,97,82,CarrotHyrax,59.3,5.0,0,True,0.0,
3koaWT,97,83,CarrotHyrax,59.3,5.0,0,True,0.0,
3koaWT,97,84,CarrotHyrax,59.3,5.0,2,True,0.0,
3koaWT,97,85,CarrotHyrax,75.3,5.0,1,True,0.0,
3koaWT,97,86,CarrotHyrax,75.3,5.0,1,True,0.0,
3koaWT,97,87,CarrotHyrax,75.3,5.0,1,True,0.0,
3koaWT,97,88,CarrotHyrax,75.3,5.0,1,True,0.0,
3koaWT,97,89,CarrotHyrax,75.3,5.0,0,True,0.0,
3koaWT,97,90,CarrotHyrax,75.3,5.0,0,True,0.0,
3koaWT,97,91,CarrotHyrax,75.3,5.0,2,True,0.0,
3koaWT,97,92,CarrotHyrax,75.3,5.0,0,True,0.0,
3koaWT,97,93,CarrotHyrax,75.3,5.0,2,True,0.0,
3koaWT,97,94,CarrotHyrax,75.3,5.0,3,True,0.0,
3koaWT,97,95,CarrotHyrax,44.9,5.0,2,True,0.0,
3koaWT,97,96,CarrotHyrax,44.9,5.0,0,True,0.0,
3koaWT,97,97,CarrotHyrax,44.9,5.0,1,True,0.0,
3koaWT,97,98,CarrotHyrax,44.9,5.0,0,True,0.0,
3koaWT,97,99,CarrotHyrax,44.9,5.0,1,True,0.0,
3koaWT,97,100,CarrotHyrax,44.9,5.0,0,True,0.0,
3koaWT,98,1,CarrotHyrax,44.9,49.0,0,True,0.0,
3koaWT,98,2,CarrotHyrax,44.9,39.2,0,True,0.0,
3koaWT,98,3,CarrotHyrax,44.9,31.4,0,True,0.0,
3koaWT,98,4,CarrotHyrax,36.2,25.1,0,True,0.0,
3koaWT,98,5,CarrotHyrax,36.2,20.1,0,True,0.0,
3koaWT,98,6,CarrotHyrax,36.2,16.1,0,True,0.0,
3koaWT,98,7,CarrotHyrax,36.2,12.8,1,True,0.0,
3koaWT,98,8,CarrotHyrax,36.2,11.0,0,True,0.0,
3koaWT,98,9,CarrotHyrax,36.2,9.3,2,True,0.0,
3koaWT,98,10,CarrotHyrax,36.2,8.7,1,True,0.0,
3koaWT,98,11,CarrotHyrax,36.2,8.4,3,True,0.0,
3koaWT,98,12,CarrotHyrax,36.2,8.9,1,True,0.0,
3koaWT,98,13,CarrotHyrax,36.2,9.4,0,True,0.0,
3koaWT,98,14,CarrotHyrax,53.6,9.8,0,True,0.0,
3koaWT,98,15,CarrotHyrax,53.6,10.0,1,True,0.0,
3koaWT,98,16,CarrotHyrax,53.6,10.2,1,True,0.0,
3koaWT,98,17,CarrotHyrax,53.6,10.5,1,True,0.0,
3koaWT,98,18,CarrotHyrax,53.6,10.9,0,True,0.0,
3koaWT,98,19,CarrotHyrax,53.6,11.2,0,True,0.0,
3koaWT,98,20,CarrotHyrax,53.6,11.4,2,True,0.0,
3koaWT,98,21,CarrotHyrax,53.6,11.9,2,True,0.0,
3koaWT,98,22,CarrotHyrax,53.6,12.7,0,True,0.0,
3koaWT,98,23,CarrotHyrax,53.6,13.5,0,True,0.0,
3koaWT,98,24,CarrotHyrax,31.6,14.1,0,True,0.0,
3koaWT,98,25,CarrotHyrax,31.6,14.5,0,True,0.0,
3koaWT,98,26,CarrotHyrax,31.6,14.9,1,True,0.0,
3koaWT,98,27,CarrotHyrax,31.6,15.4,0,True,0.0,
3koaWT,98,28,CarrotHyrax,31.6,15.7,1,True,0.0,
3koaWT,98,29,CarrotHyrax,31.6,16.1,1,True,0.0,
3koaWT,98,30,CarrotHyrax,31.6,16.6,0,True,0.0,
3koaWT,98,31,CarrotHyrax,31.6,16.9,1,True,0.0,
3koaWT,98,32,CarrotHyrax,31.6,17.4,0,True,0.0,
3koaWT,98,33,CarrotHyrax,31.6,17.8,0,True,0.0,
3koaWT,98,34,CarrotHyrax,41.5,18.0,0,True,0.0,
3koaWT,98,35,CarrotHyrax,41.5,18.2,0,True,0.0,
3koaWT,98,36,CarrotHyrax,41.5,18.2,1,True,0.0,
3koaWT,98,37,CarrotHyrax,41.5,18.4,1,True,0.0,
3koaWT,98,38,CarrotHyrax,41.5,18.6,1,True,0.0,
3koaWT,98,39,CarrotHyrax,41.5,18.9,1,True,0.0,
3koaWT,98,40,CarrotHyrax,41.5,19.4,0,True,0.0,
3koaWT,98,41,CarrotHyrax,41.5,19.7,0,True,0.0,
3koaWT,98,42,CarrotHyrax,41.5,20.0,0,True,0.0,
3koaWT,98,43,CarrotHyrax,41.5,20.1,0,True,0.0,
3koaWT,98,44,CarrotHyrax,61.1,20.2,0,True,0.0,
3koaWT,98,45,CarrotHyrax,61.1,20.2,0,True,0.0,
3koaWT,98,46,CarrotHyrax,61.1,20.0,2,True,0.0,
3koaWT,98,47,CarrotHyrax,61.1,20.2,0,True,0.0,
3koaWT,98,48,CarrotHyrax,61.1,20.3,0,True,0.0,
3koaWT,98,49,CarrotHyrax,61.1,20.3,1,True,0.001,
3koaWT,98,50,CarrotHyrax,61.1,20.3,1,True,0.0,
3koaWT,98,51,CarrotHyrax,61.1,20.4,0,True,0.0,
3koaWT,98,52,CarrotHyrax,61.1,20.5,1,True,0.001,
3koaWT,98,53,CarrotHyrax,61.1,20.5,1,True,0.0,
3koaWT,98,54,CarrotHyrax,30.9,20.6,0,True,0.0,
3koaWT,98,55,CarrotHyrax,30.9,20.5,0,True,0.0,
3koaWT,98,56,CarrotHyrax,30.9,20.4,0,True,0.0,
3koaWT,98,57,CarrotHyrax,30.9,20.2,0,True,0.0,
3koaWT,98,58,CarrotHyrax,30.9,19.9,0,True,0.0,
3koaWT,98,59,CarrotHyrax,30.9,19.5,0,True,0.0,
3koaWT,98,60,CarrotHyrax,30.9,19.1,1,True,0.0,
3koaWT,98,61,CarrotHyrax,30.9,18.7,1,True,0.0,
3koaWT,98,62,CarrotHyrax,30.9,18.3,0,True,0.0,
3koaWT,98,63,CarrotHyrax,30.9,17.9,1,True,0.0,
3koaWT,98,64,CarrotHyrax,74.1,17.5,0,True,0.0,
3koaWT,98,65,CarrotHyrax,74.1,17.0,0,True,0.0,
3koaWT,98,66,CarrotHyrax,74.1,16.4,0,True,0.0,
3koaWT,98,67,CarrotHyrax,74.1,15.8,0,True,0.0,
3koaWT,98,68,CarrotHyrax,74.1,15.1,1,True,0.0,
3koaWT,98,69,CarrotHyrax,74.1,14.4,0,True,0.001,
3koaWT,98,70,CarrotHyrax,74.1,13.8,0,True,0.0,
3koaWT,98,71,CarrotHyrax,74.1,13.1,3,True,0.0,
3koaWT,98,72,CarrotHyrax,74.1,12.5,1,True,0.0,
3koaWT,98,73,CarrotHyrax,74.1,12.0,1,True,0.0,
3koaWT,98,74,CarrotHyrax,60.5,11.5,0,True,0.0,
3koaWT,98,75,CarrotHyrax,60.5,11.0,0,True,0.0,
3koaWT,98,76,CarrotHyrax,60.5,10.4,0,True,0.0,
3koaWT,98,77,CarrotHyrax,60.5,9.9,0,True,0.0,
3koaWT,98,78,CarrotHyrax,60.5,9.3,0,True,0.0,
3koaWT,98,79,CarrotHyrax,60.5,8.7,0,True,0.0,
3koaWT,98,80,CarrotHyrax,60.5,8.1,1,True,0.0,
3koaWT,98,81,CarrotHyrax,60.5,7.6,0,True,0.0,
3koaWT,98,82,CarrotHyrax,60.5,7.1,1,True,0.0,
3koaWT,98,83,CarrotHyrax,60.5,6.6,0,True,0.0,
3koaWT,98,84,CarrotHyrax,50.4,6.2,0,True,0.0,
3koaWT,98,85,CarrotHyrax,50.4,5.7,0,True,0.0,
3koaWT,98,86,CarrotHyrax,50.4,5.3,0,True,0.0,
3koaWT,98,87,CarrotHyrax,50.4,5.0,0,True,0.0,
3koaWT,98,88,CarrotHyrax,50.4,5.0,0,True,0.0,
3koaWT,98,89,CarrotHyrax,50.4,5.0,0,True,0.0,
3koaWT,98,90,CarrotHyrax,50.4,5.0,0,True,0.0,
3koaWT,98,91,CarrotHyrax,50.4,5.0,0,True,0.0,
3koaWT,98,92,CarrotHyrax,50.4,5.0,1,True,0.0,
3koaWT,98,93,CarrotHyrax,50.4,5.0,0,True,0.0,
3koaWT,98,94,CarrotHyrax,40.7,5.0,1,True,0.0,
3koaWT,98,95,CarrotHyrax,40.7,5.0,0,True,0.0,
3koaWT,98,96,CarrotHyrax,40.7,5.0,0,True,0.0,
3koaWT,98,97,CarrotHyrax,40.7,5.0,0,True,0.001,
3koaWT,98,98,CarrotHyrax,40.7,5.0,0,True,0.0,
3koaWT,98,99,CarrotHyrax,40.7,5.0,0,True,0.0,
3koaWT,98,100,CarrotHyrax,40.7,5.0,0,True,0.0,
3koaWT,99,1,CarrotHyrax,40.7,40.0,0,True,0.0,
3koaWT,99,2,CarrotHyrax,40.7,32.0,0,True,0.0,
3koaWT,99,3,CarrotHyrax,55.6,25.6,0,True,0.0,
3koaWT,99,4,CarrotHyrax,55.6,20.5,0,True,0.0,
3koaWT,99,5,CarrotHyrax,55.6,16.4,1,True,0.0,
3koaWT,99,6,CarrotHyrax,55.6,14.3,0,True,0.0,
3koaWT,99,7,CarrotHyrax,55.6,12.4,1,True,0.0,
3koaWT,99,8,CarrotHyrax,55.6,11.3,1,True,0.0,
3koaWT,99,9,CarrotHyrax,55.6,10.8,0,True,0.0,
3koaWT,99,10,CarrotHyrax,55.6,10.0,1,True,0.0,
3koaWT,99,11,CarrotHyrax,55.6,9.6,1,True,0.0,
3koaWT,99,12,CarrotHyrax,55.6,9.5,0,True,0.0,
3koaWT,99,13,CarrotHyrax,77.1,9.2,0,True,0.0,
3koaWT,99,14,CarrotHyrax,77.1,8.7,0,True,0.0,
3koaWT,99,15,CarrotHyrax,77.1,8.1,1,True,0.0,
3koaWT,99,16,CarrotHyrax,77.1,7.7,0,True,0.0,
3koaWT,99,17,CarrotHyrax,77.1,7.2,1,True,0.0,
3koaWT,99,18,CarrotHyrax,77.1,6.9,2,True,0.0,
3koaWT,99,19,CarrotHyrax,77.1,6.8,0,True,0.0,
3koaWT,99,20,CarrotHyrax,77.1,6.6,0,True,0.0,
3koaWT,99,21,CarrotHyrax,77.1,6.4,0,True,0.0,
3koaWT,99,22,CarrotHyrax,77.1,6.2,0,True,0.0,
3koaWT,99,23,CarrotHyrax,71.8,5.9,0,True,0.0,
3koaWT,99,24,CarrotHyrax,71.8,5.6,1,True,0.0,
3koaWT,99,25,CarrotHyrax,71.8,5.4,1,True,0.0,
3koaWT,99,26,CarrotHyrax,71.8,5.2,1,True,0.0,
3koaWT,99,27,CarrotHyrax,71.8,5.0,0,True,0.0,
3koaWT,99,28,CarrotHyrax,71.8,5.0,0,True,0.0,
3koaWT,99,29,CarrotHyrax,71.8,5.0,1,True,0.0,
3koaWT,99,30,CarrotHyrax,71.8,5.0,0,True,0.0,
3koaWT,99,31,CarrotHyrax,71.8,5.0,0,True,0.0,
3koaWT,99,32,CarrotHyrax,71.8,5.0,0,True,0.0,
3koaWT,99,33,CarrotHyrax,53.4,5.0,1,True,0.0,
3koaWT,99,34,CarrotHyrax,53.4,5.0,2,True,0.0,
3koaWT,99,35,CarrotHyrax,53.4,5.0,3,True,0.0,
3koaWT,99,36,CarrotHyrax,53.4,5.0,0,True,0.0,
3koaWT,99,37,CarrotHyrax,53.4,5.0,0,True,0.0,
3koaWT,99,38,CarrotHyrax,53.4,5.0,2,True,0.0,
3koaWT,99,39,CarrotHyrax,53.4,5.0,0,True,0.0,
3koaWT,99,40,CarrotHyrax,53.4,5.1,0,True,0.0,
3koaWT,99,41,CarrotHyrax,53.4,5.1,1,True,0.0,
3koaWT,99,42,CarrotHyrax,53.4,5.1,0,True,0.0,
3koaWT,99,43,CarrotHyrax,77.2,5.1,1,True,0.0,
3koaWT,99,44,CarrotHyrax,77.2,5.1,1,True,0.0,
3koaWT,99,45,CarrotHyrax,77.2,5.1,0,True,0.0,
3koaWT,99,46,CarrotHyrax,77.2,5.1,0,True,0.0,
3koaWT,99,47,CarrotHyrax,77.2,5.1,0,True,0.0,
3koaWT,99,48,CarrotHyrax,77.2,5.1,0,True,0.0,
3koaWT,99,49,CarrotHyrax,77.2,5.1,2,True,0.0,
3koaWT,99,50,CarrotHyrax,77.2,5.1,0,True,0.001,
3koaWT,99,51,CarrotHyrax,77.2,5.1,1,True,0.0,
3koaWT,99,52,CarrotHyrax,77.2,5.1,3,True,0.0,
3koaWT,99,53,CarrotHyrax,37.1,5.2,0,True,0.0,
3koaWT,99,54,CarrotHyrax,37.1,5.2,1,True,0.0,
3koaWT,99,55,CarrotHyrax,37.1,5.3,1,True,0.0,
3koaWT,99,56,CarrotHyrax,37.1,5.3,0,True,0.0,
3koaWT,99,57,CarrotHyrax,37.1,5.4,0,True,0.0,
3koaWT,99,58,CarrotHyrax,37.1,5.4,0,True,0.0,
3koaWT,99,59,CarrotHyrax,37.1,5.4,0,True,0.0,
3koaWT,99,60,CarrotHyrax,37.1,5.4,2,True,0.0,
3koaWT,99,61,CarrotHyrax,37.1,5.4,2,True,0.0,
3koaWT,99,62,CarrotHyrax,37.1,5.5,0,True,0.0,
3koaWT,99,63,CarrotHyrax,72.8,5.5,1,True,0.0,
3koaWT,99,64,CarrotHyrax,72.8,5.5,0,True,0.0,
3koaWT,99,65,CarrotHyrax,72.8,5.5,0,True,0.0,
3koaWT,99,66,CarrotHyrax,72.8,5.5,1,True,0.0,
3koaWT,99,67,CarrotHyrax,72.8,5.4,1,True,0.001,
3koaWT,99,68,CarrotHyrax,72.8,5.4,0,True,0.0,
3koaWT,99,69,CarrotHyrax,72.8,5.3,0,True,0.0,
3koaWT,99,70,CarrotHyrax,72.8,5.2,0,True,0.0,
3koaWT,99,71,CarrotHyrax,72.8,5.1,0,True,0.0,
3koaWT,99,72,CarrotHyrax,72.8,5.0,0,True,0.0,
3koaWT,99,73,CarrotHyrax,31.9,5.0,2,True,0.0,
3koaWT,99,74,CarrotHyrax,31.9,5.0,0,True,0.0,
3koaWT,99,75,CarrotHyrax,31.9,5.0,1,True,0.0,
3koaWT,99,76,CarrotHyrax,31.9,5.0,0,True,0.0,
3koaWT,99,77,CarrotHyrax,31.9,5.0,0,True,0.0,
3koaWT,99,78,CarrotHyrax,31.9,5.0,0,True,0.0,
3koaWT,99,79,CarrotHyrax,31.9,5.0,2,True,0.0,
3koaWT,99,80,CarrotHyrax,31.9,5.0,0,True,0.0,
3koaWT,99,81,CarrotHyrax,31.9,5.0,0,True,0.0,
3koaWT,99,82,CarrotHyrax,31.9,5.0,0,True,0.0,
3koaWT,99,83,CarrotHyrax,31.5,5.0,1,True,0.0,
3koaWT,99,84,CarrotHyrax,31.5,5.0,0,True,0.0,
3koaWT,99,85,CarrotHyrax,31.5,5.0,0,True,0.0,
3koaWT,99,86,CarrotHyrax,31.5,5.0,0,True,0.0,
3koaWT,99,87,CarrotHyrax,31.5,5.0,1,True,0.0,
3koaWT,99,88,CarrotHyrax,31.5,5.0,0,True,0.0,
3koaWT,99,89,CarrotHyrax,31.5,5.0,0,True,0.0,
3koaWT,99,90,CarrotHyrax,31.5,5.0,1,True,0.0,
3koaWT,99,91,CarrotHyrax,31.5,5.0,3,True,0.0,
3koaWT,99,92,CarrotHyrax,31.5,5.0,0,True,0.0,
3koaWT,99,93,CarrotHyrax,34.4,5.0,2,True,0.0,
3koaWT,99,94,CarrotHyrax,34.4,5.0,1,True,0.0,
3koaWT,99,95,CarrotHyrax,34.4,5.0,1,True,0.0,
3koaWT,99,96,CarrotHyrax,34.4,5.0,1,True,0.0,
3koaWT,99,97,CarrotHyrax,34.4,5.0,1,True,0.0,
3koaWT,99,98,CarrotHyrax,34.4,5.0,1,True,0.0,
3koaWT,99,99,CarrotHyrax,34.4,5.0,0,True,0.0,
3koaWT,99,100,CarrotHyrax,34.4,5.0,1,True,0.0,
3koaWT,100,1,CarrotHyrax,34.4,77.0,0,True,0.0,
3koaWT,100,2,CarrotHyrax,49.8,61.6,0,True,0.0,
3koaWT,100,3,CarrotHyrax,49.8,49.3,1,True,0.0,
3koaWT,100,4,CarrotHyrax,49.8,45.7,0,True,0.0,
3koaWT,100,5,CarrotHyrax,49.8,40.9,1,True,0.0,
3koaWT,100,6,CarrotHyrax,49.8,38.8,0,True,0.0,
3koaWT,100,7,CarrotHyrax,49.8,36.3,1,True,0.0,
3koaWT,100,8,CarrotHyrax,49.8,35.2,1,True,0.0,
3koaWT,100,9,CarrotHyrax,49.8,35.1,0,True,0.0,
3koaWT,100,10,CarrotHyrax,49.8,34.3,1,True,0.0,
3koaWT,100,11,CarrotHyrax,49.8,34.4,0,True,0.0,
3koaWT,100,12,CarrotHyrax,44.1,33.9,0,True,0.0,
3koaWT,100,13,CarrotHyrax,44.1,32.7,0,True,0.0,
3koaWT,100,14,CarrotHyrax,44.1,31.0,0,True,0.0,
3koaWT,100,15,CarrotHyrax,44.1,29.0,0,True,0.0,
3koaWT,100,16,CarrotHyrax,44.1,26.7,0,True,0.0,
3koaWT,100,17,CarrotHyrax,44.1,24.4,0,True,0.0,
3koaWT,100,18,CarrotHyrax,44.1,22.2,1,True,0.0,
3koaWT,100,19,CarrotHyrax,44.1,20.5,0,True,0.0,
3koaWT,100,20,CarrotHyrax,44.1,18.8,0,True,0.0,
3koaWT,100,21,CarrotHyrax,44.1,17.2,0,True,0.0,
3koaWT,100,22,CarrotHyrax,78.1,15.6,1,True,0.0,
3koaWT,100,23,CarrotHyrax,78.1,14.4,2,True,0.0,
3koaWT,100,24,CarrotHyrax,78.1,13.6,0,True,0.0,
3koaWT,100,25,CarrotHyrax,78.1,12.8,0,True,0.0,
3koaWT,100,26,CarrotHyrax,78.1,12.0,0,True,0.0,
3koaWT,100,27,CarrotHyrax,78.1,11.2,0,True,0.0,
3koaWT,100,28,CarrotHyrax,78.1,10.3,0,True,0.0,
3koaWT,100,29,CarrotHyrax,78.1,9.5,0,True,0.0,
3koaWT,100,30,CarrotHyrax,78.1,8.7,0,True,0.0,
3koaWT,100,31,CarrotHyrax,78.1,7.9,0,True,0.0,
3koaWT,100,32,CarrotHyrax,59.2,7.2,0,True,0.0,
3koaWT,100,33,CarrotHyrax,59.2,6.5,0,True,0.0,
3koaWT,100,34,CarrotHyrax,59.2,5.8,0,True,0.0,
3koaWT,100,35,CarrotHyrax,59.2,5.3,0,True,0.0,
3koaWT,100,36,CarrotHyrax,59.2,5.0,1,True,0.0,
3koaWT,100,37,CarrotHyrax,59.2,5.0,1,True,0.0,
3koaWT,100,38,CarrotHyrax,59.2,5.0,0,True,0.0,
3koaWT,100,39,CarrotHyrax,59.2,5.0,1,True,0.0,
3koaWT,100,40,CarrotHyrax,59.2,5.0,0,True,0.0,
3koaWT,100,41,CarrotHyrax,59.2,5.0,1,True,0.0,
3koaWT,100,42,CarrotHyrax,62.4,5.0,0,True,0.0,
3koaWT,100,43,CarrotHyrax,62.4,5.0,1,True,0.0,
3koaWT,100,44,CarrotHyrax,62.4,5.0,0,True,0.0,
3koaWT,100,45,CarrotHyrax,62.4,5.0,0,True,0.0,
3koaWT,100,46,CarrotHyrax,62.4,5.0,1,True,0.0,
3koaWT,100,47,CarrotHyrax,62.4,5.0,0,True,0.0,
3koaWT,100,48,CarrotHyrax,62.4,5.0,0,True,0.0,
3koaWT,100,49,CarrotHyrax,62.4,5.0,1,True,0.0,
3koaWT,100,50,CarrotHyrax,62.4,5.0,0,True,0.0,
3koaWT,100,51,CarrotHyrax,62.4,5.0,1,True,0.0,
3koaWT,100,52,CarrotHyrax,71.9,5.0,0,True,0.002,
3koaWT,100,53,CarrotHyrax,71.9,5.0,1,True,0.001,
3koaWT,100,54,CarrotHyrax,71.9,5.0,0,True,0.001,
3koaWT,100,55,CarrotHyrax,71.9,5.0,0,True,0.001,
3koaWT,100,56,CarrotHyrax,71.9,5.0,2,True,0.0,
3koaWT,100,57,CarrotHyrax,71.9,5.0,0,True,0.0,
3koaWT,100,58,CarrotHyrax,71.9,5.0,1,True,0.001,
3koaWT,100,59,CarrotHyrax,71.9,5.0,1,True,0.0,
3koaWT,100,60,CarrotHyrax,71.9,5.0,0,True,0.0,
3koaWT,100,61,CarrotHyrax,71.9,5.0,0,True,0.0,
3koaWT,100,62,CarrotHyrax,58.9,5.0,1,True,0.0,
3koaWT,100,63,CarrotHyrax,58.9,5.0,2,True,0.0,
3koaWT,100,64,CarrotHyrax,58.9,5.0,0,True,0.0,
3koaWT,100,65,CarrotHyrax,58.9,5.0,1,True,0.0,
3koaWT,100,66,CarrotHyrax,58.9,5.0,0,True,0.0,
3koaWT,100,67,CarrotHyrax,58.9,5.0,0,True,0.0,
3koaWT,100,68,CarrotHyrax,58.9,5.0,0,True,0.0,
3koaWT,100,69,CarrotHyrax,58.9,5.0,0,True,0.0,
3koaWT,100,70,CarrotHyrax,58.9,5.0,1,True,0.0,
3koaWT,100,71,CarrotHyrax,58.9,5.0,0,True,0.003,
3koaWT,100,72,CarrotHyrax,57.8,5.0,0,True,0.013,
3koaWT,100,73,CarrotHyrax,57.8,5.0,0,True,0.0,
3koaWT,100,74,CarrotHyrax,57.8,5.0,1,True,0.008,
3koaWT,100,75,CarrotHyrax,57.8,5.0,1,True,0.0,
3koaWT,100,76,CarrotHyrax,57.8,5.0,1,True,0.0,
3koaWT,100,77,CarrotHyrax,57.8,5.0,0,True,0.001,
3koaWT,100,78,CarrotHyrax,57.8,5.0,1,True,0.0,
3koaWT,100,79,CarrotHyrax,57.8,5.0,1,True,0.008,
3koaWT,100,80,CarrotHyrax,57.8,5.0,5,True,0.001,
3koaWT,100,81,CarrotHyrax,57.8,5.0,1,True,0.0,
3koaWT,100,82,CarrotHyrax,58.7,5.0,1,True,0.0,
3koaWT,100,83,CarrotHyrax,58.7,5.0,0,True,0.003,
3koaWT,100,84,CarrotHyrax,58.7,5.0,0,True,0.004,
3koaWT,100,85,CarrotHyrax,58.7,5.0,0,True,0.013,
3koaWT,100,86,CarrotHyrax,58.7,5.0,1,True,0.014,
3koaWT,100,87,CarrotHyrax,58.7,5.0,0,True,0.001,
3koaWT,100,88,CarrotHyrax,58.7,5.0,1,True,0.0,
3koaWT,100,89,CarrotHyrax,58.7,5.0,1,True,0.0,
3koaWT,100,90,CarrotHyrax,58.7,5.0,0,True,0.002,
3koaWT,100,91,CarrotHyrax,58.7,5.0,1,True,0.035,
3koaWT,100,92,CarrotHyrax,58.4,5.0,0,True,0.001,
3koaWT,100,93,CarrotHyrax,58.4,5.0,2,True,0.0,
3koaWT,100,94,CarrotHyrax,58.4,5.0,2,True,0.0,
3koaWT,100,95,CarrotHyrax,58.4,5.0,0,True,0.0,
3koaWT,100,96,CarrotHyrax,58.4,5.0,0,True,0.001,
3koaWT,100,97,CarrotHyrax,58.4,5.0,0,True,0.001,
3koaWT,100,98,CarrotHyrax,58.4,5.0,0,True,0.001,
3koaWT,100,99,CarrotHyrax,58.4,5.0,1,True,0.002,
3koaWT,100,100,CarrotHyrax,58.4,5.0,1,True,0.0,
