{
    "Low_Demand": {
        "coeff_price": 0.018064087834318503,
        "coeff_price_competitor": -0.016272595700375436,
        "intercept": 18.507998351961714,
        "R2": 0.00046981297047699044,
        "MSE": 156.933175314918,
        "N": 1530
    },
    "Medium_Demand": {
        "coeff_price": 0.002024289732672833,
        "coeff_price_competitor": -0.00869313468815811,
        "intercept": 24.834840396814766,
        "R2": 0.00010609436214314982,
        "MSE": 83.96091218127697,
        "N": 1668
    },
    "High_Demand": {
        "coeff_price": 0.010260967999650181,
        "coeff_price_competitor": 0.020273822752144826,
        "intercept": 24.19820859518772,
        "R2": 0.0007117238907637935,
        "MSE": 84.16177582925198,
        "N": 1802
    }
}