competition_id,selling_season,selling_period,competitor_id,price_competitor,price,demand,competitor_has_capacity,calculation_duration,errors
3HBUdn,1,1,Winner_2022,49.5,53.0,1,True,0.0,
3HBUdn,1,2,Winner_2022,49.0,60.9,0,True,0.0,
3HBUdn,1,3,Winner_2022,49.5,58.9,0,True,0.0,
3HBUdn,1,4,Winner_2022,50.0,54.6,1,True,0.0,
3HBUdn,1,5,Winner_2022,50.5,54.1,0,True,0.0,
3HBUdn,1,6,Winner_2022,51.0,51.4,1,True,0.0,
3HBUdn,1,7,Winner_2022,51.2,51.4,0,True,0.0,
3HBUdn,1,8,Winner_2022,51.3,49.9,0,True,0.0,
3HBUdn,1,9,Winner_2022,51.8,47.3,1,True,0.0,
3HBUdn,1,10,Winner_2022,52.3,46.2,1,True,0.0,
3HBUdn,1,11,Winner_2022,52.8,46.3,1,True,0.0,
3HBUdn,1,12,Winner_2022,53.3,47.4,0,True,0.0,
3HBUdn,1,13,Winner_2022,53.8,47.2,0,True,0.0,
3HBUdn,1,14,Winner_2022,54.3,46.2,0,True,0.0,
3HBUdn,1,15,Winner_2022,54.8,44.4,0,True,0.0,
3HBUdn,1,16,Winner_2022,55.3,42.1,2,True,0.0,
3HBUdn,1,17,Winner_2022,55.8,41.4,0,True,0.0,
3HBUdn,1,18,Winner_2022,56.3,40.3,2,True,0.0,
3HBUdn,1,19,Winner_2022,56.8,40.6,0,True,0.0,
3HBUdn,1,20,Winner_2022,57.3,40.4,0,True,0.0,
3HBUdn,1,21,Winner_2022,57.8,40.0,0,True,0.0,
3HBUdn,1,22,Winner_2022,58.3,39.3,1,True,0.0,
3HBUdn,1,23,Winner_2022,58.8,38.9,2,True,0.0,
3HBUdn,1,24,Winner_2022,59.3,39.3,0,True,0.0,
3HBUdn,1,25,Winner_2022,59.8,39.4,1,True,0.0,
3HBUdn,1,26,Winner_2022,60.3,39.8,3,True,0.0,
3HBUdn,1,27,Winner_2022,60.8,41.7,0,True,0.0,
3HBUdn,1,28,Winner_2022,61.3,43.1,1,True,0.0,
3HBUdn,1,29,Winner_2022,61.8,44.8,2,True,0.0,
3HBUdn,1,30,Winner_2022,62.3,47.2,1,True,0.0,
3HBUdn,1,31,Winner_2022,62.8,49.9,3,True,0.0,
3HBUdn,1,32,Winner_2022,63.3,54.4,2,True,0.0,
3HBUdn,1,33,Winner_2022,63.8,59.9,0,True,0.0,
3HBUdn,1,34,Winner_2022,64.3,65.6,0,True,0.0,
3HBUdn,1,35,Winner_2022,64.8,71.1,0,True,0.0,
3HBUdn,1,36,Winner_2022,65.3,76.7,0,True,0.0,
3HBUdn,1,37,Winner_2022,65.8,82.1,0,True,0.0,
3HBUdn,1,38,Winner_2022,66.3,87.2,0,True,0.0,
3HBUdn,1,39,Winner_2022,66.8,92.2,0,True,0.0,
3HBUdn,1,40,Winner_2022,67.3,97.1,0,True,0.0,
3HBUdn,1,41,Winner_2022,67.8,100.0,0,True,0.0,
3HBUdn,1,42,Winner_2022,68.3,100.0,0,True,0.0,
3HBUdn,1,43,Winner_2022,68.8,100.0,0,True,0.0,
3HBUdn,1,44,Winner_2022,69.3,100.0,0,True,0.0,
3HBUdn,1,45,Winner_2022,69.8,100.0,0,True,0.0,
3HBUdn,1,46,Winner_2022,70.3,100.0,0,True,0.0,
3HBUdn,1,47,Winner_2022,70.8,100.0,0,True,0.0,
3HBUdn,1,48,Winner_2022,71.3,100.0,0,True,0.0,
3HBUdn,1,49,Winner_2022,71.8,100.0,0,True,0.0,
3HBUdn,1,50,Winner_2022,72.3,100.0,0,True,0.0,
3HBUdn,1,51,Winner_2022,72.8,99.9,0,True,0.0,
3HBUdn,1,52,Winner_2022,73.3,99.3,0,True,0.0,
3HBUdn,1,53,Winner_2022,73.8,98.1,0,True,0.0,
3HBUdn,1,54,Winner_2022,74.3,96.3,0,True,0.0,
3HBUdn,1,55,Winner_2022,74.8,94.1,0,True,0.0,
3HBUdn,1,56,Winner_2022,75.3,91.6,0,True,0.0,
3HBUdn,1,57,Winner_2022,75.8,88.8,0,True,0.0,
3HBUdn,1,58,Winner_2022,76.3,85.9,0,True,0.0,
3HBUdn,1,59,Winner_2022,76.8,82.7,0,True,0.0,
3HBUdn,1,60,Winner_2022,77.3,79.3,0,True,0.0,
3HBUdn,1,61,Winner_2022,77.8,75.8,1,True,0.0,
3HBUdn,1,62,Winner_2022,78.3,72.6,1,True,0.0,
3HBUdn,1,63,Winner_2022,78.8,69.6,0,True,0.0,
3HBUdn,1,64,Winner_2022,79.3,66.4,1,True,0.0,
3HBUdn,1,65,Winner_2022,79.8,63.4,0,True,0.0,
3HBUdn,1,66,Winner_2022,80.3,60.3,2,True,0.0,
3HBUdn,1,67,Winner_2022,80.8,57.6,2,True,0.0,
3HBUdn,1,68,Winner_2022,81.3,55.4,1,True,0.0,
3HBUdn,1,69,Winner_2022,81.8,53.3,0,True,0.0,
3HBUdn,1,70,Winner_2022,82.3,51.1,0,True,0.0,
3HBUdn,1,71,Winner_2022,82.8,48.7,1,True,0.0,
3HBUdn,1,72,Winner_2022,83.3,46.5,2,True,0.0,
3HBUdn,1,73,Winner_2022,83.8,44.6,0,True,0.0,
3HBUdn,1,74,Winner_2022,84.3,42.6,1,True,0.0,
3HBUdn,1,75,Winner_2022,84.8,40.6,0,True,0.0,
3HBUdn,1,76,Winner_2022,85.3,38.5,0,True,0.0,
3HBUdn,1,77,Winner_2022,85.8,36.4,3,True,0.0,
3HBUdn,1,78,Winner_2022,86.3,34.7,1,True,0.0,
3HBUdn,1,79,Winner_2022,86.8,33.1,1,True,0.0,
3HBUdn,1,80,Winner_2022,87.3,31.5,1,True,0.0,
3HBUdn,1,81,Winner_2022,87.8,30.0,1,True,0.0,
3HBUdn,1,82,Winner_2022,88.3,28.6,3,True,0.0,
3HBUdn,1,83,Winner_2022,88.8,27.4,3,True,0.0,
3HBUdn,1,84,Winner_2022,89.3,26.5,0,True,0.0,
3HBUdn,1,85,Winner_2022,89.8,25.5,1,True,0.0,
3HBUdn,1,86,Winner_2022,89.3,24.5,1,True,0.0,
3HBUdn,1,87,Winner_2022,88.8,23.5,1,True,0.0,
3HBUdn,1,88,Winner_2022,88.3,22.6,2,True,0.0,
3HBUdn,1,89,Winner_2022,87.8,21.8,1,True,0.0,
3HBUdn,1,90,Winner_2022,87.3,21.0,1,True,0.0,
3HBUdn,1,91,Winner_2022,86.8,20.2,2,True,0.0,
3HBUdn,1,92,Winner_2022,86.3,19.5,2,True,0.0,
3HBUdn,1,93,Winner_2022,85.8,18.9,1,True,0.0,
3HBUdn,1,94,Winner_2022,85.3,18.4,5,True,0.0,
3HBUdn,1,95,Winner_2022,84.8,18.1,1,True,0.0,
3HBUdn,1,96,Winner_2022,84.3,17.7,1,True,0.0,
3HBUdn,1,97,Winner_2022,83.8,17.4,2,True,0.0,
3HBUdn,1,98,Winner_2022,83.3,17.2,1,True,0.0,
3HBUdn,1,99,Winner_2022,82.8,17.0,0,True,0.0,
3HBUdn,1,100,Winner_2022,82.3,16.7,0,True,0.0,
3HBUdn,2,1,Winner_2022,71.4,48.0,0,True,0.0,
3HBUdn,2,2,Winner_2022,70.9,38.4,1,True,0.0,
3HBUdn,2,3,Winner_2022,70.4,37.1,1,True,0.0,
3HBUdn,2,4,Winner_2022,69.9,39.1,0,True,0.0,
3HBUdn,2,5,Winner_2022,69.4,38.8,3,True,0.0,
3HBUdn,2,6,Winner_2022,68.9,45.5,0,True,0.0,
3HBUdn,2,7,Winner_2022,68.4,51.6,3,True,0.0,
3HBUdn,2,8,Winner_2022,67.9,61.9,2,True,0.0,
3HBUdn,2,9,Winner_2022,67.4,74.3,0,True,0.0,
3HBUdn,2,10,Winner_2022,66.9,89.2,0,True,0.0,
3HBUdn,2,11,Winner_2022,66.4,100.0,0,True,0.0,
3HBUdn,2,12,Winner_2022,65.9,100.0,0,True,0.0,
3HBUdn,2,13,Winner_2022,65.4,100.0,0,True,0.0,
3HBUdn,2,14,Winner_2022,64.9,100.0,0,True,0.0,
3HBUdn,2,15,Winner_2022,64.4,100.0,0,True,0.0,
3HBUdn,2,16,Winner_2022,63.9,100.0,0,True,0.0,
3HBUdn,2,17,Winner_2022,63.4,100.0,0,True,0.0,
3HBUdn,2,18,Winner_2022,62.9,100.0,0,True,0.0,
3HBUdn,2,19,Winner_2022,62.4,100.0,0,True,0.0,
3HBUdn,2,20,Winner_2022,61.9,99.7,0,True,0.0,
3HBUdn,2,21,Winner_2022,61.4,98.7,0,True,0.0,
3HBUdn,2,22,Winner_2022,60.9,96.8,0,True,0.0,
3HBUdn,2,23,Winner_2022,60.4,94.2,0,True,0.0,
3HBUdn,2,24,Winner_2022,59.9,90.7,0,True,0.0,
3HBUdn,2,25,Winner_2022,59.4,86.7,0,True,0.0,
3HBUdn,2,26,Winner_2022,58.9,82.4,0,True,0.0,
3HBUdn,2,27,Winner_2022,58.4,77.8,0,True,0.0,
3HBUdn,2,28,Winner_2022,57.9,73.0,0,True,0.0,
3HBUdn,2,29,Winner_2022,57.4,68.1,0,True,0.0,
3HBUdn,2,30,Winner_2022,56.9,63.1,0,True,0.0,
3HBUdn,2,31,Winner_2022,56.4,58.2,0,True,0.0,
3HBUdn,2,32,Winner_2022,55.9,53.6,2,True,0.0,
3HBUdn,2,33,Winner_2022,55.4,50.4,2,True,0.0,
3HBUdn,2,34,Winner_2022,54.9,48.3,1,True,0.0,
3HBUdn,2,35,Winner_2022,54.4,46.5,1,True,0.0,
3HBUdn,2,36,Winner_2022,53.9,45.2,2,True,0.0,
3HBUdn,2,37,Winner_2022,53.4,44.6,1,True,0.0,
3HBUdn,2,38,Winner_2022,52.9,44.3,2,True,0.0,
3HBUdn,2,39,Winner_2022,52.4,44.6,0,True,0.0,
3HBUdn,2,40,Winner_2022,51.9,44.8,1,True,0.0,
3HBUdn,2,41,Winner_2022,51.4,45.1,0,True,0.0,
3HBUdn,2,42,Winner_2022,50.9,45.3,0,True,0.0,
3HBUdn,2,43,Winner_2022,50.4,45.2,1,True,0.0,
3HBUdn,2,44,Winner_2022,49.9,45.4,0,True,0.0,
3HBUdn,2,45,Winner_2022,49.4,45.3,1,True,0.0,
3HBUdn,2,46,Winner_2022,48.9,45.4,0,True,0.0,
3HBUdn,2,47,Winner_2022,48.4,45.3,0,True,0.0,
3HBUdn,2,48,Winner_2022,47.9,45.1,0,True,0.0,
3HBUdn,2,49,Winner_2022,47.4,44.8,0,True,0.0,
3HBUdn,2,50,Winner_2022,46.9,44.2,0,True,0.0,
3HBUdn,2,51,Winner_2022,46.4,43.5,2,True,0.0,
3HBUdn,2,52,Winner_2022,45.9,43.2,0,True,0.0,
3HBUdn,2,53,Winner_2022,45.4,42.7,3,True,0.0,
3HBUdn,2,54,Winner_2022,44.9,42.9,0,True,0.0,
3HBUdn,2,55,Winner_2022,44.4,42.8,1,True,0.0,
3HBUdn,2,56,Winner_2022,43.9,42.7,2,True,0.0,
3HBUdn,2,57,Winner_2022,43.4,43.1,0,True,0.0,
3HBUdn,2,58,Winner_2022,43.3,43.4,0,True,0.0,
3HBUdn,2,59,Winner_2022,43.2,43.4,0,True,0.0,
3HBUdn,2,60,Winner_2022,43.1,43.2,0,True,0.0,
3HBUdn,2,61,Winner_2022,43.1,42.8,1,True,0.0,
3HBUdn,2,62,Winner_2022,43.0,42.5,1,True,0.0,
3HBUdn,2,63,Winner_2022,42.7,42.2,0,True,0.0,
3HBUdn,2,64,Winner_2022,42.5,41.7,0,True,0.0,
3HBUdn,2,65,Winner_2022,42.1,40.9,0,True,0.0,
3HBUdn,2,66,Winner_2022,41.6,39.9,2,True,0.0,
3HBUdn,2,67,Winner_2022,41.1,39.2,1,True,0.0,
3HBUdn,2,68,Winner_2022,40.6,38.4,1,True,0.0,
3HBUdn,2,69,Winner_2022,40.1,37.7,2,True,0.0,
3HBUdn,2,70,Winner_2022,39.6,37.2,3,True,0.0,
3HBUdn,2,71,Winner_2022,39.1,37.0,0,True,0.0,
3HBUdn,2,72,Winner_2022,38.6,36.6,1,True,0.0,
3HBUdn,2,73,Winner_2022,38.1,36.2,0,True,0.0,
3HBUdn,2,74,Winner_2022,37.6,35.6,0,True,0.0,
3HBUdn,2,75,Winner_2022,37.1,34.8,0,True,0.0,
3HBUdn,2,76,Winner_2022,36.6,33.9,0,True,0.0,
3HBUdn,2,77,Winner_2022,36.1,32.8,1,True,0.0,
3HBUdn,2,78,Winner_2022,35.6,31.7,1,True,0.0,
3HBUdn,2,79,Winner_2022,35.1,30.7,0,True,0.0,
3HBUdn,2,80,Winner_2022,34.6,29.6,0,True,0.0,
3HBUdn,2,81,Winner_2022,34.1,28.4,0,True,0.0,
3HBUdn,2,82,Winner_2022,33.6,27.2,0,True,0.0,
3HBUdn,2,83,Winner_2022,33.1,25.9,2,True,0.0,
3HBUdn,2,84,Winner_2022,32.6,24.7,1,True,0.0,
3HBUdn,2,85,Winner_2022,32.1,23.6,4,True,0.0,
3HBUdn,2,86,Winner_2022,31.6,22.8,4,True,0.0,
3HBUdn,2,87,Winner_2022,31.1,22.2,3,True,0.0,
3HBUdn,2,88,Winner_2022,30.6,21.7,1,True,0.0,
3HBUdn,2,89,Winner_2022,30.1,21.2,2,True,0.0,
3HBUdn,2,90,Winner_2022,29.6,20.8,1,True,0.0,
3HBUdn,2,91,Winner_2022,29.1,20.4,1,True,0.0,
3HBUdn,2,92,Winner_2022,28.6,20.0,1,True,0.0,
3HBUdn,2,93,Winner_2022,28.1,19.6,1,True,0.0,
3HBUdn,2,94,Winner_2022,27.6,19.3,0,True,0.0,
3HBUdn,2,95,Winner_2022,27.1,18.9,0,True,0.0,
3HBUdn,2,96,Winner_2022,26.6,18.4,1,True,0.0,
3HBUdn,2,97,Winner_2022,26.1,18.0,3,True,0.0,
3HBUdn,2,98,Winner_2022,25.6,17.7,1,True,0.0,
3HBUdn,2,99,Winner_2022,25.1,17.4,2,True,0.0,
3HBUdn,2,100,Winner_2022,24.6,17.2,1,True,0.0,
3HBUdn,3,1,Winner_2022,59.6,65.0,0,True,0.0,
3HBUdn,3,2,Winner_2022,59.1,52.0,0,True,0.0,
3HBUdn,3,3,Winner_2022,59.6,41.6,0,True,0.0,
3HBUdn,3,4,Winner_2022,60.1,33.3,0,True,0.0,
3HBUdn,3,5,Winner_2022,60.6,26.6,3,True,0.0,
3HBUdn,3,6,Winner_2022,61.1,27.2,2,True,0.0,
3HBUdn,3,7,Winner_2022,61.6,30.9,1,True,0.0,
3HBUdn,3,8,Winner_2022,62.1,35.3,0,True,0.0,
3HBUdn,3,9,Winner_2022,62.6,38.6,1,True,0.0,
3HBUdn,3,10,Winner_2022,63.1,42.8,0,True,0.0,
3HBUdn,3,11,Winner_2022,63.6,46.4,0,True,0.0,
3HBUdn,3,12,Winner_2022,64.1,49.2,0,True,0.0,
3HBUdn,3,13,Winner_2022,64.6,50.7,0,True,0.0,
3HBUdn,3,14,Winner_2022,65.1,51.1,1,True,0.0,
3HBUdn,3,15,Winner_2022,65.6,51.9,0,True,0.0,
3HBUdn,3,16,Winner_2022,66.1,51.7,1,True,0.0,
3HBUdn,3,17,Winner_2022,66.6,52.0,2,True,0.0,
3HBUdn,3,18,Winner_2022,67.1,54.0,3,True,0.0,
3HBUdn,3,19,Winner_2022,67.6,58.9,1,True,0.0,
3HBUdn,3,20,Winner_2022,68.1,64.5,1,True,0.0,
3HBUdn,3,21,Winner_2022,68.6,71.2,0,True,0.0,
3HBUdn,3,22,Winner_2022,69.1,77.5,0,True,0.0,
3HBUdn,3,23,Winner_2022,69.6,83.6,0,True,0.0,
3HBUdn,3,24,Winner_2022,70.1,88.5,0,True,0.0,
3HBUdn,3,25,Winner_2022,70.6,92.9,0,True,0.0,
3HBUdn,3,26,Winner_2022,71.1,96.7,0,True,0.0,
3HBUdn,3,27,Winner_2022,71.6,99.7,0,True,0.0,
3HBUdn,3,28,Winner_2022,72.1,100.0,0,True,0.0,
3HBUdn,3,29,Winner_2022,72.6,100.0,0,True,0.0,
3HBUdn,3,30,Winner_2022,73.1,100.0,0,True,0.0,
3HBUdn,3,31,Winner_2022,73.6,99.6,0,True,0.0,
3HBUdn,3,32,Winner_2022,74.1,98.9,0,True,0.0,
3HBUdn,3,33,Winner_2022,74.6,97.5,0,True,0.0,
3HBUdn,3,34,Winner_2022,75.1,95.7,0,True,0.0,
3HBUdn,3,35,Winner_2022,75.6,93.3,0,True,0.0,
3HBUdn,3,36,Winner_2022,76.1,90.6,0,True,0.0,
3HBUdn,3,37,Winner_2022,76.6,87.5,0,True,0.0,
3HBUdn,3,38,Winner_2022,77.1,84.2,0,True,0.0,
3HBUdn,3,39,Winner_2022,77.6,80.7,0,True,0.0,
3HBUdn,3,40,Winner_2022,78.1,77.1,0,True,0.0,
3HBUdn,3,41,Winner_2022,78.6,73.4,0,True,0.0,
3HBUdn,3,42,Winner_2022,79.1,69.5,1,True,0.0,
3HBUdn,3,43,Winner_2022,79.6,66.3,0,True,0.0,
3HBUdn,3,44,Winner_2022,80.1,63.0,1,True,0.0,
3HBUdn,3,45,Winner_2022,80.6,60.2,0,True,0.0,
3HBUdn,3,46,Winner_2022,81.1,57.3,2,True,0.0,
3HBUdn,3,47,Winner_2022,81.6,55.3,1,True,0.0,
3HBUdn,3,48,Winner_2022,82.1,53.7,0,True,0.0,
3HBUdn,3,49,Winner_2022,82.6,52.0,3,True,0.0,
3HBUdn,3,50,Winner_2022,83.1,51.3,3,True,0.0,
3HBUdn,3,51,Winner_2022,83.6,51.6,0,True,0.0,
3HBUdn,3,52,Winner_2022,84.1,51.7,1,True,0.0,
3HBUdn,3,53,Winner_2022,84.6,51.9,0,True,0.0,
3HBUdn,3,54,Winner_2022,85.1,51.7,0,True,0.0,
3HBUdn,3,55,Winner_2022,85.6,51.2,1,True,0.0,
3HBUdn,3,56,Winner_2022,86.1,50.8,1,True,0.0,
3HBUdn,3,57,Winner_2022,86.6,50.6,0,True,0.0,
3HBUdn,3,58,Winner_2022,87.1,50.3,1,True,0.0,
3HBUdn,3,59,Winner_2022,87.6,50.0,1,True,0.0,
3HBUdn,3,60,Winner_2022,88.1,49.8,1,True,0.0,
3HBUdn,3,61,Winner_2022,88.6,49.6,4,True,0.0,
3HBUdn,3,62,Winner_2022,89.1,50.4,1,True,0.0,
3HBUdn,3,63,Winner_2022,89.6,51.2,1,True,0.0,
3HBUdn,3,64,Winner_2022,90.1,52.0,0,True,0.0,
3HBUdn,3,65,Winner_2022,90.6,52.4,2,True,0.0,
3HBUdn,3,66,Winner_2022,91.1,53.1,1,True,0.0,
3HBUdn,3,67,Winner_2022,91.6,53.7,1,True,0.0,
3HBUdn,3,68,Winner_2022,92.1,54.2,2,True,0.0,
3HBUdn,3,69,Winner_2022,92.6,55.0,2,True,0.0,
3HBUdn,3,70,Winner_2022,93.1,56.0,1,True,0.0,
3HBUdn,3,71,Winner_2022,93.6,57.0,2,True,0.0,
3HBUdn,3,72,Winner_2022,94.1,58.2,0,True,0.0,
3HBUdn,3,73,Winner_2022,94.6,59.0,0,True,0.0,
3HBUdn,3,74,Winner_2022,95.1,59.6,3,True,0.0,
3HBUdn,3,75,Winner_2022,95.6,60.4,0,True,0.0,
3HBUdn,3,76,Winner_2022,96.1,60.8,2,True,0.0,
3HBUdn,3,77,Winner_2022,96.6,61.5,1,True,0.0,
3HBUdn,3,78,Winner_2022,97.1,62.0,1,True,0.0,
3HBUdn,3,79,Winner_2022,97.6,62.5,0,True,0.0,
3HBUdn,3,80,Winner_2022,98.1,62.7,1,True,0.0,
3HBUdn,3,81,Winner_2022,98.6,62.8,3,True,0.0,
3HBUdn,3,82,Winner_2022,99.1,63.2,1,True,0.0,
3HBUdn,3,83,Winner_2022,99.6,63.6,1,True,0.0,
3HBUdn,3,84,Winner_2022,100.0,63.9,2,True,0.0,
3HBUdn,3,85,Winner_2022,99.5,64.3,0,True,0.0,
3HBUdn,3,86,Winner_2022,99.0,64.4,1,True,0.0,
3HBUdn,3,87,Winner_2022,98.5,64.4,4,True,0.0,
3HBUdn,3,88,Winner_2022,98.0,64.9,2,True,0.0,
3HBUdn,3,89,Winner_2022,97.5,65.5,2,True,0.0,
3HBUdn,3,90,Winner_2022,97.0,66.3,2,True,0.0,
3HBUdn,3,91,Winner_2022,96.5,67.3,1,True,0.0,
3HBUdn,3,92,Winner_2022,96.0,68.2,0,True,0.0,
3HBUdn,3,93,Winner_2022,95.5,69.0,2,True,0.0,
3HBUdn,3,94,Winner_2022,95.0,69.9,1,True,0.0,
3HBUdn,3,95,Winner_2022,94.5,70.9,0,True,0.0,
3HBUdn,3,96,Winner_2022,94.0,71.8,0,True,0.0,
3HBUdn,3,97,Winner_2022,93.5,72.4,0,True,0.0,
3HBUdn,3,98,Winner_2022,93.0,72.9,0,True,0.0,
3HBUdn,3,99,Winner_2022,92.5,73.3,0,True,0.0,
3HBUdn,3,100,Winner_2022,92.0,73.5,0,True,0.0,
3HBUdn,4,1,Winner_2022,64.8,83.0,0,True,0.0,
3HBUdn,4,2,Winner_2022,64.3,66.4,1,True,0.0,
3HBUdn,4,3,Winner_2022,63.8,64.2,0,True,0.0,
3HBUdn,4,4,Winner_2022,63.7,59.5,0,True,0.0,
3HBUdn,4,5,Winner_2022,63.2,53.3,0,True,0.0,
3HBUdn,4,6,Winner_2022,62.7,46.6,1,True,0.0,
3HBUdn,4,7,Winner_2022,62.2,43.5,1,True,0.0,
3HBUdn,4,8,Winner_2022,61.7,42.3,0,True,0.0,
3HBUdn,4,9,Winner_2022,61.2,40.0,0,True,0.0,
3HBUdn,4,10,Winner_2022,60.7,37.3,2,True,0.0,
3HBUdn,4,11,Winner_2022,60.2,37.5,0,True,0.0,
3HBUdn,4,12,Winner_2022,59.7,36.9,1,True,0.0,
3HBUdn,4,13,Winner_2022,59.2,36.8,1,True,0.0,
3HBUdn,4,14,Winner_2022,58.7,37.1,0,True,0.0,
3HBUdn,4,15,Winner_2022,58.2,36.7,1,True,0.0,
3HBUdn,4,16,Winner_2022,57.7,36.6,2,True,0.0,
3HBUdn,4,17,Winner_2022,57.2,37.6,1,True,0.0,
3HBUdn,4,18,Winner_2022,56.7,39.0,1,True,0.0,
3HBUdn,4,19,Winner_2022,56.2,40.9,2,True,0.0,
3HBUdn,4,20,Winner_2022,55.7,44.0,2,True,0.0,
3HBUdn,4,21,Winner_2022,55.2,48.6,0,True,0.0,
3HBUdn,4,22,Winner_2022,54.7,53.0,0,True,0.0,
3HBUdn,4,23,Winner_2022,54.2,57.1,1,True,0.0,
3HBUdn,4,24,Winner_2022,53.7,61.4,0,True,0.0,
3HBUdn,4,25,Winner_2022,53.2,65.4,0,True,0.0,
3HBUdn,4,26,Winner_2022,52.7,69.0,0,True,0.0,
3HBUdn,4,27,Winner_2022,52.2,72.2,0,True,0.0,
3HBUdn,4,28,Winner_2022,51.7,74.7,0,True,0.0,
3HBUdn,4,29,Winner_2022,51.2,76.6,0,True,0.0,
3HBUdn,4,30,Winner_2022,50.7,77.8,0,True,0.0,
3HBUdn,4,31,Winner_2022,50.2,78.5,0,True,0.0,
3HBUdn,4,32,Winner_2022,49.7,78.8,0,True,0.0,
3HBUdn,4,33,Winner_2022,49.2,78.7,0,True,0.0,
3HBUdn,4,34,Winner_2022,48.7,78.1,0,True,0.0,
3HBUdn,4,35,Winner_2022,48.2,77.0,0,True,0.0,
3HBUdn,4,36,Winner_2022,47.7,75.6,0,True,0.0,
3HBUdn,4,37,Winner_2022,47.2,73.8,0,True,0.0,
3HBUdn,4,38,Winner_2022,46.7,71.7,0,True,0.0,
3HBUdn,4,39,Winner_2022,46.2,69.5,0,True,0.0,
3HBUdn,4,40,Winner_2022,46.7,67.0,0,True,0.001,
3HBUdn,4,41,Winner_2022,47.2,64.4,0,True,0.0,
3HBUdn,4,42,Winner_2022,47.7,61.6,0,True,0.0,
3HBUdn,4,43,Winner_2022,48.2,58.8,0,True,0.0,
3HBUdn,4,44,Winner_2022,48.7,55.9,0,True,0.0,
3HBUdn,4,45,Winner_2022,49.2,52.9,1,True,0.0,
3HBUdn,4,46,Winner_2022,49.7,50.3,0,True,0.0,
3HBUdn,4,47,Winner_2022,50.0,47.8,1,True,0.0,
3HBUdn,4,48,Winner_2022,50.5,45.6,0,True,0.0,
3HBUdn,4,49,Winner_2022,51.0,43.4,1,True,0.0,
3HBUdn,4,50,Winner_2022,51.5,41.5,1,True,0.0,
3HBUdn,4,51,Winner_2022,51.0,39.9,0,True,0.0,
3HBUdn,4,52,Winner_2022,50.5,38.1,1,True,0.0,
3HBUdn,4,53,Winner_2022,50.0,36.6,1,True,0.0,
3HBUdn,4,54,Winner_2022,49.5,35.2,0,True,0.0,
3HBUdn,4,55,Winner_2022,49.0,33.6,2,True,0.0,
3HBUdn,4,56,Winner_2022,48.5,32.5,1,True,0.0,
3HBUdn,4,57,Winner_2022,48.0,31.5,1,True,0.0,
3HBUdn,4,58,Winner_2022,47.5,30.7,1,True,0.0,
3HBUdn,4,59,Winner_2022,47.0,29.9,1,True,0.0,
3HBUdn,4,60,Winner_2022,46.5,29.3,0,True,0.0,
3HBUdn,4,61,Winner_2022,46.0,28.5,1,True,0.0,
3HBUdn,4,62,Winner_2022,45.5,27.8,1,True,0.0,
3HBUdn,4,63,Winner_2022,45.0,27.1,1,True,0.0,
3HBUdn,4,64,Winner_2022,44.5,26.5,3,True,0.0,
3HBUdn,4,65,Winner_2022,44.0,26.1,2,True,0.0,
3HBUdn,4,66,Winner_2022,43.5,25.9,2,True,0.0,
3HBUdn,4,67,Winner_2022,43.0,25.8,2,True,0.0,
3HBUdn,4,68,Winner_2022,42.5,25.8,1,True,0.0,
3HBUdn,4,69,Winner_2022,42.0,25.8,0,True,0.0,
3HBUdn,4,70,Winner_2022,41.5,25.7,2,True,0.0,
3HBUdn,4,71,Winner_2022,41.0,25.7,0,True,0.0,
3HBUdn,4,72,Winner_2022,40.5,25.5,0,True,0.0,
3HBUdn,4,73,Winner_2022,40.0,25.3,1,True,0.0,
3HBUdn,4,74,Winner_2022,39.5,25.0,0,True,0.0,
3HBUdn,4,75,Winner_2022,39.0,24.5,2,True,0.0,
3HBUdn,4,76,Winner_2022,38.5,24.1,2,True,0.0,
3HBUdn,4,77,Winner_2022,38.0,23.8,2,True,0.0,
3HBUdn,4,78,Winner_2022,37.5,23.6,0,True,0.0,
3HBUdn,4,79,Winner_2022,37.0,23.2,2,True,0.0,
3HBUdn,4,80,Winner_2022,36.5,23.0,2,True,0.0,
3HBUdn,4,81,Winner_2022,36.0,22.8,2,True,0.0,
3HBUdn,4,82,Winner_2022,35.5,22.6,0,True,0.0,
3HBUdn,4,83,Winner_2022,35.0,22.4,0,True,0.0,
3HBUdn,4,84,Winner_2022,34.5,22.1,2,True,0.0,
3HBUdn,4,85,Winner_2022,34.0,21.8,2,True,0.0,
3HBUdn,4,86,Winner_2022,33.5,21.5,0,True,0.0,
3HBUdn,4,87,Winner_2022,33.0,21.2,0,True,0.0,
3HBUdn,4,88,Winner_2022,32.5,20.8,2,True,0.0,
3HBUdn,4,89,Winner_2022,32.0,20.5,2,True,0.0,
3HBUdn,4,90,Winner_2022,31.5,20.2,1,True,0.0,
3HBUdn,4,91,Winner_2022,31.0,19.9,2,True,0.0,
3HBUdn,4,92,Winner_2022,30.5,19.7,1,True,0.0,
3HBUdn,4,93,Winner_2022,30.0,19.5,2,True,0.0,
3HBUdn,4,94,Winner_2022,29.5,19.3,1,True,0.0,
3HBUdn,4,95,Winner_2022,29.0,19.2,4,True,0.0,
3HBUdn,4,96,Winner_2022,28.5,19.2,3,True,0.0,
3HBUdn,4,97,Winner_2022,28.0,19.3,1,True,0.0,
3HBUdn,4,98,Winner_2022,27.5,19.5,0,True,0.0,
3HBUdn,4,99,Winner_2022,27.0,19.6,0,True,0.0,
3HBUdn,4,100,Winner_2022,26.5,19.6,0,True,0.0,
3HBUdn,5,1,Winner_2022,64.2,45.0,0,True,0.0,
3HBUdn,5,2,Winner_2022,63.7,36.0,0,True,0.0,
3HBUdn,5,3,Winner_2022,63.2,28.8,0,True,0.0,
3HBUdn,5,4,Winner_2022,62.7,23.0,0,True,0.0,
3HBUdn,5,5,Winner_2022,62.2,18.4,0,True,0.0,
3HBUdn,5,6,Winner_2022,61.7,14.7,1,True,0.0,
3HBUdn,5,7,Winner_2022,61.2,12.8,0,True,0.0,
3HBUdn,5,8,Winner_2022,60.7,11.0,2,True,0.0,
3HBUdn,5,9,Winner_2022,60.2,10.4,0,True,0.0,
3HBUdn,5,10,Winner_2022,59.7,9.7,2,True,0.0,
3HBUdn,5,11,Winner_2022,59.2,9.7,2,True,0.0,
3HBUdn,5,12,Winner_2022,58.7,10.3,1,True,0.0,
3HBUdn,5,13,Winner_2022,58.2,10.9,1,True,0.0,
3HBUdn,5,14,Winner_2022,57.7,11.7,0,True,0.0,
3HBUdn,5,15,Winner_2022,57.2,12.2,2,True,0.0,
3HBUdn,5,16,Winner_2022,56.7,13.0,1,True,0.0,
3HBUdn,5,17,Winner_2022,56.2,14.0,1,True,0.0,
3HBUdn,5,18,Winner_2022,55.7,15.1,3,True,0.0,
3HBUdn,5,19,Winner_2022,55.2,17.1,1,True,0.0,
3HBUdn,5,20,Winner_2022,54.7,19.4,3,True,0.0,
3HBUdn,5,21,Winner_2022,54.2,22.9,1,True,0.0,
3HBUdn,5,22,Winner_2022,53.7,27.1,0,True,0.0,
3HBUdn,5,23,Winner_2022,53.2,31.5,2,True,0.0,
3HBUdn,5,24,Winner_2022,52.7,36.9,1,True,0.0,
3HBUdn,5,25,Winner_2022,52.2,43.4,3,True,0.0,
3HBUdn,5,26,Winner_2022,51.7,52.0,0,True,0.0,
3HBUdn,5,27,Winner_2022,51.5,61.9,0,True,0.0,
3HBUdn,5,28,Winner_2022,51.0,72.6,0,True,0.0,
3HBUdn,5,29,Winner_2022,50.5,84.1,0,True,0.0,
3HBUdn,5,30,Winner_2022,50.0,96.2,0,True,0.0,
3HBUdn,5,31,Winner_2022,49.5,100.0,0,True,0.0,
3HBUdn,5,32,Winner_2022,49.0,100.0,0,True,0.0,
3HBUdn,5,33,Winner_2022,48.5,100.0,0,True,0.0,
3HBUdn,5,34,Winner_2022,48.0,100.0,0,True,0.0,
3HBUdn,5,35,Winner_2022,47.5,100.0,0,True,0.0,
3HBUdn,5,36,Winner_2022,47.0,100.0,0,True,0.0,
3HBUdn,5,37,Winner_2022,46.5,100.0,0,True,0.0,
3HBUdn,5,38,Winner_2022,46.0,100.0,0,True,0.0,
3HBUdn,5,39,Winner_2022,45.5,100.0,0,True,0.0,
3HBUdn,5,40,Winner_2022,45.0,100.0,0,True,0.0,
3HBUdn,5,41,Winner_2022,44.5,100.0,0,True,0.0,
3HBUdn,5,42,Winner_2022,44.0,100.0,0,True,0.0,
3HBUdn,5,43,Winner_2022,43.5,100.0,0,True,0.0,
3HBUdn,5,44,Winner_2022,43.0,100.0,0,True,0.0,
3HBUdn,5,45,Winner_2022,42.5,100.0,0,True,0.0,
3HBUdn,5,46,Winner_2022,42.0,100.0,0,True,0.0,
3HBUdn,5,47,Winner_2022,41.5,100.0,0,True,0.0,
3HBUdn,5,48,Winner_2022,41.0,100.0,0,True,0.0,
3HBUdn,5,49,Winner_2022,40.5,100.0,0,True,0.0,
3HBUdn,5,50,Winner_2022,40.0,100.0,0,True,0.0,
3HBUdn,5,51,Winner_2022,39.5,100.0,0,True,0.0,
3HBUdn,5,52,Winner_2022,39.0,100.0,0,True,0.0,
3HBUdn,5,53,Winner_2022,38.5,99.6,0,True,0.0,
3HBUdn,5,54,Winner_2022,38.0,98.5,0,True,0.0,
3HBUdn,5,55,Winner_2022,38.5,96.9,0,True,0.0,
3HBUdn,5,56,Winner_2022,39.0,94.9,0,True,0.0,
3HBUdn,5,57,Winner_2022,38.5,92.7,0,True,0.0,
3HBUdn,5,58,Winner_2022,39.0,90.2,0,True,0.0,
3HBUdn,5,59,Winner_2022,39.5,87.4,0,True,0.0,
3HBUdn,5,60,Winner_2022,40.0,84.4,0,True,0.0,
3HBUdn,5,61,Winner_2022,40.5,81.1,0,True,0.0,
3HBUdn,5,62,Winner_2022,41.0,77.7,0,True,0.0,
3HBUdn,5,63,Winner_2022,41.5,74.1,0,True,0.0,
3HBUdn,5,64,Winner_2022,42.0,70.3,0,True,0.0,
3HBUdn,5,65,Winner_2022,42.5,66.3,0,True,0.0,
3HBUdn,5,66,Winner_2022,43.0,62.4,0,True,0.0,
3HBUdn,5,67,Winner_2022,43.5,58.4,0,True,0.0,
3HBUdn,5,68,Winner_2022,44.0,54.4,0,True,0.0,
3HBUdn,5,69,Winner_2022,44.5,50.5,0,True,0.0,
3HBUdn,5,70,Winner_2022,45.0,46.8,0,True,0.0,
3HBUdn,5,71,Winner_2022,45.5,43.1,1,True,0.0,
3HBUdn,5,72,Winner_2022,46.0,39.8,0,True,0.0,
3HBUdn,5,73,Winner_2022,46.5,36.7,1,True,0.0,
3HBUdn,5,74,Winner_2022,47.0,33.8,1,True,0.0,
3HBUdn,5,75,Winner_2022,47.5,31.1,0,True,0.0,
3HBUdn,5,76,Winner_2022,48.0,28.5,1,True,0.0,
3HBUdn,5,77,Winner_2022,48.5,26.2,0,True,0.0,
3HBUdn,5,78,Winner_2022,48.0,24.0,2,True,0.0,
3HBUdn,5,79,Winner_2022,47.5,22.1,0,True,0.0,
3HBUdn,5,80,Winner_2022,47.0,20.3,1,True,0.0,
3HBUdn,5,81,Winner_2022,46.5,18.6,1,True,0.0,
3HBUdn,5,82,Winner_2022,46.0,17.1,2,True,0.0,
3HBUdn,5,83,Winner_2022,45.5,15.8,3,True,0.0,
3HBUdn,5,84,Winner_2022,45.0,14.7,1,True,0.0,
3HBUdn,5,85,Winner_2022,44.5,13.6,3,True,0.0,
3HBUdn,5,86,Winner_2022,44.0,12.8,2,True,0.0,
3HBUdn,5,87,Winner_2022,43.5,12.0,4,True,0.0,
3HBUdn,5,88,Winner_2022,43.0,11.4,1,True,0.0,
3HBUdn,5,89,Winner_2022,42.5,10.8,0,True,0.0,
3HBUdn,5,90,Winner_2022,42.0,10.2,2,True,0.0,
3HBUdn,5,91,Winner_2022,41.5,9.7,2,True,0.0,
3HBUdn,5,92,Winner_2022,41.0,9.2,1,True,0.0,
3HBUdn,5,93,Winner_2022,40.5,8.8,1,True,0.0,
3HBUdn,5,94,Winner_2022,40.0,8.4,3,True,0.0,
3HBUdn,5,95,Winner_2022,39.5,8.1,2,True,0.0,
3HBUdn,5,96,Winner_2022,39.0,7.8,2,True,0.0,
3HBUdn,5,97,Winner_2022,38.5,7.5,3,True,0.0,
3HBUdn,5,98,Winner_2022,38.0,7.3,2,True,0.0,
3HBUdn,5,99,Winner_2022,37.5,7.2,1,True,0.0,
3HBUdn,5,100,Winner_2022,37.0,7.0,4,True,0.0,
3HBUdn,6,1,Winner_2022,46.9,31.0,1,True,0.0,
3HBUdn,6,2,Winner_2022,46.4,35.6,2,True,0.0,
3HBUdn,6,3,Winner_2022,45.9,42.7,0,True,0.0,
3HBUdn,6,4,Winner_2022,45.4,50.5,0,True,0.0,
3HBUdn,6,5,Winner_2022,44.9,55.0,0,True,0.0,
3HBUdn,6,6,Winner_2022,45.4,56.2,0,True,0.0,
3HBUdn,6,7,Winner_2022,45.9,56.3,0,True,0.0,
3HBUdn,6,8,Winner_2022,46.4,54.6,0,True,0.0,
3HBUdn,6,9,Winner_2022,46.9,51.7,0,True,0.0,
3HBUdn,6,10,Winner_2022,47.4,48.2,1,True,0.0,
3HBUdn,6,11,Winner_2022,47.8,46.4,0,True,0.0,
3HBUdn,6,12,Winner_2022,48.3,44.1,0,True,0.0,
3HBUdn,6,13,Winner_2022,48.8,41.0,1,True,0.0,
3HBUdn,6,14,Winner_2022,49.3,38.9,1,True,0.0,
3HBUdn,6,15,Winner_2022,49.8,37.4,0,True,0.0,
3HBUdn,6,16,Winner_2022,50.3,35.5,0,True,0.0,
3HBUdn,6,17,Winner_2022,50.8,33.2,0,True,0.0,
3HBUdn,6,18,Winner_2022,51.3,30.9,1,True,0.0,
3HBUdn,6,19,Winner_2022,51.8,29.2,0,True,0.0,
3HBUdn,6,20,Winner_2022,52.3,27.4,1,True,0.0,
3HBUdn,6,21,Winner_2022,52.8,26.1,1,True,0.0,
3HBUdn,6,22,Winner_2022,52.3,25.1,3,True,0.0,
3HBUdn,6,23,Winner_2022,51.8,25.3,1,True,0.0,
3HBUdn,6,24,Winner_2022,51.3,25.6,0,True,0.0,
3HBUdn,6,25,Winner_2022,50.8,25.6,1,True,0.0,
3HBUdn,6,26,Winner_2022,50.3,25.9,2,True,0.0,
3HBUdn,6,27,Winner_2022,49.8,26.7,2,True,0.0,
3HBUdn,6,28,Winner_2022,49.3,28.0,1,True,0.0,
3HBUdn,6,29,Winner_2022,48.8,29.5,0,True,0.0,
3HBUdn,6,30,Winner_2022,48.3,30.7,1,True,0.0,
3HBUdn,6,31,Winner_2022,47.8,32.1,0,True,0.0,
3HBUdn,6,32,Winner_2022,47.3,33.4,0,True,0.0,
3HBUdn,6,33,Winner_2022,46.8,34.5,0,True,0.0,
3HBUdn,6,34,Winner_2022,46.3,35.4,1,True,0.0,
3HBUdn,6,35,Winner_2022,45.8,36.5,1,True,0.0,
3HBUdn,6,36,Winner_2022,45.3,37.7,1,True,0.0,
3HBUdn,6,37,Winner_2022,44.8,39.2,0,True,0.0,
3HBUdn,6,38,Winner_2022,44.3,40.5,1,True,0.0,
3HBUdn,6,39,Winner_2022,43.8,42.0,0,True,0.0,
3HBUdn,6,40,Winner_2022,43.3,43.4,1,True,0.0,
3HBUdn,6,41,Winner_2022,43.3,45.0,0,True,0.0,
3HBUdn,6,42,Winner_2022,42.8,46.4,1,True,0.0,
3HBUdn,6,43,Winner_2022,42.3,48.0,0,True,0.0,
3HBUdn,6,44,Winner_2022,41.8,49.4,0,True,0.0,
3HBUdn,6,45,Winner_2022,41.3,50.6,0,True,0.0,
3HBUdn,6,46,Winner_2022,40.8,51.6,0,True,0.0,
3HBUdn,6,47,Winner_2022,40.3,52.4,0,True,0.0,
3HBUdn,6,48,Winner_2022,39.8,53.0,0,True,0.0,
3HBUdn,6,49,Winner_2022,39.3,53.5,0,True,0.0,
3HBUdn,6,50,Winner_2022,38.8,53.6,0,True,0.0,
3HBUdn,6,51,Winner_2022,38.3,53.5,0,True,0.0,
3HBUdn,6,52,Winner_2022,37.8,53.2,0,True,0.0,
3HBUdn,6,53,Winner_2022,37.3,52.6,0,True,0.0,
3HBUdn,6,54,Winner_2022,36.8,51.6,0,True,0.0,
3HBUdn,6,55,Winner_2022,36.3,50.5,0,True,0.0,
3HBUdn,6,56,Winner_2022,35.8,49.1,0,True,0.0,
3HBUdn,6,57,Winner_2022,35.3,47.6,0,True,0.0,
3HBUdn,6,58,Winner_2022,34.8,46.0,0,True,0.0,
3HBUdn,6,59,Winner_2022,34.3,44.3,0,True,0.0,
3HBUdn,6,60,Winner_2022,33.8,42.5,0,True,0.0,
3HBUdn,6,61,Winner_2022,33.3,40.6,0,True,0.0,
3HBUdn,6,62,Winner_2022,32.8,38.7,0,True,0.0,
3HBUdn,6,63,Winner_2022,32.3,36.6,0,True,0.0,
3HBUdn,6,64,Winner_2022,31.8,34.6,0,True,0.0,
3HBUdn,6,65,Winner_2022,31.3,32.4,1,True,0.0,
3HBUdn,6,66,Winner_2022,30.8,30.5,0,True,0.0,
3HBUdn,6,67,Winner_2022,30.6,28.6,1,True,0.0,
3HBUdn,6,68,Winner_2022,30.1,26.7,0,True,0.0,
3HBUdn,6,69,Winner_2022,29.6,25.0,0,True,0.0,
3HBUdn,6,70,Winner_2022,29.1,23.2,1,True,0.0,
3HBUdn,6,71,Winner_2022,28.6,21.6,0,True,0.0,
3HBUdn,6,72,Winner_2022,28.1,20.1,1,True,0.0,
3HBUdn,6,73,Winner_2022,27.6,18.6,0,True,0.0,
3HBUdn,6,74,Winner_2022,27.1,17.3,3,True,0.0,
3HBUdn,6,75,Winner_2022,26.6,16.1,0,True,0.0,
3HBUdn,6,76,Winner_2022,26.1,15.0,1,True,0.0,
3HBUdn,6,77,Winner_2022,25.6,13.9,0,True,0.0,
3HBUdn,6,78,Winner_2022,25.1,12.9,1,True,0.0,
3HBUdn,6,79,Winner_2022,24.6,12.0,1,True,0.0,
3HBUdn,6,80,Winner_2022,24.1,11.1,1,True,0.0,
3HBUdn,6,81,Winner_2022,23.6,10.3,1,True,0.0,
3HBUdn,6,82,Winner_2022,23.1,9.6,1,True,0.0,
3HBUdn,6,83,Winner_2022,22.6,8.9,1,True,0.0,
3HBUdn,6,84,Winner_2022,22.1,8.3,2,True,0.0,
3HBUdn,6,85,Winner_2022,21.6,7.7,1,True,0.0,
3HBUdn,6,86,Winner_2022,21.1,7.2,0,True,0.0,
3HBUdn,6,87,Winner_2022,20.6,6.7,0,True,0.0,
3HBUdn,6,88,Winner_2022,20.1,6.2,0,True,0.0,
3HBUdn,6,89,Winner_2022,19.6,5.8,1,True,0.0,
3HBUdn,6,90,Winner_2022,19.1,5.3,1,True,0.0,
3HBUdn,6,91,Winner_2022,18.6,5.0,0,True,0.0,
3HBUdn,6,92,Winner_2022,18.1,5.0,2,True,0.0,
3HBUdn,6,93,Winner_2022,17.6,5.0,3,True,0.0,
3HBUdn,6,94,Winner_2022,17.1,5.0,2,True,0.0,
3HBUdn,6,95,Winner_2022,16.6,5.0,3,True,0.0,
3HBUdn,6,96,Winner_2022,16.1,5.0,2,True,0.0,
3HBUdn,6,97,Winner_2022,15.6,5.0,0,True,0.0,
3HBUdn,6,98,Winner_2022,15.1,5.0,0,True,0.0,
3HBUdn,6,99,Winner_2022,14.6,5.0,2,True,0.0,
3HBUdn,6,100,Winner_2022,14.1,5.0,0,True,0.0,
3HBUdn,7,1,Winner_2022,41.9,64.0,0,True,0.0,
3HBUdn,7,2,Winner_2022,42.4,51.2,0,True,0.0,
3HBUdn,7,3,Winner_2022,42.9,41.0,0,True,0.0,
3HBUdn,7,4,Winner_2022,43.4,32.8,0,True,0.0,
3HBUdn,7,5,Winner_2022,43.9,26.2,1,True,0.0,
3HBUdn,7,6,Winner_2022,44.4,22.9,0,True,0.0,
3HBUdn,7,7,Winner_2022,43.9,19.9,1,True,0.0,
3HBUdn,7,8,Winner_2022,43.4,18.2,0,True,0.0,
3HBUdn,7,9,Winner_2022,42.9,16.3,0,True,0.0,
3HBUdn,7,10,Winner_2022,42.4,14.5,0,True,0.0,
3HBUdn,7,11,Winner_2022,41.9,12.8,2,True,0.0,
3HBUdn,7,12,Winner_2022,41.4,12.1,2,True,0.0,
3HBUdn,7,13,Winner_2022,40.9,12.1,1,True,0.0,
3HBUdn,7,14,Winner_2022,40.4,12.2,1,True,0.0,
3HBUdn,7,15,Winner_2022,39.9,12.4,4,True,0.0,
3HBUdn,7,16,Winner_2022,39.4,13.5,2,True,0.0,
3HBUdn,7,17,Winner_2022,38.9,15.1,2,True,0.0,
3HBUdn,7,18,Winner_2022,38.4,17.4,0,True,0.0,
3HBUdn,7,19,Winner_2022,37.9,19.7,0,True,0.0,
3HBUdn,7,20,Winner_2022,37.4,21.9,0,True,0.0,
3HBUdn,7,21,Winner_2022,36.9,24.2,0,True,0.0,
3HBUdn,7,22,Winner_2022,36.4,26.4,1,True,0.0,
3HBUdn,7,23,Winner_2022,35.9,28.9,1,True,0.0,
3HBUdn,7,24,Winner_2022,35.4,31.5,2,True,0.0,
3HBUdn,7,25,Winner_2022,34.9,35.0,0,True,0.0,
3HBUdn,7,26,Winner_2022,34.8,38.6,0,True,0.0,
3HBUdn,7,27,Winner_2022,34.3,42.0,0,True,0.0,
3HBUdn,7,28,Winner_2022,33.8,45.2,0,True,0.0,
3HBUdn,7,29,Winner_2022,33.3,48.2,0,True,0.0,
3HBUdn,7,30,Winner_2022,32.8,50.8,0,True,0.0,
3HBUdn,7,31,Winner_2022,32.3,53.1,0,True,0.0,
3HBUdn,7,32,Winner_2022,31.8,55.2,0,True,0.0,
3HBUdn,7,33,Winner_2022,31.3,57.1,0,True,0.0,
3HBUdn,7,34,Winner_2022,30.8,58.6,0,True,0.0,
3HBUdn,7,35,Winner_2022,30.3,59.7,0,True,0.0,
3HBUdn,7,36,Winner_2022,29.8,60.5,0,True,0.0,
3HBUdn,7,37,Winner_2022,29.3,61.0,0,True,0.0,
3HBUdn,7,38,Winner_2022,28.8,61.1,0,True,0.0,
3HBUdn,7,39,Winner_2022,28.3,61.0,0,True,0.0,
3HBUdn,7,40,Winner_2022,27.8,60.6,0,True,0.0,
3HBUdn,7,41,Winner_2022,27.3,60.0,0,True,0.0,
3HBUdn,7,42,Winner_2022,26.8,59.1,0,True,0.0,
3HBUdn,7,43,Winner_2022,26.3,57.9,0,True,0.0,
3HBUdn,7,44,Winner_2022,25.8,56.6,0,True,0.0,
3HBUdn,7,45,Winner_2022,25.3,55.0,0,True,0.0,
3HBUdn,7,46,Winner_2022,24.8,53.3,0,True,0.0,
3HBUdn,7,47,Winner_2022,24.3,51.4,0,True,0.0,
3HBUdn,7,48,Winner_2022,23.8,49.6,0,True,0.0,
3HBUdn,7,49,Winner_2022,23.3,47.6,0,True,0.0,
3HBUdn,7,50,Winner_2022,22.8,45.5,0,True,0.0,
3HBUdn,7,51,Winner_2022,22.3,43.3,0,True,0.0,
3HBUdn,7,52,Winner_2022,21.8,41.1,0,True,0.0,
3HBUdn,7,53,Winner_2022,22.3,38.9,0,True,0.0,
3HBUdn,7,54,Winner_2022,21.8,36.5,0,True,0.0,
3HBUdn,7,55,Winner_2022,21.3,34.2,1,True,0.0,
3HBUdn,7,56,Winner_2022,21.8,32.1,1,True,0.0,
3HBUdn,7,57,Winner_2022,22.3,30.3,0,True,0.0,
3HBUdn,7,58,Winner_2022,22.8,28.6,1,True,0.0,
3HBUdn,7,59,Winner_2022,23.3,27.0,0,True,0.0,
3HBUdn,7,60,Winner_2022,22.8,25.4,0,True,0.0,
3HBUdn,7,61,Winner_2022,22.3,23.8,0,True,0.001,
3HBUdn,7,62,Winner_2022,22.8,22.2,2,True,0.0,
3HBUdn,7,63,Winner_2022,22.5,20.9,2,True,0.0,
3HBUdn,7,64,Winner_2022,23.0,19.9,0,True,0.0,
3HBUdn,7,65,Winner_2022,22.5,18.7,1,True,0.0,
3HBUdn,7,66,Winner_2022,22.0,17.7,1,True,0.0,
3HBUdn,7,67,Winner_2022,21.5,16.8,0,True,0.0,
3HBUdn,7,68,Winner_2022,21.0,15.8,2,True,0.0,
3HBUdn,7,69,Winner_2022,20.5,15.0,0,True,0.0,
3HBUdn,7,70,Winner_2022,20.0,14.1,0,True,0.0,
3HBUdn,7,71,Winner_2022,19.5,13.3,0,True,0.0,
3HBUdn,7,72,Winner_2022,19.0,12.4,0,True,0.0,
3HBUdn,7,73,Winner_2022,18.5,11.6,1,True,0.0,
3HBUdn,7,74,Winner_2022,18.0,10.8,0,True,0.0,
3HBUdn,7,75,Winner_2022,17.5,10.1,0,True,0.0,
3HBUdn,7,76,Winner_2022,17.0,9.3,2,True,0.0,
3HBUdn,7,77,Winner_2022,16.5,8.7,0,True,0.0,
3HBUdn,7,78,Winner_2022,16.0,8.0,0,True,0.0,
3HBUdn,7,79,Winner_2022,15.5,7.4,1,True,0.0,
3HBUdn,7,80,Winner_2022,15.0,6.9,3,True,0.0,
3HBUdn,7,81,Winner_2022,14.5,6.4,0,True,0.0,
3HBUdn,7,82,Winner_2022,14.0,5.9,0,True,0.0,
3HBUdn,7,83,Winner_2022,13.5,5.5,0,True,0.0,
3HBUdn,7,84,Winner_2022,13.0,5.1,2,True,0.0,
3HBUdn,7,85,Winner_2022,12.5,5.0,1,True,0.0,
3HBUdn,7,86,Winner_2022,12.0,5.0,0,True,0.0,
3HBUdn,7,87,Winner_2022,11.5,5.0,0,True,0.0,
3HBUdn,7,88,Winner_2022,11.0,5.0,0,True,0.0,
3HBUdn,7,89,Winner_2022,10.5,5.0,1,True,0.0,
3HBUdn,7,90,Winner_2022,10.0,5.0,0,True,0.0,
3HBUdn,7,91,Winner_2022,9.5,5.0,0,True,0.0,
3HBUdn,7,92,Winner_2022,9.0,5.0,1,True,0.0,
3HBUdn,7,93,Winner_2022,8.5,5.0,0,True,0.0,
3HBUdn,7,94,Winner_2022,8.0,5.0,0,True,0.0,
3HBUdn,7,95,Winner_2022,7.5,5.0,0,True,0.0,
3HBUdn,7,96,Winner_2022,7.0,5.0,0,True,0.0,
3HBUdn,7,97,Winner_2022,6.5,5.0,1,True,0.0,
3HBUdn,7,98,Winner_2022,6.0,5.0,1,True,0.0,
3HBUdn,7,99,Winner_2022,5.5,5.0,0,True,0.0,
3HBUdn,7,100,Winner_2022,5.3,5.0,1,True,0.0,
3HBUdn,8,1,Winner_2022,30.9,85.0,0,True,0.0,
3HBUdn,8,2,Winner_2022,31.4,68.0,0,True,0.0,
3HBUdn,8,3,Winner_2022,31.9,54.4,0,True,0.0,
3HBUdn,8,4,Winner_2022,32.4,43.5,0,True,0.0,
3HBUdn,8,5,Winner_2022,32.9,34.8,0,True,0.0,
3HBUdn,8,6,Winner_2022,33.4,27.9,0,True,0.0,
3HBUdn,8,7,Winner_2022,33.9,22.3,1,True,0.0,
3HBUdn,8,8,Winner_2022,34.4,19.1,2,True,0.0,
3HBUdn,8,9,Winner_2022,34.9,18.1,2,True,0.0,
3HBUdn,8,10,Winner_2022,35.4,18.5,0,True,0.0,
3HBUdn,8,11,Winner_2022,35.9,18.5,0,True,0.0,
3HBUdn,8,12,Winner_2022,36.4,18.3,0,True,0.0,
3HBUdn,8,13,Winner_2022,36.9,17.6,0,True,0.0,
3HBUdn,8,14,Winner_2022,37.4,16.7,0,True,0.0,
3HBUdn,8,15,Winner_2022,37.9,15.6,1,True,0.0,
3HBUdn,8,16,Winner_2022,38.4,14.8,0,True,0.0,
3HBUdn,8,17,Winner_2022,38.9,13.9,0,True,0.0,
3HBUdn,8,18,Winner_2022,39.4,12.9,0,True,0.0,
3HBUdn,8,19,Winner_2022,39.9,11.9,0,True,0.0,
3HBUdn,8,20,Winner_2022,40.4,10.9,1,True,0.0,
3HBUdn,8,21,Winner_2022,40.9,10.2,0,True,0.0,
3HBUdn,8,22,Winner_2022,41.4,9.5,0,True,0.0,
3HBUdn,8,23,Winner_2022,41.9,8.7,0,True,0.0,
3HBUdn,8,24,Winner_2022,42.4,8.0,0,True,0.0,
3HBUdn,8,25,Winner_2022,42.9,7.2,2,True,0.0,
3HBUdn,8,26,Winner_2022,43.4,6.8,1,True,0.0,
3HBUdn,8,27,Winner_2022,43.9,6.4,1,True,0.0,
3HBUdn,8,28,Winner_2022,44.4,6.1,3,True,0.0,
3HBUdn,8,29,Winner_2022,44.9,6.0,1,True,0.0,
3HBUdn,8,30,Winner_2022,45.4,5.9,1,True,0.0,
3HBUdn,8,31,Winner_2022,45.9,5.9,1,True,0.0,
3HBUdn,8,32,Winner_2022,46.4,5.9,1,True,0.0,
3HBUdn,8,33,Winner_2022,46.9,6.0,3,True,0.0,
3HBUdn,8,34,Winner_2022,47.4,6.2,1,True,0.0,
3HBUdn,8,35,Winner_2022,47.9,6.5,0,True,0.0,
3HBUdn,8,36,Winner_2022,48.4,6.7,2,True,0.0,
3HBUdn,8,37,Winner_2022,48.9,7.0,1,True,0.0,
3HBUdn,8,38,Winner_2022,49.4,7.4,1,True,0.0,
3HBUdn,8,39,Winner_2022,49.9,7.8,1,True,0.0,
3HBUdn,8,40,Winner_2022,50.4,8.3,1,True,0.0,
3HBUdn,8,41,Winner_2022,50.9,8.9,3,True,0.0,
3HBUdn,8,42,Winner_2022,50.4,9.6,0,True,0.0,
3HBUdn,8,43,Winner_2022,49.9,10.4,1,True,0.0,
3HBUdn,8,44,Winner_2022,49.4,11.3,4,True,0.0,
3HBUdn,8,45,Winner_2022,48.9,12.5,1,True,0.0,
3HBUdn,8,46,Winner_2022,48.4,13.9,2,True,0.0,
3HBUdn,8,47,Winner_2022,47.9,15.6,0,True,0.0,
3HBUdn,8,48,Winner_2022,47.4,17.5,4,True,0.0,
3HBUdn,8,49,Winner_2022,46.9,20.0,1,True,0.0,
3HBUdn,8,50,Winner_2022,46.4,22.9,0,True,0.0,
3HBUdn,8,51,Winner_2022,45.9,26.0,0,True,0.0,
3HBUdn,8,52,Winner_2022,45.4,29.3,1,True,0.0,
3HBUdn,8,53,Winner_2022,44.9,33.0,0,True,0.0,
3HBUdn,8,54,Winner_2022,44.4,36.8,2,True,0.0,
3HBUdn,8,55,Winner_2022,43.9,41.2,1,True,0.0,
3HBUdn,8,56,Winner_2022,43.4,46.1,0,True,0.0,
3HBUdn,8,57,Winner_2022,42.9,51.4,0,True,0.0,
3HBUdn,8,58,Winner_2022,42.4,56.9,0,True,0.0,
3HBUdn,8,59,Winner_2022,41.9,62.7,0,True,0.0,
3HBUdn,8,60,Winner_2022,42.4,68.6,0,True,0.0,
3HBUdn,8,61,Winner_2022,42.9,74.5,0,True,0.0,
3HBUdn,8,62,Winner_2022,43.4,80.4,0,True,0.0,
3HBUdn,8,63,Winner_2022,43.9,86.3,0,True,0.0,
3HBUdn,8,64,Winner_2022,44.4,91.9,0,True,0.0,
3HBUdn,8,65,Winner_2022,44.9,97.0,0,True,0.0,
3HBUdn,8,66,Winner_2022,45.4,100.0,0,True,0.0,
3HBUdn,8,67,Winner_2022,45.9,100.0,0,True,0.0,
3HBUdn,8,68,Winner_2022,46.4,100.0,0,True,0.0,
3HBUdn,8,69,Winner_2022,46.9,100.0,0,True,0.0,
3HBUdn,8,70,Winner_2022,47.4,100.0,0,True,0.0,
3HBUdn,8,71,Winner_2022,47.9,100.0,0,True,0.0,
3HBUdn,8,72,Winner_2022,48.4,100.0,0,True,0.0,
3HBUdn,8,73,Winner_2022,48.9,100.0,0,True,0.0,
3HBUdn,8,74,Winner_2022,49.4,100.0,0,True,0.0,
3HBUdn,8,75,Winner_2022,49.9,99.3,0,True,0.0,
3HBUdn,8,76,Winner_2022,50.4,98.2,0,True,0.0,
3HBUdn,8,77,Winner_2022,50.9,96.6,0,True,0.0,
3HBUdn,8,78,Winner_2022,51.4,94.6,0,True,0.0,
3HBUdn,8,79,Winner_2022,51.9,92.2,0,True,0.0,
3HBUdn,8,80,Winner_2022,52.4,89.5,0,True,0.0,
3HBUdn,8,81,Winner_2022,52.9,86.5,0,True,0.0,
3HBUdn,8,82,Winner_2022,53.4,83.3,0,True,0.0,
3HBUdn,8,83,Winner_2022,53.9,80.0,0,True,0.0,
3HBUdn,8,84,Winner_2022,54.4,76.4,0,True,0.0,
3HBUdn,8,85,Winner_2022,54.9,72.8,0,True,0.0,
3HBUdn,8,86,Winner_2022,55.4,69.1,0,True,0.0,
3HBUdn,8,87,Winner_2022,55.9,65.3,0,True,0.0,
3HBUdn,8,88,Winner_2022,56.4,61.5,1,True,0.0,
3HBUdn,8,89,Winner_2022,56.9,58.0,0,True,0.0,
3HBUdn,8,90,Winner_2022,57.4,54.6,0,True,0.0,
3HBUdn,8,91,Winner_2022,57.9,51.2,0,True,0.0,
3HBUdn,8,92,Winner_2022,57.4,47.9,1,True,0.0,
3HBUdn,8,93,Winner_2022,56.9,44.9,2,True,0.0,
3HBUdn,8,94,Winner_2022,56.4,42.2,0,True,0.0,
3HBUdn,8,95,Winner_2022,55.9,39.7,2,True,0.0,
3HBUdn,8,96,Winner_2022,55.4,37.4,1,True,0.0,
3HBUdn,8,97,Winner_2022,54.9,35.3,1,True,0.0,
3HBUdn,8,98,Winner_2022,54.4,33.4,2,True,0.0,
3HBUdn,8,99,Winner_2022,53.9,31.6,1,True,0.0,
3HBUdn,8,100,Winner_2022,53.4,30.1,2,True,0.0,
3HBUdn,9,1,Winner_2022,35.7,59.0,0,True,0.0,
3HBUdn,9,2,Winner_2022,36.2,47.2,0,True,0.0,
3HBUdn,9,3,Winner_2022,36.7,37.8,1,True,0.0,
3HBUdn,9,4,Winner_2022,37.2,35.0,1,True,0.0,
3HBUdn,9,5,Winner_2022,37.7,34.7,0,True,0.0,
3HBUdn,9,6,Winner_2022,38.2,33.0,1,True,0.0,
3HBUdn,9,7,Winner_2022,38.7,33.0,1,True,0.0,
3HBUdn,9,8,Winner_2022,39.2,33.9,0,True,0.0,
3HBUdn,9,9,Winner_2022,39.7,33.8,1,True,0.0,
3HBUdn,9,10,Winner_2022,40.2,34.5,0,True,0.0,
3HBUdn,9,11,Winner_2022,40.7,34.6,1,True,0.0,
3HBUdn,9,12,Winner_2022,41.2,35.4,1,True,0.0,
3HBUdn,9,13,Winner_2022,41.7,36.4,0,True,0.0,
3HBUdn,9,14,Winner_2022,42.2,36.7,1,True,0.0,
3HBUdn,9,15,Winner_2022,42.7,37.3,0,True,0.0,
3HBUdn,9,16,Winner_2022,43.2,37.2,1,True,0.0,
3HBUdn,9,17,Winner_2022,43.7,37.4,0,True,0.0,
3HBUdn,9,18,Winner_2022,44.2,37.2,0,True,0.0,
3HBUdn,9,19,Winner_2022,44.7,36.7,2,True,0.0,
3HBUdn,9,20,Winner_2022,45.2,37.3,0,True,0.0,
3HBUdn,9,21,Winner_2022,45.7,37.6,1,True,0.0,
3HBUdn,9,22,Winner_2022,46.2,38.3,1,True,0.0,
3HBUdn,9,23,Winner_2022,46.7,39.2,0,True,0.0,
3HBUdn,9,24,Winner_2022,47.2,39.7,1,True,0.0,
3HBUdn,9,25,Winner_2022,47.7,40.4,3,True,0.0,
3HBUdn,9,26,Winner_2022,48.2,42.6,0,True,0.0,
3HBUdn,9,27,Winner_2022,48.7,44.6,0,True,0.0,
3HBUdn,9,28,Winner_2022,49.2,46.1,1,True,0.0,
3HBUdn,9,29,Winner_2022,49.7,47.9,0,True,0.0,
3HBUdn,9,30,Winner_2022,50.2,49.3,2,True,0.0,
3HBUdn,9,31,Winner_2022,50.7,51.5,0,True,0.0,
3HBUdn,9,32,Winner_2022,51.1,53.6,0,True,0.0,
3HBUdn,9,33,Winner_2022,51.6,55.4,0,True,0.0,
3HBUdn,9,34,Winner_2022,52.1,56.9,0,True,0.0,
3HBUdn,9,35,Winner_2022,52.6,57.9,0,True,0.0,
3HBUdn,9,36,Winner_2022,53.1,58.7,0,True,0.0,
3HBUdn,9,37,Winner_2022,53.6,59.2,0,True,0.0,
3HBUdn,9,38,Winner_2022,54.1,59.3,1,True,0.0,
3HBUdn,9,39,Winner_2022,54.6,59.8,0,True,0.0,
3HBUdn,9,40,Winner_2022,55.1,60.0,0,True,0.0,
3HBUdn,9,41,Winner_2022,55.6,59.9,0,True,0.0,
3HBUdn,9,42,Winner_2022,56.1,59.6,0,True,0.0,
3HBUdn,9,43,Winner_2022,56.6,59.0,1,True,0.0,
3HBUdn,9,44,Winner_2022,57.1,58.6,0,True,0.0,
3HBUdn,9,45,Winner_2022,57.6,58.0,1,True,0.0,
3HBUdn,9,46,Winner_2022,57.8,57.7,1,True,0.0,
3HBUdn,9,47,Winner_2022,57.9,57.6,1,True,0.0,
3HBUdn,9,48,Winner_2022,58.0,57.8,3,True,0.0,
3HBUdn,9,49,Winner_2022,58.2,59.3,0,True,0.0,
3HBUdn,9,50,Winner_2022,58.7,60.3,0,True,0.0,
3HBUdn,9,51,Winner_2022,59.2,61.2,0,True,0.0,
3HBUdn,9,52,Winner_2022,59.7,61.7,1,True,0.0,
3HBUdn,9,53,Winner_2022,60.2,62.3,2,True,0.0,
3HBUdn,9,54,Winner_2022,60.7,63.4,1,True,0.0,
3HBUdn,9,55,Winner_2022,61.2,64.5,0,True,0.0,
3HBUdn,9,56,Winner_2022,61.7,65.4,0,True,0.0,
3HBUdn,9,57,Winner_2022,62.2,66.0,1,True,0.0,
3HBUdn,9,58,Winner_2022,62.7,66.7,0,True,0.0,
3HBUdn,9,59,Winner_2022,63.2,67.2,1,True,0.0,
3HBUdn,9,60,Winner_2022,63.7,67.8,1,True,0.0,
3HBUdn,9,61,Winner_2022,64.2,68.4,0,True,0.0,
3HBUdn,9,62,Winner_2022,64.7,68.6,1,True,0.0,
3HBUdn,9,63,Winner_2022,65.2,68.9,0,True,0.0,
3HBUdn,9,64,Winner_2022,65.7,68.8,0,True,0.0,
3HBUdn,9,65,Winner_2022,66.2,68.3,0,True,0.0,
3HBUdn,9,66,Winner_2022,66.7,67.4,2,True,0.0,
3HBUdn,9,67,Winner_2022,67.0,66.8,1,True,0.0,
3HBUdn,9,68,Winner_2022,67.1,66.2,2,True,0.0,
3HBUdn,9,69,Winner_2022,67.6,65.9,0,True,0.0,
3HBUdn,9,70,Winner_2022,68.1,65.3,0,True,0.0,
3HBUdn,9,71,Winner_2022,68.6,64.3,0,True,0.0,
3HBUdn,9,72,Winner_2022,69.1,63.1,1,True,0.0,
3HBUdn,9,73,Winner_2022,69.6,61.9,1,True,0.0,
3HBUdn,9,74,Winner_2022,70.1,60.6,0,True,0.0,
3HBUdn,9,75,Winner_2022,70.6,59.0,1,True,0.0,
3HBUdn,9,76,Winner_2022,71.1,57.4,2,True,0.0,
3HBUdn,9,77,Winner_2022,71.6,56.0,2,True,0.0,
3HBUdn,9,78,Winner_2022,72.1,54.8,1,True,0.0,
3HBUdn,9,79,Winner_2022,72.6,53.7,1,True,0.0,
3HBUdn,9,80,Winner_2022,73.1,52.5,1,True,0.0,
3HBUdn,9,81,Winner_2022,73.6,51.3,1,True,0.0,
3HBUdn,9,82,Winner_2022,74.1,50.1,1,True,0.0,
3HBUdn,9,83,Winner_2022,74.6,48.9,0,True,0.0,
3HBUdn,9,84,Winner_2022,75.1,47.5,3,True,0.0,
3HBUdn,9,85,Winner_2022,74.6,46.5,2,True,0.0,
3HBUdn,9,86,Winner_2022,74.1,45.5,0,True,0.0,
3HBUdn,9,87,Winner_2022,73.6,44.4,3,True,0.0,
3HBUdn,9,88,Winner_2022,73.1,43.6,3,True,0.0,
3HBUdn,9,89,Winner_2022,72.6,43.0,0,True,0.0,
3HBUdn,9,90,Winner_2022,72.1,42.3,6,True,0.0,
3HBUdn,9,91,Winner_2022,71.6,42.2,0,True,0.0,
3HBUdn,9,92,Winner_2022,71.1,41.9,1,True,0.0,
3HBUdn,9,93,Winner_2022,70.6,41.7,3,True,0.0,
3HBUdn,9,94,Winner_2022,70.1,41.7,2,True,0.0,
3HBUdn,9,95,Winner_2022,69.6,41.9,1,True,0.0,
3HBUdn,9,96,Winner_2022,69.1,42.0,1,True,0.0,
3HBUdn,9,97,Winner_2022,68.6,42.2,1,True,0.0,
3HBUdn,9,98,Winner_2022,68.1,42.4,1,True,0.0,
3HBUdn,9,99,Winner_2022,67.6,42.6,0,True,0.0,
3HBUdn,9,100,Winner_2022,67.1,42.7,0,True,0.0,
3HBUdn,10,1,Winner_2022,52.1,35.0,0,True,0.0,
3HBUdn,10,2,Winner_2022,51.6,28.0,0,True,0.0,
3HBUdn,10,3,Winner_2022,51.1,22.4,1,True,0.0,
3HBUdn,10,4,Winner_2022,50.6,20.8,1,True,0.0,
3HBUdn,10,5,Winner_2022,50.1,20.6,0,True,0.0,
3HBUdn,10,6,Winner_2022,49.6,19.5,2,True,0.0,
3HBUdn,10,7,Winner_2022,49.1,20.9,0,True,0.0,
3HBUdn,10,8,Winner_2022,48.6,21.4,0,True,0.0,
3HBUdn,10,9,Winner_2022,48.1,21.4,1,True,0.0,
3HBUdn,10,10,Winner_2022,47.6,21.8,0,True,0.0,
3HBUdn,10,11,Winner_2022,47.1,21.9,0,True,0.0,
3HBUdn,10,12,Winner_2022,46.6,21.6,0,True,0.0,
3HBUdn,10,13,Winner_2022,46.1,20.8,0,True,0.0,
3HBUdn,10,14,Winner_2022,45.6,19.7,1,True,0.0,
3HBUdn,10,15,Winner_2022,45.1,19.0,1,True,0.0,
3HBUdn,10,16,Winner_2022,44.6,18.5,1,True,0.0,
3HBUdn,10,17,Winner_2022,44.1,18.1,1,True,0.0,
3HBUdn,10,18,Winner_2022,43.6,18.0,1,True,0.0,
3HBUdn,10,19,Winner_2022,43.1,18.2,0,True,0.0,
3HBUdn,10,20,Winner_2022,42.6,18.1,2,True,0.0,
3HBUdn,10,21,Winner_2022,42.1,18.6,2,True,0.0,
3HBUdn,10,22,Winner_2022,41.6,19.6,2,True,0.0,
3HBUdn,10,23,Winner_2022,41.1,21.1,1,True,0.0,
3HBUdn,10,24,Winner_2022,40.6,22.7,2,True,0.0,
3HBUdn,10,25,Winner_2022,40.1,24.9,1,True,0.0,
3HBUdn,10,26,Winner_2022,39.6,27.4,1,True,0.0,
3HBUdn,10,27,Winner_2022,39.1,30.3,0,True,0.0,
3HBUdn,10,28,Winner_2022,38.6,33.0,1,True,0.0,
3HBUdn,10,29,Winner_2022,38.1,36.0,2,True,0.0,
3HBUdn,10,30,Winner_2022,38.6,39.8,1,True,0.0,
3HBUdn,10,31,Winner_2022,39.1,44.0,1,True,0.0,
3HBUdn,10,32,Winner_2022,39.6,49.0,1,True,0.0,
3HBUdn,10,33,Winner_2022,40.1,54.6,0,True,0.0,
3HBUdn,10,34,Winner_2022,40.6,60.4,0,True,0.0,
3HBUdn,10,35,Winner_2022,41.1,66.1,0,True,0.0,
3HBUdn,10,36,Winner_2022,41.6,72.0,0,True,0.0,
3HBUdn,10,37,Winner_2022,42.1,77.8,0,True,0.0,
3HBUdn,10,38,Winner_2022,42.6,83.5,0,True,0.0,
3HBUdn,10,39,Winner_2022,43.1,89.1,0,True,0.0,
3HBUdn,10,40,Winner_2022,43.6,94.6,0,True,0.0,
3HBUdn,10,41,Winner_2022,44.1,99.9,0,True,0.0,
3HBUdn,10,42,Winner_2022,44.6,100.0,0,True,0.0,
3HBUdn,10,43,Winner_2022,45.1,100.0,0,True,0.0,
3HBUdn,10,44,Winner_2022,45.6,100.0,0,True,0.0,
3HBUdn,10,45,Winner_2022,46.1,100.0,0,True,0.0,
3HBUdn,10,46,Winner_2022,46.6,100.0,0,True,0.0,
3HBUdn,10,47,Winner_2022,47.1,100.0,0,True,0.0,
3HBUdn,10,48,Winner_2022,47.6,100.0,0,True,0.0,
3HBUdn,10,49,Winner_2022,48.1,100.0,0,True,0.0,
3HBUdn,10,50,Winner_2022,48.6,100.0,0,True,0.0,
3HBUdn,10,51,Winner_2022,49.1,100.0,0,True,0.0,
3HBUdn,10,52,Winner_2022,49.6,100.0,0,True,0.0,
3HBUdn,10,53,Winner_2022,50.1,99.6,0,True,0.0,
3HBUdn,10,54,Winner_2022,50.6,98.5,0,True,0.0,
3HBUdn,10,55,Winner_2022,51.1,96.9,0,True,0.0,
3HBUdn,10,56,Winner_2022,51.6,94.9,0,True,0.0,
3HBUdn,10,57,Winner_2022,52.1,92.7,0,True,0.0,
3HBUdn,10,58,Winner_2022,52.6,90.2,0,True,0.0,
3HBUdn,10,59,Winner_2022,53.1,87.4,0,True,0.0,
3HBUdn,10,60,Winner_2022,53.6,84.4,0,True,0.0,
3HBUdn,10,61,Winner_2022,54.1,81.1,0,True,0.0,
3HBUdn,10,62,Winner_2022,54.6,77.7,0,True,0.0,
3HBUdn,10,63,Winner_2022,55.1,74.1,0,True,0.0,
3HBUdn,10,64,Winner_2022,55.6,70.3,0,True,0.0,
3HBUdn,10,65,Winner_2022,56.1,66.3,0,True,0.0,
3HBUdn,10,66,Winner_2022,56.6,62.4,1,True,0.0,
3HBUdn,10,67,Winner_2022,57.1,58.7,0,True,0.0,
3HBUdn,10,68,Winner_2022,57.6,55.0,1,True,0.0,
3HBUdn,10,69,Winner_2022,58.1,51.6,0,True,0.0,
3HBUdn,10,70,Winner_2022,58.6,48.2,2,True,0.0,
3HBUdn,10,71,Winner_2022,59.1,45.4,1,True,0.0,
3HBUdn,10,72,Winner_2022,59.6,42.7,3,True,0.0,
3HBUdn,10,73,Winner_2022,60.1,40.6,6,True,0.0,
3HBUdn,10,74,Winner_2022,60.6,39.4,2,True,0.0,
3HBUdn,10,75,Winner_2022,61.1,38.3,4,True,0.0,
3HBUdn,10,76,Winner_2022,61.6,37.8,1,True,0.0,
3HBUdn,10,77,Winner_2022,62.1,37.2,2,True,0.0,
3HBUdn,10,78,Winner_2022,62.6,36.6,1,True,0.0,
3HBUdn,10,79,Winner_2022,63.1,36.1,0,True,0.0,
3HBUdn,10,80,Winner_2022,63.6,35.5,3,True,0.0,
3HBUdn,10,81,Winner_2022,64.1,35.0,1,True,0.0,
3HBUdn,10,82,Winner_2022,64.6,34.5,1,True,0.0,
3HBUdn,10,83,Winner_2022,65.1,34.1,1,True,0.0,
3HBUdn,10,84,Winner_2022,65.6,33.6,2,True,0.0,
3HBUdn,10,85,Winner_2022,66.1,33.1,1,True,0.0,
3HBUdn,10,86,Winner_2022,66.6,32.7,1,True,0.0,
3HBUdn,10,87,Winner_2022,67.1,32.2,2,True,0.0,
3HBUdn,10,88,Winner_2022,67.6,31.8,4,True,0.0,
3HBUdn,10,89,Winner_2022,68.1,31.6,0,True,0.0,
3HBUdn,10,90,Winner_2022,67.6,31.3,2,True,0.0,
3HBUdn,10,91,Winner_2022,67.1,31.2,1,True,0.0,
3HBUdn,10,92,Winner_2022,66.6,31.0,0,True,0.0,
3HBUdn,10,93,Winner_2022,66.1,30.8,2,True,0.0,
3HBUdn,10,94,Winner_2022,65.6,30.6,1,True,0.0,
3HBUdn,10,95,Winner_2022,65.1,30.5,1,True,0.0,
3HBUdn,10,96,Winner_2022,64.6,30.3,2,True,0.0,
3HBUdn,10,97,Winner_2022,64.1,30.3,2,True,0.0,
3HBUdn,10,98,Winner_2022,63.6,30.3,2,True,0.0,
3HBUdn,10,99,Winner_2022,63.1,30.5,0,True,0.0,
3HBUdn,10,100,Winner_2022,62.6,30.6,0,True,0.0,
3HBUdn,11,1,Winner_2022,55.2,39.0,0,True,0.0,
3HBUdn,11,2,Winner_2022,54.7,31.2,0,True,0.0,
3HBUdn,11,3,Winner_2022,54.2,25.0,1,True,0.0,
3HBUdn,11,4,Winner_2022,53.7,23.1,2,True,0.0,
3HBUdn,11,5,Winner_2022,53.2,25.2,0,True,0.0,
3HBUdn,11,6,Winner_2022,52.7,25.8,1,True,0.0,
3HBUdn,11,7,Winner_2022,52.2,27.5,0,True,0.0,
3HBUdn,11,8,Winner_2022,51.7,28.3,1,True,0.0,
3HBUdn,11,9,Winner_2022,51.2,29.6,2,True,0.0,
3HBUdn,11,10,Winner_2022,50.7,32.8,1,True,0.0,
3HBUdn,11,11,Winner_2022,50.2,36.9,1,True,0.0,
3HBUdn,11,12,Winner_2022,49.7,41.9,2,True,0.0,
3HBUdn,11,13,Winner_2022,50.2,48.6,1,True,0.0,
3HBUdn,11,14,Winner_2022,50.7,56.2,0,True,0.0,
3HBUdn,11,15,Winner_2022,51.2,63.0,0,True,0.0,
3HBUdn,11,16,Winner_2022,51.7,69.1,0,True,0.0,
3HBUdn,11,17,Winner_2022,52.2,74.2,0,True,0.001,
3HBUdn,11,18,Winner_2022,52.7,78.7,0,True,0.001,
3HBUdn,11,19,Winner_2022,53.2,82.5,0,True,0.0,
3HBUdn,11,20,Winner_2022,53.7,85.5,0,True,0.0,
3HBUdn,11,21,Winner_2022,54.2,87.9,0,True,0.0,
3HBUdn,11,22,Winner_2022,54.7,89.4,0,True,0.0,
3HBUdn,11,23,Winner_2022,55.2,90.1,0,True,0.0,
3HBUdn,11,24,Winner_2022,55.7,89.6,0,True,0.0,
3HBUdn,11,25,Winner_2022,56.2,88.5,0,True,0.003,
3HBUdn,11,26,Winner_2022,56.7,86.7,0,True,0.0,
3HBUdn,11,27,Winner_2022,57.2,84.4,0,True,0.0,
3HBUdn,11,28,Winner_2022,57.7,81.5,0,True,0.0,
3HBUdn,11,29,Winner_2022,58.2,78.2,0,True,0.0,
3HBUdn,11,30,Winner_2022,58.7,74.5,0,True,0.0,
3HBUdn,11,31,Winner_2022,59.2,70.6,0,True,0.0,
3HBUdn,11,32,Winner_2022,59.7,66.6,0,True,0.0,
3HBUdn,11,33,Winner_2022,60.2,62.6,0,True,0.0,
3HBUdn,11,34,Winner_2022,60.7,58.6,0,True,0.0,
3HBUdn,11,35,Winner_2022,61.2,54.6,0,True,0.0,
3HBUdn,11,36,Winner_2022,61.7,50.7,1,True,0.0,
3HBUdn,11,37,Winner_2022,62.2,47.4,2,True,0.0,
3HBUdn,11,38,Winner_2022,62.7,45.1,1,True,0.0,
3HBUdn,11,39,Winner_2022,63.2,43.2,3,True,0.001,
3HBUdn,11,40,Winner_2022,63.7,42.5,2,True,0.0,
3HBUdn,11,41,Winner_2022,64.2,42.5,1,True,0.0,
3HBUdn,11,42,Winner_2022,64.7,42.6,0,True,0.0,
3HBUdn,11,43,Winner_2022,65.2,42.6,2,True,0.0,
3HBUdn,11,44,Winner_2022,65.7,43.1,1,True,0.0,
3HBUdn,11,45,Winner_2022,66.2,43.7,0,True,0.0,
3HBUdn,11,46,Winner_2022,66.7,44.2,0,True,0.0,
3HBUdn,11,47,Winner_2022,67.2,44.5,2,True,0.0,
3HBUdn,11,48,Winner_2022,67.7,45.4,0,True,0.0,
3HBUdn,11,49,Winner_2022,68.2,46.2,1,True,0.0,
3HBUdn,11,50,Winner_2022,68.7,47.0,4,True,0.0,
3HBUdn,11,51,Winner_2022,69.2,49.1,0,True,0.0,
3HBUdn,11,52,Winner_2022,69.7,51.0,3,True,0.0,
3HBUdn,11,53,Winner_2022,70.2,53.7,0,True,0.0,
3HBUdn,11,54,Winner_2022,70.7,56.2,0,True,0.0,
3HBUdn,11,55,Winner_2022,71.2,58.3,1,True,0.0,
3HBUdn,11,56,Winner_2022,71.7,60.6,1,True,0.0,
3HBUdn,11,57,Winner_2022,72.2,63.2,1,True,0.0,
3HBUdn,11,58,Winner_2022,72.7,66.0,2,True,0.0,
3HBUdn,11,59,Winner_2022,73.2,69.3,0,True,0.0,
3HBUdn,11,60,Winner_2022,73.7,72.4,0,True,0.0,
3HBUdn,11,61,Winner_2022,74.2,75.2,0,True,0.0,
3HBUdn,11,62,Winner_2022,74.7,77.7,1,True,0.0,
3HBUdn,11,63,Winner_2022,75.2,80.3,0,True,0.0,
3HBUdn,11,64,Winner_2022,75.7,82.4,0,True,0.0,
3HBUdn,11,65,Winner_2022,76.2,83.9,0,True,0.0,
3HBUdn,11,66,Winner_2022,76.7,85.0,0,True,0.0,
3HBUdn,11,67,Winner_2022,77.2,85.5,0,True,0.0,
3HBUdn,11,68,Winner_2022,77.7,85.6,0,True,0.0,
3HBUdn,11,69,Winner_2022,78.2,85.2,0,True,0.0,
3HBUdn,11,70,Winner_2022,78.7,84.4,0,True,0.0,
3HBUdn,11,71,Winner_2022,79.2,83.2,0,True,0.0,
3HBUdn,11,72,Winner_2022,79.7,81.6,0,True,0.0,
3HBUdn,11,73,Winner_2022,80.2,79.6,0,True,0.0,
3HBUdn,11,74,Winner_2022,80.4,77.4,1,True,0.0,
3HBUdn,11,75,Winner_2022,80.9,75.0,1,True,0.0,
3HBUdn,11,76,Winner_2022,81.4,72.6,0,True,0.0,
3HBUdn,11,77,Winner_2022,81.9,70.1,1,True,0.0,
3HBUdn,11,78,Winner_2022,82.4,67.6,1,True,0.0,
3HBUdn,11,79,Winner_2022,82.9,65.1,2,True,0.0,
3HBUdn,11,80,Winner_2022,83.4,63.0,0,True,0.0,
3HBUdn,11,81,Winner_2022,83.9,60.7,3,True,0.0,
3HBUdn,11,82,Winner_2022,83.4,58.8,2,True,0.0,
3HBUdn,11,83,Winner_2022,82.9,57.2,1,True,0.0,
3HBUdn,11,84,Winner_2022,82.4,55.6,0,True,0.0,
3HBUdn,11,85,Winner_2022,81.9,53.9,3,True,0.0,
3HBUdn,11,86,Winner_2022,81.4,52.4,1,True,0.0,
3HBUdn,11,87,Winner_2022,80.9,51.0,2,True,0.0,
3HBUdn,11,88,Winner_2022,80.4,49.7,1,True,0.0,
3HBUdn,11,89,Winner_2022,79.9,48.5,2,True,0.0,
3HBUdn,11,90,Winner_2022,79.4,47.4,1,True,0.0,
3HBUdn,11,91,Winner_2022,78.9,46.4,2,True,0.0,
3HBUdn,11,92,Winner_2022,78.4,45.5,2,True,0.0,
3HBUdn,11,93,Winner_2022,77.9,44.7,1,True,0.0,
3HBUdn,11,94,Winner_2022,77.4,44.0,2,True,0.0,
3HBUdn,11,95,Winner_2022,76.9,43.5,1,True,0.0,
3HBUdn,11,96,Winner_2022,76.4,42.9,0,True,0.0,
3HBUdn,11,97,Winner_2022,75.9,42.3,1,True,0.0,
3HBUdn,11,98,Winner_2022,75.4,41.7,3,True,0.0,
3HBUdn,11,99,Winner_2022,74.9,41.4,0,True,0.0,
3HBUdn,11,100,Winner_2022,74.4,41.0,2,True,0.0,
3HBUdn,12,1,Winner_2022,59.9,74.0,0,True,0.0,
3HBUdn,12,2,Winner_2022,59.4,59.2,2,True,0.0,
3HBUdn,12,3,Winner_2022,59.3,67.1,0,True,0.0,
3HBUdn,12,4,Winner_2022,58.8,70.7,0,True,0.0,
3HBUdn,12,5,Winner_2022,59.3,70.2,0,True,0.0,
3HBUdn,12,6,Winner_2022,59.8,66.6,1,True,0.0,
3HBUdn,12,7,Winner_2022,60.3,66.6,0,True,0.0,
3HBUdn,12,8,Winner_2022,60.8,64.7,0,True,0.0,
3HBUdn,12,9,Winner_2022,61.3,61.3,1,True,0.0,
3HBUdn,12,10,Winner_2022,61.3,59.8,0,True,0.0,
3HBUdn,12,11,Winner_2022,61.8,57.6,1,True,0.0,
3HBUdn,12,12,Winner_2022,62.3,56.8,0,True,0.0,
3HBUdn,12,13,Winner_2022,62.8,54.7,0,True,0.0,
3HBUdn,12,14,Winner_2022,63.3,51.9,0,True,0.0,
3HBUdn,12,15,Winner_2022,63.8,48.5,0,True,0.0,
3HBUdn,12,16,Winner_2022,64.3,44.8,3,True,0.0,
3HBUdn,12,17,Winner_2022,64.8,44.0,1,True,0.001,
3HBUdn,12,18,Winner_2022,65.3,43.8,0,True,0.0,
3HBUdn,12,19,Winner_2022,65.8,43.2,0,True,0.0,
3HBUdn,12,20,Winner_2022,66.3,42.2,1,True,0.0,
3HBUdn,12,21,Winner_2022,66.8,41.8,1,True,0.0,
3HBUdn,12,22,Winner_2022,67.3,41.8,0,True,0.0,
3HBUdn,12,23,Winner_2022,67.8,41.4,0,True,0.0,
3HBUdn,12,24,Winner_2022,68.3,40.5,2,True,0.0,
3HBUdn,12,25,Winner_2022,68.8,40.6,1,True,0.0,
3HBUdn,12,26,Winner_2022,69.3,41.0,0,True,0.0,
3HBUdn,12,27,Winner_2022,69.8,41.1,0,True,0.0,
3HBUdn,12,28,Winner_2022,70.3,40.8,1,True,0.0,
3HBUdn,12,29,Winner_2022,70.8,40.8,0,True,0.0,
3HBUdn,12,30,Winner_2022,71.3,40.4,1,True,0.0,
3HBUdn,12,31,Winner_2022,71.8,40.3,1,True,0.0,
3HBUdn,12,32,Winner_2022,72.3,40.4,1,True,0.0,
3HBUdn,12,33,Winner_2022,72.8,40.8,3,True,0.0,
3HBUdn,12,34,Winner_2022,73.3,42.4,1,True,0.0,
3HBUdn,12,35,Winner_2022,73.8,44.1,1,True,0.0,
3HBUdn,12,36,Winner_2022,74.3,46.1,2,True,0.0,
3HBUdn,12,37,Winner_2022,74.8,48.9,0,True,0.0,
3HBUdn,12,38,Winner_2022,75.3,51.5,0,True,0.0,
3HBUdn,12,39,Winner_2022,75.8,53.9,2,True,0.0,
3HBUdn,12,40,Winner_2022,76.3,57.2,2,True,0.0,
3HBUdn,12,41,Winner_2022,76.8,61.5,0,True,0.0,
3HBUdn,12,42,Winner_2022,77.3,65.7,1,True,0.0,
3HBUdn,12,43,Winner_2022,77.8,70.3,0,True,0.0,
3HBUdn,12,44,Winner_2022,78.3,74.9,0,True,0.0,
3HBUdn,12,45,Winner_2022,78.8,79.3,0,True,0.0,
3HBUdn,12,46,Winner_2022,79.1,83.5,0,True,0.0,
3HBUdn,12,47,Winner_2022,79.6,87.5,0,True,0.0,
3HBUdn,12,48,Winner_2022,80.1,91.5,0,True,0.0,
3HBUdn,12,49,Winner_2022,80.6,95.2,0,True,0.0,
3HBUdn,12,50,Winner_2022,81.1,98.4,0,True,0.0,
3HBUdn,12,51,Winner_2022,81.6,100.0,0,True,0.0,
3HBUdn,12,52,Winner_2022,82.1,100.0,0,True,0.0,
3HBUdn,12,53,Winner_2022,82.6,100.0,0,True,0.0,
3HBUdn,12,54,Winner_2022,83.1,100.0,0,True,0.0,
3HBUdn,12,55,Winner_2022,83.6,100.0,0,True,0.0,
3HBUdn,12,56,Winner_2022,84.1,99.9,0,True,0.0,
3HBUdn,12,57,Winner_2022,84.6,99.6,0,True,0.0,
3HBUdn,12,58,Winner_2022,85.1,98.8,0,True,0.0,
3HBUdn,12,59,Winner_2022,84.6,97.6,0,True,0.0,
3HBUdn,12,60,Winner_2022,84.1,96.1,0,True,0.0,
3HBUdn,12,61,Winner_2022,83.6,94.1,0,True,0.0,
3HBUdn,12,62,Winner_2022,83.1,91.7,0,True,0.0,
3HBUdn,12,63,Winner_2022,82.6,89.0,0,True,0.0,
3HBUdn,12,64,Winner_2022,82.1,85.9,0,True,0.0,
3HBUdn,12,65,Winner_2022,81.6,82.5,0,True,0.0,
3HBUdn,12,66,Winner_2022,81.1,78.8,0,True,0.0,
3HBUdn,12,67,Winner_2022,80.6,75.0,0,True,0.0,
3HBUdn,12,68,Winner_2022,80.1,71.0,1,True,0.0,
3HBUdn,12,69,Winner_2022,79.6,67.2,0,True,0.0,
3HBUdn,12,70,Winner_2022,79.1,63.5,2,True,0.0,
3HBUdn,12,71,Winner_2022,78.6,60.3,2,True,0.0,
3HBUdn,12,72,Winner_2022,78.1,57.5,0,True,0.0,
3HBUdn,12,73,Winner_2022,77.6,54.7,2,True,0.0,
3HBUdn,12,74,Winner_2022,77.1,52.2,1,True,0.0,
3HBUdn,12,75,Winner_2022,76.6,49.8,2,True,0.0,
3HBUdn,12,76,Winner_2022,76.1,47.6,4,True,0.0,
3HBUdn,12,77,Winner_2022,75.6,46.1,0,True,0.0,
3HBUdn,12,78,Winner_2022,75.1,44.5,0,True,0.0,
3HBUdn,12,79,Winner_2022,74.6,42.7,2,True,0.0,
3HBUdn,12,80,Winner_2022,74.1,41.1,0,True,0.0,
3HBUdn,12,81,Winner_2022,73.6,39.5,1,True,0.0,
3HBUdn,12,82,Winner_2022,73.1,37.9,0,True,0.0,
3HBUdn,12,83,Winner_2022,72.6,36.2,1,True,0.0,
3HBUdn,12,84,Winner_2022,72.1,34.6,3,True,0.0,
3HBUdn,12,85,Winner_2022,71.6,33.3,3,True,0.0,
3HBUdn,12,86,Winner_2022,71.1,32.2,3,True,0.0,
3HBUdn,12,87,Winner_2022,70.6,31.3,2,True,0.0,
3HBUdn,12,88,Winner_2022,70.1,30.6,1,True,0.0,
3HBUdn,12,89,Winner_2022,69.6,29.8,2,True,0.0,
3HBUdn,12,90,Winner_2022,69.1,29.1,2,True,0.0,
3HBUdn,12,91,Winner_2022,68.6,28.6,2,True,0.0,
3HBUdn,12,92,Winner_2022,68.1,28.1,0,True,0.0,
3HBUdn,12,93,Winner_2022,67.6,27.6,1,True,0.0,
3HBUdn,12,94,Winner_2022,67.1,27.0,0,True,0.0,
3HBUdn,12,95,Winner_2022,66.6,26.5,4,True,0.0,
3HBUdn,12,96,Winner_2022,66.1,26.2,0,True,0.0,
3HBUdn,12,97,Winner_2022,65.6,25.8,1,True,0.0,
3HBUdn,12,98,Winner_2022,65.1,25.4,0,True,0.0,
3HBUdn,12,99,Winner_2022,64.6,25.0,2,True,0.0,
3HBUdn,12,100,Winner_2022,64.1,24.7,1,True,0.0,
3HBUdn,13,1,Winner_2022,70.1,71.0,0,True,0.0,
3HBUdn,13,2,Winner_2022,69.6,56.8,0,True,0.0,
3HBUdn,13,3,Winner_2022,69.1,45.4,0,True,0.0,
3HBUdn,13,4,Winner_2022,68.6,36.4,0,True,0.0,
3HBUdn,13,5,Winner_2022,68.1,29.1,0,True,0.0,
3HBUdn,13,6,Winner_2022,67.6,23.3,1,True,0.0,
3HBUdn,13,7,Winner_2022,67.1,20.2,0,True,0.0,
3HBUdn,13,8,Winner_2022,66.6,17.3,1,True,0.0,
3HBUdn,13,9,Winner_2022,66.1,15.5,1,True,0.0,
3HBUdn,13,10,Winner_2022,65.6,14.5,0,True,0.0,
3HBUdn,13,11,Winner_2022,65.1,13.3,2,True,0.0,
3HBUdn,13,12,Winner_2022,64.6,13.2,5,True,0.0,
3HBUdn,13,13,Winner_2022,64.1,14.8,0,True,0.0,
3HBUdn,13,14,Winner_2022,63.6,16.3,1,True,0.0,
3HBUdn,13,15,Winner_2022,63.1,17.8,2,True,0.0,
3HBUdn,13,16,Winner_2022,62.6,20.0,1,True,0.0,
3HBUdn,13,17,Winner_2022,62.1,22.4,0,True,0.0,
3HBUdn,13,18,Winner_2022,61.6,24.7,2,True,0.0,
3HBUdn,13,19,Winner_2022,61.1,27.9,0,True,0.0,
3HBUdn,13,20,Winner_2022,60.6,31.2,0,True,0.0,
3HBUdn,13,21,Winner_2022,60.1,34.4,1,True,0.0,
3HBUdn,13,22,Winner_2022,59.6,38.1,0,True,0.0,
3HBUdn,13,23,Winner_2022,59.1,41.7,1,True,0.0,
3HBUdn,13,24,Winner_2022,58.6,45.5,1,True,0.0,
3HBUdn,13,25,Winner_2022,58.1,49.9,0,True,0.0,
3HBUdn,13,26,Winner_2022,57.6,54.2,0,True,0.0,
3HBUdn,13,27,Winner_2022,57.1,58.2,0,True,0.0,
3HBUdn,13,28,Winner_2022,56.6,61.9,0,True,0.0,
3HBUdn,13,29,Winner_2022,56.1,65.1,0,True,0.0,
3HBUdn,13,30,Winner_2022,55.6,67.8,0,True,0.0,
3HBUdn,13,31,Winner_2022,56.1,70.1,0,True,0.0,
3HBUdn,13,32,Winner_2022,56.6,72.0,0,True,0.0,
3HBUdn,13,33,Winner_2022,57.1,73.6,0,True,0.0,
3HBUdn,13,34,Winner_2022,56.6,74.7,0,True,0.0,
3HBUdn,13,35,Winner_2022,57.1,75.3,0,True,0.0,
3HBUdn,13,36,Winner_2022,57.6,75.5,0,True,0.0,
3HBUdn,13,37,Winner_2022,58.1,75.3,0,True,0.0,
3HBUdn,13,38,Winner_2022,58.6,74.7,0,True,0.0,
3HBUdn,13,39,Winner_2022,59.1,73.8,0,True,0.0,
3HBUdn,13,40,Winner_2022,59.6,72.7,0,True,0.0,
3HBUdn,13,41,Winner_2022,60.1,71.2,0,True,0.0,
3HBUdn,13,42,Winner_2022,60.6,69.5,0,True,0.0,
3HBUdn,13,43,Winner_2022,61.1,67.5,0,True,0.0,
3HBUdn,13,44,Winner_2022,61.6,65.3,1,True,0.0,
3HBUdn,13,45,Winner_2022,62.1,63.5,0,True,0.0,
3HBUdn,13,46,Winner_2022,62.6,61.5,0,True,0.0,
3HBUdn,13,47,Winner_2022,63.1,59.4,0,True,0.0,
3HBUdn,13,48,Winner_2022,63.6,57.2,1,True,0.0,
3HBUdn,13,49,Winner_2022,64.1,55.4,3,True,0.0,
3HBUdn,13,50,Winner_2022,64.6,54.7,2,True,0.0,
3HBUdn,13,51,Winner_2022,65.1,54.6,0,True,0.0,
3HBUdn,13,52,Winner_2022,65.6,54.3,0,True,0.0,
3HBUdn,13,53,Winner_2022,66.1,53.7,1,True,0.0,
3HBUdn,13,54,Winner_2022,66.6,53.1,0,True,0.0,
3HBUdn,13,55,Winner_2022,67.1,52.2,2,True,0.0,
3HBUdn,13,56,Winner_2022,67.6,51.9,4,True,0.0,
3HBUdn,13,57,Winner_2022,68.1,52.7,2,True,0.0,
3HBUdn,13,58,Winner_2022,68.6,54.0,2,True,0.0,
3HBUdn,13,59,Winner_2022,69.1,55.7,1,True,0.0,
3HBUdn,13,60,Winner_2022,69.6,57.5,0,True,0.0,
3HBUdn,13,61,Winner_2022,70.1,59.1,2,True,0.0,
3HBUdn,13,62,Winner_2022,70.6,61.0,0,True,0.0,
3HBUdn,13,63,Winner_2022,71.1,62.7,0,True,0.0,
3HBUdn,13,64,Winner_2022,71.6,64.0,1,True,0.0,
3HBUdn,13,65,Winner_2022,71.1,65.2,0,True,0.0,
3HBUdn,13,66,Winner_2022,70.6,66.0,0,True,0.0,
3HBUdn,13,67,Winner_2022,70.1,66.4,4,True,0.0,
3HBUdn,13,68,Winner_2022,69.6,67.8,2,True,0.0,
3HBUdn,13,69,Winner_2022,69.1,69.4,0,True,0.0,
3HBUdn,13,70,Winner_2022,69.0,70.7,1,True,0.0,
3HBUdn,13,71,Winner_2022,68.5,71.9,0,True,0.0,
3HBUdn,13,72,Winner_2022,68.0,72.8,0,True,0.0,
3HBUdn,13,73,Winner_2022,67.5,73.2,1,True,0.0,
3HBUdn,13,74,Winner_2022,67.0,73.5,0,True,0.0,
3HBUdn,13,75,Winner_2022,66.5,73.4,0,True,0.0,
3HBUdn,13,76,Winner_2022,66.0,72.8,0,True,0.0,
3HBUdn,13,77,Winner_2022,65.5,71.9,0,True,0.0,
3HBUdn,13,78,Winner_2022,65.0,70.7,1,True,0.0,
3HBUdn,13,79,Winner_2022,64.5,69.4,0,True,0.0,
3HBUdn,13,80,Winner_2022,64.0,67.9,0,True,0.0,
3HBUdn,13,81,Winner_2022,63.5,66.1,1,True,0.0,
3HBUdn,13,82,Winner_2022,63.0,64.3,0,True,0.0,
3HBUdn,13,83,Winner_2022,62.5,62.3,2,True,0.0,
3HBUdn,13,84,Winner_2022,62.4,60.6,1,True,0.0,
3HBUdn,13,85,Winner_2022,61.9,58.9,1,True,0.0,
3HBUdn,13,86,Winner_2022,61.4,57.1,2,True,0.0,
3HBUdn,13,87,Winner_2022,60.9,55.6,1,True,0.0,
3HBUdn,13,88,Winner_2022,60.4,54.0,2,True,0.0,
3HBUdn,13,89,Winner_2022,59.9,52.7,1,True,0.0,
3HBUdn,13,90,Winner_2022,59.4,51.3,1,True,0.0,
3HBUdn,13,91,Winner_2022,58.9,50.1,4,True,0.0,
3HBUdn,13,92,Winner_2022,58.4,49.2,0,True,0.0,
3HBUdn,13,93,Winner_2022,57.9,48.3,3,True,0.0,
3HBUdn,13,94,Winner_2022,57.4,47.6,3,True,0.0,
3HBUdn,13,95,Winner_2022,56.9,47.3,1,True,0.0,
3HBUdn,13,96,Winner_2022,56.4,47.0,1,True,0.0,
3HBUdn,13,97,Winner_2022,55.9,46.7,1,True,0.0,
3HBUdn,13,98,Winner_2022,55.4,46.4,2,True,0.0,
3HBUdn,13,99,Winner_2022,54.9,46.3,0,True,0.0,
3HBUdn,13,100,Winner_2022,54.4,46.1,1,True,0.0,
3HBUdn,14,1,Winner_2022,67.8,80.0,0,True,0.0,
3HBUdn,14,2,Winner_2022,68.3,64.0,1,True,0.0,
3HBUdn,14,3,Winner_2022,68.8,61.9,1,True,0.0,
3HBUdn,14,4,Winner_2022,69.3,65.2,1,True,0.0,
3HBUdn,14,5,Winner_2022,69.8,71.0,0,True,0.0,
3HBUdn,14,6,Winner_2022,70.3,72.6,0,True,0.0,
3HBUdn,14,7,Winner_2022,70.8,72.7,0,True,0.0,
3HBUdn,14,8,Winner_2022,71.3,70.5,1,True,0.0,
3HBUdn,14,9,Winner_2022,71.7,70.3,0,True,0.0,
3HBUdn,14,10,Winner_2022,72.2,68.6,2,True,0.0,
3HBUdn,14,11,Winner_2022,72.7,71.7,1,True,0.0,
3HBUdn,14,12,Winner_2022,73.2,76.0,0,True,0.0,
3HBUdn,14,13,Winner_2022,73.7,78.2,0,True,0.0,
3HBUdn,14,14,Winner_2022,74.2,78.9,0,True,0.0,
3HBUdn,14,15,Winner_2022,74.7,77.9,0,True,0.0,
3HBUdn,14,16,Winner_2022,75.2,75.8,0,True,0.0,
3HBUdn,14,17,Winner_2022,75.5,72.7,0,True,0.0,
3HBUdn,14,18,Winner_2022,76.0,69.2,0,True,0.0,
3HBUdn,14,19,Winner_2022,76.5,65.4,0,True,0.0,
3HBUdn,14,20,Winner_2022,77.0,61.4,1,True,0.0,
3HBUdn,14,21,Winner_2022,77.5,58.4,2,True,0.0,
3HBUdn,14,22,Winner_2022,78.0,57.3,1,True,0.0,
3HBUdn,14,23,Winner_2022,78.5,56.8,1,True,0.0,
3HBUdn,14,24,Winner_2022,79.0,56.4,2,True,0.0,
3HBUdn,14,25,Winner_2022,79.5,57.5,0,True,0.0,
3HBUdn,14,26,Winner_2022,80.0,58.1,0,True,0.0,
3HBUdn,14,27,Winner_2022,80.5,58.2,4,True,0.0,
3HBUdn,14,28,Winner_2022,81.0,61.1,1,True,0.0,
3HBUdn,14,29,Winner_2022,81.5,64.2,2,True,0.0,
3HBUdn,14,30,Winner_2022,82.0,68.5,0,True,0.0,
3HBUdn,14,31,Winner_2022,82.5,72.5,1,True,0.0,
3HBUdn,14,32,Winner_2022,83.0,77.2,0,True,0.0,
3HBUdn,14,33,Winner_2022,83.5,81.5,1,True,0.0,
3HBUdn,14,34,Winner_2022,84.0,86.4,0,True,0.0,
3HBUdn,14,35,Winner_2022,84.5,90.9,0,True,0.0,
3HBUdn,14,36,Winner_2022,85.0,95.0,0,True,0.0,
3HBUdn,14,37,Winner_2022,85.5,98.8,0,True,0.0,
3HBUdn,14,38,Winner_2022,86.0,100.0,0,True,0.0,
3HBUdn,14,39,Winner_2022,86.5,100.0,0,True,0.0,
3HBUdn,14,40,Winner_2022,87.0,100.0,0,True,0.0,
3HBUdn,14,41,Winner_2022,87.5,100.0,0,True,0.0,
3HBUdn,14,42,Winner_2022,88.0,100.0,0,True,0.0,
3HBUdn,14,43,Winner_2022,88.5,100.0,0,True,0.0,
3HBUdn,14,44,Winner_2022,89.0,100.0,0,True,0.0,
3HBUdn,14,45,Winner_2022,89.5,99.8,0,True,0.0,
3HBUdn,14,46,Winner_2022,90.0,99.2,0,True,0.0,
3HBUdn,14,47,Winner_2022,90.5,98.3,0,True,0.0,
3HBUdn,14,48,Winner_2022,91.0,97.1,0,True,0.0,
3HBUdn,14,49,Winner_2022,91.5,95.6,0,True,0.0,
3HBUdn,14,50,Winner_2022,92.0,93.6,0,True,0.0,
3HBUdn,14,51,Winner_2022,91.5,91.3,0,True,0.0,
3HBUdn,14,52,Winner_2022,91.4,88.7,0,True,0.0,
3HBUdn,14,53,Winner_2022,90.9,85.7,0,True,0.0,
3HBUdn,14,54,Winner_2022,90.4,82.4,0,True,0.0,
3HBUdn,14,55,Winner_2022,89.9,78.8,0,True,0.0,
3HBUdn,14,56,Winner_2022,89.4,75.1,1,True,0.0,
3HBUdn,14,57,Winner_2022,88.9,71.9,0,True,0.0,
3HBUdn,14,58,Winner_2022,88.4,68.6,2,True,0.0,
3HBUdn,14,59,Winner_2022,87.9,66.0,1,True,0.0,
3HBUdn,14,60,Winner_2022,87.4,63.8,4,True,0.0,
3HBUdn,14,61,Winner_2022,86.9,62.8,0,True,0.0,
3HBUdn,14,62,Winner_2022,86.4,61.6,1,True,0.0,
3HBUdn,14,63,Winner_2022,85.9,60.5,0,True,0.0,
3HBUdn,14,64,Winner_2022,85.4,59.1,0,True,0.0,
3HBUdn,14,65,Winner_2022,84.9,57.3,0,True,0.0,
3HBUdn,14,66,Winner_2022,84.4,55.4,1,True,0.0,
3HBUdn,14,67,Winner_2022,83.9,53.5,1,True,0.0,
3HBUdn,14,68,Winner_2022,83.4,51.7,2,True,0.0,
3HBUdn,14,69,Winner_2022,82.9,50.2,1,True,0.0,
3HBUdn,14,70,Winner_2022,82.4,48.8,1,True,0.0,
3HBUdn,14,71,Winner_2022,81.9,47.5,1,True,0.0,
3HBUdn,14,72,Winner_2022,81.4,46.1,1,True,0.0,
3HBUdn,14,73,Winner_2022,80.9,44.8,1,True,0.0,
3HBUdn,14,74,Winner_2022,80.4,43.5,0,True,0.0,
3HBUdn,14,75,Winner_2022,79.9,42.0,2,True,0.0,
3HBUdn,14,76,Winner_2022,79.4,40.7,3,True,0.0,
3HBUdn,14,77,Winner_2022,78.9,39.8,0,True,0.0,
3HBUdn,14,78,Winner_2022,78.4,38.6,2,True,0.0,
3HBUdn,14,79,Winner_2022,77.9,37.6,3,True,0.0,
3HBUdn,14,80,Winner_2022,77.4,36.9,3,True,0.0,
3HBUdn,14,81,Winner_2022,76.9,36.5,1,True,0.0,
3HBUdn,14,82,Winner_2022,76.4,36.0,1,True,0.0,
3HBUdn,14,83,Winner_2022,75.9,35.5,3,True,0.0,
3HBUdn,14,84,Winner_2022,75.4,35.2,0,True,0.0,
3HBUdn,14,85,Winner_2022,74.9,34.8,1,True,0.0,
3HBUdn,14,86,Winner_2022,74.4,34.3,0,True,0.0,
3HBUdn,14,87,Winner_2022,73.9,33.6,1,True,0.0,
3HBUdn,14,88,Winner_2022,73.4,33.0,1,True,0.0,
3HBUdn,14,89,Winner_2022,72.9,32.4,0,True,0.0,
3HBUdn,14,90,Winner_2022,72.4,31.6,2,True,0.0,
3HBUdn,14,91,Winner_2022,71.9,31.0,0,True,0.0,
3HBUdn,14,92,Winner_2022,71.4,30.4,1,True,0.0,
3HBUdn,14,93,Winner_2022,70.9,29.7,3,True,0.0,
3HBUdn,14,94,Winner_2022,70.4,29.2,3,True,0.0,
3HBUdn,14,95,Winner_2022,69.9,28.9,0,True,0.0,
3HBUdn,14,96,Winner_2022,69.4,28.6,3,True,0.0,
3HBUdn,14,97,Winner_2022,68.9,28.4,1,True,0.0,
3HBUdn,14,98,Winner_2022,68.4,28.2,3,True,0.0,
3HBUdn,14,99,Winner_2022,67.9,28.2,2,True,0.0,
3HBUdn,14,100,Winner_2022,67.4,28.3,0,True,0.0,
3HBUdn,15,1,Winner_2022,71.4,83.0,0,True,0.0,
3HBUdn,15,2,Winner_2022,70.9,66.4,0,True,0.0,
3HBUdn,15,3,Winner_2022,70.4,53.1,0,True,0.0,
3HBUdn,15,4,Winner_2022,69.9,42.5,1,True,0.0,
3HBUdn,15,5,Winner_2022,69.4,38.1,0,True,0.0,
3HBUdn,15,6,Winner_2022,68.9,33.3,0,True,0.0,
3HBUdn,15,7,Winner_2022,68.4,28.9,0,True,0.0,
3HBUdn,15,8,Winner_2022,67.9,24.7,2,True,0.0,
3HBUdn,15,9,Winner_2022,67.4,23.4,0,True,0.0,
3HBUdn,15,10,Winner_2022,66.9,21.8,0,True,0.0,
3HBUdn,15,11,Winner_2022,66.4,20.1,2,True,0.0,
3HBUdn,15,12,Winner_2022,65.9,19.9,1,True,0.0,
3HBUdn,15,13,Winner_2022,65.4,19.8,1,True,0.0,
3HBUdn,15,14,Winner_2022,64.9,20.0,1,True,0.0,
3HBUdn,15,15,Winner_2022,64.4,20.3,3,True,0.0,
3HBUdn,15,16,Winner_2022,63.9,21.7,1,True,0.0,
3HBUdn,15,17,Winner_2022,63.4,23.3,0,True,0.0,
3HBUdn,15,18,Winner_2022,62.9,24.7,1,True,0.0,
3HBUdn,15,19,Winner_2022,62.4,26.4,0,True,0.0,
3HBUdn,15,20,Winner_2022,61.9,27.9,1,True,0.0,
3HBUdn,15,21,Winner_2022,61.4,29.7,2,True,0.0,
3HBUdn,15,22,Winner_2022,60.9,32.4,2,True,0.0,
3HBUdn,15,23,Winner_2022,60.4,36.0,0,True,0.0,
3HBUdn,15,24,Winner_2022,59.9,39.3,0,True,0.0,
3HBUdn,15,25,Winner_2022,59.4,42.5,1,True,0.0,
3HBUdn,15,26,Winner_2022,58.9,46.2,1,True,0.0,
3HBUdn,15,27,Winner_2022,58.4,50.3,1,True,0.0,
3HBUdn,15,28,Winner_2022,57.9,54.8,1,True,0.0,
3HBUdn,15,29,Winner_2022,57.4,59.8,1,True,0.0,
3HBUdn,15,30,Winner_2022,56.9,65.3,0,True,0.0,
3HBUdn,15,31,Winner_2022,56.4,70.7,0,True,0.0,
3HBUdn,15,32,Winner_2022,55.9,76.1,0,True,0.0,
3HBUdn,15,33,Winner_2022,55.4,81.3,0,True,0.0,
3HBUdn,15,34,Winner_2022,54.9,86.2,0,True,0.0,
3HBUdn,15,35,Winner_2022,55.4,90.7,0,True,0.0,
3HBUdn,15,36,Winner_2022,55.9,94.8,0,True,0.0,
3HBUdn,15,37,Winner_2022,56.4,98.5,0,True,0.0,
3HBUdn,15,38,Winner_2022,56.9,100.0,0,True,0.0,
3HBUdn,15,39,Winner_2022,57.4,100.0,0,True,0.0,
3HBUdn,15,40,Winner_2022,57.9,100.0,0,True,0.0,
3HBUdn,15,41,Winner_2022,58.4,100.0,0,True,0.0,
3HBUdn,15,42,Winner_2022,58.9,100.0,0,True,0.0,
3HBUdn,15,43,Winner_2022,59.4,100.0,0,True,0.0,
3HBUdn,15,44,Winner_2022,59.9,100.0,0,True,0.0,
3HBUdn,15,45,Winner_2022,60.4,99.8,0,True,0.0,
3HBUdn,15,46,Winner_2022,60.9,99.2,0,True,0.0,
3HBUdn,15,47,Winner_2022,61.4,98.3,0,True,0.0,
3HBUdn,15,48,Winner_2022,61.9,97.1,0,True,0.0,
3HBUdn,15,49,Winner_2022,62.4,95.6,0,True,0.0,
3HBUdn,15,50,Winner_2022,62.9,93.6,0,True,0.0,
3HBUdn,15,51,Winner_2022,63.4,91.3,0,True,0.0,
3HBUdn,15,52,Winner_2022,63.9,88.7,0,True,0.0,
3HBUdn,15,53,Winner_2022,64.4,85.7,0,True,0.0,
3HBUdn,15,54,Winner_2022,64.9,82.4,0,True,0.0,
3HBUdn,15,55,Winner_2022,65.4,78.8,0,True,0.0,
3HBUdn,15,56,Winner_2022,65.9,75.1,0,True,0.0,
3HBUdn,15,57,Winner_2022,66.4,71.4,0,True,0.0,
3HBUdn,15,58,Winner_2022,66.9,67.7,0,True,0.0,
3HBUdn,15,59,Winner_2022,67.3,63.9,2,True,0.0,
3HBUdn,15,60,Winner_2022,67.8,60.9,0,True,0.0,
3HBUdn,15,61,Winner_2022,68.3,57.8,2,True,0.0,
3HBUdn,15,62,Winner_2022,68.8,55.3,1,True,0.0,
3HBUdn,15,63,Winner_2022,69.3,53.1,2,True,0.0,
3HBUdn,15,64,Winner_2022,69.8,51.2,2,True,0.0,
3HBUdn,15,65,Winner_2022,70.3,49.7,1,True,0.0,
3HBUdn,15,66,Winner_2022,70.8,48.3,2,True,0.0,
3HBUdn,15,67,Winner_2022,71.3,47.2,1,True,0.0,
3HBUdn,15,68,Winner_2022,71.8,46.0,0,True,0.0,
3HBUdn,15,69,Winner_2022,72.3,44.7,2,True,0.0,
3HBUdn,15,70,Winner_2022,72.8,43.7,1,True,0.0,
3HBUdn,15,71,Winner_2022,72.3,42.6,2,True,0.0,
3HBUdn,15,72,Winner_2022,71.8,41.8,3,True,0.0,
3HBUdn,15,73,Winner_2022,71.3,41.4,0,True,0.0,
3HBUdn,15,74,Winner_2022,70.8,40.7,2,True,0.0,
3HBUdn,15,75,Winner_2022,70.3,40.1,0,True,0.0,
3HBUdn,15,76,Winner_2022,69.8,39.3,2,True,0.0,
3HBUdn,15,77,Winner_2022,69.3,38.7,4,True,0.0,
3HBUdn,15,78,Winner_2022,68.8,38.5,1,True,0.0,
3HBUdn,15,79,Winner_2022,68.3,38.2,1,True,0.0,
3HBUdn,15,80,Winner_2022,67.8,37.9,1,True,0.0,
3HBUdn,15,81,Winner_2022,67.3,37.6,1,True,0.0,
3HBUdn,15,82,Winner_2022,66.8,37.2,2,True,0.0,
3HBUdn,15,83,Winner_2022,66.3,36.9,5,True,0.0,
3HBUdn,15,84,Winner_2022,65.8,37.1,2,True,0.0,
3HBUdn,15,85,Winner_2022,65.3,37.3,0,True,0.0,
3HBUdn,15,86,Winner_2022,64.8,37.4,1,True,0.0,
3HBUdn,15,87,Winner_2022,64.3,37.4,0,True,0.0,
3HBUdn,15,88,Winner_2022,63.8,37.2,2,True,0.0,
3HBUdn,15,89,Winner_2022,63.3,37.2,2,True,0.0,
3HBUdn,15,90,Winner_2022,62.8,37.2,3,True,0.0,
3HBUdn,15,91,Winner_2022,62.3,37.4,1,True,0.0,
3HBUdn,15,92,Winner_2022,61.8,37.6,0,True,0.0,
3HBUdn,15,93,Winner_2022,61.3,37.7,4,True,0.0,
3HBUdn,15,94,Winner_2022,60.8,38.1,2,True,0.0,
3HBUdn,15,95,Winner_2022,60.3,38.7,0,True,0.0,
3HBUdn,15,96,Winner_2022,59.8,39.1,0,True,0.0,
3HBUdn,15,97,Winner_2022,59.3,39.5,0,True,0.0,
3HBUdn,15,98,Winner_2022,58.8,39.7,0,True,0.0,
3HBUdn,15,99,Winner_2022,58.3,40.0,0,True,0.0,
3HBUdn,15,100,Winner_2022,57.8,40.1,0,True,0.0,
3HBUdn,16,1,Winner_2022,71.9,38.0,2,True,0.0,
3HBUdn,16,2,Winner_2022,71.4,45.6,1,True,0.0,
3HBUdn,16,3,Winner_2022,70.9,54.7,0,True,0.0,
3HBUdn,16,4,Winner_2022,70.4,64.6,0,True,0.0,
3HBUdn,16,5,Winner_2022,69.9,70.4,0,True,0.0,
3HBUdn,16,6,Winner_2022,69.7,72.0,0,True,0.0,
3HBUdn,16,7,Winner_2022,70.2,72.0,1,True,0.0,
3HBUdn,16,8,Winner_2022,70.7,74.0,0,True,0.0,
3HBUdn,16,9,Winner_2022,71.2,73.8,0,True,0.0,
3HBUdn,16,10,Winner_2022,71.7,72.0,1,True,0.0,
3HBUdn,16,11,Winner_2022,71.8,72.2,1,True,0.0,
3HBUdn,16,12,Winner_2022,72.0,73.9,1,True,0.0,
3HBUdn,16,13,Winner_2022,72.5,76.1,1,True,0.0,
3HBUdn,16,14,Winner_2022,73.0,79.0,0,True,0.0,
3HBUdn,16,15,Winner_2022,73.5,80.2,0,True,0.0,
3HBUdn,16,16,Winner_2022,74.0,80.0,0,True,0.0,
3HBUdn,16,17,Winner_2022,74.5,78.5,0,True,0.0,
3HBUdn,16,18,Winner_2022,75.0,76.5,1,True,0.0,
3HBUdn,16,19,Winner_2022,75.5,75.4,1,True,0.0,
3HBUdn,16,20,Winner_2022,75.6,75.2,0,True,0.0,
3HBUdn,16,21,Winner_2022,75.8,74.5,0,True,0.0,
3HBUdn,16,22,Winner_2022,76.3,73.0,0,True,0.0,
3HBUdn,16,23,Winner_2022,76.8,71.1,1,True,0.0,
3HBUdn,16,24,Winner_2022,77.3,69.5,1,True,0.0,
3HBUdn,16,25,Winner_2022,77.8,68.6,0,True,0.0,
3HBUdn,16,26,Winner_2022,78.3,67.3,0,True,0.0,
3HBUdn,16,27,Winner_2022,78.8,65.5,1,True,0.0,
3HBUdn,16,28,Winner_2022,79.3,64.2,1,True,0.0,
3HBUdn,16,29,Winner_2022,79.8,63.3,1,True,0.0,
3HBUdn,16,30,Winner_2022,80.3,62.7,2,True,0.0,
3HBUdn,16,31,Winner_2022,80.8,63.2,0,True,0.0,
3HBUdn,16,32,Winner_2022,81.3,63.5,0,True,0.0,
3HBUdn,16,33,Winner_2022,81.8,63.4,4,True,0.0,
3HBUdn,16,34,Winner_2022,82.3,65.8,1,True,0.0,
3HBUdn,16,35,Winner_2022,82.8,68.4,1,True,0.0,
3HBUdn,16,36,Winner_2022,83.3,71.6,0,True,0.0,
3HBUdn,16,37,Winner_2022,83.8,74.4,1,True,0.0,
3HBUdn,16,38,Winner_2022,84.3,77.5,1,True,0.0,
3HBUdn,16,39,Winner_2022,84.8,81.2,0,True,0.0,
3HBUdn,16,40,Winner_2022,85.3,84.7,0,True,0.0,
3HBUdn,16,41,Winner_2022,85.6,87.8,0,True,0.0,
3HBUdn,16,42,Winner_2022,86.1,90.5,0,True,0.0,
3HBUdn,16,43,Winner_2022,86.6,92.8,0,True,0.0,
3HBUdn,16,44,Winner_2022,87.1,94.8,0,True,0.0,
3HBUdn,16,45,Winner_2022,87.6,96.2,0,True,0.0,
3HBUdn,16,46,Winner_2022,88.1,97.3,0,True,0.0,
3HBUdn,16,47,Winner_2022,88.6,98.0,0,True,0.0,
3HBUdn,16,48,Winner_2022,89.1,98.3,0,True,0.0,
3HBUdn,16,49,Winner_2022,89.6,98.4,0,True,0.0,
3HBUdn,16,50,Winner_2022,90.1,97.9,0,True,0.0,
3HBUdn,16,51,Winner_2022,90.6,97.0,0,True,0.0,
3HBUdn,16,52,Winner_2022,91.1,95.7,0,True,0.0,
3HBUdn,16,53,Winner_2022,91.6,93.9,0,True,0.0,
3HBUdn,16,54,Winner_2022,92.1,91.5,0,True,0.0,
3HBUdn,16,55,Winner_2022,91.8,88.8,0,True,0.0,
3HBUdn,16,56,Winner_2022,91.3,85.8,0,True,0.0,
3HBUdn,16,57,Winner_2022,90.8,82.7,0,True,0.0,
3HBUdn,16,58,Winner_2022,90.3,79.4,0,True,0.0,
3HBUdn,16,59,Winner_2022,89.8,76.0,1,True,0.0,
3HBUdn,16,60,Winner_2022,89.3,72.9,1,True,0.0,
3HBUdn,16,61,Winner_2022,88.8,70.1,1,True,0.0,
3HBUdn,16,62,Winner_2022,88.3,67.5,2,True,0.0,
3HBUdn,16,63,Winner_2022,87.8,65.5,4,True,0.0,
3HBUdn,16,64,Winner_2022,87.3,64.7,1,True,0.0,
3HBUdn,16,65,Winner_2022,86.8,63.8,2,True,0.0,
3HBUdn,16,66,Winner_2022,86.3,63.3,2,True,0.0,
3HBUdn,16,67,Winner_2022,85.8,63.1,0,True,0.0,
3HBUdn,16,68,Winner_2022,85.3,62.5,1,True,0.0,
3HBUdn,16,69,Winner_2022,84.8,61.9,1,True,0.0,
3HBUdn,16,70,Winner_2022,84.3,61.3,0,True,0.0,
3HBUdn,16,71,Winner_2022,83.8,60.4,5,True,0.0,
3HBUdn,16,72,Winner_2022,83.3,60.6,1,True,0.0,
3HBUdn,16,73,Winner_2022,82.8,60.7,0,True,0.0,
3HBUdn,16,74,Winner_2022,82.3,60.5,1,True,0.0,
3HBUdn,16,75,Winner_2022,81.8,60.1,0,True,0.0,
3HBUdn,16,76,Winner_2022,81.3,59.4,1,True,0.0,
3HBUdn,16,77,Winner_2022,80.8,58.7,0,True,0.0,
3HBUdn,16,78,Winner_2022,80.3,57.7,1,True,0.0,
3HBUdn,16,79,Winner_2022,79.8,56.6,1,True,0.0,
3HBUdn,16,80,Winner_2022,79.3,55.6,3,True,0.0,
3HBUdn,16,81,Winner_2022,78.8,54.9,0,True,0.0,
3HBUdn,16,82,Winner_2022,78.3,54.0,1,True,0.0,
3HBUdn,16,83,Winner_2022,77.8,53.1,3,True,0.0,
3HBUdn,16,84,Winner_2022,77.3,52.4,0,True,0.0,
3HBUdn,16,85,Winner_2022,76.8,51.6,2,True,0.0,
3HBUdn,16,86,Winner_2022,76.3,50.9,1,True,0.0,
3HBUdn,16,87,Winner_2022,75.8,50.1,1,True,0.0,
3HBUdn,16,88,Winner_2022,75.3,49.3,1,True,0.0,
3HBUdn,16,89,Winner_2022,74.8,48.5,1,True,0.0,
3HBUdn,16,90,Winner_2022,74.3,47.7,0,True,0.0,
3HBUdn,16,91,Winner_2022,73.8,46.8,3,True,0.0,
3HBUdn,16,92,Winner_2022,73.3,46.1,1,True,0.0,
3HBUdn,16,93,Winner_2022,72.8,45.5,1,True,0.0,
3HBUdn,16,94,Winner_2022,72.3,44.9,2,True,0.0,
3HBUdn,16,95,Winner_2022,71.8,44.5,1,True,0.0,
3HBUdn,16,96,Winner_2022,71.3,44.0,2,True,0.0,
3HBUdn,16,97,Winner_2022,70.8,43.7,3,True,0.0,
3HBUdn,16,98,Winner_2022,70.3,43.7,3,True,0.0,
3HBUdn,16,99,Winner_2022,69.8,43.9,0,True,0.0,
3HBUdn,16,100,Winner_2022,69.3,44.1,0,True,0.0,
3HBUdn,17,1,Winner_2022,72.1,86.0,0,True,0.0,
3HBUdn,17,2,Winner_2022,71.6,68.8,1,True,0.0,
3HBUdn,17,3,Winner_2022,71.1,66.5,0,True,0.0,
3HBUdn,17,4,Winner_2022,70.6,61.7,0,True,0.0,
3HBUdn,17,5,Winner_2022,70.1,55.3,0,True,0.0,
3HBUdn,17,6,Winner_2022,69.6,48.3,1,True,0.0,
3HBUdn,17,7,Winner_2022,69.1,45.1,0,True,0.0,
3HBUdn,17,8,Winner_2022,68.6,41.2,0,True,0.0,
3HBUdn,17,9,Winner_2022,68.1,37.0,2,True,0.0,
3HBUdn,17,10,Winner_2022,67.6,36.2,1,True,0.0,
3HBUdn,17,11,Winner_2022,67.1,36.3,0,True,0.0,
3HBUdn,17,12,Winner_2022,66.6,35.8,0,True,0.0,
3HBUdn,17,13,Winner_2022,66.1,34.5,2,True,0.0,
3HBUdn,17,14,Winner_2022,65.6,34.8,0,True,0.0,
3HBUdn,17,15,Winner_2022,65.1,34.3,1,True,0.0,
3HBUdn,17,16,Winner_2022,64.6,34.3,2,True,0.0,
3HBUdn,17,17,Winner_2022,64.1,35.2,2,True,0.0,
3HBUdn,17,18,Winner_2022,63.6,37.3,1,True,0.0,
3HBUdn,17,19,Winner_2022,63.1,39.9,0,True,0.0,
3HBUdn,17,20,Winner_2022,62.6,42.2,1,True,0.0,
3HBUdn,17,21,Winner_2022,62.1,45.0,0,True,0.0,
3HBUdn,17,22,Winner_2022,61.6,47.3,0,True,0.0,
3HBUdn,17,23,Winner_2022,61.1,49.4,0,True,0.0,
3HBUdn,17,24,Winner_2022,60.6,50.7,0,True,0.0,
3HBUdn,17,25,Winner_2022,60.1,51.6,0,True,0.0,
3HBUdn,17,26,Winner_2022,59.6,52.2,2,True,0.0,
3HBUdn,17,27,Winner_2022,59.1,53.8,1,True,0.0,
3HBUdn,17,28,Winner_2022,58.6,55.7,0,True,0.0,
3HBUdn,17,29,Winner_2022,58.1,57.1,2,True,0.0,
3HBUdn,17,30,Winner_2022,57.6,59.5,0,True,0.0,
3HBUdn,17,31,Winner_2022,57.1,61.4,0,True,0.0,
3HBUdn,17,32,Winner_2022,56.6,63.2,0,True,0.0,
3HBUdn,17,33,Winner_2022,56.1,64.5,0,True,0.0,
3HBUdn,17,34,Winner_2022,56.6,65.5,0,True,0.0,
3HBUdn,17,35,Winner_2022,57.1,66.0,0,True,0.0,
3HBUdn,17,36,Winner_2022,57.6,66.2,0,True,0.0,
3HBUdn,17,37,Winner_2022,58.1,66.0,1,True,0.0,
3HBUdn,17,38,Winner_2022,58.6,66.2,0,True,0.0,
3HBUdn,17,39,Winner_2022,59.1,66.1,0,True,0.0,
3HBUdn,17,40,Winner_2022,59.6,65.7,0,True,0.0,
3HBUdn,17,41,Winner_2022,60.1,65.0,0,True,0.0,
3HBUdn,17,42,Winner_2022,60.6,64.0,1,True,0.0,
3HBUdn,17,43,Winner_2022,61.1,63.3,0,True,0.0,
3HBUdn,17,44,Winner_2022,61.6,62.4,0,True,0.0,
3HBUdn,17,45,Winner_2022,62.0,61.2,1,True,0.0,
3HBUdn,17,46,Winner_2022,62.4,60.3,1,True,0.0,
3HBUdn,17,47,Winner_2022,62.9,59.7,0,True,0.0,
3HBUdn,17,48,Winner_2022,63.4,59.0,1,True,0.0,
3HBUdn,17,49,Winner_2022,63.9,58.6,0,True,0.0,
3HBUdn,17,50,Winner_2022,64.4,57.8,0,True,0.0,
3HBUdn,17,51,Winner_2022,64.9,56.8,1,True,0.0,
3HBUdn,17,52,Winner_2022,65.4,56.1,1,True,0.0,
3HBUdn,17,53,Winner_2022,65.9,55.4,1,True,0.0,
3HBUdn,17,54,Winner_2022,66.4,54.8,0,True,0.0,
3HBUdn,17,55,Winner_2022,66.9,53.9,1,True,0.0,
3HBUdn,17,56,Winner_2022,67.4,53.2,2,True,0.0,
3HBUdn,17,57,Winner_2022,67.9,53.0,1,True,0.0,
3HBUdn,17,58,Winner_2022,68.4,52.9,1,True,0.0,
3HBUdn,17,59,Winner_2022,68.9,53.0,0,True,0.0,
3HBUdn,17,60,Winner_2022,69.4,52.8,2,True,0.0,
3HBUdn,17,61,Winner_2022,69.9,52.9,2,True,0.0,
3HBUdn,17,62,Winner_2022,70.4,53.4,1,True,0.0,
3HBUdn,17,63,Winner_2022,70.9,54.0,1,True,0.0,
3HBUdn,17,64,Winner_2022,71.4,54.5,0,True,0.0,
3HBUdn,17,65,Winner_2022,71.9,54.6,0,True,0.0,
3HBUdn,17,66,Winner_2022,72.4,54.5,0,True,0.0,
3HBUdn,17,67,Winner_2022,72.9,54.0,1,True,0.0,
3HBUdn,17,68,Winner_2022,73.4,53.5,3,True,0.0,
3HBUdn,17,69,Winner_2022,72.9,53.5,1,True,0.0,
3HBUdn,17,70,Winner_2022,72.4,53.5,2,True,0.0,
3HBUdn,17,71,Winner_2022,71.9,53.7,2,True,0.0,
3HBUdn,17,72,Winner_2022,71.4,54.1,1,True,0.0,
3HBUdn,17,73,Winner_2022,70.9,54.5,3,True,0.0,
3HBUdn,17,74,Winner_2022,70.4,55.2,2,True,0.0,
3HBUdn,17,75,Winner_2022,69.9,55.9,5,True,0.0,
3HBUdn,17,76,Winner_2022,69.4,57.5,2,True,0.0,
3HBUdn,17,77,Winner_2022,68.9,59.2,0,True,0.0,
3HBUdn,17,78,Winner_2022,68.4,60.6,0,True,0.0,
3HBUdn,17,79,Winner_2022,67.9,61.7,1,True,0.0,
3HBUdn,17,80,Winner_2022,67.4,62.8,1,True,0.0,
3HBUdn,17,81,Winner_2022,66.9,63.7,0,True,0.0,
3HBUdn,17,82,Winner_2022,66.4,64.4,1,True,0.0,
3HBUdn,17,83,Winner_2022,65.9,65.0,1,True,0.0,
3HBUdn,17,84,Winner_2022,65.4,65.5,0,True,0.0,
3HBUdn,17,85,Winner_2022,65.4,65.7,2,True,0.0,
3HBUdn,17,86,Winner_2022,65.2,66.0,0,True,0.0,
3HBUdn,17,87,Winner_2022,64.9,66.0,1,True,0.0,
3HBUdn,17,88,Winner_2022,64.4,65.9,0,True,0.0,
3HBUdn,17,89,Winner_2022,63.9,65.6,2,True,0.0,
3HBUdn,17,90,Winner_2022,63.4,65.5,2,True,0.0,
3HBUdn,17,91,Winner_2022,62.9,65.5,0,True,0.0,
3HBUdn,17,92,Winner_2022,62.4,65.3,0,True,0.0,
3HBUdn,17,93,Winner_2022,61.9,65.0,0,True,0.0,
3HBUdn,17,94,Winner_2022,61.4,64.5,0,True,0.0,
3HBUdn,17,95,Winner_2022,60.9,63.8,1,True,0.0,
3HBUdn,17,96,Winner_2022,60.4,63.2,0,True,0.0,
3HBUdn,17,97,Winner_2022,59.9,62.5,0,True,0.0,
3HBUdn,17,98,Winner_2022,59.4,61.6,0,True,0.0,
3HBUdn,17,99,Winner_2022,58.9,60.7,0,True,0.0,
3HBUdn,17,100,Winner_2022,58.4,59.6,0,True,0.0,
3HBUdn,18,1,Winner_2022,72.5,46.0,0,True,0.0,
3HBUdn,18,2,Winner_2022,72.0,36.8,1,True,0.0,
3HBUdn,18,3,Winner_2022,71.5,35.6,3,True,0.0,
3HBUdn,18,4,Winner_2022,71.0,42.7,1,True,0.0,
3HBUdn,18,5,Winner_2022,70.5,51.2,1,True,0.0,
3HBUdn,18,6,Winner_2022,70.0,61.5,1,True,0.0,
3HBUdn,18,7,Winner_2022,69.5,73.8,0,True,0.0,
3HBUdn,18,8,Winner_2022,70.0,88.4,0,True,0.0,
3HBUdn,18,9,Winner_2022,70.5,100.0,0,True,0.0,
3HBUdn,18,10,Winner_2022,71.0,100.0,0,True,0.0,
3HBUdn,18,11,Winner_2022,71.5,100.0,0,True,0.0,
3HBUdn,18,12,Winner_2022,72.0,100.0,0,True,0.0,
3HBUdn,18,13,Winner_2022,72.5,100.0,0,True,0.0,
3HBUdn,18,14,Winner_2022,73.0,100.0,0,True,0.0,
3HBUdn,18,15,Winner_2022,73.5,98.8,0,True,0.0,
3HBUdn,18,16,Winner_2022,74.0,96.1,0,True,0.0,
3HBUdn,18,17,Winner_2022,74.5,92.2,0,True,0.0,
3HBUdn,18,18,Winner_2022,75.0,87.8,0,True,0.0,
3HBUdn,18,19,Winner_2022,75.5,82.9,0,True,0.0,
3HBUdn,18,20,Winner_2022,76.0,77.8,0,True,0.0,
3HBUdn,18,21,Winner_2022,76.5,72.6,0,True,0.0,
3HBUdn,18,22,Winner_2022,77.0,67.3,3,True,0.0,
3HBUdn,18,23,Winner_2022,77.5,65.5,0,True,0.0,
3HBUdn,18,24,Winner_2022,78.0,63.0,1,True,0.0,
3HBUdn,18,25,Winner_2022,78.5,61.2,1,True,0.0,
3HBUdn,18,26,Winner_2022,79.0,60.0,1,True,0.0,
3HBUdn,18,27,Winner_2022,79.5,59.3,0,True,0.0,
3HBUdn,18,28,Winner_2022,80.0,58.1,1,True,0.0,
3HBUdn,18,29,Winner_2022,80.5,57.2,0,True,0.0,
3HBUdn,18,30,Winner_2022,81.0,56.0,2,True,0.0,
3HBUdn,18,31,Winner_2022,81.5,55.8,0,True,0.0,
3HBUdn,18,32,Winner_2022,82.0,55.3,0,True,0.0,
3HBUdn,18,33,Winner_2022,82.5,54.6,1,True,0.0,
3HBUdn,18,34,Winner_2022,83.0,54.2,1,True,0.0,
3HBUdn,18,35,Winner_2022,83.5,54.0,1,True,0.0,
3HBUdn,18,36,Winner_2022,84.0,54.2,0,True,0.0,
3HBUdn,18,37,Winner_2022,84.5,54.0,0,True,0.0,
3HBUdn,18,38,Winner_2022,85.0,53.6,2,True,0.0,
3HBUdn,18,39,Winner_2022,85.5,54.0,1,True,0.0,
3HBUdn,18,40,Winner_2022,86.0,54.8,1,True,0.0,
3HBUdn,18,41,Winner_2022,86.5,55.7,4,True,0.0,
3HBUdn,18,42,Winner_2022,87.0,58.5,0,True,0.0,
3HBUdn,18,43,Winner_2022,87.5,61.0,0,True,0.0,
3HBUdn,18,44,Winner_2022,88.0,63.4,1,True,0.0,
3HBUdn,18,45,Winner_2022,88.5,66.0,0,True,0.0,
3HBUdn,18,46,Winner_2022,89.0,68.4,0,True,0.0,
3HBUdn,18,47,Winner_2022,89.5,70.6,1,True,0.0,
3HBUdn,18,48,Winner_2022,90.0,73.2,0,True,0.0,
3HBUdn,18,49,Winner_2022,90.5,75.6,0,True,0.0,
3HBUdn,18,50,Winner_2022,91.0,77.5,0,True,0.0,
3HBUdn,18,51,Winner_2022,91.5,79.2,1,True,0.0,
3HBUdn,18,52,Winner_2022,92.0,81.1,0,True,0.0,
3HBUdn,18,53,Winner_2022,92.5,82.5,0,True,0.0,
3HBUdn,18,54,Winner_2022,93.0,83.3,0,True,0.0,
3HBUdn,18,55,Winner_2022,92.5,83.7,0,True,0.0,
3HBUdn,18,56,Winner_2022,92.0,83.6,0,True,0.0,
3HBUdn,18,57,Winner_2022,91.5,83.3,0,True,0.0,
3HBUdn,18,58,Winner_2022,91.0,82.7,1,True,0.0,
3HBUdn,18,59,Winner_2022,90.5,82.2,0,True,0.0,
3HBUdn,18,60,Winner_2022,90.0,81.4,0,True,0.0,
3HBUdn,18,61,Winner_2022,89.5,80.2,0,True,0.0,
3HBUdn,18,62,Winner_2022,89.0,78.6,1,True,0.0,
3HBUdn,18,63,Winner_2022,88.5,77.2,1,True,0.0,
3HBUdn,18,64,Winner_2022,88.0,75.8,2,True,0.0,
3HBUdn,18,65,Winner_2022,87.5,74.8,0,True,0.0,
3HBUdn,18,66,Winner_2022,87.0,73.4,2,True,0.0,
3HBUdn,18,67,Winner_2022,86.5,72.4,0,True,0.0,
3HBUdn,18,68,Winner_2022,86.0,71.0,2,True,0.0,
3HBUdn,18,69,Winner_2022,85.5,70.0,2,True,0.0,
3HBUdn,18,70,Winner_2022,85.0,69.4,1,True,0.0,
3HBUdn,18,71,Winner_2022,84.5,68.7,1,True,0.0,
3HBUdn,18,72,Winner_2022,84.0,68.0,0,True,0.0,
3HBUdn,18,73,Winner_2022,83.5,67.0,0,True,0.0,
3HBUdn,18,74,Winner_2022,83.0,65.6,1,True,0.0,
3HBUdn,18,75,Winner_2022,82.5,64.1,2,True,0.0,
3HBUdn,18,76,Winner_2022,82.0,62.9,1,True,0.0,
3HBUdn,18,77,Winner_2022,81.5,61.6,0,True,0.0,
3HBUdn,18,78,Winner_2022,81.0,60.1,0,True,0.0,
3HBUdn,18,79,Winner_2022,80.5,58.3,2,True,0.0,
3HBUdn,18,80,Winner_2022,80.0,56.8,0,True,0.0,
3HBUdn,18,81,Winner_2022,79.5,55.1,1,True,0.0,
3HBUdn,18,82,Winner_2022,79.0,53.5,2,True,0.0,
3HBUdn,18,83,Winner_2022,78.5,52.0,3,True,0.0,
3HBUdn,18,84,Winner_2022,78.0,50.9,1,True,0.0,
3HBUdn,18,85,Winner_2022,77.5,49.8,1,True,0.0,
3HBUdn,18,86,Winner_2022,77.0,48.6,3,True,0.0,
3HBUdn,18,87,Winner_2022,76.5,47.7,2,True,0.0,
3HBUdn,18,88,Winner_2022,76.0,47.0,1,True,0.0,
3HBUdn,18,89,Winner_2022,75.5,46.2,2,True,0.0,
3HBUdn,18,90,Winner_2022,75.0,45.6,2,True,0.0,
3HBUdn,18,91,Winner_2022,74.5,45.1,0,True,0.0,
3HBUdn,18,92,Winner_2022,74.0,44.5,1,True,0.0,
3HBUdn,18,93,Winner_2022,73.5,43.8,0,True,0.0,
3HBUdn,18,94,Winner_2022,73.0,43.2,2,True,0.0,
3HBUdn,18,95,Winner_2022,72.5,42.6,0,True,0.0,
3HBUdn,18,96,Winner_2022,72.0,42.0,2,True,0.0,
3HBUdn,18,97,Winner_2022,71.5,41.5,0,True,0.0,
3HBUdn,18,98,Winner_2022,71.0,40.9,0,True,0.0,
3HBUdn,18,99,Winner_2022,70.5,40.3,3,True,0.0,
3HBUdn,18,100,Winner_2022,70.0,39.9,3,True,0.0,
3HBUdn,19,1,Winner_2022,72.7,46.0,0,True,0.0,
3HBUdn,19,2,Winner_2022,72.2,36.8,3,True,0.0,
3HBUdn,19,3,Winner_2022,71.7,44.2,1,True,0.0,
3HBUdn,19,4,Winner_2022,71.2,53.0,0,True,0.0,
3HBUdn,19,5,Winner_2022,70.7,62.8,1,True,0.0,
3HBUdn,19,6,Winner_2022,70.2,73.5,0,True,0.0,
3HBUdn,19,7,Winner_2022,70.7,83.4,0,True,0.0,
3HBUdn,19,8,Winner_2022,71.2,90.5,0,True,0.0,
3HBUdn,19,9,Winner_2022,71.7,94.6,0,True,0.0,
3HBUdn,19,10,Winner_2022,72.2,96.6,0,True,0.0,
3HBUdn,19,11,Winner_2022,72.7,96.9,0,True,0.0,
3HBUdn,19,12,Winner_2022,73.2,95.5,0,True,0.0,
3HBUdn,19,13,Winner_2022,73.7,92.1,0,True,0.0,
3HBUdn,19,14,Winner_2022,74.2,87.4,0,True,0.0,
3HBUdn,19,15,Winner_2022,74.7,81.6,0,True,0.0,
3HBUdn,19,16,Winner_2022,75.2,75.4,1,True,0.0,
3HBUdn,19,17,Winner_2022,75.3,70.6,1,True,0.0,
3HBUdn,19,18,Winner_2022,75.8,67.2,1,True,0.0,
3HBUdn,19,19,Winner_2022,76.3,64.9,0,True,0.0,
3HBUdn,19,20,Winner_2022,76.8,62.1,1,True,0.0,
3HBUdn,19,21,Winner_2022,77.3,60.3,2,True,0.0,
3HBUdn,19,22,Winner_2022,77.8,60.3,1,True,0.0,
3HBUdn,19,23,Winner_2022,78.3,60.8,1,True,0.0,
3HBUdn,19,24,Winner_2022,78.8,61.4,0,True,0.0,
3HBUdn,19,25,Winner_2022,79.3,61.6,2,True,0.0,
3HBUdn,19,26,Winner_2022,79.8,63.2,0,True,0.0,
3HBUdn,19,27,Winner_2022,80.3,64.2,0,True,0.0,
3HBUdn,19,28,Winner_2022,80.8,64.7,0,True,0.0,
3HBUdn,19,29,Winner_2022,81.3,64.6,1,True,0.0,
3HBUdn,19,30,Winner_2022,81.8,64.8,0,True,0.0,
3HBUdn,19,31,Winner_2022,82.3,64.6,1,True,0.0,
3HBUdn,19,32,Winner_2022,82.8,64.9,0,True,0.0,
3HBUdn,19,33,Winner_2022,83.3,64.7,2,True,0.0,
3HBUdn,19,34,Winner_2022,83.8,65.7,0,True,0.0,
3HBUdn,19,35,Winner_2022,84.3,66.2,2,True,0.0,
3HBUdn,19,36,Winner_2022,84.8,67.8,0,True,0.0,
3HBUdn,19,37,Winner_2022,85.3,69.1,1,True,0.0,
3HBUdn,19,38,Winner_2022,85.8,70.7,1,True,0.0,
3HBUdn,19,39,Winner_2022,86.3,72.6,0,True,0.0,
3HBUdn,19,40,Winner_2022,86.8,74.3,3,True,0.0,
3HBUdn,19,41,Winner_2022,87.3,77.7,0,True,0.0,
3HBUdn,19,42,Winner_2022,87.8,80.8,0,True,0.0,
3HBUdn,19,43,Winner_2022,88.3,83.6,0,True,0.0,
3HBUdn,19,44,Winner_2022,88.8,86.1,0,True,0.0,
3HBUdn,19,45,Winner_2022,89.3,88.2,0,True,0.0,
3HBUdn,19,46,Winner_2022,89.8,89.9,0,True,0.0,
3HBUdn,19,47,Winner_2022,89.9,91.3,0,True,0.0,
3HBUdn,19,48,Winner_2022,90.4,92.4,0,True,0.0,
3HBUdn,19,49,Winner_2022,90.9,93.2,0,True,0.0,
3HBUdn,19,50,Winner_2022,91.4,93.4,0,True,0.0,
3HBUdn,19,51,Winner_2022,91.9,93.3,0,True,0.0,
3HBUdn,19,52,Winner_2022,92.4,92.7,0,True,0.0,
3HBUdn,19,53,Winner_2022,92.5,91.6,0,True,0.0,
3HBUdn,19,54,Winner_2022,93.0,90.0,0,True,0.0,
3HBUdn,19,55,Winner_2022,93.5,87.9,0,True,0.0,
3HBUdn,19,56,Winner_2022,93.0,85.6,0,True,0.0,
3HBUdn,19,57,Winner_2022,92.5,83.0,0,True,0.0,
3HBUdn,19,58,Winner_2022,92.0,80.2,0,True,0.0,
3HBUdn,19,59,Winner_2022,91.5,77.3,2,True,0.0,
3HBUdn,19,60,Winner_2022,91.0,75.1,2,True,0.0,
3HBUdn,19,61,Winner_2022,90.5,73.5,0,True,0.0,
3HBUdn,19,62,Winner_2022,90.0,71.6,1,True,0.0,
3HBUdn,19,63,Winner_2022,89.5,69.9,2,True,0.0,
3HBUdn,19,64,Winner_2022,89.0,68.7,1,True,0.0,
3HBUdn,19,65,Winner_2022,88.5,67.4,2,True,0.0,
3HBUdn,19,66,Winner_2022,88.0,66.5,2,True,0.0,
3HBUdn,19,67,Winner_2022,87.5,66.0,0,True,0.0,
3HBUdn,19,68,Winner_2022,87.0,65.0,2,True,0.0,
3HBUdn,19,69,Winner_2022,86.5,64.4,1,True,0.0,
3HBUdn,19,70,Winner_2022,86.0,63.8,0,True,0.0,
3HBUdn,19,71,Winner_2022,85.5,62.9,3,True,0.0,
3HBUdn,19,72,Winner_2022,85.0,62.5,1,True,0.0,
3HBUdn,19,73,Winner_2022,84.5,62.1,0,True,0.0,
3HBUdn,19,74,Winner_2022,84.0,61.3,2,True,0.0,
3HBUdn,19,75,Winner_2022,83.5,60.7,0,True,0.0,
3HBUdn,19,76,Winner_2022,83.0,59.8,2,True,0.0,
3HBUdn,19,77,Winner_2022,82.5,59.0,0,True,0.0,
3HBUdn,19,78,Winner_2022,82.0,58.0,1,True,0.0,
3HBUdn,19,79,Winner_2022,81.5,57.0,2,True,0.0,
3HBUdn,19,80,Winner_2022,81.0,56.1,2,True,0.0,
3HBUdn,19,81,Winner_2022,80.5,55.4,2,True,0.0,
3HBUdn,19,82,Winner_2022,80.0,54.9,1,True,0.0,
3HBUdn,19,83,Winner_2022,79.5,54.3,3,True,0.0,
3HBUdn,19,84,Winner_2022,79.0,54.0,2,True,0.0,
3HBUdn,19,85,Winner_2022,78.5,53.8,3,True,0.0,
3HBUdn,19,86,Winner_2022,78.0,53.9,2,True,0.0,
3HBUdn,19,87,Winner_2022,77.5,54.1,1,True,0.0,
3HBUdn,19,88,Winner_2022,77.0,54.2,2,True,0.0,
3HBUdn,19,89,Winner_2022,76.5,54.4,2,True,0.0,
3HBUdn,19,90,Winner_2022,76.0,54.7,0,True,0.0,
3HBUdn,19,91,Winner_2022,75.5,54.9,0,True,0.0,
3HBUdn,19,92,Winner_2022,75.0,54.9,1,True,0.0,
3HBUdn,19,93,Winner_2022,74.5,54.9,4,True,0.0,
3HBUdn,19,94,Winner_2022,74.0,55.4,2,True,0.0,
3HBUdn,19,95,Winner_2022,73.5,56.0,1,True,0.0,
3HBUdn,19,96,Winner_2022,73.0,56.7,0,True,0.0,
3HBUdn,19,97,Winner_2022,72.5,57.2,0,True,0.0,
3HBUdn,19,98,Winner_2022,72.0,57.6,0,True,0.0,
3HBUdn,19,99,Winner_2022,71.5,57.9,0,True,0.0,
3HBUdn,19,100,Winner_2022,71.0,58.1,0,True,0.0,
3HBUdn,20,1,Winner_2022,81.1,39.0,0,True,0.0,
3HBUdn,20,2,Winner_2022,80.6,31.2,1,True,0.0,
3HBUdn,20,3,Winner_2022,80.1,30.2,0,True,0.0,
3HBUdn,20,4,Winner_2022,79.6,28.0,1,True,0.0,
3HBUdn,20,5,Winner_2022,79.1,27.7,0,True,0.0,
3HBUdn,20,6,Winner_2022,78.6,26.3,2,True,0.0,
3HBUdn,20,7,Winner_2022,78.1,28.1,1,True,0.0,
3HBUdn,20,8,Winner_2022,77.6,30.5,1,True,0.0,
3HBUdn,20,9,Winner_2022,77.1,33.4,3,True,0.0,
3HBUdn,20,10,Winner_2022,76.6,39.9,3,True,0.0,
3HBUdn,20,11,Winner_2022,76.1,47.9,1,True,0.0,
3HBUdn,20,12,Winner_2022,75.6,57.5,1,True,0.0,
3HBUdn,20,13,Winner_2022,75.1,69.0,0,True,0.0,
3HBUdn,20,14,Winner_2022,74.6,82.8,0,True,0.0,
3HBUdn,20,15,Winner_2022,75.1,97.4,0,True,0.0,
3HBUdn,20,16,Winner_2022,74.6,100.0,0,True,0.0,
3HBUdn,20,17,Winner_2022,75.1,100.0,0,True,0.0,
3HBUdn,20,18,Winner_2022,75.6,100.0,0,True,0.0,
3HBUdn,20,19,Winner_2022,76.1,100.0,0,True,0.0,
3HBUdn,20,20,Winner_2022,76.6,100.0,0,True,0.0,
3HBUdn,20,21,Winner_2022,77.1,100.0,0,True,0.0,
3HBUdn,20,22,Winner_2022,77.6,100.0,0,True,0.0,
3HBUdn,20,23,Winner_2022,78.1,100.0,0,True,0.0,
3HBUdn,20,24,Winner_2022,78.6,100.0,0,True,0.0,
3HBUdn,20,25,Winner_2022,79.1,100.0,0,True,0.0,
3HBUdn,20,26,Winner_2022,79.6,100.0,0,True,0.0,
3HBUdn,20,27,Winner_2022,80.1,100.0,0,True,0.0,
3HBUdn,20,28,Winner_2022,80.6,99.3,0,True,0.0,
3HBUdn,20,29,Winner_2022,81.1,97.9,0,True,0.0,
3HBUdn,20,30,Winner_2022,81.6,95.8,0,True,0.0,
3HBUdn,20,31,Winner_2022,82.1,93.1,0,True,0.0,
3HBUdn,20,32,Winner_2022,82.6,90.1,0,True,0.0,
3HBUdn,20,33,Winner_2022,83.1,86.8,0,True,0.0,
3HBUdn,20,34,Winner_2022,83.6,83.2,0,True,0.0,
3HBUdn,20,35,Winner_2022,83.7,79.3,1,True,0.0,
3HBUdn,20,36,Winner_2022,84.2,76.1,2,True,0.0,
3HBUdn,20,37,Winner_2022,84.7,74.4,2,True,0.0,
3HBUdn,20,38,Winner_2022,85.2,73.8,1,True,0.0,
3HBUdn,20,39,Winner_2022,85.7,73.6,2,True,0.0,
3HBUdn,20,40,Winner_2022,86.2,74.6,0,True,0.0,
3HBUdn,20,41,Winner_2022,86.7,75.3,0,True,0.0,
3HBUdn,20,42,Winner_2022,87.2,75.5,2,True,0.0,
3HBUdn,20,43,Winner_2022,87.7,76.7,0,True,0.0,
3HBUdn,20,44,Winner_2022,88.2,77.7,0,True,0.0,
3HBUdn,20,45,Winner_2022,87.7,78.2,1,True,0.0,
3HBUdn,20,46,Winner_2022,87.2,79.1,0,True,0.0,
3HBUdn,20,47,Winner_2022,86.7,79.6,0,True,0.0,
3HBUdn,20,48,Winner_2022,86.2,79.9,0,True,0.0,
3HBUdn,20,49,Winner_2022,85.7,80.0,0,True,0.0,
3HBUdn,20,50,Winner_2022,85.2,79.5,0,True,0.0,
3HBUdn,20,51,Winner_2022,84.7,78.8,1,True,0.0,
3HBUdn,20,52,Winner_2022,84.2,78.3,2,True,0.0,
3HBUdn,20,53,Winner_2022,83.7,78.6,0,True,0.0,
3HBUdn,20,54,Winner_2022,83.2,78.3,0,True,0.0,
3HBUdn,20,55,Winner_2022,82.7,77.5,0,True,0.0,
3HBUdn,20,56,Winner_2022,82.2,76.5,1,True,0.0,
3HBUdn,20,57,Winner_2022,81.7,75.7,0,True,0.0,
3HBUdn,20,58,Winner_2022,81.2,74.6,2,True,0.0,
3HBUdn,20,59,Winner_2022,80.7,74.2,1,True,0.0,
3HBUdn,20,60,Winner_2022,80.2,73.9,1,True,0.0,
3HBUdn,20,61,Winner_2022,79.7,73.7,0,True,0.0,
3HBUdn,20,62,Winner_2022,79.2,73.1,1,True,0.0,
3HBUdn,20,63,Winner_2022,78.7,72.6,0,True,0.0,
3HBUdn,20,64,Winner_2022,78.2,71.7,1,True,0.0,
3HBUdn,20,65,Winner_2022,77.7,70.8,1,True,0.0,
3HBUdn,20,66,Winner_2022,77.2,69.8,1,True,0.0,
3HBUdn,20,67,Winner_2022,76.7,68.9,2,True,0.0,
3HBUdn,20,68,Winner_2022,76.2,68.2,1,True,0.0,
3HBUdn,20,69,Winner_2022,75.7,67.6,0,True,0.0,
3HBUdn,20,70,Winner_2022,75.2,66.6,1,True,0.0,
3HBUdn,20,71,Winner_2022,74.7,65.7,0,True,0.0,
3HBUdn,20,72,Winner_2022,74.2,64.4,0,True,0.0,
3HBUdn,20,73,Winner_2022,73.7,62.9,2,True,0.0,
3HBUdn,20,74,Winner_2022,73.2,61.6,1,True,0.0,
3HBUdn,20,75,Winner_2022,72.7,60.2,0,True,0.0,
3HBUdn,20,76,Winner_2022,72.2,58.6,1,True,0.0,
3HBUdn,20,77,Winner_2022,71.7,57.0,2,True,0.0,
3HBUdn,20,78,Winner_2022,71.2,55.6,0,True,0.0,
3HBUdn,20,79,Winner_2022,70.7,53.9,3,True,0.0,
3HBUdn,20,80,Winner_2022,70.2,52.8,2,True,0.0,
3HBUdn,20,81,Winner_2022,69.7,51.7,2,True,0.0,
3HBUdn,20,82,Winner_2022,69.2,50.9,1,True,0.0,
3HBUdn,20,83,Winner_2022,68.7,50.0,1,True,0.0,
3HBUdn,20,84,Winner_2022,68.2,49.1,1,True,0.0,
3HBUdn,20,85,Winner_2022,67.7,48.1,3,True,0.0,
3HBUdn,20,86,Winner_2022,67.2,47.5,1,True,0.0,
3HBUdn,20,87,Winner_2022,66.7,46.8,2,True,0.0,
3HBUdn,20,88,Winner_2022,66.2,46.2,1,True,0.0,
3HBUdn,20,89,Winner_2022,65.7,45.5,4,True,0.0,
3HBUdn,20,90,Winner_2022,65.2,45.3,1,True,0.0,
3HBUdn,20,91,Winner_2022,64.7,45.1,0,True,0.0,
3HBUdn,20,92,Winner_2022,64.2,44.7,1,True,0.0,
3HBUdn,20,93,Winner_2022,63.7,44.3,0,True,0.0,
3HBUdn,20,94,Winner_2022,63.2,43.9,3,True,0.0,
3HBUdn,20,95,Winner_2022,62.7,43.7,1,True,0.0,
3HBUdn,20,96,Winner_2022,62.2,43.5,0,True,0.0,
3HBUdn,20,97,Winner_2022,61.7,43.2,1,True,0.0,
3HBUdn,20,98,Winner_2022,61.2,42.9,0,True,0.0,
3HBUdn,20,99,Winner_2022,60.7,42.6,1,True,0.0,
3HBUdn,20,100,Winner_2022,60.2,42.3,1,True,0.0,
3HBUdn,21,1,Winner_2022,79.1,33.0,1,True,0.0,
3HBUdn,21,2,Winner_2022,78.6,37.9,0,True,0.0,
3HBUdn,21,3,Winner_2022,78.1,36.6,1,True,0.0,
3HBUdn,21,4,Winner_2022,77.6,38.6,2,True,0.0,
3HBUdn,21,5,Winner_2022,77.1,45.8,0,True,0.0,
3HBUdn,21,6,Winner_2022,76.6,50.2,0,True,0.0,
3HBUdn,21,7,Winner_2022,76.1,53.6,1,True,0.0,
3HBUdn,21,8,Winner_2022,75.6,58.1,0,True,0.0,
3HBUdn,21,9,Winner_2022,75.1,60.8,1,True,0.0,
3HBUdn,21,10,Winner_2022,74.6,64.7,1,True,0.0,
3HBUdn,21,11,Winner_2022,74.1,70.2,0,True,0.0,
3HBUdn,21,12,Winner_2022,74.6,74.4,2,True,0.0,
3HBUdn,21,13,Winner_2022,74.7,81.5,0,True,0.0,
3HBUdn,21,14,Winner_2022,75.2,87.0,0,True,0.0,
3HBUdn,21,15,Winner_2022,75.7,90.6,0,True,0.0,
3HBUdn,21,16,Winner_2022,76.2,92.7,0,True,0.0,
3HBUdn,21,17,Winner_2022,76.7,93.1,0,True,0.0,
3HBUdn,21,18,Winner_2022,77.2,92.7,0,True,0.0,
3HBUdn,21,19,Winner_2022,77.7,91.4,0,True,0.0,
3HBUdn,21,20,Winner_2022,78.2,89.4,0,True,0.0,
3HBUdn,21,21,Winner_2022,78.7,86.8,0,True,0.0,
3HBUdn,21,22,Winner_2022,79.2,83.5,0,True,0.0,
3HBUdn,21,23,Winner_2022,79.7,79.9,0,True,0.0,
3HBUdn,21,24,Winner_2022,79.8,75.5,0,True,0.0,
3HBUdn,21,25,Winner_2022,80.3,71.0,1,True,0.0,
3HBUdn,21,26,Winner_2022,80.8,67.5,2,True,0.0,
3HBUdn,21,27,Winner_2022,81.3,65.7,0,True,0.0,
3HBUdn,21,28,Winner_2022,81.8,63.5,0,True,0.0,
3HBUdn,21,29,Winner_2022,82.3,60.9,2,True,0.0,
3HBUdn,21,30,Winner_2022,82.8,59.5,2,True,0.0,
3HBUdn,21,31,Winner_2022,83.3,59.3,0,True,0.0,
3HBUdn,21,32,Winner_2022,83.8,58.9,1,True,0.0,
3HBUdn,21,33,Winner_2022,84.3,58.8,0,True,0.0,
3HBUdn,21,34,Winner_2022,84.8,58.3,1,True,0.0,
3HBUdn,21,35,Winner_2022,85.3,58.1,2,True,0.0,
3HBUdn,21,36,Winner_2022,85.8,58.9,0,True,0.0,
3HBUdn,21,37,Winner_2022,86.3,59.4,0,True,0.0,
3HBUdn,21,38,Winner_2022,86.8,59.5,1,True,0.0,
3HBUdn,21,39,Winner_2022,87.3,60.0,0,True,0.0,
3HBUdn,21,40,Winner_2022,87.8,60.2,0,True,0.0,
3HBUdn,21,41,Winner_2022,88.3,60.2,0,True,0.0,
3HBUdn,21,42,Winner_2022,88.8,59.8,0,True,0.0,
3HBUdn,21,43,Winner_2022,89.3,59.2,1,True,0.0,
3HBUdn,21,44,Winner_2022,88.8,58.8,1,True,0.0,
3HBUdn,21,45,Winner_2022,88.3,58.7,3,True,0.0,
3HBUdn,21,46,Winner_2022,87.8,59.9,1,True,0.0,
3HBUdn,21,47,Winner_2022,87.3,61.3,0,True,0.0,
3HBUdn,21,48,Winner_2022,86.8,62.5,5,True,0.0,
3HBUdn,21,49,Winner_2022,86.3,66.1,1,True,0.0,
3HBUdn,21,50,Winner_2022,85.8,69.8,1,True,0.0,
3HBUdn,21,51,Winner_2022,85.3,74.0,1,True,0.0,
3HBUdn,21,52,Winner_2022,84.8,78.5,0,True,0.0,
3HBUdn,21,53,Winner_2022,84.3,82.7,0,True,0.0,
3HBUdn,21,54,Winner_2022,83.8,86.4,0,True,0.0,
3HBUdn,21,55,Winner_2022,83.3,89.8,0,True,0.0,
3HBUdn,21,56,Winner_2022,82.8,92.7,0,True,0.0,
3HBUdn,21,57,Winner_2022,82.3,95.4,0,True,0.0,
3HBUdn,21,58,Winner_2022,81.8,97.8,0,True,0.0,
3HBUdn,21,59,Winner_2022,81.3,99.6,0,True,0.0,
3HBUdn,21,60,Winner_2022,80.8,100.0,0,True,0.0,
3HBUdn,21,61,Winner_2022,80.3,100.0,0,True,0.0,
3HBUdn,21,62,Winner_2022,79.8,100.0,0,True,0.0,
3HBUdn,21,63,Winner_2022,79.3,99.9,0,True,0.0,
3HBUdn,21,64,Winner_2022,78.8,99.2,0,True,0.0,
3HBUdn,21,65,Winner_2022,78.3,97.9,0,True,0.0,
3HBUdn,21,66,Winner_2022,77.8,96.1,0,True,0.0,
3HBUdn,21,67,Winner_2022,77.3,93.8,0,True,0.0,
3HBUdn,21,68,Winner_2022,76.8,91.1,0,True,0.0,
3HBUdn,21,69,Winner_2022,76.3,88.1,0,True,0.0,
3HBUdn,21,70,Winner_2022,75.8,84.8,0,True,0.0,
3HBUdn,21,71,Winner_2022,75.3,81.3,0,True,0.0,
3HBUdn,21,72,Winner_2022,74.8,77.6,0,True,0.0,
3HBUdn,21,73,Winner_2022,74.3,73.7,0,True,0.0,
3HBUdn,21,74,Winner_2022,74.0,69.8,0,True,0.0,
3HBUdn,21,75,Winner_2022,73.5,65.6,3,True,0.0,
3HBUdn,21,76,Winner_2022,73.0,62.3,3,True,0.0,
3HBUdn,21,77,Winner_2022,72.5,59.6,1,True,0.0,
3HBUdn,21,78,Winner_2022,72.0,57.0,3,True,0.0,
3HBUdn,21,79,Winner_2022,71.5,55.0,2,True,0.0,
3HBUdn,21,80,Winner_2022,71.0,53.2,1,True,0.0,
3HBUdn,21,81,Winner_2022,70.5,51.4,2,True,0.0,
3HBUdn,21,82,Winner_2022,70.0,49.9,3,True,0.0,
3HBUdn,21,83,Winner_2022,69.5,48.7,3,True,0.0,
3HBUdn,21,84,Winner_2022,69.0,47.8,3,True,0.0,
3HBUdn,21,85,Winner_2022,68.5,47.2,2,True,0.0,
3HBUdn,21,86,Winner_2022,68.0,46.7,0,True,0.0,
3HBUdn,21,87,Winner_2022,67.5,46.0,0,True,0.0,
3HBUdn,21,88,Winner_2022,67.0,45.1,1,True,0.0,
3HBUdn,21,89,Winner_2022,66.5,44.2,3,True,0.0,
3HBUdn,21,90,Winner_2022,66.0,43.6,2,True,0.0,
3HBUdn,21,91,Winner_2022,65.5,43.1,2,True,0.0,
3HBUdn,21,92,Winner_2022,65.0,42.8,1,True,0.0,
3HBUdn,21,93,Winner_2022,64.5,42.4,1,True,0.0,
3HBUdn,21,94,Winner_2022,64.0,42.1,1,True,0.0,
3HBUdn,21,95,Winner_2022,63.5,41.8,3,True,0.0,
3HBUdn,21,96,Winner_2022,63.0,41.7,0,True,0.0,
3HBUdn,21,97,Winner_2022,62.5,41.5,1,True,0.0,
3HBUdn,21,98,Winner_2022,62.0,41.4,2,True,0.0,
3HBUdn,21,99,Winner_2022,61.5,41.4,0,True,0.0,
3HBUdn,21,100,Winner_2022,61.0,41.4,1,True,0.0,
3HBUdn,22,1,Winner_2022,77.0,43.0,1,True,0.0,
3HBUdn,22,2,Winner_2022,76.5,49.4,1,True,0.0,
3HBUdn,22,3,Winner_2022,76.0,56.0,1,True,0.0,
3HBUdn,22,4,Winner_2022,75.5,66.1,1,True,0.0,
3HBUdn,22,5,Winner_2022,75.0,78.4,0,True,0.0,
3HBUdn,22,6,Winner_2022,74.5,86.0,0,True,0.0,
3HBUdn,22,7,Winner_2022,74.0,91.8,0,True,0.0,
3HBUdn,22,8,Winner_2022,74.5,94.3,0,True,0.0,
3HBUdn,22,9,Winner_2022,75.0,94.0,0,True,0.0,
3HBUdn,22,10,Winner_2022,75.5,91.8,0,True,0.0,
3HBUdn,22,11,Winner_2022,76.0,88.3,0,True,0.0,
3HBUdn,22,12,Winner_2022,76.5,83.8,0,True,0.0,
3HBUdn,22,13,Winner_2022,77.0,78.0,0,True,0.0,
3HBUdn,22,14,Winner_2022,77.5,71.7,1,True,0.0,
3HBUdn,22,15,Winner_2022,78.0,67.0,0,True,0.0,
3HBUdn,22,16,Winner_2022,78.5,61.9,1,True,0.0,
3HBUdn,22,17,Winner_2022,79.0,58.0,2,True,0.0,
3HBUdn,22,18,Winner_2022,79.5,56.4,1,True,0.0,
3HBUdn,22,19,Winner_2022,80.0,55.7,0,True,0.0,
3HBUdn,22,20,Winner_2022,80.5,54.4,1,True,0.0,
3HBUdn,22,21,Winner_2022,81.0,53.9,0,True,0.0,
3HBUdn,22,22,Winner_2022,81.5,52.8,2,True,0.0,
3HBUdn,22,23,Winner_2022,82.0,53.3,2,True,0.0,
3HBUdn,22,24,Winner_2022,82.5,54.7,0,True,0.0,
3HBUdn,22,25,Winner_2022,83.0,55.7,0,True,0.0,
3HBUdn,22,26,Winner_2022,83.5,56.3,2,True,0.0,
3HBUdn,22,27,Winner_2022,84.0,58.0,0,True,0.0,
3HBUdn,22,28,Winner_2022,84.5,59.2,3,True,0.0,
3HBUdn,22,29,Winner_2022,85.0,62.3,3,True,0.0,
3HBUdn,22,30,Winner_2022,85.5,67.3,1,True,0.0,
3HBUdn,22,31,Winner_2022,86.0,72.8,1,True,0.0,
3HBUdn,22,32,Winner_2022,86.5,79.3,0,True,0.0,
3HBUdn,22,33,Winner_2022,87.0,85.6,0,True,0.0,
3HBUdn,22,34,Winner_2022,87.5,91.7,0,True,0.0,
3HBUdn,22,35,Winner_2022,88.0,97.5,0,True,0.0,
3HBUdn,22,36,Winner_2022,88.5,100.0,0,True,0.0,
3HBUdn,22,37,Winner_2022,89.0,100.0,0,True,0.0,
3HBUdn,22,38,Winner_2022,89.5,100.0,0,True,0.0,
3HBUdn,22,39,Winner_2022,90.0,100.0,0,True,0.0,
3HBUdn,22,40,Winner_2022,90.5,100.0,0,True,0.0,
3HBUdn,22,41,Winner_2022,91.0,100.0,0,True,0.0,
3HBUdn,22,42,Winner_2022,91.5,100.0,0,True,0.0,
3HBUdn,22,43,Winner_2022,92.0,100.0,0,True,0.0,
3HBUdn,22,44,Winner_2022,91.5,100.0,0,True,0.0,
3HBUdn,22,45,Winner_2022,91.0,100.0,0,True,0.0,
3HBUdn,22,46,Winner_2022,90.5,100.0,0,True,0.0,
3HBUdn,22,47,Winner_2022,90.0,99.8,0,True,0.0,
3HBUdn,22,48,Winner_2022,89.5,99.4,0,True,0.0,
3HBUdn,22,49,Winner_2022,89.0,98.7,0,True,0.0,
3HBUdn,22,50,Winner_2022,88.5,97.4,0,True,0.0,
3HBUdn,22,51,Winner_2022,88.0,95.8,0,True,0.0,
3HBUdn,22,52,Winner_2022,87.5,93.8,0,True,0.0,
3HBUdn,22,53,Winner_2022,87.0,91.3,0,True,0.0,
3HBUdn,22,54,Winner_2022,86.5,88.4,0,True,0.0,
3HBUdn,22,55,Winner_2022,86.0,85.2,0,True,0.0,
3HBUdn,22,56,Winner_2022,85.6,81.7,0,True,0.0,
3HBUdn,22,57,Winner_2022,85.1,78.2,0,True,0.0,
3HBUdn,22,58,Winner_2022,84.6,74.6,0,True,0.0,
3HBUdn,22,59,Winner_2022,84.1,70.9,3,True,0.0,
3HBUdn,22,60,Winner_2022,83.6,68.5,2,True,0.0,
3HBUdn,22,61,Winner_2022,83.1,66.6,4,True,0.0,
3HBUdn,22,62,Winner_2022,82.6,66.1,1,True,0.0,
3HBUdn,22,63,Winner_2022,82.1,65.7,2,True,0.0,
3HBUdn,22,64,Winner_2022,81.6,65.6,0,True,0.0,
3HBUdn,22,65,Winner_2022,81.1,65.0,0,True,0.0,
3HBUdn,22,66,Winner_2022,80.6,64.2,1,True,0.0,
3HBUdn,22,67,Winner_2022,80.1,63.3,1,True,0.0,
3HBUdn,22,68,Winner_2022,79.6,62.4,2,True,0.0,
3HBUdn,22,69,Winner_2022,79.1,61.8,4,True,0.0,
3HBUdn,22,70,Winner_2022,78.6,62.1,0,True,0.0,
3HBUdn,22,71,Winner_2022,78.1,62.1,2,True,0.0,
3HBUdn,22,72,Winner_2022,77.6,62.3,3,True,0.0,
3HBUdn,22,73,Winner_2022,77.1,62.9,1,True,0.0,
3HBUdn,22,74,Winner_2022,76.6,63.5,2,True,0.0,
3HBUdn,22,75,Winner_2022,76.1,64.1,1,True,0.0,
3HBUdn,22,76,Winner_2022,75.6,64.6,0,True,0.0,
3HBUdn,22,77,Winner_2022,75.1,64.8,3,True,0.0,
3HBUdn,22,78,Winner_2022,74.6,65.4,1,True,0.0,
3HBUdn,22,79,Winner_2022,74.1,65.8,2,True,0.0,
3HBUdn,22,80,Winner_2022,73.6,66.5,1,True,0.0,
3HBUdn,22,81,Winner_2022,73.1,67.1,2,True,0.0,
3HBUdn,22,82,Winner_2022,72.6,67.8,1,True,0.0,
3HBUdn,22,83,Winner_2022,72.1,68.4,2,True,0.0,
3HBUdn,22,84,Winner_2022,71.6,69.2,0,True,0.0,
3HBUdn,22,85,Winner_2022,71.1,69.6,0,True,0.0,
3HBUdn,22,86,Winner_2022,70.6,69.7,1,True,0.0,
3HBUdn,22,87,Winner_2022,70.1,69.7,0,True,0.0,
3HBUdn,22,88,Winner_2022,69.9,69.4,0,True,0.0,
3HBUdn,22,89,Winner_2022,69.7,68.9,1,True,0.0,
3HBUdn,22,90,Winner_2022,69.3,68.3,1,True,0.0,
3HBUdn,22,91,Winner_2022,68.8,67.8,0,True,0.0,
3HBUdn,22,92,Winner_2022,68.3,67.0,0,True,0.0,
3HBUdn,22,93,Winner_2022,67.8,66.1,0,True,0.0,
3HBUdn,22,94,Winner_2022,67.3,65.1,1,True,0.0,
3HBUdn,22,95,Winner_2022,66.8,64.1,0,True,0.0,
3HBUdn,22,96,Winner_2022,66.3,63.0,2,True,0.0,
3HBUdn,22,97,Winner_2022,65.8,62.0,0,True,0.0,
3HBUdn,22,98,Winner_2022,65.3,61.0,1,True,0.0,
3HBUdn,22,99,Winner_2022,64.8,60.1,4,True,0.0,
3HBUdn,22,100,Winner_2022,64.3,59.7,1,True,0.0,
3HBUdn,23,1,Winner_2022,78.4,52.0,2,True,0.0,
3HBUdn,23,2,Winner_2022,77.9,62.4,0,True,0.0,
3HBUdn,23,3,Winner_2022,77.4,70.7,1,True,0.0,
3HBUdn,23,4,Winner_2022,76.9,83.5,1,True,0.0,
3HBUdn,23,5,Winner_2022,76.4,99.0,0,True,0.0,
3HBUdn,23,6,Winner_2022,75.9,100.0,0,True,0.0,
3HBUdn,23,7,Winner_2022,76.4,100.0,0,True,0.0,
3HBUdn,23,8,Winner_2022,76.9,100.0,0,True,0.0,
3HBUdn,23,9,Winner_2022,77.4,99.7,0,True,0.0,
3HBUdn,23,10,Winner_2022,77.9,97.3,0,True,0.0,
3HBUdn,23,11,Winner_2022,78.4,93.7,0,True,0.0,
3HBUdn,23,12,Winner_2022,78.9,88.9,0,True,0.0,
3HBUdn,23,13,Winner_2022,79.4,82.8,0,True,0.0,
3HBUdn,23,14,Winner_2022,79.9,76.1,0,True,0.0,
3HBUdn,23,15,Winner_2022,80.4,69.0,0,True,0.0,
3HBUdn,23,16,Winner_2022,80.9,62.0,2,True,0.0,
3HBUdn,23,17,Winner_2022,81.4,58.1,1,True,0.0,
3HBUdn,23,18,Winner_2022,81.9,55.3,0,True,0.0,
3HBUdn,23,19,Winner_2022,82.4,52.3,4,True,0.0,
3HBUdn,23,20,Winner_2022,82.9,53.1,1,True,0.0,
3HBUdn,23,21,Winner_2022,83.4,54.6,0,True,0.0,
3HBUdn,23,22,Winner_2022,83.9,55.5,2,True,0.0,
3HBUdn,23,23,Winner_2022,84.4,57.9,0,True,0.0,
3HBUdn,23,24,Winner_2022,84.9,59.5,2,True,0.0,
3HBUdn,23,25,Winner_2022,85.4,62.4,2,True,0.0,
3HBUdn,23,26,Winner_2022,85.9,66.9,1,True,0.0,
3HBUdn,23,27,Winner_2022,86.4,71.8,0,True,0.0,
3HBUdn,23,28,Winner_2022,86.9,76.3,0,True,0.0,
3HBUdn,23,29,Winner_2022,87.4,80.3,0,True,0.0,
3HBUdn,23,30,Winner_2022,87.9,83.6,0,True,0.0,
3HBUdn,23,31,Winner_2022,88.4,86.4,0,True,0.0,
3HBUdn,23,32,Winner_2022,88.9,88.9,0,True,0.0,
3HBUdn,23,33,Winner_2022,88.9,90.7,0,True,0.0,
3HBUdn,23,34,Winner_2022,89.4,92.1,0,True,0.0,
3HBUdn,23,35,Winner_2022,89.9,92.8,0,True,0.0,
3HBUdn,23,36,Winner_2022,90.4,93.1,0,True,0.0,
3HBUdn,23,37,Winner_2022,90.9,92.9,0,True,0.0,
3HBUdn,23,38,Winner_2022,91.4,92.2,0,True,0.0,
3HBUdn,23,39,Winner_2022,91.8,91.1,0,True,0.0,
3HBUdn,23,40,Winner_2022,92.2,89.6,1,True,0.0,
3HBUdn,23,41,Winner_2022,92.7,88.7,0,True,0.0,
3HBUdn,23,42,Winner_2022,93.2,87.3,0,True,0.0,
3HBUdn,23,43,Winner_2022,93.7,85.6,0,True,0.0,
3HBUdn,23,44,Winner_2022,94.2,83.6,0,True,0.0,
3HBUdn,23,45,Winner_2022,94.7,81.3,0,True,0.0,
3HBUdn,23,46,Winner_2022,94.2,78.8,1,True,0.0,
3HBUdn,23,47,Winner_2022,93.7,76.7,0,True,0.0,
3HBUdn,23,48,Winner_2022,93.2,74.5,2,True,0.0,
3HBUdn,23,49,Winner_2022,92.7,73.4,0,True,0.0,
3HBUdn,23,50,Winner_2022,92.2,71.8,0,True,0.0,
3HBUdn,23,51,Winner_2022,91.7,70.1,3,True,0.0,
3HBUdn,23,52,Winner_2022,91.2,69.7,1,True,0.0,
3HBUdn,23,53,Winner_2022,90.7,69.4,0,True,0.0,
3HBUdn,23,54,Winner_2022,90.2,68.6,0,True,0.0,
3HBUdn,23,55,Winner_2022,89.7,67.5,0,True,0.0,
3HBUdn,23,56,Winner_2022,89.2,66.1,2,True,0.0,
3HBUdn,23,57,Winner_2022,88.7,65.4,1,True,0.0,
3HBUdn,23,58,Winner_2022,88.2,65.0,0,True,0.0,
3HBUdn,23,59,Winner_2022,87.7,64.2,0,True,0.0,
3HBUdn,23,60,Winner_2022,87.2,63.1,1,True,0.0,
3HBUdn,23,61,Winner_2022,86.7,62.2,1,True,0.0,
3HBUdn,23,62,Winner_2022,86.2,61.3,1,True,0.0,
3HBUdn,23,63,Winner_2022,85.7,60.6,2,True,0.0,
3HBUdn,23,64,Winner_2022,85.2,60.2,2,True,0.0,
3HBUdn,23,65,Winner_2022,84.7,60.0,1,True,0.0,
3HBUdn,23,66,Winner_2022,84.2,59.9,0,True,0.0,
3HBUdn,23,67,Winner_2022,83.7,59.3,1,True,0.0,
3HBUdn,23,68,Winner_2022,83.2,58.8,1,True,0.0,
3HBUdn,23,69,Winner_2022,82.7,58.2,3,True,0.0,
3HBUdn,23,70,Winner_2022,82.2,58.2,0,True,0.0,
3HBUdn,23,71,Winner_2022,81.7,57.9,0,True,0.0,
3HBUdn,23,72,Winner_2022,81.2,57.3,2,True,0.0,
3HBUdn,23,73,Winner_2022,80.7,56.9,1,True,0.0,
3HBUdn,23,74,Winner_2022,80.2,56.5,1,True,0.0,
3HBUdn,23,75,Winner_2022,79.7,55.9,1,True,0.0,
3HBUdn,23,76,Winner_2022,79.2,55.2,1,True,0.0,
3HBUdn,23,77,Winner_2022,78.7,54.6,2,True,0.0,
3HBUdn,23,78,Winner_2022,78.2,54.0,5,True,0.0,
3HBUdn,23,79,Winner_2022,77.7,54.2,0,True,0.0,
3HBUdn,23,80,Winner_2022,77.2,54.2,2,True,0.0,
3HBUdn,23,81,Winner_2022,76.7,54.3,0,True,0.0,
3HBUdn,23,82,Winner_2022,76.2,54.1,1,True,0.0,
3HBUdn,23,83,Winner_2022,75.7,53.9,0,True,0.0,
3HBUdn,23,84,Winner_2022,75.2,53.5,2,True,0.0,
3HBUdn,23,85,Winner_2022,74.7,53.1,2,True,0.0,
3HBUdn,23,86,Winner_2022,74.2,52.9,1,True,0.0,
3HBUdn,23,87,Winner_2022,73.7,52.5,2,True,0.0,
3HBUdn,23,88,Winner_2022,73.2,52.3,2,True,0.0,
3HBUdn,23,89,Winner_2022,72.7,52.2,6,True,0.0,
3HBUdn,23,90,Winner_2022,72.2,52.9,1,True,0.0,
3HBUdn,23,91,Winner_2022,71.7,53.5,1,True,0.0,
3HBUdn,23,92,Winner_2022,71.2,54.1,1,True,0.0,
3HBUdn,23,93,Winner_2022,70.7,54.7,1,True,0.0,
3HBUdn,23,94,Winner_2022,70.2,55.3,2,True,0.0,
3HBUdn,23,95,Winner_2022,69.7,56.1,0,True,0.0,
3HBUdn,23,96,Winner_2022,69.2,56.7,0,True,0.0,
3HBUdn,23,97,Winner_2022,68.7,57.2,0,True,0.0,
3HBUdn,23,98,Winner_2022,68.2,57.6,0,True,0.0,
3HBUdn,23,99,Winner_2022,67.7,57.9,0,True,0.0,
3HBUdn,23,100,Winner_2022,67.2,58.1,0,True,0.0,
3HBUdn,24,1,Winner_2022,81.0,43.0,1,True,0.0,
3HBUdn,24,2,Winner_2022,80.5,49.4,0,True,0.0,
3HBUdn,24,3,Winner_2022,80.0,47.8,1,True,0.0,
3HBUdn,24,4,Winner_2022,79.5,50.3,0,True,0.0,
3HBUdn,24,5,Winner_2022,79.0,50.0,2,True,0.0,
3HBUdn,24,6,Winner_2022,78.5,54.8,0,True,0.0,
3HBUdn,24,7,Winner_2022,78.0,58.5,0,True,0.0,
3HBUdn,24,8,Winner_2022,77.5,60.1,0,True,0.0,
3HBUdn,24,9,Winner_2022,77.0,59.9,1,True,0.0,
3HBUdn,24,10,Winner_2022,76.5,61.2,1,True,0.0,
3HBUdn,24,11,Winner_2022,76.0,63.8,0,True,0.0,
3HBUdn,24,12,Winner_2022,75.5,65.3,0,True,0.0,
3HBUdn,24,13,Winner_2022,75.0,65.1,1,True,0.0,
3HBUdn,24,14,Winner_2022,74.5,65.6,0,True,0.0,
3HBUdn,24,15,Winner_2022,74.0,64.8,1,True,0.0,
3HBUdn,24,16,Winner_2022,73.5,64.7,0,True,0.0,
3HBUdn,24,17,Winner_2022,73.0,63.5,2,True,0.0,
3HBUdn,24,18,Winner_2022,73.5,64.6,2,True,0.0,
3HBUdn,24,19,Winner_2022,74.0,67.8,0,True,0.0,
3HBUdn,24,20,Winner_2022,74.5,70.2,1,True,0.0,
3HBUdn,24,21,Winner_2022,75.0,73.6,0,True,0.0,
3HBUdn,24,22,Winner_2022,75.5,76.1,0,True,0.0,
3HBUdn,24,23,Winner_2022,75.8,78.1,0,True,0.0,
3HBUdn,24,24,Winner_2022,76.3,78.9,0,True,0.0,
3HBUdn,24,25,Winner_2022,76.8,79.1,1,True,0.0,
3HBUdn,24,26,Winner_2022,77.3,79.9,0,True,0.0,
3HBUdn,24,27,Winner_2022,77.8,80.1,0,True,0.0,
3HBUdn,24,28,Winner_2022,78.3,79.6,1,True,0.0,
3HBUdn,24,29,Winner_2022,78.8,79.5,0,True,0.0,
3HBUdn,24,30,Winner_2022,79.1,78.8,0,True,0.0,
3HBUdn,24,31,Winner_2022,79.3,77.5,0,True,0.0,
3HBUdn,24,32,Winner_2022,79.8,76.0,0,True,0.0,
3HBUdn,24,33,Winner_2022,80.3,74.1,1,True,0.0,
3HBUdn,24,34,Winner_2022,80.8,72.7,2,True,0.0,
3HBUdn,24,35,Winner_2022,81.3,72.4,1,True,0.0,
3HBUdn,24,36,Winner_2022,81.8,72.7,1,True,0.0,
3HBUdn,24,37,Winner_2022,82.3,73.2,0,True,0.0,
3HBUdn,24,38,Winner_2022,82.8,73.4,0,True,0.0,
3HBUdn,24,39,Winner_2022,83.3,73.3,0,True,0.0,
3HBUdn,24,40,Winner_2022,83.8,72.8,1,True,0.001,
3HBUdn,24,41,Winner_2022,84.3,72.7,1,True,0.0,
3HBUdn,24,42,Winner_2022,84.8,73.0,1,True,0.0,
3HBUdn,24,43,Winner_2022,85.3,73.5,1,True,0.0,
3HBUdn,24,44,Winner_2022,85.8,74.4,1,True,0.0,
3HBUdn,24,45,Winner_2022,86.3,75.6,0,True,0.0,
3HBUdn,24,46,Winner_2022,86.8,76.4,1,True,0.0,
3HBUdn,24,47,Winner_2022,87.3,77.5,0,True,0.0,
3HBUdn,24,48,Winner_2022,87.8,78.5,0,True,0.0,
3HBUdn,24,49,Winner_2022,88.3,79.2,0,True,0.0,
3HBUdn,24,50,Winner_2022,88.8,79.4,0,True,0.0,
3HBUdn,24,51,Winner_2022,89.3,79.2,0,True,0.0,
3HBUdn,24,52,Winner_2022,89.8,78.8,0,True,0.0,
3HBUdn,24,53,Winner_2022,90.3,77.8,0,True,0.0,
3HBUdn,24,54,Winner_2022,90.8,76.5,1,True,0.0,
3HBUdn,24,55,Winner_2022,91.3,75.2,1,True,0.0,
3HBUdn,24,56,Winner_2022,91.8,74.2,3,True,0.0,
3HBUdn,24,57,Winner_2022,92.3,74.4,0,True,0.0,
3HBUdn,24,58,Winner_2022,92.8,74.3,1,True,0.0,
3HBUdn,24,59,Winner_2022,93.3,74.4,3,True,0.0,
3HBUdn,24,60,Winner_2022,93.8,75.4,0,True,0.0,
3HBUdn,24,61,Winner_2022,94.3,76.1,0,True,0.0,
3HBUdn,24,62,Winner_2022,94.8,76.4,1,True,0.0,
3HBUdn,24,63,Winner_2022,95.3,76.8,1,True,0.0,
3HBUdn,24,64,Winner_2022,95.8,77.1,0,True,0.0,
3HBUdn,24,65,Winner_2022,96.3,76.9,0,True,0.0,
3HBUdn,24,66,Winner_2022,96.8,76.3,0,True,0.0,
3HBUdn,24,67,Winner_2022,97.3,75.2,1,True,0.0,
3HBUdn,24,68,Winner_2022,97.8,74.1,1,True,0.0,
3HBUdn,24,69,Winner_2022,98.3,73.1,1,True,0.0,
3HBUdn,24,70,Winner_2022,98.8,72.1,2,True,0.0,
3HBUdn,24,71,Winner_2022,98.3,71.4,1,True,0.0,
3HBUdn,24,72,Winner_2022,97.8,70.6,1,True,0.0,
3HBUdn,24,73,Winner_2022,97.3,69.9,2,True,0.0,
3HBUdn,24,74,Winner_2022,96.8,69.3,1,True,0.0,
3HBUdn,24,75,Winner_2022,96.3,68.6,1,True,0.0,
3HBUdn,24,76,Winner_2022,95.8,67.8,0,True,0.0,
3HBUdn,24,77,Winner_2022,95.3,66.7,2,True,0.0,
3HBUdn,24,78,Winner_2022,94.8,65.8,3,True,0.0,
3HBUdn,24,79,Winner_2022,94.3,65.3,1,True,0.0,
3HBUdn,24,80,Winner_2022,93.8,64.8,1,True,0.0,
3HBUdn,24,81,Winner_2022,93.3,64.2,1,True,0.0,
3HBUdn,24,82,Winner_2022,92.8,63.6,1,True,0.0,
3HBUdn,24,83,Winner_2022,92.3,62.9,2,True,0.0,
3HBUdn,24,84,Winner_2022,91.8,62.4,3,True,0.0,
3HBUdn,24,85,Winner_2022,91.3,62.2,1,True,0.0,
3HBUdn,24,86,Winner_2022,90.8,61.9,1,True,0.0,
3HBUdn,24,87,Winner_2022,90.3,61.5,2,True,0.0,
3HBUdn,24,88,Winner_2022,89.8,61.3,2,True,0.0,
3HBUdn,24,89,Winner_2022,89.3,61.2,2,True,0.0,
3HBUdn,24,90,Winner_2022,88.8,61.2,1,True,0.0,
3HBUdn,24,91,Winner_2022,88.3,61.2,1,True,0.0,
3HBUdn,24,92,Winner_2022,87.8,61.2,4,True,0.0,
3HBUdn,24,93,Winner_2022,87.3,61.7,1,True,0.0,
3HBUdn,24,94,Winner_2022,86.8,62.3,2,True,0.0,
3HBUdn,24,95,Winner_2022,86.3,63.0,1,True,0.0,
3HBUdn,24,96,Winner_2022,85.8,63.7,0,True,0.0,
3HBUdn,24,97,Winner_2022,85.3,64.3,0,True,0.0,
3HBUdn,24,98,Winner_2022,84.8,64.7,0,True,0.0,
3HBUdn,24,99,Winner_2022,84.3,65.1,0,True,0.0,
3HBUdn,24,100,Winner_2022,83.8,65.3,0,True,0.0,
3HBUdn,25,1,Winner_2022,84.2,51.0,0,True,0.0,
3HBUdn,25,2,Winner_2022,83.7,40.8,0,True,0.0,
3HBUdn,25,3,Winner_2022,83.2,32.6,0,True,0.0,
3HBUdn,25,4,Winner_2022,82.7,26.1,0,True,0.0,
3HBUdn,25,5,Winner_2022,82.2,20.9,0,True,0.0,
3HBUdn,25,6,Winner_2022,81.7,16.7,2,True,0.0,
3HBUdn,25,7,Winner_2022,81.2,15.6,0,True,0.0,
3HBUdn,25,8,Winner_2022,80.7,14.3,0,True,0.0,
3HBUdn,25,9,Winner_2022,80.2,12.8,1,True,0.0,
3HBUdn,25,10,Winner_2022,79.7,11.9,1,True,0.0,
3HBUdn,25,11,Winner_2022,79.2,11.5,3,True,0.0,
3HBUdn,25,12,Winner_2022,78.7,12.2,2,True,0.0,
3HBUdn,25,13,Winner_2022,78.2,13.3,0,True,0.0,
3HBUdn,25,14,Winner_2022,77.7,14.3,3,True,0.0,
3HBUdn,25,15,Winner_2022,77.2,16.0,0,True,0.0,
3HBUdn,25,16,Winner_2022,76.7,17.5,0,True,0.0,
3HBUdn,25,17,Winner_2022,76.2,18.8,0,True,0.0,
3HBUdn,25,18,Winner_2022,75.7,20.0,0,True,0.0,
3HBUdn,25,19,Winner_2022,75.2,20.9,1,True,0.0,
3HBUdn,25,20,Winner_2022,74.7,22.1,2,True,0.0,
3HBUdn,25,21,Winner_2022,74.2,24.0,1,True,0.0,
3HBUdn,25,22,Winner_2022,73.7,26.1,1,True,0.0,
3HBUdn,25,23,Winner_2022,73.2,28.6,0,True,0.0,
3HBUdn,25,24,Winner_2022,72.7,30.8,0,True,0.0,
3HBUdn,25,25,Winner_2022,72.2,32.8,1,True,0.0,
3HBUdn,25,26,Winner_2022,71.7,35.1,1,True,0.0,
3HBUdn,25,27,Winner_2022,71.2,37.7,0,True,0.0,
3HBUdn,25,28,Winner_2022,70.7,40.1,1,True,0.0,
3HBUdn,25,29,Winner_2022,70.2,42.7,1,True,0.0,
3HBUdn,25,30,Winner_2022,69.7,45.5,0,True,0.0,
3HBUdn,25,31,Winner_2022,69.2,48.1,3,True,0.0,
3HBUdn,25,32,Winner_2022,68.7,52.4,0,True,0.0,
3HBUdn,25,33,Winner_2022,68.2,56.6,1,True,0.0,
3HBUdn,25,34,Winner_2022,67.7,61.3,0,True,0.0,
3HBUdn,25,35,Winner_2022,67.2,65.8,1,True,0.0,
3HBUdn,25,36,Winner_2022,66.7,70.9,0,True,0.0,
3HBUdn,25,37,Winner_2022,66.2,75.9,0,True,0.0,
3HBUdn,25,38,Winner_2022,65.7,80.7,0,True,0.0,
3HBUdn,25,39,Winner_2022,65.2,85.3,0,True,0.0,
3HBUdn,25,40,Winner_2022,64.7,89.7,0,True,0.0,
3HBUdn,25,41,Winner_2022,64.2,93.9,0,True,0.0,
3HBUdn,25,42,Winner_2022,63.7,97.6,0,True,0.0,
3HBUdn,25,43,Winner_2022,63.2,100.0,0,True,0.005,
3HBUdn,25,44,Winner_2022,63.7,100.0,0,True,0.0,
3HBUdn,25,45,Winner_2022,64.2,100.0,0,True,0.0,
3HBUdn,25,46,Winner_2022,64.7,100.0,0,True,0.0,
3HBUdn,25,47,Winner_2022,65.2,100.0,0,True,0.0,
3HBUdn,25,48,Winner_2022,65.7,100.0,0,True,0.0,
3HBUdn,25,49,Winner_2022,66.2,100.0,0,True,0.0,
3HBUdn,25,50,Winner_2022,66.7,100.0,0,True,0.0,
3HBUdn,25,51,Winner_2022,67.2,99.9,0,True,0.0,
3HBUdn,25,52,Winner_2022,67.7,99.3,0,True,0.0,
3HBUdn,25,53,Winner_2022,68.2,98.1,0,True,0.0,
3HBUdn,25,54,Winner_2022,68.7,96.3,0,True,0.0,
3HBUdn,25,55,Winner_2022,69.2,94.1,0,True,0.0,
3HBUdn,25,56,Winner_2022,69.7,91.6,0,True,0.0,
3HBUdn,25,57,Winner_2022,70.2,88.8,0,True,0.0,
3HBUdn,25,58,Winner_2022,70.7,85.9,0,True,0.0,
3HBUdn,25,59,Winner_2022,71.2,82.7,0,True,0.0,
3HBUdn,25,60,Winner_2022,71.7,79.3,1,True,0.0,
3HBUdn,25,61,Winner_2022,72.2,76.3,1,True,0.0,
3HBUdn,25,62,Winner_2022,72.7,73.5,3,True,0.0,
3HBUdn,25,63,Winner_2022,73.1,71.7,0,True,0.0,
3HBUdn,25,64,Winner_2022,73.6,69.6,3,True,0.0,
3HBUdn,25,65,Winner_2022,74.1,68.3,0,True,0.0,
3HBUdn,25,66,Winner_2022,74.6,66.7,2,True,0.0,
3HBUdn,25,67,Winner_2022,75.1,65.5,1,True,0.0,
3HBUdn,25,68,Winner_2022,75.6,64.2,0,True,0.0,
3HBUdn,25,69,Winner_2022,76.1,62.7,1,True,0.0,
3HBUdn,25,70,Winner_2022,76.6,61.2,2,True,0.0,
3HBUdn,25,71,Winner_2022,77.1,60.1,1,True,0.0,
3HBUdn,25,72,Winner_2022,77.6,58.9,1,True,0.0,
3HBUdn,25,73,Winner_2022,77.1,57.8,0,True,0.0,
3HBUdn,25,74,Winner_2022,76.6,56.4,0,True,0.0,
3HBUdn,25,75,Winner_2022,76.1,54.6,1,True,0.0,
3HBUdn,25,76,Winner_2022,75.6,52.9,1,True,0.0,
3HBUdn,25,77,Winner_2022,75.1,51.3,1,True,0.0,
3HBUdn,25,78,Winner_2022,74.6,49.6,1,True,0.0,
3HBUdn,25,79,Winner_2022,74.1,48.0,0,True,0.0,
3HBUdn,25,80,Winner_2022,73.6,46.3,3,True,0.0,
3HBUdn,25,81,Winner_2022,73.1,44.9,1,True,0.0,
3HBUdn,25,82,Winner_2022,72.6,43.5,1,True,0.0,
3HBUdn,25,83,Winner_2022,72.1,42.2,1,True,0.0,
3HBUdn,25,84,Winner_2022,71.6,40.9,0,True,0.0,
3HBUdn,25,85,Winner_2022,71.1,39.5,5,True,0.0,
3HBUdn,25,86,Winner_2022,70.6,38.5,1,True,0.0,
3HBUdn,25,87,Winner_2022,70.1,37.6,2,True,0.0,
3HBUdn,25,88,Winner_2022,69.6,36.8,1,True,0.0,
3HBUdn,25,89,Winner_2022,69.1,36.0,1,True,0.0,
3HBUdn,25,90,Winner_2022,68.6,35.2,0,True,0.0,
3HBUdn,25,91,Winner_2022,68.1,34.3,0,True,0.0,
3HBUdn,25,92,Winner_2022,67.6,33.3,3,True,0.0,
3HBUdn,25,93,Winner_2022,67.1,32.6,1,True,0.0,
3HBUdn,25,94,Winner_2022,66.6,31.9,1,True,0.0,
3HBUdn,25,95,Winner_2022,66.1,31.2,3,True,0.0,
3HBUdn,25,96,Winner_2022,65.6,30.8,2,True,0.0,
3HBUdn,25,97,Winner_2022,65.1,30.4,0,True,0.0,
3HBUdn,25,98,Winner_2022,64.6,30.0,1,True,0.0,
3HBUdn,25,99,Winner_2022,64.1,29.6,2,True,0.0,
3HBUdn,25,100,Winner_2022,63.6,29.3,2,True,0.0,
3HBUdn,26,1,Winner_2022,78.9,48.0,3,True,0.0,
3HBUdn,26,2,Winner_2022,78.4,57.6,0,True,0.0,
3HBUdn,26,3,Winner_2022,77.9,69.1,0,True,0.0,
3HBUdn,26,4,Winner_2022,77.4,81.7,0,True,0.0,
3HBUdn,26,5,Winner_2022,76.9,88.9,0,True,0.0,
3HBUdn,26,6,Winner_2022,76.4,90.9,0,True,0.0,
3HBUdn,26,7,Winner_2022,75.9,91.0,0,True,0.0,
3HBUdn,26,8,Winner_2022,76.4,88.3,0,True,0.0,
3HBUdn,26,9,Winner_2022,76.9,83.7,0,True,0.0,
3HBUdn,26,10,Winner_2022,77.4,78.0,0,True,0.0,
3HBUdn,26,11,Winner_2022,77.7,71.9,1,True,0.0,
3HBUdn,26,12,Winner_2022,78.2,68.2,0,True,0.0,
3HBUdn,26,13,Winner_2022,78.7,63.5,0,True,0.0,
3HBUdn,26,14,Winner_2022,79.2,58.4,0,True,0.0,
3HBUdn,26,15,Winner_2022,79.7,53.0,0,True,0.0,
3HBUdn,26,16,Winner_2022,80.2,47.6,1,True,0.0,
3HBUdn,26,17,Winner_2022,80.7,43.5,0,True,0.0,
3HBUdn,26,18,Winner_2022,81.2,39.5,1,True,0.0,
3HBUdn,26,19,Winner_2022,81.7,36.5,1,True,0.0,
3HBUdn,26,20,Winner_2022,82.2,34.3,1,True,0.0,
3HBUdn,26,21,Winner_2022,82.7,32.6,1,True,0.0,
3HBUdn,26,22,Winner_2022,83.2,31.4,3,True,0.0,
3HBUdn,26,23,Winner_2022,83.7,31.7,1,True,0.0,
3HBUdn,26,24,Winner_2022,84.2,32.0,0,True,0.0,
3HBUdn,26,25,Winner_2022,84.7,32.1,1,True,0.0,
3HBUdn,26,26,Winner_2022,85.2,32.4,4,True,0.0,
3HBUdn,26,27,Winner_2022,85.7,34.4,1,True,0.0,
3HBUdn,26,28,Winner_2022,86.2,36.5,1,True,0.0,
3HBUdn,26,29,Winner_2022,86.7,38.9,1,True,0.0,
3HBUdn,26,30,Winner_2022,87.2,41.5,1,True,0.0,
3HBUdn,26,31,Winner_2022,87.7,44.4,0,True,0.0,
3HBUdn,26,32,Winner_2022,88.2,47.3,3,True,0.0,
3HBUdn,26,33,Winner_2022,88.7,51.6,1,True,0.0,
3HBUdn,26,34,Winner_2022,89.2,56.5,0,True,0.0,
3HBUdn,26,35,Winner_2022,89.7,61.2,0,True,0.0,
3HBUdn,26,36,Winner_2022,90.2,66.0,2,True,0.0,
3HBUdn,26,37,Winner_2022,90.7,72.0,1,True,0.0,
3HBUdn,26,38,Winner_2022,91.2,78.7,0,True,0.0,
3HBUdn,26,39,Winner_2022,91.7,85.6,0,True,0.0,
3HBUdn,26,40,Winner_2022,92.2,92.6,0,True,0.0,
3HBUdn,26,41,Winner_2022,92.4,99.5,0,True,0.0,
3HBUdn,26,42,Winner_2022,91.9,100.0,0,True,0.0,
3HBUdn,26,43,Winner_2022,91.4,100.0,0,True,0.0,
3HBUdn,26,44,Winner_2022,90.9,100.0,0,True,0.0,
3HBUdn,26,45,Winner_2022,90.4,100.0,0,True,0.0,
3HBUdn,26,46,Winner_2022,89.9,100.0,0,True,0.0,
3HBUdn,26,47,Winner_2022,89.4,100.0,0,True,0.0,
3HBUdn,26,48,Winner_2022,88.9,100.0,0,True,0.0,
3HBUdn,26,49,Winner_2022,88.4,100.0,0,True,0.0,
3HBUdn,26,50,Winner_2022,87.9,100.0,0,True,0.0,
3HBUdn,26,51,Winner_2022,87.4,100.0,0,True,0.0,
3HBUdn,26,52,Winner_2022,86.9,100.0,0,True,0.0,
3HBUdn,26,53,Winner_2022,86.4,100.0,0,True,0.0,
3HBUdn,26,54,Winner_2022,85.9,100.0,0,True,0.0,
3HBUdn,26,55,Winner_2022,85.4,99.8,0,True,0.0,
3HBUdn,26,56,Winner_2022,84.9,99.1,0,True,0.0,
3HBUdn,26,57,Winner_2022,84.4,98.0,0,True,0.0,
3HBUdn,26,58,Winner_2022,83.9,96.7,0,True,0.0,
3HBUdn,26,59,Winner_2022,83.4,94.9,0,True,0.0,
3HBUdn,26,60,Winner_2022,82.9,92.8,0,True,0.0,
3HBUdn,26,61,Winner_2022,82.4,90.3,0,True,0.0,
3HBUdn,26,62,Winner_2022,81.9,87.5,0,True,0.0,
3HBUdn,26,63,Winner_2022,81.4,84.4,0,True,0.0,
3HBUdn,26,64,Winner_2022,80.9,81.0,0,True,0.0,
3HBUdn,26,65,Winner_2022,80.8,77.4,0,True,0.0,
3HBUdn,26,66,Winner_2022,80.3,73.5,0,True,0.0,
3HBUdn,26,67,Winner_2022,79.8,69.6,0,True,0.0,
3HBUdn,26,68,Winner_2022,79.3,65.5,0,True,0.0,
3HBUdn,26,69,Winner_2022,78.8,61.5,0,True,0.0,
3HBUdn,26,70,Winner_2022,78.3,57.5,1,True,0.0,
3HBUdn,26,71,Winner_2022,77.8,53.8,2,True,0.0,
3HBUdn,26,72,Winner_2022,77.3,50.6,2,True,0.0,
3HBUdn,26,73,Winner_2022,76.8,47.9,1,True,0.0,
3HBUdn,26,74,Winner_2022,76.3,45.3,2,True,0.0,
3HBUdn,26,75,Winner_2022,75.8,43.0,1,True,0.0,
3HBUdn,26,76,Winner_2022,75.3,40.8,0,True,0.0,
3HBUdn,26,77,Winner_2022,74.8,38.6,0,True,0.0,
3HBUdn,26,78,Winner_2022,74.3,36.3,0,True,0.0,
3HBUdn,26,79,Winner_2022,73.8,34.1,3,True,0.0,
3HBUdn,26,80,Winner_2022,73.3,32.3,2,True,0.0,
3HBUdn,26,81,Winner_2022,72.8,30.6,1,True,0.0,
3HBUdn,26,82,Winner_2022,72.3,29.1,4,True,0.0,
3HBUdn,26,83,Winner_2022,71.8,27.9,0,True,0.0,
3HBUdn,26,84,Winner_2022,71.3,26.7,0,True,0.0,
3HBUdn,26,85,Winner_2022,70.8,25.4,0,True,0.0,
3HBUdn,26,86,Winner_2022,70.3,24.1,2,True,0.0,
3HBUdn,26,87,Winner_2022,69.8,22.9,2,True,0.0,
3HBUdn,26,88,Winner_2022,69.3,21.9,3,True,0.0,
3HBUdn,26,89,Winner_2022,68.8,21.0,1,True,0.0,
3HBUdn,26,90,Winner_2022,68.3,20.2,2,True,0.0,
3HBUdn,26,91,Winner_2022,67.8,19.4,1,True,0.0,
3HBUdn,26,92,Winner_2022,67.3,18.7,1,True,0.0,
3HBUdn,26,93,Winner_2022,66.8,18.1,0,True,0.0,
3HBUdn,26,94,Winner_2022,66.3,17.4,1,True,0.0,
3HBUdn,26,95,Winner_2022,65.8,16.8,4,True,0.0,
3HBUdn,26,96,Winner_2022,65.3,16.3,0,True,0.0,
3HBUdn,26,97,Winner_2022,64.8,15.8,1,True,0.0,
3HBUdn,26,98,Winner_2022,64.3,15.3,0,True,0.0,
3HBUdn,26,99,Winner_2022,63.8,14.9,3,True,0.0,
3HBUdn,26,100,Winner_2022,63.3,14.5,0,True,0.0,
3HBUdn,27,1,Winner_2022,75.9,63.0,0,True,0.0,
3HBUdn,27,2,Winner_2022,75.4,50.4,0,True,0.0,
3HBUdn,27,3,Winner_2022,74.9,40.3,0,True,0.0,
3HBUdn,27,4,Winner_2022,74.4,32.3,0,True,0.0,
3HBUdn,27,5,Winner_2022,73.9,25.8,2,True,0.0,
3HBUdn,27,6,Winner_2022,73.4,24.5,1,True,0.0,
3HBUdn,27,7,Winner_2022,72.9,24.5,3,True,0.0,
3HBUdn,27,8,Winner_2022,72.4,28.0,0,True,0.0,
3HBUdn,27,9,Winner_2022,71.9,30.6,2,True,0.0,
3HBUdn,27,10,Winner_2022,71.4,35.3,1,True,0.0,
3HBUdn,27,11,Winner_2022,70.9,41.1,3,True,0.0,
3HBUdn,27,12,Winner_2022,70.4,49.4,0,True,0.0,
3HBUdn,27,13,Winner_2022,69.9,58.9,1,True,0.0,
3HBUdn,27,14,Winner_2022,69.4,69.9,0,True,0.0,
3HBUdn,27,15,Winner_2022,69.2,80.3,0,True,0.0,
3HBUdn,27,16,Winner_2022,68.7,90.1,0,True,0.0,
3HBUdn,27,17,Winner_2022,68.2,98.7,0,True,0.0,
3HBUdn,27,18,Winner_2022,67.7,100.0,0,True,0.0,
3HBUdn,27,19,Winner_2022,68.2,100.0,0,True,0.0,
3HBUdn,27,20,Winner_2022,68.7,100.0,0,True,0.0,
3HBUdn,27,21,Winner_2022,69.2,100.0,0,True,0.0,
3HBUdn,27,22,Winner_2022,69.7,100.0,0,True,0.0,
3HBUdn,27,23,Winner_2022,70.2,100.0,0,True,0.0,
3HBUdn,27,24,Winner_2022,70.7,100.0,0,True,0.0,
3HBUdn,27,25,Winner_2022,71.2,100.0,0,True,0.0,
3HBUdn,27,26,Winner_2022,71.7,99.6,0,True,0.0,
3HBUdn,27,27,Winner_2022,72.2,98.4,0,True,0.0,
3HBUdn,27,28,Winner_2022,72.7,96.4,0,True,0.0,
3HBUdn,27,29,Winner_2022,73.2,93.7,0,True,0.0,
3HBUdn,27,30,Winner_2022,73.7,90.4,0,True,0.0,
3HBUdn,27,31,Winner_2022,74.2,86.8,0,True,0.0,
3HBUdn,27,32,Winner_2022,74.7,83.0,0,True,0.0,
3HBUdn,27,33,Winner_2022,75.2,79.0,0,True,0.0,
3HBUdn,27,34,Winner_2022,75.7,74.8,0,True,0.0,
3HBUdn,27,35,Winner_2022,76.1,70.5,1,True,0.0,
3HBUdn,27,36,Winner_2022,76.6,66.9,3,True,0.0,
3HBUdn,27,37,Winner_2022,77.1,65.4,1,True,0.0,
3HBUdn,27,38,Winner_2022,77.6,64.2,1,True,0.0,
3HBUdn,27,39,Winner_2022,78.1,63.4,1,True,0.0,
3HBUdn,27,40,Winner_2022,78.6,63.0,0,True,0.0,
3HBUdn,27,41,Winner_2022,79.1,62.4,2,True,0.0,
3HBUdn,27,42,Winner_2022,79.6,62.6,0,True,0.0,
3HBUdn,27,43,Winner_2022,80.1,62.5,3,True,0.0,
3HBUdn,27,44,Winner_2022,80.6,63.8,0,True,0.0,
3HBUdn,27,45,Winner_2022,81.1,64.8,2,True,0.0,
3HBUdn,27,46,Winner_2022,81.6,66.6,0,True,0.0,
3HBUdn,27,47,Winner_2022,82.1,68.1,1,True,0.0,
3HBUdn,27,48,Winner_2022,82.6,70.1,1,True,0.0,
3HBUdn,27,49,Winner_2022,83.1,72.4,0,True,0.0,
3HBUdn,27,50,Winner_2022,83.6,74.2,1,True,0.0,
3HBUdn,27,51,Winner_2022,84.1,76.4,1,True,0.0,
3HBUdn,27,52,Winner_2022,84.6,78.8,0,True,0.0,
3HBUdn,27,53,Winner_2022,85.1,80.7,0,True,0.0,
3HBUdn,27,54,Winner_2022,85.6,82.1,0,True,0.0,
3HBUdn,27,55,Winner_2022,86.1,83.0,1,True,0.0,
3HBUdn,27,56,Winner_2022,86.6,84.1,0,True,0.0,
3HBUdn,27,57,Winner_2022,86.1,84.9,0,True,0.0,
3HBUdn,27,58,Winner_2022,85.6,85.3,0,True,0.0,
3HBUdn,27,59,Winner_2022,85.5,85.4,0,True,0.0,
3HBUdn,27,60,Winner_2022,85.4,85.0,0,True,0.0,
3HBUdn,27,61,Winner_2022,85.2,84.3,0,True,0.0,
3HBUdn,27,62,Winner_2022,84.8,83.1,2,True,0.0,
3HBUdn,27,63,Winner_2022,84.3,82.6,0,True,0.0,
3HBUdn,27,64,Winner_2022,83.8,81.5,0,True,0.0,
3HBUdn,27,65,Winner_2022,83.3,80.0,1,True,0.0,
3HBUdn,27,66,Winner_2022,82.8,78.6,0,True,0.0,
3HBUdn,27,67,Winner_2022,82.3,76.7,0,True,0.0,
3HBUdn,27,68,Winner_2022,81.8,74.5,2,True,0.0,
3HBUdn,27,69,Winner_2022,81.3,72.7,2,True,0.0,
3HBUdn,27,70,Winner_2022,80.8,71.3,0,True,0.0,
3HBUdn,27,71,Winner_2022,80.3,69.7,1,True,0.0,
3HBUdn,27,72,Winner_2022,79.8,68.1,0,True,0.0,
3HBUdn,27,73,Winner_2022,79.3,66.1,1,True,0.0,
3HBUdn,27,74,Winner_2022,78.8,64.2,0,True,0.0,
3HBUdn,27,75,Winner_2022,78.3,62.0,2,True,0.0,
3HBUdn,27,76,Winner_2022,77.8,60.1,1,True,0.0,
3HBUdn,27,77,Winner_2022,77.3,58.2,1,True,0.0,
3HBUdn,27,78,Winner_2022,76.8,56.3,3,True,0.0,
3HBUdn,27,79,Winner_2022,76.3,54.9,1,True,0.0,
3HBUdn,27,80,Winner_2022,75.8,53.5,0,True,0.0,
3HBUdn,27,81,Winner_2022,75.3,51.9,0,True,0.0,
3HBUdn,27,82,Winner_2022,74.8,50.1,1,True,0.0,
3HBUdn,27,83,Winner_2022,74.3,48.4,4,True,0.0,
3HBUdn,27,84,Winner_2022,73.8,47.3,2,True,0.0,
3HBUdn,27,85,Winner_2022,73.3,46.2,3,True,0.0,
3HBUdn,27,86,Winner_2022,72.8,45.4,3,True,0.0,
3HBUdn,27,87,Winner_2022,72.3,44.9,1,True,0.0,
3HBUdn,27,88,Winner_2022,71.8,44.3,0,True,0.0,
3HBUdn,27,89,Winner_2022,71.3,43.6,0,True,0.0,
3HBUdn,27,90,Winner_2022,70.8,42.7,2,True,0.0,
3HBUdn,27,91,Winner_2022,70.3,42.0,2,True,0.0,
3HBUdn,27,92,Winner_2022,69.8,41.4,1,True,0.0,
3HBUdn,27,93,Winner_2022,69.3,40.8,1,True,0.0,
3HBUdn,27,94,Winner_2022,68.8,40.3,3,True,0.0,
3HBUdn,27,95,Winner_2022,68.3,40.0,1,True,0.0,
3HBUdn,27,96,Winner_2022,67.8,39.7,1,True,0.0,
3HBUdn,27,97,Winner_2022,67.3,39.5,0,True,0.0,
3HBUdn,27,98,Winner_2022,66.8,39.1,0,True,0.0,
3HBUdn,27,99,Winner_2022,66.3,38.7,1,True,0.0,
3HBUdn,27,100,Winner_2022,65.8,38.4,2,True,0.0,
3HBUdn,28,1,Winner_2022,77.9,36.0,1,True,0.0,
3HBUdn,28,2,Winner_2022,77.4,41.4,2,True,0.0,
3HBUdn,28,3,Winner_2022,76.9,49.6,2,True,0.0,
3HBUdn,28,4,Winner_2022,76.4,59.6,2,True,0.0,
3HBUdn,28,5,Winner_2022,75.9,71.5,4,True,0.0,
3HBUdn,28,6,Winner_2022,76.4,85.8,0,True,0.0,
3HBUdn,28,7,Winner_2022,76.9,100.0,0,True,0.0,
3HBUdn,28,8,Winner_2022,77.4,100.0,0,True,0.0,
3HBUdn,28,9,Winner_2022,77.9,100.0,0,True,0.0,
3HBUdn,28,10,Winner_2022,78.4,100.0,0,True,0.0,
3HBUdn,28,11,Winner_2022,78.9,100.0,0,True,0.0,
3HBUdn,28,12,Winner_2022,79.4,100.0,0,True,0.0,
3HBUdn,28,13,Winner_2022,79.9,100.0,0,True,0.0,
3HBUdn,28,14,Winner_2022,80.4,100.0,0,True,0.0,
3HBUdn,28,15,Winner_2022,80.9,100.0,0,True,0.0,
3HBUdn,28,16,Winner_2022,81.4,100.0,0,True,0.0,
3HBUdn,28,17,Winner_2022,81.9,100.0,0,True,0.0,
3HBUdn,28,18,Winner_2022,82.4,100.0,0,True,0.0,
3HBUdn,28,19,Winner_2022,82.9,100.0,0,True,0.0,
3HBUdn,28,20,Winner_2022,83.4,100.0,0,True,0.0,
3HBUdn,28,21,Winner_2022,82.9,100.0,0,True,0.0,
3HBUdn,28,22,Winner_2022,82.4,99.9,0,True,0.0,
3HBUdn,28,23,Winner_2022,81.9,99.0,0,True,0.0,
3HBUdn,28,24,Winner_2022,81.4,96.8,0,True,0.0,
3HBUdn,28,25,Winner_2022,80.9,94.0,0,True,0.0,
3HBUdn,28,26,Winner_2022,80.4,90.8,0,True,0.0,
3HBUdn,28,27,Winner_2022,80.9,87.1,0,True,0.0,
3HBUdn,28,28,Winner_2022,81.4,82.9,0,True,0.0,
3HBUdn,28,29,Winner_2022,81.9,78.4,1,True,0.0,
3HBUdn,28,30,Winner_2022,82.4,74.7,2,True,0.0,
3HBUdn,28,31,Winner_2022,81.9,72.6,0,True,0.0,
3HBUdn,28,32,Winner_2022,81.4,70.3,3,True,0.0,
3HBUdn,28,33,Winner_2022,80.9,70.1,1,True,0.0,
3HBUdn,28,34,Winner_2022,80.4,70.4,1,True,0.0,
3HBUdn,28,35,Winner_2022,79.9,70.9,0,True,0.0,
3HBUdn,28,36,Winner_2022,79.4,71.2,2,True,0.0,
3HBUdn,28,37,Winner_2022,78.9,72.5,1,True,0.0,
3HBUdn,28,38,Winner_2022,78.4,74.1,0,True,0.0,
3HBUdn,28,39,Winner_2022,77.9,75.4,2,True,0.0,
3HBUdn,28,40,Winner_2022,78.4,77.9,0,True,0.0,
3HBUdn,28,41,Winner_2022,78.7,80.0,0,True,0.0,
3HBUdn,28,42,Winner_2022,79.2,81.7,0,True,0.0,
3HBUdn,28,43,Winner_2022,79.7,83.1,0,True,0.0,
3HBUdn,28,44,Winner_2022,80.2,84.1,1,True,0.0,
3HBUdn,28,45,Winner_2022,80.7,85.4,0,True,0.0,
3HBUdn,28,46,Winner_2022,81.2,86.4,0,True,0.0,
3HBUdn,28,47,Winner_2022,81.7,86.9,0,True,0.0,
3HBUdn,28,48,Winner_2022,82.2,87.3,0,True,0.0,
3HBUdn,28,49,Winner_2022,82.7,87.4,0,True,0.0,
3HBUdn,28,50,Winner_2022,83.2,86.9,0,True,0.0,
3HBUdn,28,51,Winner_2022,83.7,86.1,0,True,0.0,
3HBUdn,28,52,Winner_2022,84.2,84.9,0,True,0.0,
3HBUdn,28,53,Winner_2022,84.6,83.3,0,True,0.0,
3HBUdn,28,54,Winner_2022,85.1,81.2,0,True,0.0,
3HBUdn,28,55,Winner_2022,85.6,78.8,0,True,0.0,
3HBUdn,28,56,Winner_2022,86.1,76.2,0,True,0.0,
3HBUdn,28,57,Winner_2022,86.6,73.4,2,True,0.0,
3HBUdn,28,58,Winner_2022,86.1,71.4,1,True,0.0,
3HBUdn,28,59,Winner_2022,85.6,69.7,3,True,0.0,
3HBUdn,28,60,Winner_2022,85.1,69.0,0,True,0.0,
3HBUdn,28,61,Winner_2022,84.6,68.0,0,True,0.0,
3HBUdn,28,62,Winner_2022,84.1,66.6,0,True,0.0,
3HBUdn,28,63,Winner_2022,83.6,65.1,1,True,0.0,
3HBUdn,28,64,Winner_2022,83.1,63.5,0,True,0.0,
3HBUdn,28,65,Winner_2022,82.6,61.7,0,True,0.0,
3HBUdn,28,66,Winner_2022,82.1,59.6,2,True,0.0,
3HBUdn,28,67,Winner_2022,81.6,57.9,0,True,0.0,
3HBUdn,28,68,Winner_2022,81.1,55.9,1,True,0.0,
3HBUdn,28,69,Winner_2022,80.6,54.0,1,True,0.0,
3HBUdn,28,70,Winner_2022,80.1,52.3,2,True,0.0,
3HBUdn,28,71,Winner_2022,79.6,50.8,0,True,0.0,
3HBUdn,28,72,Winner_2022,79.1,49.2,1,True,0.0,
3HBUdn,28,73,Winner_2022,78.6,47.6,3,True,0.0,
3HBUdn,28,74,Winner_2022,78.1,46.4,0,True,0.0,
3HBUdn,28,75,Winner_2022,77.6,45.0,0,True,0.0,
3HBUdn,28,76,Winner_2022,77.1,43.4,1,True,0.0,
3HBUdn,28,77,Winner_2022,76.6,41.9,2,True,0.0,
3HBUdn,28,78,Winner_2022,76.1,40.5,2,True,0.0,
3HBUdn,28,79,Winner_2022,75.6,39.4,3,True,0.0,
3HBUdn,28,80,Winner_2022,75.1,38.5,2,True,0.0,
3HBUdn,28,81,Winner_2022,74.6,37.7,0,True,0.0,
3HBUdn,28,82,Winner_2022,74.1,36.9,0,True,0.0,
3HBUdn,28,83,Winner_2022,73.6,35.9,1,True,0.0,
3HBUdn,28,84,Winner_2022,73.1,34.9,1,True,0.0,
3HBUdn,28,85,Winner_2022,72.6,33.9,1,True,0.0,
3HBUdn,28,86,Winner_2022,72.1,32.9,1,True,0.0,
3HBUdn,28,87,Winner_2022,71.6,31.9,1,True,0.0,
3HBUdn,28,88,Winner_2022,71.1,30.9,1,True,0.0,
3HBUdn,28,89,Winner_2022,70.6,29.9,2,True,0.0,
3HBUdn,28,90,Winner_2022,70.1,29.1,2,True,0.0,
3HBUdn,28,91,Winner_2022,69.6,28.4,4,True,0.0,
3HBUdn,28,92,Winner_2022,69.1,27.9,0,True,0.0,
3HBUdn,28,93,Winner_2022,68.6,27.4,0,True,0.0,
3HBUdn,28,94,Winner_2022,68.1,26.8,0,True,0.0,
3HBUdn,28,95,Winner_2022,67.6,26.1,0,True,0.0,
3HBUdn,28,96,Winner_2022,67.1,25.5,2,True,0.0,
3HBUdn,28,97,Winner_2022,66.6,24.9,0,True,0.0,
3HBUdn,28,98,Winner_2022,66.1,24.3,3,True,0.0,
3HBUdn,28,99,Winner_2022,65.6,23.9,0,True,0.0,
3HBUdn,28,100,Winner_2022,65.1,23.4,4,True,0.0,
3HBUdn,29,1,Winner_2022,77.2,46.0,0,True,0.0,
3HBUdn,29,2,Winner_2022,76.7,36.8,0,True,0.0,
3HBUdn,29,3,Winner_2022,76.2,29.4,2,True,0.0,
3HBUdn,29,4,Winner_2022,75.7,31.0,1,True,0.0,
3HBUdn,29,5,Winner_2022,75.2,33.8,0,True,0.0,
3HBUdn,29,6,Winner_2022,74.7,34.6,0,True,0.0,
3HBUdn,29,7,Winner_2022,74.2,34.6,3,True,0.0,
3HBUdn,29,8,Winner_2022,73.7,39.5,0,True,0.0,
3HBUdn,29,9,Winner_2022,73.2,43.2,0,True,0.0,
3HBUdn,29,10,Winner_2022,72.7,46.0,1,True,0.0,
3HBUdn,29,11,Winner_2022,72.2,49.9,1,True,0.0,
3HBUdn,29,12,Winner_2022,71.7,54.8,0,True,0.0,
3HBUdn,29,13,Winner_2022,71.2,58.2,2,True,0.0,
3HBUdn,29,14,Winner_2022,70.7,63.8,0,True,0.0,
3HBUdn,29,15,Winner_2022,70.2,68.2,2,True,0.0,
3HBUdn,29,16,Winner_2022,70.7,74.8,0,True,0.0,
3HBUdn,29,17,Winner_2022,71.2,80.3,0,True,0.0,
3HBUdn,29,18,Winner_2022,71.7,85.1,0,True,0.0,
3HBUdn,29,19,Winner_2022,72.2,89.3,0,True,0.0,
3HBUdn,29,20,Winner_2022,72.7,92.5,0,True,0.0,
3HBUdn,29,21,Winner_2022,73.2,95.1,0,True,0.0,
3HBUdn,29,22,Winner_2022,73.7,96.7,0,True,0.0,
3HBUdn,29,23,Winner_2022,74.2,97.5,0,True,0.0,
3HBUdn,29,24,Winner_2022,74.7,97.0,0,True,0.0,
3HBUdn,29,25,Winner_2022,75.2,95.7,0,True,0.0,
3HBUdn,29,26,Winner_2022,75.7,93.8,0,True,0.0,
3HBUdn,29,27,Winner_2022,76.2,91.3,0,True,0.0,
3HBUdn,29,28,Winner_2022,76.7,88.2,0,True,0.0,
3HBUdn,29,29,Winner_2022,77.2,84.6,0,True,0.0,
3HBUdn,29,30,Winner_2022,77.7,80.6,0,True,0.0,
3HBUdn,29,31,Winner_2022,78.2,76.4,0,True,0.0,
3HBUdn,29,32,Winner_2022,78.7,72.1,2,True,0.0,
3HBUdn,29,33,Winner_2022,79.2,69.4,0,True,0.0,
3HBUdn,29,34,Winner_2022,79.7,66.6,1,True,0.0,
3HBUdn,29,35,Winner_2022,80.2,64.2,0,True,0.0,
3HBUdn,29,36,Winner_2022,80.7,61.6,0,True,0.0,
3HBUdn,29,37,Winner_2022,81.2,58.9,1,True,0.0,
3HBUdn,29,38,Winner_2022,81.7,56.7,2,True,0.0,
3HBUdn,29,39,Winner_2022,82.2,55.4,1,True,0.0,
3HBUdn,29,40,Winner_2022,82.7,54.5,2,True,0.0,
3HBUdn,29,41,Winner_2022,83.2,54.5,0,True,0.0,
3HBUdn,29,42,Winner_2022,83.7,54.1,0,True,0.0,
3HBUdn,29,43,Winner_2022,84.2,53.6,0,True,0.0,
3HBUdn,29,44,Winner_2022,84.7,52.8,1,True,0.0,
3HBUdn,29,45,Winner_2022,85.2,52.3,3,True,0.0,
3HBUdn,29,46,Winner_2022,85.7,52.8,3,True,0.0,
3HBUdn,29,47,Winner_2022,86.2,54.5,3,True,0.0,
3HBUdn,29,48,Winner_2022,86.7,57.4,2,True,0.0,
3HBUdn,29,49,Winner_2022,87.2,61.1,0,True,0.0,
3HBUdn,29,50,Winner_2022,87.7,64.6,3,True,0.0,
3HBUdn,29,51,Winner_2022,88.2,69.4,0,True,0.0,
3HBUdn,29,52,Winner_2022,88.7,74.2,0,True,0.0,
3HBUdn,29,53,Winner_2022,89.2,78.7,1,True,0.0,
3HBUdn,29,54,Winner_2022,89.7,83.4,0,True,0.0,
3HBUdn,29,55,Winner_2022,90.2,87.7,0,True,0.0,
3HBUdn,29,56,Winner_2022,90.7,91.8,0,True,0.0,
3HBUdn,29,57,Winner_2022,91.2,95.6,0,True,0.0,
3HBUdn,29,58,Winner_2022,91.7,99.2,0,True,0.0,
3HBUdn,29,59,Winner_2022,92.2,100.0,0,True,0.0,
3HBUdn,29,60,Winner_2022,92.7,100.0,0,True,0.0,
3HBUdn,29,61,Winner_2022,92.2,100.0,0,True,0.0,
3HBUdn,29,62,Winner_2022,91.7,100.0,0,True,0.0,
3HBUdn,29,63,Winner_2022,91.2,100.0,0,True,0.0,
3HBUdn,29,64,Winner_2022,90.7,100.0,0,True,0.0,
3HBUdn,29,65,Winner_2022,90.2,99.7,0,True,0.0,
3HBUdn,29,66,Winner_2022,89.7,99.0,0,True,0.0,
3HBUdn,29,67,Winner_2022,89.2,97.6,0,True,0.0,
3HBUdn,29,68,Winner_2022,88.7,95.7,0,True,0.0,
3HBUdn,29,69,Winner_2022,88.2,93.4,0,True,0.0,
3HBUdn,29,70,Winner_2022,87.7,90.8,0,True,0.0,
3HBUdn,29,71,Winner_2022,87.2,87.9,0,True,0.0,
3HBUdn,29,72,Winner_2022,86.9,84.7,0,True,0.0,
3HBUdn,29,73,Winner_2022,86.4,81.2,0,True,0.0,
3HBUdn,29,74,Winner_2022,85.9,77.5,3,True,0.0,
3HBUdn,29,75,Winner_2022,85.4,74.5,0,True,0.0,
3HBUdn,29,76,Winner_2022,84.9,71.3,0,True,0.0,
3HBUdn,29,77,Winner_2022,84.4,68.0,4,True,0.0,
3HBUdn,29,78,Winner_2022,83.9,65.5,0,True,0.0,
3HBUdn,29,79,Winner_2022,83.4,62.9,3,True,0.0,
3HBUdn,29,80,Winner_2022,82.9,60.9,1,True,0.0,
3HBUdn,29,81,Winner_2022,82.4,58.8,1,True,0.0,
3HBUdn,29,82,Winner_2022,81.9,56.9,1,True,0.0,
3HBUdn,29,83,Winner_2022,81.4,54.9,3,True,0.0,
3HBUdn,29,84,Winner_2022,80.9,53.4,2,True,0.0,
3HBUdn,29,85,Winner_2022,80.4,52.0,0,True,0.0,
3HBUdn,29,86,Winner_2022,79.9,50.5,1,True,0.0,
3HBUdn,29,87,Winner_2022,79.4,49.0,0,True,0.0,
3HBUdn,29,88,Winner_2022,78.9,47.3,2,True,0.0,
3HBUdn,29,89,Winner_2022,78.4,45.9,1,True,0.0,
3HBUdn,29,90,Winner_2022,77.9,44.4,3,True,0.0,
3HBUdn,29,91,Winner_2022,77.4,43.3,1,True,0.0,
3HBUdn,29,92,Winner_2022,76.9,42.2,2,True,0.0,
3HBUdn,29,93,Winner_2022,76.4,41.3,2,True,0.0,
3HBUdn,29,94,Winner_2022,75.9,40.5,2,True,0.0,
3HBUdn,29,95,Winner_2022,75.4,39.9,2,True,0.0,
3HBUdn,29,96,Winner_2022,74.9,39.4,1,True,0.0,
3HBUdn,29,97,Winner_2022,74.4,39.0,3,True,0.0,
3HBUdn,29,98,Winner_2022,73.9,38.7,2,True,0.0,
3HBUdn,29,99,Winner_2022,73.4,38.6,2,True,0.0,
3HBUdn,29,100,Winner_2022,72.9,38.7,1,True,0.0,
3HBUdn,30,1,Winner_2022,79.7,86.0,0,True,0.0,
3HBUdn,30,2,Winner_2022,80.2,68.8,0,True,0.0,
3HBUdn,30,3,Winner_2022,80.7,55.0,1,True,0.0,
3HBUdn,30,4,Winner_2022,81.2,51.0,2,True,0.0,
3HBUdn,30,5,Winner_2022,81.7,55.5,0,True,0.0,
3HBUdn,30,6,Winner_2022,82.2,56.8,2,True,0.0,
3HBUdn,30,7,Winner_2022,82.7,64.5,0,True,0.0,
3HBUdn,30,8,Winner_2022,83.2,69.9,0,True,0.0,
3HBUdn,30,9,Winner_2022,83.7,73.1,1,True,0.0,
3HBUdn,30,10,Winner_2022,84.2,77.8,0,True,0.0,
3HBUdn,30,11,Winner_2022,84.7,81.2,0,True,0.0,
3HBUdn,30,12,Winner_2022,85.2,83.1,0,True,0.0,
3HBUdn,30,13,Winner_2022,85.7,82.8,0,True,0.0,
3HBUdn,30,14,Winner_2022,86.2,81.1,0,True,0.0,
3HBUdn,30,15,Winner_2022,86.7,77.9,0,True,0.0,
3HBUdn,30,16,Winner_2022,87.2,73.9,2,True,0.0,
3HBUdn,30,17,Winner_2022,87.7,72.6,1,True,0.0,
3HBUdn,30,18,Winner_2022,88.2,72.2,0,True,0.0,
3HBUdn,30,19,Winner_2022,88.7,71.2,1,True,0.0,
3HBUdn,30,20,Winner_2022,89.2,71.0,0,True,0.0,
3HBUdn,30,21,Winner_2022,89.7,70.3,1,True,0.0,
3HBUdn,30,22,Winner_2022,90.2,70.2,0,True,0.0,
3HBUdn,30,23,Winner_2022,90.7,69.6,0,True,0.0,
3HBUdn,30,24,Winner_2022,91.2,68.1,0,True,0.0,
3HBUdn,30,25,Winner_2022,91.7,66.1,0,True,0.0,
3HBUdn,30,26,Winner_2022,92.2,63.9,1,True,0.0,
3HBUdn,30,27,Winner_2022,92.7,62.2,0,True,0.0,
3HBUdn,30,28,Winner_2022,93.2,60.0,2,True,0.0,
3HBUdn,30,29,Winner_2022,93.7,59.2,1,True,0.0,
3HBUdn,30,30,Winner_2022,93.2,58.6,1,True,0.0,
3HBUdn,30,31,Winner_2022,92.7,58.4,2,True,0.0,
3HBUdn,30,32,Winner_2022,92.2,59.4,4,True,0.0,
3HBUdn,30,33,Winner_2022,91.7,62.7,0,True,0.0,
3HBUdn,30,34,Winner_2022,91.2,65.8,0,True,0.0,
3HBUdn,30,35,Winner_2022,90.7,68.5,0,True,0.0,
3HBUdn,30,36,Winner_2022,90.2,70.9,0,True,0.0,
3HBUdn,30,37,Winner_2022,89.7,72.9,1,True,0.0,
3HBUdn,30,38,Winner_2022,89.2,75.3,1,True,0.0,
3HBUdn,30,39,Winner_2022,88.7,78.1,1,True,0.0,
3HBUdn,30,40,Winner_2022,88.2,81.4,0,True,0.0,
3HBUdn,30,41,Winner_2022,87.7,84.4,0,True,0.0,
3HBUdn,30,42,Winner_2022,87.2,87.0,0,True,0.0,
3HBUdn,30,43,Winner_2022,87.1,89.2,0,True,0.0,
3HBUdn,30,44,Winner_2022,86.6,91.1,0,True,0.0,
3HBUdn,30,45,Winner_2022,86.1,92.5,0,True,0.0,
3HBUdn,30,46,Winner_2022,85.6,93.6,0,True,0.0,
3HBUdn,30,47,Winner_2022,85.1,94.2,0,True,0.0,
3HBUdn,30,48,Winner_2022,84.6,94.6,0,True,0.0,
3HBUdn,30,49,Winner_2022,84.1,94.6,0,True,0.0,
3HBUdn,30,50,Winner_2022,83.6,94.1,0,True,0.0,
3HBUdn,30,51,Winner_2022,83.1,93.3,0,True,0.0,
3HBUdn,30,52,Winner_2022,82.6,92.0,0,True,0.0,
3HBUdn,30,53,Winner_2022,82.1,90.3,0,True,0.0,
3HBUdn,30,54,Winner_2022,81.6,88.0,0,True,0.0,
3HBUdn,30,55,Winner_2022,81.1,85.4,0,True,0.0,
3HBUdn,30,56,Winner_2022,80.6,82.5,0,True,0.0,
3HBUdn,30,57,Winner_2022,80.1,79.5,0,True,0.0,
3HBUdn,30,58,Winner_2022,79.8,76.4,0,True,0.0,
3HBUdn,30,59,Winner_2022,79.3,73.1,0,True,0.0,
3HBUdn,30,60,Winner_2022,78.8,69.6,1,True,0.0,
3HBUdn,30,61,Winner_2022,78.3,66.5,2,True,0.0,
3HBUdn,30,62,Winner_2022,77.8,64.1,0,True,0.0,
3HBUdn,30,63,Winner_2022,77.3,61.4,1,True,0.0,
3HBUdn,30,64,Winner_2022,76.8,59.0,1,True,0.0,
3HBUdn,30,65,Winner_2022,76.3,56.6,0,True,0.0,
3HBUdn,30,66,Winner_2022,75.8,54.1,1,True,0.0,
3HBUdn,30,67,Winner_2022,75.3,51.8,0,True,0.0,
3HBUdn,30,68,Winner_2022,74.8,49.2,1,True,0.0,
3HBUdn,30,69,Winner_2022,74.3,46.9,2,True,0.0,
3HBUdn,30,70,Winner_2022,73.8,44.9,1,True,0.0,
3HBUdn,30,71,Winner_2022,73.3,43.1,1,True,0.0,
3HBUdn,30,72,Winner_2022,72.8,41.3,2,True,0.0,
3HBUdn,30,73,Winner_2022,72.3,39.8,4,True,0.0,
3HBUdn,30,74,Winner_2022,71.8,38.8,2,True,0.0,
3HBUdn,30,75,Winner_2022,71.3,37.9,2,True,0.0,
3HBUdn,30,76,Winner_2022,70.8,37.2,1,True,0.0,
3HBUdn,30,77,Winner_2022,70.3,36.5,1,True,0.0,
3HBUdn,30,78,Winner_2022,69.8,35.7,2,True,0.0,
3HBUdn,30,79,Winner_2022,69.3,35.0,2,True,0.0,
3HBUdn,30,80,Winner_2022,68.8,34.5,1,True,0.0,
3HBUdn,30,81,Winner_2022,68.3,34.0,1,True,0.0,
3HBUdn,30,82,Winner_2022,67.8,33.4,2,True,0.0,
3HBUdn,30,83,Winner_2022,67.3,32.9,0,True,0.0,
3HBUdn,30,84,Winner_2022,66.8,32.3,1,True,0.0,
3HBUdn,30,85,Winner_2022,66.3,31.7,1,True,0.0,
3HBUdn,30,86,Winner_2022,65.8,31.1,1,True,0.0,
3HBUdn,30,87,Winner_2022,65.3,30.4,3,True,0.0,
3HBUdn,30,88,Winner_2022,64.8,29.9,2,True,0.0,
3HBUdn,30,89,Winner_2022,64.3,29.5,0,True,0.0,
3HBUdn,30,90,Winner_2022,63.8,29.0,2,True,0.0,
3HBUdn,30,91,Winner_2022,63.3,28.6,2,True,0.0,
3HBUdn,30,92,Winner_2022,62.8,28.3,0,True,0.0,
3HBUdn,30,93,Winner_2022,62.3,27.9,1,True,0.0,
3HBUdn,30,94,Winner_2022,61.8,27.6,4,True,0.0,
3HBUdn,30,95,Winner_2022,61.3,27.4,1,True,0.0,
3HBUdn,30,96,Winner_2022,60.8,27.3,1,True,0.0,
3HBUdn,30,97,Winner_2022,60.3,27.2,1,True,0.0,
3HBUdn,30,98,Winner_2022,59.8,27.1,1,True,0.0,
3HBUdn,30,99,Winner_2022,59.3,27.1,3,True,0.0,
3HBUdn,30,100,Winner_2022,58.8,27.2,0,True,0.0,
3HBUdn,31,1,Winner_2022,80.0,63.0,0,True,0.0,
3HBUdn,31,2,Winner_2022,79.5,50.4,0,True,0.0,
3HBUdn,31,3,Winner_2022,79.0,40.3,0,True,0.0,
3HBUdn,31,4,Winner_2022,78.5,32.3,0,True,0.0,
3HBUdn,31,5,Winner_2022,78.0,25.8,3,True,0.0,
3HBUdn,31,6,Winner_2022,77.5,26.4,0,True,0.0,
3HBUdn,31,7,Winner_2022,77.0,26.4,1,True,0.0,
3HBUdn,31,8,Winner_2022,76.5,27.1,1,True,0.0,
3HBUdn,31,9,Winner_2022,76.0,28.4,1,True,0.0,
3HBUdn,31,10,Winner_2022,75.5,30.2,0,True,0.0,
3HBUdn,31,11,Winner_2022,75.0,31.5,0,True,0.0,
3HBUdn,31,12,Winner_2022,74.5,32.3,0,True,0.0,
3HBUdn,31,13,Winner_2022,74.0,32.2,0,True,0.0,
3HBUdn,31,14,Winner_2022,73.5,31.5,1,True,0.0,
3HBUdn,31,15,Winner_2022,73.0,31.1,0,True,0.0,
3HBUdn,31,16,Winner_2022,72.5,30.3,1,True,0.0,
3HBUdn,31,17,Winner_2022,72.0,29.7,0,True,0.0,
3HBUdn,31,18,Winner_2022,71.5,28.9,2,True,0.0,
3HBUdn,31,19,Winner_2022,71.0,29.1,0,True,0.0,
3HBUdn,31,20,Winner_2022,70.5,29.1,0,True,0.0,
3HBUdn,31,21,Winner_2022,70.0,28.8,0,True,0.0,
3HBUdn,31,22,Winner_2022,69.5,28.2,4,True,0.0,
3HBUdn,31,23,Winner_2022,69.0,29.4,3,True,0.0,
3HBUdn,31,24,Winner_2022,68.5,31.6,0,True,0.0,
3HBUdn,31,25,Winner_2022,68.0,33.7,2,True,0.0,
3HBUdn,31,26,Winner_2022,67.5,36.6,0,True,0.0,
3HBUdn,31,27,Winner_2022,67.0,39.3,0,True,0.0,
3HBUdn,31,28,Winner_2022,66.5,41.8,2,True,0.0,
3HBUdn,31,29,Winner_2022,66.0,45.0,0,True,0.0,
3HBUdn,31,30,Winner_2022,65.5,48.1,1,True,0.0,
3HBUdn,31,31,Winner_2022,65.0,51.4,3,True,0.0,
3HBUdn,31,32,Winner_2022,64.5,56.6,2,True,0.0,
3HBUdn,31,33,Winner_2022,64.0,63.1,1,True,0.0,
3HBUdn,31,34,Winner_2022,63.6,70.5,0,True,0.0,
3HBUdn,31,35,Winner_2022,63.1,78.0,0,True,0.0,
3HBUdn,31,36,Winner_2022,62.6,85.7,0,True,0.0,
3HBUdn,31,37,Winner_2022,63.1,93.5,0,True,0.0,
3HBUdn,31,38,Winner_2022,63.6,100.0,0,True,0.0,
3HBUdn,31,39,Winner_2022,64.1,100.0,0,True,0.0,
3HBUdn,31,40,Winner_2022,64.6,100.0,0,True,0.0,
3HBUdn,31,41,Winner_2022,65.1,100.0,0,True,0.0,
3HBUdn,31,42,Winner_2022,65.6,100.0,0,True,0.0,
3HBUdn,31,43,Winner_2022,66.1,100.0,0,True,0.0,
3HBUdn,31,44,Winner_2022,66.6,100.0,0,True,0.0,
3HBUdn,31,45,Winner_2022,67.1,100.0,0,True,0.0,
3HBUdn,31,46,Winner_2022,67.6,100.0,0,True,0.0,
3HBUdn,31,47,Winner_2022,68.1,100.0,0,True,0.0,
3HBUdn,31,48,Winner_2022,68.6,100.0,0,True,0.0,
3HBUdn,31,49,Winner_2022,69.1,100.0,0,True,0.0,
3HBUdn,31,50,Winner_2022,69.6,100.0,0,True,0.0,
3HBUdn,31,51,Winner_2022,70.1,100.0,0,True,0.0,
3HBUdn,31,52,Winner_2022,70.6,100.0,0,True,0.0,
3HBUdn,31,53,Winner_2022,71.1,100.0,0,True,0.0,
3HBUdn,31,54,Winner_2022,71.6,99.6,0,True,0.0,
3HBUdn,31,55,Winner_2022,72.1,98.7,0,True,0.0,
3HBUdn,31,56,Winner_2022,72.6,97.3,0,True,0.0,
3HBUdn,31,57,Winner_2022,73.1,95.7,0,True,0.0,
3HBUdn,31,58,Winner_2022,73.6,93.8,0,True,0.0,
3HBUdn,31,59,Winner_2022,74.1,91.5,0,True,0.0,
3HBUdn,31,60,Winner_2022,74.6,88.8,0,True,0.0,
3HBUdn,31,61,Winner_2022,75.1,85.9,0,True,0.0,
3HBUdn,31,62,Winner_2022,75.6,82.8,1,True,0.0,
3HBUdn,31,63,Winner_2022,76.1,79.9,0,True,0.0,
3HBUdn,31,64,Winner_2022,76.6,76.7,0,True,0.0,
3HBUdn,31,65,Winner_2022,76.6,73.2,2,True,0.0,
3HBUdn,31,66,Winner_2022,77.1,70.3,0,True,0.0,
3HBUdn,31,67,Winner_2022,77.6,67.2,2,True,0.0,
3HBUdn,31,68,Winner_2022,78.1,64.6,0,True,0.0,
3HBUdn,31,69,Winner_2022,78.6,61.9,2,True,0.0,
3HBUdn,31,70,Winner_2022,79.1,59.6,0,True,0.0,
3HBUdn,31,71,Winner_2022,79.6,57.1,1,True,0.0,
3HBUdn,31,72,Winner_2022,80.1,54.8,1,True,0.0,
3HBUdn,31,73,Winner_2022,80.6,52.5,2,True,0.0,
3HBUdn,31,74,Winner_2022,81.1,50.6,2,True,0.0,
3HBUdn,31,75,Winner_2022,81.6,48.8,0,True,0.0,
3HBUdn,31,76,Winner_2022,82.1,46.9,0,True,0.0,
3HBUdn,31,77,Winner_2022,82.6,44.9,0,True,0.0,
3HBUdn,31,78,Winner_2022,83.1,42.8,0,True,0.0,
3HBUdn,31,79,Winner_2022,82.6,40.6,0,True,0.0,
3HBUdn,31,80,Winner_2022,82.1,38.4,1,True,0.0,
3HBUdn,31,81,Winner_2022,81.6,36.3,0,True,0.0,
3HBUdn,31,82,Winner_2022,81.1,34.2,1,True,0.0,
3HBUdn,31,83,Winner_2022,80.6,32.3,0,True,0.0,
3HBUdn,31,84,Winner_2022,80.1,30.3,1,True,0.0,
3HBUdn,31,85,Winner_2022,79.6,28.5,2,True,0.0,
3HBUdn,31,86,Winner_2022,79.1,26.9,2,True,0.0,
3HBUdn,31,87,Winner_2022,78.6,25.4,0,True,0.0,
3HBUdn,31,88,Winner_2022,78.1,23.9,3,True,0.0,
3HBUdn,31,89,Winner_2022,77.6,22.7,1,True,0.0,
3HBUdn,31,90,Winner_2022,77.1,21.5,2,True,0.0,
3HBUdn,31,91,Winner_2022,76.6,20.5,1,True,0.0,
3HBUdn,31,92,Winner_2022,76.1,19.6,0,True,0.0,
3HBUdn,31,93,Winner_2022,75.6,18.6,1,True,0.0,
3HBUdn,31,94,Winner_2022,75.1,17.7,1,True,0.0,
3HBUdn,31,95,Winner_2022,74.6,16.9,1,True,0.0,
3HBUdn,31,96,Winner_2022,74.1,16.1,0,True,0.0,
3HBUdn,31,97,Winner_2022,73.6,15.3,1,True,0.0,
3HBUdn,31,98,Winner_2022,73.1,14.6,1,True,0.0,
3HBUdn,31,99,Winner_2022,72.6,13.9,2,True,0.0,
3HBUdn,31,100,Winner_2022,72.1,13.3,0,True,0.0,
3HBUdn,32,1,Winner_2022,76.3,45.0,0,True,0.0,
3HBUdn,32,2,Winner_2022,75.8,36.0,0,True,0.0,
3HBUdn,32,3,Winner_2022,75.3,28.8,1,True,0.0,
3HBUdn,32,4,Winner_2022,74.8,26.7,0,True,0.0,
3HBUdn,32,5,Winner_2022,74.3,23.9,0,True,0.0,
3HBUdn,32,6,Winner_2022,73.8,20.9,0,True,0.0,
3HBUdn,32,7,Winner_2022,73.3,18.1,1,True,0.0,
3HBUdn,32,8,Winner_2022,72.8,16.6,1,True,0.0,
3HBUdn,32,9,Winner_2022,72.3,15.7,1,True,0.0,
3HBUdn,32,10,Winner_2022,71.8,15.3,0,True,0.0,
3HBUdn,32,11,Winner_2022,71.3,14.8,0,True,0.0,
3HBUdn,32,12,Winner_2022,70.8,14.0,2,True,0.0,
3HBUdn,32,13,Winner_2022,70.3,14.0,0,True,0.0,
3HBUdn,32,14,Winner_2022,69.8,13.7,1,True,0.001,
3HBUdn,32,15,Winner_2022,69.3,13.5,1,True,0.0,
3HBUdn,32,16,Winner_2022,68.8,13.5,1,True,0.0,
3HBUdn,32,17,Winner_2022,68.3,13.5,2,True,0.0,
3HBUdn,32,18,Winner_2022,67.8,14.0,1,True,0.0,
3HBUdn,32,19,Winner_2022,67.3,14.7,0,True,0.0,
3HBUdn,32,20,Winner_2022,66.8,15.3,0,True,0.0,
3HBUdn,32,21,Winner_2022,66.3,15.7,1,True,0.0,
3HBUdn,32,22,Winner_2022,65.8,16.2,1,True,0.0,
3HBUdn,32,23,Winner_2022,65.3,16.9,0,True,0.0,
3HBUdn,32,24,Winner_2022,64.8,17.4,4,True,0.0,
3HBUdn,32,25,Winner_2022,64.3,18.8,1,True,0.0,
3HBUdn,32,26,Winner_2022,63.8,20.4,0,True,0.0,
3HBUdn,32,27,Winner_2022,63.3,21.9,1,True,0.0,
3HBUdn,32,28,Winner_2022,62.8,23.6,1,True,0.0,
3HBUdn,32,29,Winner_2022,62.3,25.5,0,True,0.0,
3HBUdn,32,30,Winner_2022,61.8,27.2,3,True,0.0,
3HBUdn,32,31,Winner_2022,61.3,29.7,0,True,0.0,
3HBUdn,32,32,Winner_2022,60.8,32.4,1,True,0.0,
3HBUdn,32,33,Winner_2022,60.3,35.3,2,True,0.0,
3HBUdn,32,34,Winner_2022,59.8,39.1,3,True,0.0,
3HBUdn,32,35,Winner_2022,59.3,44.1,1,True,0.0,
3HBUdn,32,36,Winner_2022,58.8,49.8,0,True,0.0,
3HBUdn,32,37,Winner_2022,58.3,55.9,2,True,0.0,
3HBUdn,32,38,Winner_2022,57.8,63.4,0,True,0.0,
3HBUdn,32,39,Winner_2022,57.3,71.4,0,True,0.0,
3HBUdn,32,40,Winner_2022,56.8,80.0,0,True,0.0,
3HBUdn,32,41,Winner_2022,56.3,89.1,0,True,0.0,
3HBUdn,32,42,Winner_2022,55.8,98.3,0,True,0.0,
3HBUdn,32,43,Winner_2022,56.3,100.0,0,True,0.0,
3HBUdn,32,44,Winner_2022,56.8,100.0,0,True,0.0,
3HBUdn,32,45,Winner_2022,57.3,100.0,0,True,0.0,
3HBUdn,32,46,Winner_2022,57.8,100.0,0,True,0.0,
3HBUdn,32,47,Winner_2022,58.3,100.0,0,True,0.0,
3HBUdn,32,48,Winner_2022,58.8,100.0,0,True,0.0,
3HBUdn,32,49,Winner_2022,59.3,100.0,0,True,0.0,
3HBUdn,32,50,Winner_2022,59.8,100.0,0,True,0.0,
3HBUdn,32,51,Winner_2022,60.3,100.0,0,True,0.0,
3HBUdn,32,52,Winner_2022,60.8,100.0,0,True,0.0,
3HBUdn,32,53,Winner_2022,61.3,100.0,0,True,0.0,
3HBUdn,32,54,Winner_2022,61.8,100.0,0,True,0.0,
3HBUdn,32,55,Winner_2022,62.3,100.0,0,True,0.0,
3HBUdn,32,56,Winner_2022,62.8,100.0,0,True,0.0,
3HBUdn,32,57,Winner_2022,63.3,100.0,0,True,0.0,
3HBUdn,32,58,Winner_2022,63.8,100.0,0,True,0.0,
3HBUdn,32,59,Winner_2022,64.3,100.0,0,True,0.0,
3HBUdn,32,60,Winner_2022,64.8,100.0,0,True,0.0,
3HBUdn,32,61,Winner_2022,65.3,99.7,0,True,0.0,
3HBUdn,32,62,Winner_2022,65.8,98.9,0,True,0.0,
3HBUdn,32,63,Winner_2022,66.3,97.7,0,True,0.0,
3HBUdn,32,64,Winner_2022,66.8,95.9,0,True,0.0,
3HBUdn,32,65,Winner_2022,67.3,93.6,0,True,0.0,
3HBUdn,32,66,Winner_2022,67.8,91.0,0,True,0.0,
3HBUdn,32,67,Winner_2022,68.3,87.9,0,True,0.0,
3HBUdn,32,68,Winner_2022,68.8,84.5,0,True,0.0,
3HBUdn,32,69,Winner_2022,69.3,80.9,0,True,0.0,
3HBUdn,32,70,Winner_2022,69.8,77.1,1,True,0.0,
3HBUdn,32,71,Winner_2022,70.3,73.6,1,True,0.0,
3HBUdn,32,72,Winner_2022,70.8,70.2,1,True,0.0,
3HBUdn,32,73,Winner_2022,71.1,67.0,1,True,0.0,
3HBUdn,32,74,Winner_2022,71.6,64.0,1,True,0.0,
3HBUdn,32,75,Winner_2022,72.1,61.0,2,True,0.0,
3HBUdn,32,76,Winner_2022,72.6,58.4,0,True,0.0,
3HBUdn,32,77,Winner_2022,73.1,55.6,0,True,0.0,
3HBUdn,32,78,Winner_2022,73.6,52.8,1,True,0.0,
3HBUdn,32,79,Winner_2022,74.1,50.1,2,True,0.0,
3HBUdn,32,80,Winner_2022,74.6,47.8,2,True,0.0,
3HBUdn,32,81,Winner_2022,75.1,45.7,3,True,0.0,
3HBUdn,32,82,Winner_2022,75.6,44.0,0,True,0.0,
3HBUdn,32,83,Winner_2022,76.1,42.2,1,True,0.0,
3HBUdn,32,84,Winner_2022,76.6,40.5,2,True,0.0,
3HBUdn,32,85,Winner_2022,77.1,38.9,7,True,0.0,
3HBUdn,32,86,Winner_2022,76.6,38.2,0,True,0.0,
3HBUdn,32,87,Winner_2022,76.1,37.2,1,True,0.0,
3HBUdn,32,88,Winner_2022,75.6,36.3,1,True,0.0,
3HBUdn,32,89,Winner_2022,75.1,35.4,1,True,0.0,
3HBUdn,32,90,Winner_2022,74.6,34.5,0,True,0.0,
3HBUdn,32,91,Winner_2022,74.1,33.5,0,True,0.0,
3HBUdn,32,92,Winner_2022,73.6,32.5,4,True,0.0,
3HBUdn,32,93,Winner_2022,73.1,31.8,2,True,0.0,
3HBUdn,32,94,Winner_2022,72.6,31.2,3,True,0.0,
3HBUdn,32,95,Winner_2022,72.1,30.8,3,True,0.0,
3HBUdn,32,96,Winner_2022,71.6,30.6,2,True,0.0,
3HBUdn,32,97,Winner_2022,71.1,30.5,0,True,0.0,
3HBUdn,32,98,Winner_2022,70.6,30.3,2,True,0.0,
3HBUdn,32,99,Winner_2022,70.1,30.2,1,True,0.0,
3HBUdn,32,100,Winner_2022,69.6,30.2,2,True,0.0,
3HBUdn,33,1,Winner_2022,70.4,33.0,3,True,0.0,
3HBUdn,33,2,Winner_2022,69.9,39.6,2,True,0.0,
3HBUdn,33,3,Winner_2022,69.4,47.5,0,True,0.0,
3HBUdn,33,4,Winner_2022,68.9,57.0,2,True,0.0,
3HBUdn,33,5,Winner_2022,68.4,68.4,1,True,0.0,
3HBUdn,33,6,Winner_2022,68.4,82.1,0,True,0.0,
3HBUdn,33,7,Winner_2022,68.9,98.5,0,True,0.0,
3HBUdn,33,8,Winner_2022,69.4,100.0,0,True,0.0,
3HBUdn,33,9,Winner_2022,69.9,100.0,0,True,0.0,
3HBUdn,33,10,Winner_2022,70.4,100.0,0,True,0.0,
3HBUdn,33,11,Winner_2022,70.9,100.0,0,True,0.0,
3HBUdn,33,12,Winner_2022,71.4,100.0,0,True,0.0,
3HBUdn,33,13,Winner_2022,71.9,100.0,0,True,0.0,
3HBUdn,33,14,Winner_2022,72.4,100.0,0,True,0.0,
3HBUdn,33,15,Winner_2022,72.9,100.0,0,True,0.0,
3HBUdn,33,16,Winner_2022,73.4,99.8,0,True,0.0,
3HBUdn,33,17,Winner_2022,73.9,98.0,0,True,0.0,
3HBUdn,33,18,Winner_2022,74.4,95.4,0,True,0.0,
3HBUdn,33,19,Winner_2022,74.9,92.1,0,True,0.0,
3HBUdn,33,20,Winner_2022,75.4,88.2,0,True,0.0,
3HBUdn,33,21,Winner_2022,75.9,84.0,0,True,0.0,
3HBUdn,33,22,Winner_2022,76.4,79.3,0,True,0.0,
3HBUdn,33,23,Winner_2022,76.9,74.5,1,True,0.0,
3HBUdn,33,24,Winner_2022,77.4,70.4,1,True,0.0,
3HBUdn,33,25,Winner_2022,77.9,67.3,1,True,0.0,
3HBUdn,33,26,Winner_2022,78.4,65.0,1,True,0.0,
3HBUdn,33,27,Winner_2022,78.9,63.3,1,True,0.0,
3HBUdn,33,28,Winner_2022,79.4,62.0,1,True,0.0,
3HBUdn,33,29,Winner_2022,79.9,61.1,0,True,0.0,
3HBUdn,33,30,Winner_2022,80.4,59.8,0,True,0.0,
3HBUdn,33,31,Winner_2022,80.9,58.1,1,True,0.0,
3HBUdn,33,32,Winner_2022,81.4,56.9,0,True,0.0,
3HBUdn,33,33,Winner_2022,81.9,55.5,1,True,0.0,
3HBUdn,33,34,Winner_2022,82.4,54.5,0,True,0.0,
3HBUdn,33,35,Winner_2022,82.9,53.1,2,True,0.0,
3HBUdn,33,36,Winner_2022,83.4,52.7,0,True,0.0,
3HBUdn,33,37,Winner_2022,83.9,52.0,1,True,0.0,
3HBUdn,33,38,Winner_2022,84.4,51.6,2,True,0.0,
3HBUdn,33,39,Winner_2022,84.9,52.0,0,True,0.0,
3HBUdn,33,40,Winner_2022,85.4,52.2,0,True,0.0,
3HBUdn,33,41,Winner_2022,85.9,52.1,1,True,0.0,
3HBUdn,33,42,Winner_2022,86.4,52.3,3,True,0.0,
3HBUdn,33,43,Winner_2022,86.9,53.6,1,True,0.0,
3HBUdn,33,44,Winner_2022,87.4,55.2,1,True,0.0,
3HBUdn,33,45,Winner_2022,87.9,57.1,1,True,0.0,
3HBUdn,33,46,Winner_2022,88.4,59.1,0,True,0.0,
3HBUdn,33,47,Winner_2022,88.9,61.0,2,True,0.0,
3HBUdn,33,48,Winner_2022,89.4,63.7,2,True,0.0,
3HBUdn,33,49,Winner_2022,89.9,67.4,3,True,0.0,
3HBUdn,33,50,Winner_2022,90.4,72.2,4,True,0.0,
3HBUdn,33,51,Winner_2022,90.9,79.3,1,True,0.0,
3HBUdn,33,52,Winner_2022,91.4,87.1,0,True,0.0,
3HBUdn,33,53,Winner_2022,91.9,94.9,0,True,0.0,
3HBUdn,33,54,Winner_2022,92.4,100.0,0,True,0.0,
3HBUdn,33,55,Winner_2022,92.9,100.0,0,True,0.0,
3HBUdn,33,56,Winner_2022,93.4,100.0,0,True,0.0,
3HBUdn,33,57,Winner_2022,93.9,100.0,0,True,0.0,
3HBUdn,33,58,Winner_2022,94.4,100.0,0,True,0.0,
3HBUdn,33,59,Winner_2022,94.9,100.0,0,True,0.0,
3HBUdn,33,60,Winner_2022,95.4,100.0,0,True,0.0,
3HBUdn,33,61,Winner_2022,95.9,100.0,0,True,0.0,
3HBUdn,33,62,Winner_2022,96.4,100.0,0,True,0.0,
3HBUdn,33,63,Winner_2022,96.9,100.0,0,True,0.0,
3HBUdn,33,64,Winner_2022,97.4,100.0,0,True,0.0,
3HBUdn,33,65,Winner_2022,97.9,100.0,0,True,0.0,
3HBUdn,33,66,Winner_2022,98.4,100.0,0,True,0.0,
3HBUdn,33,67,Winner_2022,98.9,100.0,0,True,0.0,
3HBUdn,33,68,Winner_2022,99.4,99.5,0,True,0.0,
3HBUdn,33,69,Winner_2022,99.4,98.6,0,True,0.0,
3HBUdn,33,70,Winner_2022,99.0,97.2,0,True,0.0,
3HBUdn,33,71,Winner_2022,98.5,95.4,0,True,0.0,
3HBUdn,33,72,Winner_2022,98.0,93.2,0,True,0.0,
3HBUdn,33,73,Winner_2022,97.5,90.5,0,True,0.0,
3HBUdn,33,74,Winner_2022,97.0,87.5,0,True,0.0,
3HBUdn,33,75,Winner_2022,96.5,84.1,0,True,0.0,
3HBUdn,33,76,Winner_2022,96.0,80.5,0,True,0.0,
3HBUdn,33,77,Winner_2022,95.5,76.8,1,True,0.0,
3HBUdn,33,78,Winner_2022,95.0,73.2,0,True,0.0,
3HBUdn,33,79,Winner_2022,94.5,69.4,0,True,0.0,
3HBUdn,33,80,Winner_2022,94.0,65.7,1,True,0.0,
3HBUdn,33,81,Winner_2022,93.5,62.1,1,True,0.0,
3HBUdn,33,82,Winner_2022,93.0,58.8,1,True,0.0,
3HBUdn,33,83,Winner_2022,92.5,55.6,2,True,0.0,
3HBUdn,33,84,Winner_2022,92.0,52.8,1,True,0.0,
3HBUdn,33,85,Winner_2022,91.5,50.1,1,True,0.0,
3HBUdn,33,86,Winner_2022,91.0,47.6,2,True,0.0,
3HBUdn,33,87,Winner_2022,90.5,45.2,0,True,0.0,
3HBUdn,33,88,Winner_2022,90.0,42.9,0,True,0.0,
3HBUdn,33,89,Winner_2022,89.5,40.6,0,True,0.0,
3HBUdn,33,90,Winner_2022,89.0,38.3,2,True,0.0,
3HBUdn,33,91,Winner_2022,88.5,36.2,1,True,0.0,
3HBUdn,33,92,Winner_2022,88.0,34.3,1,True,0.0,
3HBUdn,33,93,Winner_2022,87.5,32.5,2,True,0.0,
3HBUdn,33,94,Winner_2022,87.0,31.0,0,True,0.0,
3HBUdn,33,95,Winner_2022,86.5,29.4,0,True,0.0,
3HBUdn,33,96,Winner_2022,86.0,27.9,1,True,0.0,
3HBUdn,33,97,Winner_2022,85.5,26.5,3,True,0.0,
3HBUdn,33,98,Winner_2022,85.0,25.3,3,True,0.0,
3HBUdn,33,99,Winner_2022,84.5,24.3,2,True,0.0,
3HBUdn,33,100,Winner_2022,84.0,23.5,1,True,0.0,
3HBUdn,34,1,Winner_2022,76.6,52.0,1,True,0.0,
3HBUdn,34,2,Winner_2022,76.1,59.7,0,True,0.0,
3HBUdn,34,3,Winner_2022,75.6,57.7,0,True,0.0,
3HBUdn,34,4,Winner_2022,75.1,53.5,1,True,0.0,
3HBUdn,34,5,Winner_2022,74.6,53.1,1,True,0.0,
3HBUdn,34,6,Winner_2022,74.1,54.3,3,True,0.0,
3HBUdn,34,7,Winner_2022,73.6,65.2,3,True,0.0,
3HBUdn,34,8,Winner_2022,73.1,78.2,0,True,0.0,
3HBUdn,34,9,Winner_2022,72.6,93.9,0,True,0.0,
3HBUdn,34,10,Winner_2022,72.1,100.0,0,True,0.0,
3HBUdn,34,11,Winner_2022,72.6,100.0,0,True,0.0,
3HBUdn,34,12,Winner_2022,73.1,100.0,0,True,0.0,
3HBUdn,34,13,Winner_2022,73.6,100.0,0,True,0.0,
3HBUdn,34,14,Winner_2022,74.1,100.0,0,True,0.0,
3HBUdn,34,15,Winner_2022,74.6,100.0,0,True,0.0,
3HBUdn,34,16,Winner_2022,75.1,100.0,0,True,0.0,
3HBUdn,34,17,Winner_2022,75.6,100.0,0,True,0.0,
3HBUdn,34,18,Winner_2022,76.1,99.5,0,True,0.0,
3HBUdn,34,19,Winner_2022,76.6,98.2,0,True,0.0,
3HBUdn,34,20,Winner_2022,77.1,96.0,0,True,0.0,
3HBUdn,34,21,Winner_2022,77.6,93.2,0,True,0.0,
3HBUdn,34,22,Winner_2022,78.1,89.7,0,True,0.0,
3HBUdn,34,23,Winner_2022,78.6,85.8,0,True,0.0,
3HBUdn,34,24,Winner_2022,79.1,81.1,0,True,0.0,
3HBUdn,34,25,Winner_2022,79.6,76.3,0,True,0.0,
3HBUdn,34,26,Winner_2022,80.1,71.4,0,True,0.0,
3HBUdn,34,27,Winner_2022,80.6,66.4,0,True,0.0,
3HBUdn,34,28,Winner_2022,81.1,61.3,2,True,0.0,
3HBUdn,34,29,Winner_2022,81.6,58.0,0,True,0.0,
3HBUdn,34,30,Winner_2022,82.1,54.5,1,True,0.0,
3HBUdn,34,31,Winner_2022,82.6,51.7,1,True,0.0,
3HBUdn,34,32,Winner_2022,83.1,49.4,0,True,0.0,
3HBUdn,34,33,Winner_2022,83.6,47.0,0,True,0.0,
3HBUdn,34,34,Winner_2022,84.1,44.5,2,True,0.0,
3HBUdn,34,35,Winner_2022,84.6,42.9,0,True,0.0,
3HBUdn,34,36,Winner_2022,85.1,41.2,1,True,0.0,
3HBUdn,34,37,Winner_2022,85.6,39.8,3,True,0.0,
3HBUdn,34,38,Winner_2022,86.1,39.5,2,True,0.0,
3HBUdn,34,39,Winner_2022,86.6,39.8,1,True,0.0,
3HBUdn,34,40,Winner_2022,87.1,40.4,0,True,0.0,
3HBUdn,34,41,Winner_2022,87.6,40.7,2,True,0.0,
3HBUdn,34,42,Winner_2022,88.1,41.6,2,True,0.0,
3HBUdn,34,43,Winner_2022,88.6,43.0,4,True,0.0,
3HBUdn,34,44,Winner_2022,89.1,45.8,0,True,0.0,
3HBUdn,34,45,Winner_2022,89.6,48.5,3,True,0.0,
3HBUdn,34,46,Winner_2022,90.1,52.3,0,True,0.0,
3HBUdn,34,47,Winner_2022,90.6,56.1,2,True,0.0,
3HBUdn,34,48,Winner_2022,91.1,60.9,2,True,0.0,
3HBUdn,34,49,Winner_2022,91.6,66.8,0,True,0.0,
3HBUdn,34,50,Winner_2022,92.1,72.7,0,True,0.0,
3HBUdn,34,51,Winner_2022,92.6,78.7,0,True,0.0,
3HBUdn,34,52,Winner_2022,93.1,84.7,0,True,0.0,
3HBUdn,34,53,Winner_2022,93.6,90.5,0,True,0.0,
3HBUdn,34,54,Winner_2022,94.1,95.8,0,True,0.0,
3HBUdn,34,55,Winner_2022,93.6,100.0,0,True,0.0,
3HBUdn,34,56,Winner_2022,93.1,100.0,0,True,0.0,
3HBUdn,34,57,Winner_2022,92.6,100.0,0,True,0.0,
3HBUdn,34,58,Winner_2022,92.1,100.0,0,True,0.0,
3HBUdn,34,59,Winner_2022,91.6,100.0,0,True,0.0,
3HBUdn,34,60,Winner_2022,91.1,100.0,0,True,0.0,
3HBUdn,34,61,Winner_2022,90.6,100.0,0,True,0.0,
3HBUdn,34,62,Winner_2022,90.1,100.0,0,True,0.0,
3HBUdn,34,63,Winner_2022,89.6,100.0,0,True,0.0,
3HBUdn,34,64,Winner_2022,89.1,100.0,0,True,0.0,
3HBUdn,34,65,Winner_2022,88.6,99.7,0,True,0.0,
3HBUdn,34,66,Winner_2022,88.1,99.0,0,True,0.0,
3HBUdn,34,67,Winner_2022,87.6,97.6,0,True,0.0,
3HBUdn,34,68,Winner_2022,87.1,95.7,0,True,0.0,
3HBUdn,34,69,Winner_2022,86.6,93.4,0,True,0.0,
3HBUdn,34,70,Winner_2022,86.1,90.8,0,True,0.0,
3HBUdn,34,71,Winner_2022,85.6,87.9,0,True,0.0,
3HBUdn,34,72,Winner_2022,85.1,84.7,0,True,0.0,
3HBUdn,34,73,Winner_2022,84.9,81.2,0,True,0.0,
3HBUdn,34,74,Winner_2022,84.4,77.5,2,True,0.0,
3HBUdn,34,75,Winner_2022,83.9,74.2,4,True,0.0,
3HBUdn,34,76,Winner_2022,83.4,71.9,0,True,0.0,
3HBUdn,34,77,Winner_2022,82.9,69.4,4,True,0.0,
3HBUdn,34,78,Winner_2022,82.4,67.6,0,True,0.0,
3HBUdn,34,79,Winner_2022,81.9,65.7,1,True,0.0,
3HBUdn,34,80,Winner_2022,81.4,63.7,2,True,0.0,
3HBUdn,34,81,Winner_2022,80.9,62.1,1,True,0.0,
3HBUdn,34,82,Winner_2022,80.4,60.4,0,True,0.0,
3HBUdn,34,83,Winner_2022,79.9,58.6,3,True,0.0,
3HBUdn,34,84,Winner_2022,79.4,57.1,2,True,0.0,
3HBUdn,34,85,Winner_2022,78.9,55.8,1,True,0.0,
3HBUdn,34,86,Winner_2022,78.4,54.5,1,True,0.0,
3HBUdn,34,87,Winner_2022,77.9,53.2,1,True,0.0,
3HBUdn,34,88,Winner_2022,77.4,51.9,2,True,0.0,
3HBUdn,34,89,Winner_2022,76.9,50.8,1,True,0.0,
3HBUdn,34,90,Winner_2022,76.4,49.6,1,True,0.0,
3HBUdn,34,91,Winner_2022,75.9,48.5,4,True,0.0,
3HBUdn,34,92,Winner_2022,75.4,47.8,2,True,0.0,
3HBUdn,34,93,Winner_2022,74.9,47.3,2,True,0.0,
3HBUdn,34,94,Winner_2022,74.4,47.0,0,True,0.0,
3HBUdn,34,95,Winner_2022,73.9,46.5,2,True,0.0,
3HBUdn,34,96,Winner_2022,73.4,46.2,1,True,0.0,
3HBUdn,34,97,Winner_2022,72.9,45.9,2,True,0.0,
3HBUdn,34,98,Winner_2022,72.4,45.7,2,True,0.0,
3HBUdn,34,99,Winner_2022,71.9,45.7,2,True,0.0,
3HBUdn,34,100,Winner_2022,71.4,45.9,0,True,0.0,
3HBUdn,35,1,Winner_2022,83.9,75.0,0,True,0.0,
3HBUdn,35,2,Winner_2022,83.4,60.0,0,True,0.0,
3HBUdn,35,3,Winner_2022,82.9,48.0,2,True,0.0,
3HBUdn,35,4,Winner_2022,82.4,50.6,0,True,0.0,
3HBUdn,35,5,Winner_2022,81.9,50.2,1,True,0.0,
3HBUdn,35,6,Winner_2022,81.4,51.4,1,True,0.0,
3HBUdn,35,7,Winner_2022,80.9,54.8,0,True,0.0,
3HBUdn,35,8,Winner_2022,80.4,56.3,2,True,0.0,
3HBUdn,35,9,Winner_2022,79.9,61.7,2,True,0.0,
3HBUdn,35,10,Winner_2022,79.4,71.1,4,True,0.0,
3HBUdn,35,11,Winner_2022,79.9,85.4,0,True,0.0,
3HBUdn,35,12,Winner_2022,80.4,100.0,0,True,0.0,
3HBUdn,35,13,Winner_2022,80.9,100.0,0,True,0.0,
3HBUdn,35,14,Winner_2022,81.4,100.0,0,True,0.0,
3HBUdn,35,15,Winner_2022,81.9,100.0,0,True,0.0,
3HBUdn,35,16,Winner_2022,82.4,100.0,0,True,0.0,
3HBUdn,35,17,Winner_2022,82.9,100.0,0,True,0.0,
3HBUdn,35,18,Winner_2022,83.4,100.0,0,True,0.0,
3HBUdn,35,19,Winner_2022,83.9,100.0,0,True,0.0,
3HBUdn,35,20,Winner_2022,84.4,100.0,0,True,0.0,
3HBUdn,35,21,Winner_2022,84.9,100.0,0,True,0.0,
3HBUdn,35,22,Winner_2022,85.4,100.0,0,True,0.0,
3HBUdn,35,23,Winner_2022,85.9,100.0,0,True,0.0,
3HBUdn,35,24,Winner_2022,86.4,99.4,0,True,0.0,
3HBUdn,35,25,Winner_2022,86.9,98.1,0,True,0.0,
3HBUdn,35,26,Winner_2022,87.4,96.2,0,True,0.0,
3HBUdn,35,27,Winner_2022,87.9,93.7,0,True,0.0,
3HBUdn,35,28,Winner_2022,88.4,90.5,0,True,0.0,
3HBUdn,35,29,Winner_2022,88.9,86.8,0,True,0.0,
3HBUdn,35,30,Winner_2022,89.4,82.7,0,True,0.0,
3HBUdn,35,31,Winner_2022,89.9,78.3,0,True,0.0,
3HBUdn,35,32,Winner_2022,90.4,73.9,0,True,0.0,
3HBUdn,35,33,Winner_2022,90.9,69.5,3,True,0.0,
3HBUdn,35,34,Winner_2022,91.4,67.4,3,True,0.0,
3HBUdn,35,35,Winner_2022,91.9,67.2,0,True,0.0,
3HBUdn,35,36,Winner_2022,92.4,66.7,1,True,0.0,
3HBUdn,35,37,Winner_2022,92.9,66.5,0,True,0.0,
3HBUdn,35,38,Winner_2022,93.4,66.0,1,True,0.0,
3HBUdn,35,39,Winner_2022,93.9,65.8,0,True,0.0,
3HBUdn,35,40,Winner_2022,94.4,65.5,1,True,0.0,
3HBUdn,35,41,Winner_2022,94.9,65.4,3,True,0.0,
3HBUdn,35,42,Winner_2022,95.4,66.8,3,True,0.0,
3HBUdn,35,43,Winner_2022,95.9,69.7,0,True,0.0,
3HBUdn,35,44,Winner_2022,96.4,72.4,0,True,0.0,
3HBUdn,35,45,Winner_2022,96.9,74.8,0,True,0.0,
3HBUdn,35,46,Winner_2022,97.4,76.9,1,True,0.0,
3HBUdn,35,47,Winner_2022,96.9,79.3,1,True,0.0,
3HBUdn,35,48,Winner_2022,96.4,82.2,0,True,0.0,
3HBUdn,35,49,Winner_2022,95.9,84.9,0,True,0.0,
3HBUdn,35,50,Winner_2022,95.4,87.1,0,True,0.0,
3HBUdn,35,51,Winner_2022,94.9,88.9,0,True,0.0,
3HBUdn,35,52,Winner_2022,94.4,90.4,0,True,0.0,
3HBUdn,35,53,Winner_2022,93.9,91.3,0,True,0.0,
3HBUdn,35,54,Winner_2022,93.4,91.6,0,True,0.0,
3HBUdn,35,55,Winner_2022,92.9,91.4,0,True,0.0,
3HBUdn,35,56,Winner_2022,92.4,90.7,0,True,0.0,
3HBUdn,35,57,Winner_2022,91.9,89.8,0,True,0.0,
3HBUdn,35,58,Winner_2022,91.4,88.5,0,True,0.0,
3HBUdn,35,59,Winner_2022,90.9,86.9,0,True,0.0,
3HBUdn,35,60,Winner_2022,90.4,85.0,0,True,0.0,
3HBUdn,35,61,Winner_2022,89.9,82.7,0,True,0.0,
3HBUdn,35,62,Winner_2022,89.4,80.1,0,True,0.0,
3HBUdn,35,63,Winner_2022,88.9,77.3,0,True,0.0,
3HBUdn,35,64,Winner_2022,88.4,74.2,2,True,0.0,
3HBUdn,35,65,Winner_2022,87.9,71.6,0,True,0.0,
3HBUdn,35,66,Winner_2022,87.4,68.9,1,True,0.0,
3HBUdn,35,67,Winner_2022,86.9,66.2,2,True,0.0,
3HBUdn,35,68,Winner_2022,86.4,63.9,2,True,0.0,
3HBUdn,35,69,Winner_2022,85.9,62.1,1,True,0.0,
3HBUdn,35,70,Winner_2022,85.4,60.4,0,True,0.0,
3HBUdn,35,71,Winner_2022,84.9,58.4,2,True,0.0,
3HBUdn,35,72,Winner_2022,84.4,56.8,2,True,0.0,
3HBUdn,35,73,Winner_2022,83.9,55.4,3,True,0.0,
3HBUdn,35,74,Winner_2022,83.4,54.5,1,True,0.0,
3HBUdn,35,75,Winner_2022,82.9,53.5,1,True,0.0,
3HBUdn,35,76,Winner_2022,82.4,52.5,2,True,0.0,
3HBUdn,35,77,Winner_2022,81.9,51.6,1,True,0.0,
3HBUdn,35,78,Winner_2022,81.4,50.7,3,True,0.0,
3HBUdn,35,79,Winner_2022,80.9,50.2,0,True,0.0,
3HBUdn,35,80,Winner_2022,80.4,49.4,0,True,0.0,
3HBUdn,35,81,Winner_2022,79.9,48.5,0,True,0.0,
3HBUdn,35,82,Winner_2022,79.4,47.4,1,True,0.0,
3HBUdn,35,83,Winner_2022,78.9,46.2,0,True,0.0,
3HBUdn,35,84,Winner_2022,78.4,44.9,0,True,0.0,
3HBUdn,35,85,Winner_2022,77.9,43.5,1,True,0.0,
3HBUdn,35,86,Winner_2022,77.4,42.1,1,True,0.0,
3HBUdn,35,87,Winner_2022,76.9,40.7,2,True,0.0,
3HBUdn,35,88,Winner_2022,76.4,39.4,2,True,0.0,
3HBUdn,35,89,Winner_2022,75.9,38.3,2,True,0.0,
3HBUdn,35,90,Winner_2022,75.4,37.4,1,True,0.0,
3HBUdn,35,91,Winner_2022,74.9,36.4,1,True,0.0,
3HBUdn,35,92,Winner_2022,74.4,35.5,2,True,0.0,
3HBUdn,35,93,Winner_2022,73.9,34.7,1,True,0.0,
3HBUdn,35,94,Winner_2022,73.4,34.0,4,True,0.0,
3HBUdn,35,95,Winner_2022,72.9,33.6,2,True,0.0,
3HBUdn,35,96,Winner_2022,72.4,33.3,0,True,0.0,
3HBUdn,35,97,Winner_2022,71.9,32.9,2,True,0.0,
3HBUdn,35,98,Winner_2022,71.4,32.6,1,True,0.0,
3HBUdn,35,99,Winner_2022,70.9,32.3,0,True,0.0,
3HBUdn,35,100,Winner_2022,70.4,32.0,1,True,0.0,
3HBUdn,36,1,Winner_2022,83.6,75.0,0,True,0.0,
3HBUdn,36,2,Winner_2022,83.1,60.0,0,True,0.0,
3HBUdn,36,3,Winner_2022,82.6,48.0,2,True,0.0,
3HBUdn,36,4,Winner_2022,82.1,50.6,1,True,0.0,
3HBUdn,36,5,Winner_2022,81.6,55.1,0,True,0.0,
3HBUdn,36,6,Winner_2022,81.1,56.3,1,True,0.0,
3HBUdn,36,7,Winner_2022,80.6,60.2,1,True,0.0,
3HBUdn,36,8,Winner_2022,80.1,65.2,2,True,0.0,
3HBUdn,36,9,Winner_2022,79.6,74.6,0,True,0.0,
3HBUdn,36,10,Winner_2022,80.1,82.7,0,True,0.0,
3HBUdn,36,11,Winner_2022,80.6,89.7,0,True,0.0,
3HBUdn,36,12,Winner_2022,81.1,95.2,0,True,0.0,
3HBUdn,36,13,Winner_2022,81.6,98.0,0,True,0.0,
3HBUdn,36,14,Winner_2022,82.1,98.8,0,True,0.0,
3HBUdn,36,15,Winner_2022,82.6,97.6,0,True,0.0,
3HBUdn,36,16,Winner_2022,83.1,94.9,0,True,0.0,
3HBUdn,36,17,Winner_2022,83.6,91.1,0,True,0.0,
3HBUdn,36,18,Winner_2022,83.1,86.7,0,True,0.0,
3HBUdn,36,19,Winner_2022,82.6,81.9,0,True,0.0,
3HBUdn,36,20,Winner_2022,82.3,76.9,0,True,0.0,
3HBUdn,36,21,Winner_2022,81.8,71.7,0,True,0.0,
3HBUdn,36,22,Winner_2022,81.3,66.4,0,True,0.001,
3HBUdn,36,23,Winner_2022,80.8,61.2,2,True,0.0,
3HBUdn,36,24,Winner_2022,80.3,57.9,0,True,0.0,
3HBUdn,36,25,Winner_2022,79.8,54.4,3,True,0.0,
3HBUdn,36,26,Winner_2022,79.3,53.4,0,True,0.0,
3HBUdn,36,27,Winner_2022,78.8,52.0,0,True,0.0,
3HBUdn,36,28,Winner_2022,78.3,50.2,1,True,0.0,
3HBUdn,36,29,Winner_2022,77.8,48.8,2,True,0.0,
3HBUdn,36,30,Winner_2022,77.3,48.3,0,True,0.0,
3HBUdn,36,31,Winner_2022,76.8,47.6,0,True,0.0,
3HBUdn,36,32,Winner_2022,76.3,46.6,0,True,0.0,
3HBUdn,36,33,Winner_2022,75.8,45.5,1,True,0.0,
3HBUdn,36,34,Winner_2022,75.3,44.6,0,True,0.0,
3HBUdn,36,35,Winner_2022,74.8,43.5,3,True,0.0,
3HBUdn,36,36,Winner_2022,74.3,43.6,1,True,0.0,
3HBUdn,36,37,Winner_2022,73.8,44.0,1,True,0.0,
3HBUdn,36,38,Winner_2022,73.3,44.5,0,True,0.0,
3HBUdn,36,39,Winner_2022,72.8,44.9,3,True,0.0,
3HBUdn,36,40,Winner_2022,72.3,46.3,2,True,0.0,
3HBUdn,36,41,Winner_2022,71.8,48.5,0,True,0.0,
3HBUdn,36,42,Winner_2022,71.3,50.4,1,True,0.0,
3HBUdn,36,43,Winner_2022,70.8,52.6,2,True,0.0,
3HBUdn,36,44,Winner_2022,70.3,55.6,1,True,0.0,
3HBUdn,36,45,Winner_2022,69.8,58.8,1,True,0.0,
3HBUdn,36,46,Winner_2022,69.3,62.5,1,True,0.0,
3HBUdn,36,47,Winner_2022,68.8,66.5,0,True,0.0,
3HBUdn,36,48,Winner_2022,68.3,70.6,1,True,0.0,
3HBUdn,36,49,Winner_2022,67.8,75.2,0,True,0.0,
3HBUdn,36,50,Winner_2022,67.3,79.4,0,True,0.0,
3HBUdn,36,51,Winner_2022,66.8,83.6,0,True,0.0,
3HBUdn,36,52,Winner_2022,66.3,87.4,0,True,0.0,
3HBUdn,36,53,Winner_2022,65.8,90.8,0,True,0.0,
3HBUdn,36,54,Winner_2022,65.3,93.7,0,True,0.0,
3HBUdn,36,55,Winner_2022,64.8,96.0,0,True,0.0,
3HBUdn,36,56,Winner_2022,65.3,97.9,0,True,0.0,
3HBUdn,36,57,Winner_2022,64.8,99.4,0,True,0.0,
3HBUdn,36,58,Winner_2022,65.3,100.0,0,True,0.0,
3HBUdn,36,59,Winner_2022,65.8,100.0,0,True,0.0,
3HBUdn,36,60,Winner_2022,66.3,100.0,0,True,0.0,
3HBUdn,36,61,Winner_2022,66.8,99.7,0,True,0.0,
3HBUdn,36,62,Winner_2022,67.3,98.9,0,True,0.0,
3HBUdn,36,63,Winner_2022,67.8,97.7,0,True,0.0,
3HBUdn,36,64,Winner_2022,68.3,95.9,0,True,0.0,
3HBUdn,36,65,Winner_2022,68.8,93.6,0,True,0.0,
3HBUdn,36,66,Winner_2022,69.3,91.0,0,True,0.0,
3HBUdn,36,67,Winner_2022,69.8,87.9,0,True,0.0,
3HBUdn,36,68,Winner_2022,70.3,84.5,0,True,0.0,
3HBUdn,36,69,Winner_2022,70.8,80.9,0,True,0.0,
3HBUdn,36,70,Winner_2022,71.3,77.1,0,True,0.0,
3HBUdn,36,71,Winner_2022,71.8,73.2,2,True,0.0,
3HBUdn,36,72,Winner_2022,72.3,69.9,1,True,0.0,
3HBUdn,36,73,Winner_2022,72.8,66.7,1,True,0.0,
3HBUdn,36,74,Winner_2022,73.3,63.7,0,True,0.0,
3HBUdn,36,75,Winner_2022,73.8,60.4,0,True,0.0,
3HBUdn,36,76,Winner_2022,74.3,57.1,1,True,0.0,
3HBUdn,36,77,Winner_2022,74.8,54.0,1,True,0.0,
3HBUdn,36,78,Winner_2022,74.3,51.1,0,True,0.0,
3HBUdn,36,79,Winner_2022,73.8,48.1,1,True,0.0,
3HBUdn,36,80,Winner_2022,73.3,45.3,0,True,0.0,
3HBUdn,36,81,Winner_2022,72.8,42.6,3,True,0.0,
3HBUdn,36,82,Winner_2022,72.3,40.3,1,True,0.0,
3HBUdn,36,83,Winner_2022,71.8,38.1,1,True,0.0,
3HBUdn,36,84,Winner_2022,71.3,36.1,1,True,0.0,
3HBUdn,36,85,Winner_2022,70.8,34.1,0,True,0.0,
3HBUdn,36,86,Winner_2022,70.3,32.1,1,True,0.0,
3HBUdn,36,87,Winner_2022,69.8,30.3,0,True,0.0,
3HBUdn,36,88,Winner_2022,69.3,28.5,1,True,0.0,
3HBUdn,36,89,Winner_2022,68.8,26.8,2,True,0.0,
3HBUdn,36,90,Winner_2022,68.3,25.2,0,True,0.0,
3HBUdn,36,91,Winner_2022,67.8,23.7,2,True,0.0,
3HBUdn,36,92,Winner_2022,67.3,22.4,2,True,0.0,
3HBUdn,36,93,Winner_2022,66.8,21.3,2,True,0.0,
3HBUdn,36,94,Winner_2022,66.3,20.2,1,True,0.0,
3HBUdn,36,95,Winner_2022,65.8,19.3,2,True,0.0,
3HBUdn,36,96,Winner_2022,65.3,18.4,1,True,0.0,
3HBUdn,36,97,Winner_2022,64.8,17.6,1,True,0.0,
3HBUdn,36,98,Winner_2022,64.3,16.9,2,True,0.0,
3HBUdn,36,99,Winner_2022,63.8,16.2,0,True,0.0,
3HBUdn,36,100,Winner_2022,63.3,15.6,2,True,0.0,
3HBUdn,37,1,Winner_2022,79.2,51.0,0,True,0.0,
3HBUdn,37,2,Winner_2022,78.7,40.8,1,True,0.0,
3HBUdn,37,3,Winner_2022,78.2,39.4,1,True,0.0,
3HBUdn,37,4,Winner_2022,77.7,41.6,0,True,0.0,
3HBUdn,37,5,Winner_2022,77.2,41.3,0,True,0.0,
3HBUdn,37,6,Winner_2022,76.7,39.1,0,True,0.0,
3HBUdn,37,7,Winner_2022,76.2,36.5,1,True,0.0,
3HBUdn,37,8,Winner_2022,75.7,35.5,0,True,0.0,
3HBUdn,37,9,Winner_2022,75.2,33.6,0,True,0.0,
3HBUdn,37,10,Winner_2022,74.7,31.3,2,True,0.0,
3HBUdn,37,11,Winner_2022,74.2,31.4,1,True,0.0,
3HBUdn,37,12,Winner_2022,73.7,32.2,1,True,0.0,
3HBUdn,37,13,Winner_2022,73.2,33.1,0,True,0.0,
3HBUdn,37,14,Winner_2022,72.7,33.4,0,True,0.0,
3HBUdn,37,15,Winner_2022,72.2,33.0,0,True,0.0,
3HBUdn,37,16,Winner_2022,71.7,32.1,2,True,0.0,
3HBUdn,37,17,Winner_2022,71.2,32.2,1,True,0.0,
3HBUdn,37,18,Winner_2022,70.7,32.8,1,True,0.0,
3HBUdn,37,19,Winner_2022,70.2,33.7,2,True,0.0,
3HBUdn,37,20,Winner_2022,69.7,35.6,0,True,0.0,
3HBUdn,37,21,Winner_2022,69.2,37.3,1,True,0.0,
3HBUdn,37,22,Winner_2022,68.7,39.3,1,True,0.0,
3HBUdn,37,23,Winner_2022,68.2,41.6,1,True,0.0,
3HBUdn,37,24,Winner_2022,67.7,44.1,1,True,0.0,
3HBUdn,37,25,Winner_2022,67.2,46.9,2,True,0.0,
3HBUdn,37,26,Winner_2022,66.7,51.0,0,True,0.0,
3HBUdn,37,27,Winner_2022,66.2,54.8,0,True,0.0,
3HBUdn,37,28,Winner_2022,65.7,58.2,1,True,0.0,
3HBUdn,37,29,Winner_2022,65.2,62.0,1,True,0.0,
3HBUdn,37,30,Winner_2022,64.7,66.2,1,True,0.0,
3HBUdn,37,31,Winner_2022,64.2,70.8,0,True,0.0,
3HBUdn,37,32,Winner_2022,64.7,75.4,0,True,0.0,
3HBUdn,37,33,Winner_2022,65.2,79.6,0,True,0.0,
3HBUdn,37,34,Winner_2022,64.7,83.5,0,True,0.0,
3HBUdn,37,35,Winner_2022,65.2,86.9,0,True,0.0,
3HBUdn,37,36,Winner_2022,65.7,89.9,0,True,0.0,
3HBUdn,37,37,Winner_2022,66.2,92.5,0,True,0.0,
3HBUdn,37,38,Winner_2022,66.7,94.6,0,True,0.0,
3HBUdn,37,39,Winner_2022,67.2,96.3,0,True,0.0,
3HBUdn,37,40,Winner_2022,67.7,97.6,0,True,0.0,
3HBUdn,37,41,Winner_2022,68.2,98.4,0,True,0.0,
3HBUdn,37,42,Winner_2022,68.7,98.7,0,True,0.0,
3HBUdn,37,43,Winner_2022,69.2,98.6,0,True,0.0,
3HBUdn,37,44,Winner_2022,69.7,98.0,0,True,0.0,
3HBUdn,37,45,Winner_2022,70.2,97.0,0,True,0.0,
3HBUdn,37,46,Winner_2022,70.7,95.6,0,True,0.0,
3HBUdn,37,47,Winner_2022,71.2,93.9,0,True,0.0,
3HBUdn,37,48,Winner_2022,71.7,92.0,0,True,0.0,
3HBUdn,37,49,Winner_2022,72.2,89.8,0,True,0.0,
3HBUdn,37,50,Winner_2022,72.7,87.2,0,True,0.0,
3HBUdn,37,51,Winner_2022,73.2,84.4,0,True,0.0,
3HBUdn,37,52,Winner_2022,73.7,81.4,0,True,0.0,
3HBUdn,37,53,Winner_2022,74.2,78.1,1,True,0.0,
3HBUdn,37,54,Winner_2022,74.7,75.1,1,True,0.0,
3HBUdn,37,55,Winner_2022,74.9,72.3,1,True,0.0,
3HBUdn,37,56,Winner_2022,75.4,69.9,0,True,0.0,
3HBUdn,37,57,Winner_2022,75.9,67.3,1,True,0.0,
3HBUdn,37,58,Winner_2022,76.4,65.1,1,True,0.0,
3HBUdn,37,59,Winner_2022,76.9,63.1,1,True,0.0,
3HBUdn,37,60,Winner_2022,77.4,61.3,2,True,0.0,
3HBUdn,37,61,Winner_2022,77.9,60.0,3,True,0.0,
3HBUdn,37,62,Winner_2022,78.4,59.6,3,True,0.0,
3HBUdn,37,63,Winner_2022,78.9,59.8,1,True,0.0,
3HBUdn,37,64,Winner_2022,79.4,60.1,2,True,0.0,
3HBUdn,37,65,Winner_2022,79.9,60.6,1,True,0.0,
3HBUdn,37,66,Winner_2022,80.4,61.0,1,True,0.0,
3HBUdn,37,67,Winner_2022,80.9,61.4,0,True,0.0,
3HBUdn,37,68,Winner_2022,81.4,61.4,3,True,0.0,
3HBUdn,37,69,Winner_2022,81.9,62.0,0,True,0.0,
3HBUdn,37,70,Winner_2022,82.4,62.3,1,True,0.0,
3HBUdn,37,71,Winner_2022,82.9,62.6,1,True,0.0,
3HBUdn,37,72,Winner_2022,83.4,62.8,0,True,0.0,
3HBUdn,37,73,Winner_2022,83.9,62.6,2,True,0.0,
3HBUdn,37,74,Winner_2022,84.4,62.6,4,True,0.0,
3HBUdn,37,75,Winner_2022,83.9,63.2,2,True,0.0,
3HBUdn,37,76,Winner_2022,83.4,64.0,0,True,0.0,
3HBUdn,37,77,Winner_2022,82.9,64.4,0,True,0.0,
3HBUdn,37,78,Winner_2022,82.4,64.5,0,True,0.0,
3HBUdn,37,79,Winner_2022,81.9,64.3,3,True,0.0,
3HBUdn,37,80,Winner_2022,81.4,64.5,1,True,0.0,
3HBUdn,37,81,Winner_2022,80.9,64.6,2,True,0.0,
3HBUdn,37,82,Winner_2022,80.4,64.8,0,True,0.0,
3HBUdn,37,83,Winner_2022,79.9,64.8,3,True,0.0,
3HBUdn,37,84,Winner_2022,79.4,65.1,0,True,0.0,
3HBUdn,37,85,Winner_2022,78.9,65.1,1,True,0.0,
3HBUdn,37,86,Winner_2022,78.4,65.0,1,True,0.0,
3HBUdn,37,87,Winner_2022,77.9,64.8,2,True,0.0,
3HBUdn,37,88,Winner_2022,77.4,64.7,1,True,0.0,
3HBUdn,37,89,Winner_2022,76.9,64.6,2,True,0.0,
3HBUdn,37,90,Winner_2022,76.4,64.6,4,True,0.0,
3HBUdn,37,91,Winner_2022,75.9,65.2,2,True,0.0,
3HBUdn,37,92,Winner_2022,75.4,65.9,1,True,0.0,
3HBUdn,37,93,Winner_2022,74.9,66.6,1,True,0.0,
3HBUdn,37,94,Winner_2022,74.4,67.4,1,True,0.0,
3HBUdn,37,95,Winner_2022,73.9,68.2,1,True,0.0,
3HBUdn,37,96,Winner_2022,73.4,69.0,0,True,0.0,
3HBUdn,37,97,Winner_2022,72.9,69.6,0,True,0.0,
3HBUdn,37,98,Winner_2022,72.4,70.1,0,True,0.0,
3HBUdn,37,99,Winner_2022,71.9,70.4,0,True,0.0,
3HBUdn,37,100,Winner_2022,71.4,70.7,0,True,0.0,
3HBUdn,38,1,Winner_2022,73.7,40.0,1,True,0.0,
3HBUdn,38,2,Winner_2022,73.2,46.0,0,True,0.0,
3HBUdn,38,3,Winner_2022,72.7,44.4,0,True,0.0,
3HBUdn,38,4,Winner_2022,72.2,41.2,2,True,0.0,
3HBUdn,38,5,Winner_2022,71.7,44.8,1,True,0.0,
3HBUdn,38,6,Winner_2022,71.2,49.2,0,True,0.0,
3HBUdn,38,7,Winner_2022,70.7,52.5,0,True,0.0,
3HBUdn,38,8,Winner_2022,70.2,53.9,0,True,0.0,
3HBUdn,38,9,Winner_2022,69.7,53.8,2,True,0.0,
3HBUdn,38,10,Winner_2022,69.2,57.2,0,True,0.0,
3HBUdn,38,11,Winner_2022,68.7,59.8,2,True,0.0,
3HBUdn,38,12,Winner_2022,68.2,65.6,0,True,0.0,
3HBUdn,38,13,Winner_2022,68.7,69.7,0,True,0.0,
3HBUdn,38,14,Winner_2022,69.2,72.3,0,True,0.0,
3HBUdn,38,15,Winner_2022,69.7,73.4,0,True,0.0,
3HBUdn,38,16,Winner_2022,70.2,73.2,0,True,0.0,
3HBUdn,38,17,Winner_2022,70.7,71.9,0,True,0.0,
3HBUdn,38,18,Winner_2022,71.2,70.0,0,True,0.0,
3HBUdn,38,19,Winner_2022,71.7,67.6,0,True,0.0,
3HBUdn,38,20,Winner_2022,72.2,64.8,0,True,0.0,
3HBUdn,38,21,Winner_2022,72.7,61.7,0,True,0.0,
3HBUdn,38,22,Winner_2022,73.2,58.2,0,True,0.0,
3HBUdn,38,23,Winner_2022,73.7,54.7,1,True,0.0,
3HBUdn,38,24,Winner_2022,74.2,51.7,1,True,0.0,
3HBUdn,38,25,Winner_2022,74.7,49.4,1,True,0.0,
3HBUdn,38,26,Winner_2022,75.2,47.7,0,True,0.0,
3HBUdn,38,27,Winner_2022,75.7,45.8,2,True,0.0,
3HBUdn,38,28,Winner_2022,76.2,44.8,2,True,0.0,
3HBUdn,38,29,Winner_2022,76.7,44.8,0,True,0.0,
3HBUdn,38,30,Winner_2022,77.2,44.4,2,True,0.0,
3HBUdn,38,31,Winner_2022,77.7,44.7,0,True,0.0,
3HBUdn,38,32,Winner_2022,78.2,44.9,1,True,0.0,
3HBUdn,38,33,Winner_2022,78.7,45.4,2,True,0.0,
3HBUdn,38,34,Winner_2022,79.2,46.6,2,True,0.0,
3HBUdn,38,35,Winner_2022,79.7,48.5,1,True,0.0,
3HBUdn,38,36,Winner_2022,80.2,50.7,2,True,0.0,
3HBUdn,38,37,Winner_2022,80.7,53.7,0,True,0.0,
3HBUdn,38,38,Winner_2022,81.2,56.6,1,True,0.0,
3HBUdn,38,39,Winner_2022,80.7,59.8,0,True,0.0,
3HBUdn,38,40,Winner_2022,80.2,62.9,1,True,0.0,
3HBUdn,38,41,Winner_2022,79.7,66.4,1,True,0.0,
3HBUdn,38,42,Winner_2022,79.2,70.3,0,True,0.0,
3HBUdn,38,43,Winner_2022,78.7,74.0,1,True,0.0,
3HBUdn,38,44,Winner_2022,78.2,78.2,0,True,0.0,
3HBUdn,38,45,Winner_2022,78.2,82.1,0,True,0.0,
3HBUdn,38,46,Winner_2022,78.7,85.8,0,True,0.0,
3HBUdn,38,47,Winner_2022,79.2,89.2,0,True,0.0,
3HBUdn,38,48,Winner_2022,79.7,92.5,0,True,0.0,
3HBUdn,38,49,Winner_2022,80.2,95.5,0,True,0.0,
3HBUdn,38,50,Winner_2022,80.7,98.0,0,True,0.0,
3HBUdn,38,51,Winner_2022,81.2,100.0,0,True,0.0,
3HBUdn,38,52,Winner_2022,81.7,100.0,0,True,0.0,
3HBUdn,38,53,Winner_2022,82.2,100.0,0,True,0.0,
3HBUdn,38,54,Winner_2022,82.7,100.0,0,True,0.0,
3HBUdn,38,55,Winner_2022,82.2,99.8,0,True,0.0,
3HBUdn,38,56,Winner_2022,82.7,99.1,0,True,0.0,
3HBUdn,38,57,Winner_2022,82.2,98.0,0,True,0.0,
3HBUdn,38,58,Winner_2022,81.7,96.7,0,True,0.0,
3HBUdn,38,59,Winner_2022,81.2,94.9,0,True,0.0,
3HBUdn,38,60,Winner_2022,80.7,92.8,0,True,0.0,
3HBUdn,38,61,Winner_2022,80.2,90.3,0,True,0.0,
3HBUdn,38,62,Winner_2022,79.7,87.5,0,True,0.0,
3HBUdn,38,63,Winner_2022,79.2,84.4,0,True,0.0,
3HBUdn,38,64,Winner_2022,78.7,81.0,0,True,0.0,
3HBUdn,38,65,Winner_2022,78.2,77.4,1,True,0.0,
3HBUdn,38,66,Winner_2022,77.8,73.9,0,True,0.0,
3HBUdn,38,67,Winner_2022,77.3,70.3,1,True,0.0,
3HBUdn,38,68,Winner_2022,76.8,66.9,0,True,0.0,
3HBUdn,38,69,Winner_2022,76.3,63.4,1,True,0.0,
3HBUdn,38,70,Winner_2022,75.8,60.2,0,True,0.0,
3HBUdn,38,71,Winner_2022,75.3,56.8,0,True,0.0,
3HBUdn,38,72,Winner_2022,74.8,53.5,0,True,0.0,
3HBUdn,38,73,Winner_2022,74.3,50.2,1,True,0.0,
3HBUdn,38,74,Winner_2022,73.8,47.0,2,True,0.0,
3HBUdn,38,75,Winner_2022,73.3,44.3,0,True,0.0,
3HBUdn,38,76,Winner_2022,72.8,41.5,0,True,0.0,
3HBUdn,38,77,Winner_2022,72.3,38.8,2,True,0.0,
3HBUdn,38,78,Winner_2022,71.8,36.4,1,True,0.0,
3HBUdn,38,79,Winner_2022,71.3,34.1,0,True,0.0,
3HBUdn,38,80,Winner_2022,70.8,31.9,0,True,0.0,
3HBUdn,38,81,Winner_2022,70.3,29.7,2,True,0.0,
3HBUdn,38,82,Winner_2022,69.8,27.8,0,True,0.0,
3HBUdn,38,83,Winner_2022,69.3,26.0,2,True,0.0,
3HBUdn,38,84,Winner_2022,68.8,24.3,0,True,0.0,
3HBUdn,38,85,Winner_2022,68.3,22.7,1,True,0.0,
3HBUdn,38,86,Winner_2022,67.8,21.2,1,True,0.0,
3HBUdn,38,87,Winner_2022,67.3,19.8,1,True,0.0,
3HBUdn,38,88,Winner_2022,66.8,18.5,2,True,0.0,
3HBUdn,38,89,Winner_2022,66.3,17.3,1,True,0.0,
3HBUdn,38,90,Winner_2022,65.8,16.2,0,True,0.0,
3HBUdn,38,91,Winner_2022,65.3,15.2,2,True,0.0,
3HBUdn,38,92,Winner_2022,64.8,14.2,0,True,0.0,
3HBUdn,38,93,Winner_2022,64.3,13.3,0,True,0.0,
3HBUdn,38,94,Winner_2022,63.8,12.5,2,True,0.0,
3HBUdn,38,95,Winner_2022,63.3,11.7,0,True,0.0,
3HBUdn,38,96,Winner_2022,62.8,11.0,1,True,0.0,
3HBUdn,38,97,Winner_2022,62.3,10.3,2,True,0.0,
3HBUdn,38,98,Winner_2022,61.8,9.7,3,True,0.0,
3HBUdn,38,99,Winner_2022,61.3,9.2,1,True,0.0,
3HBUdn,38,100,Winner_2022,60.8,8.8,1,True,0.0,
3HBUdn,39,1,Winner_2022,74.1,34.0,0,True,0.0,
3HBUdn,39,2,Winner_2022,73.6,27.2,1,True,0.0,
3HBUdn,39,3,Winner_2022,73.1,26.3,0,True,0.0,
3HBUdn,39,4,Winner_2022,72.6,24.4,0,True,0.0,
3HBUdn,39,5,Winner_2022,72.1,21.8,0,True,0.0,
3HBUdn,39,6,Winner_2022,71.6,19.1,0,True,0.0,
3HBUdn,39,7,Winner_2022,71.1,16.6,0,True,0.0,
3HBUdn,39,8,Winner_2022,70.6,14.2,1,True,0.0,
3HBUdn,39,9,Winner_2022,70.1,12.7,2,True,0.0,
3HBUdn,39,10,Winner_2022,69.6,12.4,1,True,0.0,
3HBUdn,39,11,Winner_2022,69.1,12.5,2,True,0.0,
3HBUdn,39,12,Winner_2022,68.6,13.2,0,True,0.0,
3HBUdn,39,13,Winner_2022,68.1,13.6,2,True,0.0,
3HBUdn,39,14,Winner_2022,67.6,14.6,0,True,0.0,
3HBUdn,39,15,Winner_2022,67.1,15.2,2,True,0.0,
3HBUdn,39,16,Winner_2022,66.6,16.2,2,True,0.0,
3HBUdn,39,17,Winner_2022,66.1,17.8,1,True,0.0,
3HBUdn,39,18,Winner_2022,65.6,19.6,1,True,0.0,
3HBUdn,39,19,Winner_2022,65.1,21.8,1,True,0.0,
3HBUdn,39,20,Winner_2022,64.6,24.4,2,True,0.0,
3HBUdn,39,21,Winner_2022,64.1,27.8,1,True,0.0,
3HBUdn,39,22,Winner_2022,63.6,31.8,1,True,0.0,
3HBUdn,39,23,Winner_2022,63.1,36.5,3,True,0.0,
3HBUdn,39,24,Winner_2022,62.6,42.8,1,True,0.0,
3HBUdn,39,25,Winner_2022,62.1,50.2,1,True,0.0,
3HBUdn,39,26,Winner_2022,61.6,59.1,0,True,0.0,
3HBUdn,39,27,Winner_2022,61.1,68.6,0,True,0.0,
3HBUdn,39,28,Winner_2022,60.6,78.5,0,True,0.0,
3HBUdn,39,29,Winner_2022,61.1,88.9,0,True,0.0,
3HBUdn,39,30,Winner_2022,61.6,99.3,0,True,0.0,
3HBUdn,39,31,Winner_2022,62.1,100.0,0,True,0.0,
3HBUdn,39,32,Winner_2022,62.6,100.0,0,True,0.0,
3HBUdn,39,33,Winner_2022,63.1,100.0,0,True,0.0,
3HBUdn,39,34,Winner_2022,63.6,100.0,0,True,0.0,
3HBUdn,39,35,Winner_2022,64.1,100.0,0,True,0.0,
3HBUdn,39,36,Winner_2022,64.6,100.0,0,True,0.0,
3HBUdn,39,37,Winner_2022,65.1,100.0,0,True,0.0,
3HBUdn,39,38,Winner_2022,65.6,100.0,0,True,0.0,
3HBUdn,39,39,Winner_2022,66.1,100.0,0,True,0.0,
3HBUdn,39,40,Winner_2022,66.6,100.0,0,True,0.0,
3HBUdn,39,41,Winner_2022,67.1,100.0,0,True,0.0,
3HBUdn,39,42,Winner_2022,67.6,100.0,0,True,0.0,
3HBUdn,39,43,Winner_2022,68.1,100.0,0,True,0.0,
3HBUdn,39,44,Winner_2022,68.6,100.0,0,True,0.0,
3HBUdn,39,45,Winner_2022,69.1,100.0,0,True,0.0,
3HBUdn,39,46,Winner_2022,69.6,100.0,0,True,0.0,
3HBUdn,39,47,Winner_2022,70.1,100.0,0,True,0.0,
3HBUdn,39,48,Winner_2022,70.6,100.0,0,True,0.0,
3HBUdn,39,49,Winner_2022,71.1,100.0,0,True,0.0,
3HBUdn,39,50,Winner_2022,71.6,99.5,0,True,0.0,
3HBUdn,39,51,Winner_2022,72.1,98.6,0,True,0.0,
3HBUdn,39,52,Winner_2022,72.6,97.2,0,True,0.0,
3HBUdn,39,53,Winner_2022,73.1,95.4,0,True,0.0,
3HBUdn,39,54,Winner_2022,73.6,93.0,0,True,0.0,
3HBUdn,39,55,Winner_2022,74.1,90.3,0,True,0.0,
3HBUdn,39,56,Winner_2022,74.6,87.2,0,True,0.0,
3HBUdn,39,57,Winner_2022,75.1,84.0,0,True,0.0,
3HBUdn,39,58,Winner_2022,75.6,80.7,0,True,0.0,
3HBUdn,39,59,Winner_2022,76.1,77.2,0,True,0.0,
3HBUdn,39,60,Winner_2022,76.6,73.6,5,True,0.0,
3HBUdn,39,61,Winner_2022,77.1,72.1,0,True,0.0,
3HBUdn,39,62,Winner_2022,77.6,70.2,2,True,0.0,
3HBUdn,39,63,Winner_2022,78.1,69.0,2,True,0.0,
3HBUdn,39,64,Winner_2022,78.6,68.1,2,True,0.0,
3HBUdn,39,65,Winner_2022,79.1,67.6,2,True,0.0,
3HBUdn,39,66,Winner_2022,79.6,67.4,2,True,0.0,
3HBUdn,39,67,Winner_2022,80.1,67.5,1,True,0.0,
3HBUdn,39,68,Winner_2022,80.6,67.5,2,True,0.0,
3HBUdn,39,69,Winner_2022,81.1,67.8,1,True,0.0,
3HBUdn,39,70,Winner_2022,81.6,68.1,3,True,0.0,
3HBUdn,39,71,Winner_2022,82.1,69.0,4,True,0.0,
3HBUdn,39,72,Winner_2022,82.6,70.8,1,True,0.0,
3HBUdn,39,73,Winner_2022,83.1,72.4,1,True,0.0,
3HBUdn,39,74,Winner_2022,83.6,74.0,2,True,0.0,
3HBUdn,39,75,Winner_2022,84.1,75.6,1,True,0.0,
3HBUdn,39,76,Winner_2022,84.6,77.0,1,True,0.0,
3HBUdn,39,77,Winner_2022,85.1,78.5,0,True,0.0,
3HBUdn,39,78,Winner_2022,85.6,79.5,1,True,0.0,
3HBUdn,39,79,Winner_2022,86.1,80.3,2,True,0.0,
3HBUdn,39,80,Winner_2022,85.6,81.4,1,True,0.0,
3HBUdn,39,81,Winner_2022,85.1,82.4,1,True,0.0,
3HBUdn,39,82,Winner_2022,84.6,83.3,0,True,0.0,
3HBUdn,39,83,Winner_2022,84.1,83.8,0,True,0.0,
3HBUdn,39,84,Winner_2022,83.9,83.9,0,True,0.0,
3HBUdn,39,85,Winner_2022,83.9,83.6,0,True,0.0,
3HBUdn,39,86,Winner_2022,83.8,83.0,0,True,0.0,
3HBUdn,39,87,Winner_2022,83.4,81.9,0,True,0.0,
3HBUdn,39,88,Winner_2022,82.9,80.6,0,True,0.0,
3HBUdn,39,89,Winner_2022,82.4,79.1,1,True,0.0,
3HBUdn,39,90,Winner_2022,81.9,77.5,1,True,0.0,
3HBUdn,39,91,Winner_2022,81.4,76.0,1,True,0.0,
3HBUdn,39,92,Winner_2022,80.9,74.6,1,True,0.0,
3HBUdn,39,93,Winner_2022,80.4,73.1,2,True,0.0,
3HBUdn,39,94,Winner_2022,79.9,72.0,1,True,0.0,
3HBUdn,39,95,Winner_2022,79.4,70.9,2,True,0.0,
3HBUdn,39,96,Winner_2022,78.9,70.0,0,True,0.0,
3HBUdn,39,97,Winner_2022,78.4,69.0,2,True,0.0,
3HBUdn,39,98,Winner_2022,77.9,68.2,1,True,0.0,
3HBUdn,39,99,Winner_2022,77.4,67.5,2,True,0.0,
3HBUdn,39,100,Winner_2022,76.9,67.1,0,True,0.0,
3HBUdn,40,1,Winner_2022,73.7,68.0,1,True,0.0,
3HBUdn,40,2,Winner_2022,73.2,78.1,1,True,0.0,
3HBUdn,40,3,Winner_2022,72.7,88.5,1,True,0.0,
3HBUdn,40,4,Winner_2022,73.2,100.0,0,True,0.0,
3HBUdn,40,5,Winner_2022,73.7,100.0,0,True,0.0,
3HBUdn,40,6,Winner_2022,74.2,100.0,0,True,0.0,
3HBUdn,40,7,Winner_2022,74.7,100.0,0,True,0.0,
3HBUdn,40,8,Winner_2022,75.2,97.0,0,True,0.0,
3HBUdn,40,9,Winner_2022,75.7,92.0,0,True,0.0,
3HBUdn,40,10,Winner_2022,76.2,85.7,0,True,0.0,
3HBUdn,40,11,Winner_2022,76.7,79.0,0,True,0.0,
3HBUdn,40,12,Winner_2022,77.2,72.1,0,True,0.0,
3HBUdn,40,13,Winner_2022,77.7,64.7,1,True,0.0,
3HBUdn,40,14,Winner_2022,78.2,59.5,1,True,0.0,
3HBUdn,40,15,Winner_2022,78.7,55.6,0,True,0.0,
3HBUdn,40,16,Winner_2022,79.2,51.3,3,True,0.0,
3HBUdn,40,17,Winner_2022,79.7,50.4,1,True,0.0,
3HBUdn,40,18,Winner_2022,80.2,50.2,0,True,0.0,
3HBUdn,40,19,Winner_2022,80.7,49.5,2,True,0.0,
3HBUdn,40,20,Winner_2022,81.2,50.3,0,True,0.0,
3HBUdn,40,21,Winner_2022,81.7,50.8,0,True,0.0,
3HBUdn,40,22,Winner_2022,82.2,50.7,1,True,0.0,
3HBUdn,40,23,Winner_2022,82.7,51.1,1,True,0.0,
3HBUdn,40,24,Winner_2022,83.2,51.7,2,True,0.0,
3HBUdn,40,25,Winner_2022,83.7,53.4,0,True,0.0,
3HBUdn,40,26,Winner_2022,84.2,54.8,1,True,0.0,
3HBUdn,40,27,Winner_2022,84.7,56.5,0,True,0.0,
3HBUdn,40,28,Winner_2022,85.2,57.7,0,True,0.0,
3HBUdn,40,29,Winner_2022,85.7,58.4,1,True,0.0,
3HBUdn,40,30,Winner_2022,86.2,59.3,1,True,0.0,
3HBUdn,40,31,Winner_2022,86.7,60.6,3,True,0.0,
3HBUdn,40,32,Winner_2022,87.2,63.8,1,True,0.0,
3HBUdn,40,33,Winner_2022,87.7,67.3,1,True,0.0,
3HBUdn,40,34,Winner_2022,88.2,71.4,0,True,0.0,
3HBUdn,40,35,Winner_2022,88.7,75.1,1,True,0.0,
3HBUdn,40,36,Winner_2022,89.2,79.3,0,True,0.0,
3HBUdn,40,37,Winner_2022,89.7,83.3,0,True,0.0,
3HBUdn,40,38,Winner_2022,90.2,86.8,0,True,0.0,
3HBUdn,40,39,Winner_2022,90.7,90.1,0,True,0.0,
3HBUdn,40,40,Winner_2022,91.0,93.0,0,True,0.0,
3HBUdn,40,41,Winner_2022,91.5,95.6,0,True,0.0,
3HBUdn,40,42,Winner_2022,92.0,97.6,0,True,0.0,
3HBUdn,40,43,Winner_2022,92.5,99.3,0,True,0.0,
3HBUdn,40,44,Winner_2022,93.0,100.0,0,True,0.0,
3HBUdn,40,45,Winner_2022,93.5,100.0,0,True,0.0,
3HBUdn,40,46,Winner_2022,94.0,100.0,0,True,0.0,
3HBUdn,40,47,Winner_2022,94.5,99.8,0,True,0.0,
3HBUdn,40,48,Winner_2022,95.0,99.4,0,True,0.0,
3HBUdn,40,49,Winner_2022,95.5,98.7,0,True,0.0,
3HBUdn,40,50,Winner_2022,95.0,97.4,0,True,0.0,
3HBUdn,40,51,Winner_2022,94.5,95.8,0,True,0.0,
3HBUdn,40,52,Winner_2022,94.0,93.8,0,True,0.0,
3HBUdn,40,53,Winner_2022,93.9,91.3,0,True,0.0,
3HBUdn,40,54,Winner_2022,93.4,88.4,0,True,0.0,
3HBUdn,40,55,Winner_2022,92.9,85.2,0,True,0.0,
3HBUdn,40,56,Winner_2022,92.4,81.7,0,True,0.0,
3HBUdn,40,57,Winner_2022,91.9,78.2,1,True,0.0,
3HBUdn,40,58,Winner_2022,91.4,75.1,0,True,0.0,
3HBUdn,40,59,Winner_2022,90.9,71.9,1,True,0.0,
3HBUdn,40,60,Winner_2022,90.4,68.9,0,True,0.0,
3HBUdn,40,61,Winner_2022,89.9,65.9,2,True,0.0,
3HBUdn,40,62,Winner_2022,89.4,63.4,1,True,0.0,
3HBUdn,40,63,Winner_2022,88.9,61.2,2,True,0.0,
3HBUdn,40,64,Winner_2022,88.4,59.4,1,True,0.0,
3HBUdn,40,65,Winner_2022,87.9,57.7,1,True,0.0,
3HBUdn,40,66,Winner_2022,87.4,56.0,1,True,0.0,
3HBUdn,40,67,Winner_2022,86.9,54.4,0,True,0.0,
3HBUdn,40,68,Winner_2022,86.4,52.6,0,True,0.0,
3HBUdn,40,69,Winner_2022,85.9,50.6,1,True,0.0,
3HBUdn,40,70,Winner_2022,85.4,48.7,0,True,0.0,
3HBUdn,40,71,Winner_2022,84.9,46.7,2,True,0.0,
3HBUdn,40,72,Winner_2022,84.4,45.0,3,True,0.0,
3HBUdn,40,73,Winner_2022,83.9,43.7,3,True,0.0,
3HBUdn,40,74,Winner_2022,83.4,42.8,2,True,0.0,
3HBUdn,40,75,Winner_2022,82.9,42.0,1,True,0.0,
3HBUdn,40,76,Winner_2022,82.4,41.2,0,True,0.0,
3HBUdn,40,77,Winner_2022,81.9,40.2,0,True,0.0,
3HBUdn,40,78,Winner_2022,81.4,39.1,1,True,0.0,
3HBUdn,40,79,Winner_2022,80.9,37.9,3,True,0.0,
3HBUdn,40,80,Winner_2022,80.4,37.1,2,True,0.0,
3HBUdn,40,81,Winner_2022,79.9,36.4,1,True,0.0,
3HBUdn,40,82,Winner_2022,79.4,35.7,0,True,0.0,
3HBUdn,40,83,Winner_2022,78.9,34.8,0,True,0.0,
3HBUdn,40,84,Winner_2022,78.4,33.8,2,True,0.0,
3HBUdn,40,85,Winner_2022,77.9,33.0,1,True,0.0,
3HBUdn,40,86,Winner_2022,77.4,32.1,0,True,0.0,
3HBUdn,40,87,Winner_2022,76.9,31.1,1,True,0.0,
3HBUdn,40,88,Winner_2022,76.4,30.2,2,True,0.0,
3HBUdn,40,89,Winner_2022,75.9,29.3,1,True,0.0,
3HBUdn,40,90,Winner_2022,75.4,28.5,1,True,0.0,
3HBUdn,40,91,Winner_2022,74.9,27.7,1,True,0.0,
3HBUdn,40,92,Winner_2022,74.4,26.9,3,True,0.0,
3HBUdn,40,93,Winner_2022,73.9,26.3,1,True,0.0,
3HBUdn,40,94,Winner_2022,73.4,25.8,1,True,0.0,
3HBUdn,40,95,Winner_2022,72.9,25.3,1,True,0.0,
3HBUdn,40,96,Winner_2022,72.4,24.7,1,True,0.0,
3HBUdn,40,97,Winner_2022,71.9,24.3,1,True,0.0,
3HBUdn,40,98,Winner_2022,71.4,23.8,2,True,0.0,
3HBUdn,40,99,Winner_2022,70.9,23.4,1,True,0.0,
3HBUdn,40,100,Winner_2022,70.4,23.1,1,True,0.0,
3HBUdn,41,1,Winner_2022,78.4,71.0,0,True,0.0,
3HBUdn,41,2,Winner_2022,77.9,56.8,3,True,0.0,
3HBUdn,41,3,Winner_2022,77.4,68.2,1,True,0.0,
3HBUdn,41,4,Winner_2022,76.9,81.8,0,True,0.0,
3HBUdn,41,5,Winner_2022,76.4,96.9,0,True,0.0,
3HBUdn,41,6,Winner_2022,75.9,100.0,0,True,0.0,
3HBUdn,41,7,Winner_2022,75.4,100.0,0,True,0.0,
3HBUdn,41,8,Winner_2022,74.9,100.0,0,True,0.0,
3HBUdn,41,9,Winner_2022,74.4,99.7,0,True,0.0,
3HBUdn,41,10,Winner_2022,74.9,97.3,0,True,0.0,
3HBUdn,41,11,Winner_2022,75.4,93.7,0,True,0.0,
3HBUdn,41,12,Winner_2022,75.9,88.9,0,True,0.0,
3HBUdn,41,13,Winner_2022,76.4,82.8,0,True,0.0,
3HBUdn,41,14,Winner_2022,76.9,76.1,1,True,0.0,
3HBUdn,41,15,Winner_2022,77.3,71.1,0,True,0.0,
3HBUdn,41,16,Winner_2022,77.8,65.6,1,True,0.0,
3HBUdn,41,17,Winner_2022,78.3,61.5,0,True,0.0,
3HBUdn,41,18,Winner_2022,78.8,57.2,2,True,0.0,
3HBUdn,41,19,Winner_2022,79.3,55.2,0,True,0.0,
3HBUdn,41,20,Winner_2022,79.8,52.9,1,True,0.0,
3HBUdn,41,21,Winner_2022,80.3,51.4,1,True,0.0,
3HBUdn,41,22,Winner_2022,80.8,50.4,1,True,0.0,
3HBUdn,41,23,Winner_2022,81.3,49.9,3,True,0.0,
3HBUdn,41,24,Winner_2022,81.8,51.2,0,True,0.0,
3HBUdn,41,25,Winner_2022,82.3,52.2,0,True,0.0,
3HBUdn,41,26,Winner_2022,82.8,52.7,0,True,0.0,
3HBUdn,41,27,Winner_2022,83.3,52.8,1,True,0.0,
3HBUdn,41,28,Winner_2022,83.8,53.2,1,True,0.0,
3HBUdn,41,29,Winner_2022,84.3,53.9,0,True,0.0,
3HBUdn,41,30,Winner_2022,84.8,54.1,0,True,0.0,
3HBUdn,41,31,Winner_2022,85.3,53.9,1,True,0.0,
3HBUdn,41,32,Winner_2022,85.8,54.1,1,True,0.0,
3HBUdn,41,33,Winner_2022,86.3,54.6,1,True,0.0,
3HBUdn,41,34,Winner_2022,85.8,55.5,0,True,0.0,
3HBUdn,41,35,Winner_2022,85.3,55.9,1,True,0.0,
3HBUdn,41,36,Winner_2022,84.8,56.6,0,True,0.0,
3HBUdn,41,37,Winner_2022,84.3,57.1,0,True,0.0,
3HBUdn,41,38,Winner_2022,83.8,57.2,0,True,0.0,
3HBUdn,41,39,Winner_2022,83.3,57.1,1,True,0.0,
3HBUdn,41,40,Winner_2022,82.8,57.3,2,True,0.0,
3HBUdn,41,41,Winner_2022,82.3,58.4,1,True,0.0,
3HBUdn,41,42,Winner_2022,81.8,59.6,3,True,0.0,
3HBUdn,41,43,Winner_2022,81.3,62.2,1,True,0.0,
3HBUdn,41,44,Winner_2022,80.8,65.2,0,True,0.0,
3HBUdn,41,45,Winner_2022,80.3,67.9,3,True,0.0,
3HBUdn,41,46,Winner_2022,79.8,72.1,0,True,0.0,
3HBUdn,41,47,Winner_2022,79.3,76.1,1,True,0.0,
3HBUdn,41,48,Winner_2022,78.8,80.8,0,True,0.0,
3HBUdn,41,49,Winner_2022,78.3,85.4,0,True,0.0,
3HBUdn,41,50,Winner_2022,77.8,89.5,0,True,0.0,
3HBUdn,41,51,Winner_2022,77.3,93.5,0,True,0.0,
3HBUdn,41,52,Winner_2022,76.8,97.1,0,True,0.0,
3HBUdn,41,53,Winner_2022,76.3,100.0,0,True,0.0,
3HBUdn,41,54,Winner_2022,75.8,100.0,0,True,0.0,
3HBUdn,41,55,Winner_2022,75.3,100.0,0,True,0.0,
3HBUdn,41,56,Winner_2022,74.8,100.0,0,True,0.0,
3HBUdn,41,57,Winner_2022,74.3,100.0,0,True,0.0,
3HBUdn,41,58,Winner_2022,73.8,100.0,0,True,0.0,
3HBUdn,41,59,Winner_2022,73.3,100.0,0,True,0.0,
3HBUdn,41,60,Winner_2022,72.8,99.6,0,True,0.0,
3HBUdn,41,61,Winner_2022,72.3,98.7,0,True,0.0,
3HBUdn,41,62,Winner_2022,71.8,97.4,0,True,0.0,
3HBUdn,41,63,Winner_2022,71.3,95.6,0,True,0.0,
3HBUdn,41,64,Winner_2022,71.8,93.4,0,True,0.0,
3HBUdn,41,65,Winner_2022,72.3,90.6,0,True,0.0,
3HBUdn,41,66,Winner_2022,72.8,87.6,0,True,0.0,
3HBUdn,41,67,Winner_2022,73.3,84.2,0,True,0.0,
3HBUdn,41,68,Winner_2022,73.8,80.5,0,True,0.0,
3HBUdn,41,69,Winner_2022,74.3,76.6,0,True,0.0,
3HBUdn,41,70,Winner_2022,74.8,72.7,1,True,0.0,
3HBUdn,41,71,Winner_2022,75.3,69.1,1,True,0.0,
3HBUdn,41,72,Winner_2022,75.8,65.6,1,True,0.0,
3HBUdn,41,73,Winner_2022,76.3,62.4,0,True,0.0,
3HBUdn,41,74,Winner_2022,75.8,59.0,1,True,0.0,
3HBUdn,41,75,Winner_2022,75.3,55.8,3,True,0.0,
3HBUdn,41,76,Winner_2022,74.8,53.1,0,True,0.0,
3HBUdn,41,77,Winner_2022,74.3,50.5,1,True,0.0,
3HBUdn,41,78,Winner_2022,73.8,47.9,1,True,0.0,
3HBUdn,41,79,Winner_2022,73.3,45.5,1,True,0.0,
3HBUdn,41,80,Winner_2022,72.8,43.2,1,True,0.0,
3HBUdn,41,81,Winner_2022,72.3,41.0,1,True,0.0,
3HBUdn,41,82,Winner_2022,71.8,38.9,0,True,0.0,
3HBUdn,41,83,Winner_2022,71.3,36.8,2,True,0.0,
3HBUdn,41,84,Winner_2022,70.8,34.9,0,True,0.0,
3HBUdn,41,85,Winner_2022,70.3,33.1,1,True,0.0,
3HBUdn,41,86,Winner_2022,69.8,31.3,1,True,0.0,
3HBUdn,41,87,Winner_2022,69.3,29.6,1,True,0.0,
3HBUdn,41,88,Winner_2022,68.8,27.9,2,True,0.0,
3HBUdn,41,89,Winner_2022,68.3,26.5,3,True,0.0,
3HBUdn,41,90,Winner_2022,67.8,25.3,2,True,0.0,
3HBUdn,41,91,Winner_2022,67.3,24.2,0,True,0.0,
3HBUdn,41,92,Winner_2022,66.8,23.2,1,True,0.0,
3HBUdn,41,93,Winner_2022,66.3,22.2,1,True,0.0,
3HBUdn,41,94,Winner_2022,65.8,21.2,2,True,0.0,
3HBUdn,41,95,Winner_2022,65.3,20.4,1,True,0.0,
3HBUdn,41,96,Winner_2022,64.8,19.6,0,True,0.0,
3HBUdn,41,97,Winner_2022,64.3,18.8,0,True,0.0,
3HBUdn,41,98,Winner_2022,63.8,18.0,0,True,0.0,
3HBUdn,41,99,Winner_2022,63.3,17.2,0,True,0.0,
3HBUdn,41,100,Winner_2022,62.8,16.4,3,True,0.0,
3HBUdn,42,1,Winner_2022,79.6,84.0,1,True,0.0,
3HBUdn,42,2,Winner_2022,79.1,96.5,0,True,0.0,
3HBUdn,42,3,Winner_2022,78.6,93.3,0,True,0.0,
3HBUdn,42,4,Winner_2022,78.1,86.5,0,True,0.0,
3HBUdn,42,5,Winner_2022,77.6,77.5,0,True,0.0,
3HBUdn,42,6,Winner_2022,77.6,67.8,1,True,0.0,
3HBUdn,42,7,Winner_2022,77.1,63.3,0,True,0.0,
3HBUdn,42,8,Winner_2022,76.6,57.8,1,True,0.0,
3HBUdn,42,9,Winner_2022,76.1,54.8,2,True,0.0,
3HBUdn,42,10,Winner_2022,75.6,55.9,1,True,0.0,
3HBUdn,42,11,Winner_2022,75.1,58.4,1,True,0.0,
3HBUdn,42,12,Winner_2022,74.6,61.9,1,True,0.0,
3HBUdn,42,13,Winner_2022,74.1,65.7,2,True,0.0,
3HBUdn,42,14,Winner_2022,74.6,72.2,0,True,0.0,
3HBUdn,42,15,Winner_2022,75.1,77.1,0,True,0.0,
3HBUdn,42,16,Winner_2022,75.6,80.7,1,True,0.0,
3HBUdn,42,17,Winner_2022,76.1,84.8,0,True,0.0,
3HBUdn,42,18,Winner_2022,76.6,88.0,0,True,0.0,
3HBUdn,42,19,Winner_2022,77.1,90.5,0,True,0.0,
3HBUdn,42,20,Winner_2022,77.6,92.1,0,True,0.0,
3HBUdn,42,21,Winner_2022,78.1,92.9,0,True,0.0,
3HBUdn,42,22,Winner_2022,78.6,92.8,0,True,0.0,
3HBUdn,42,23,Winner_2022,79.1,91.9,0,True,0.0,
3HBUdn,42,24,Winner_2022,79.6,89.9,0,True,0.0,
3HBUdn,42,25,Winner_2022,80.1,87.3,0,True,0.0,
3HBUdn,42,26,Winner_2022,80.6,84.3,0,True,0.0,
3HBUdn,42,27,Winner_2022,81.1,80.9,0,True,0.0,
3HBUdn,42,28,Winner_2022,81.1,77.0,0,True,0.0,
3HBUdn,42,29,Winner_2022,81.6,72.8,0,True,0.0,
3HBUdn,42,30,Winner_2022,82.1,68.4,0,True,0.0,
3HBUdn,42,31,Winner_2022,82.6,64.0,0,True,0.0,
3HBUdn,42,32,Winner_2022,83.1,59.7,1,True,0.0,
3HBUdn,42,33,Winner_2022,83.6,56.1,1,True,0.0,
3HBUdn,42,34,Winner_2022,84.1,53.1,3,True,0.0,
3HBUdn,42,35,Winner_2022,84.6,51.8,1,True,0.0,
3HBUdn,42,36,Winner_2022,85.1,50.8,2,True,0.0,
3HBUdn,42,37,Winner_2022,85.6,50.7,0,True,0.0,
3HBUdn,42,38,Winner_2022,86.1,50.3,2,True,0.0,
3HBUdn,42,39,Winner_2022,86.6,50.7,0,True,0.0,
3HBUdn,42,40,Winner_2022,87.1,50.9,2,True,0.0,
3HBUdn,42,41,Winner_2022,87.6,51.8,2,True,0.0,
3HBUdn,42,42,Winner_2022,88.1,53.4,0,True,0.0,
3HBUdn,42,43,Winner_2022,88.6,54.8,0,True,0.0,
3HBUdn,42,44,Winner_2022,89.1,55.9,1,True,0.0,
3HBUdn,42,45,Winner_2022,89.6,57.3,0,True,0.0,
3HBUdn,42,46,Winner_2022,90.1,58.4,1,True,0.0,
3HBUdn,42,47,Winner_2022,90.6,59.7,1,True,0.0,
3HBUdn,42,48,Winner_2022,91.1,61.4,0,True,0.0,
3HBUdn,42,49,Winner_2022,91.6,63.0,0,True,0.0,
3HBUdn,42,50,Winner_2022,92.1,64.1,1,True,0.0,
3HBUdn,42,51,Winner_2022,92.6,65.5,1,True,0.0,
3HBUdn,42,52,Winner_2022,93.1,67.0,2,True,0.0,
3HBUdn,42,53,Winner_2022,93.6,69.1,0,True,0.0,
3HBUdn,42,54,Winner_2022,94.1,70.8,0,True,0.0,
3HBUdn,42,55,Winner_2022,94.6,72.1,0,True,0.0,
3HBUdn,42,56,Winner_2022,95.1,73.0,3,True,0.001,
3HBUdn,42,57,Winner_2022,95.6,75.1,0,True,0.0,
3HBUdn,42,58,Winner_2022,96.1,77.0,1,True,0.0,
3HBUdn,42,59,Winner_2022,96.6,79.0,0,True,0.0,
3HBUdn,42,60,Winner_2022,97.1,80.6,0,True,0.0,
3HBUdn,42,61,Winner_2022,97.6,81.8,0,True,0.0,
3HBUdn,42,62,Winner_2022,97.1,82.6,0,True,0.0,
3HBUdn,42,63,Winner_2022,96.6,83.0,0,True,0.0,
3HBUdn,42,64,Winner_2022,96.1,82.8,1,True,0.0,
3HBUdn,42,65,Winner_2022,95.6,82.6,0,True,0.0,
3HBUdn,42,66,Winner_2022,95.1,82.0,0,True,0.0,
3HBUdn,42,67,Winner_2022,94.6,80.9,1,True,0.0,
3HBUdn,42,68,Winner_2022,94.1,79.7,0,True,0.0,
3HBUdn,42,69,Winner_2022,93.6,78.2,2,True,0.0,
3HBUdn,42,70,Winner_2022,93.1,77.1,3,True,0.0,
3HBUdn,42,71,Winner_2022,92.6,76.7,1,True,0.0,
3HBUdn,42,72,Winner_2022,92.1,76.2,0,True,0.0,
3HBUdn,42,73,Winner_2022,91.6,75.4,1,True,0.0,
3HBUdn,42,74,Winner_2022,91.1,74.5,1,True,0.0,
3HBUdn,42,75,Winner_2022,90.6,73.4,2,True,0.0,
3HBUdn,42,76,Winner_2022,90.1,72.6,2,True,0.0,
3HBUdn,42,77,Winner_2022,89.6,72.0,0,True,0.0,
3HBUdn,42,78,Winner_2022,89.1,71.0,0,True,0.0,
3HBUdn,42,79,Winner_2022,88.6,69.7,2,True,0.0,
3HBUdn,42,80,Winner_2022,88.1,68.7,1,True,0.0,
3HBUdn,42,81,Winner_2022,87.6,67.6,2,True,0.0,
3HBUdn,42,82,Winner_2022,87.1,66.7,0,True,0.0,
3HBUdn,42,83,Winner_2022,86.6,65.5,2,True,0.0,
3HBUdn,42,84,Winner_2022,86.1,64.5,1,True,0.0,
3HBUdn,42,85,Winner_2022,85.6,63.5,2,True,0.0,
3HBUdn,42,86,Winner_2022,85.1,62.6,1,True,0.0,
3HBUdn,42,87,Winner_2022,84.6,61.7,1,True,0.0,
3HBUdn,42,88,Winner_2022,84.1,60.7,2,True,0.0,
3HBUdn,42,89,Winner_2022,83.6,59.9,2,True,0.0,
3HBUdn,42,90,Winner_2022,83.1,59.2,0,True,0.0,
3HBUdn,42,91,Winner_2022,82.6,58.4,1,True,0.0,
3HBUdn,42,92,Winner_2022,82.1,57.6,0,True,0.0,
3HBUdn,42,93,Winner_2022,81.6,56.7,0,True,0.0,
3HBUdn,42,94,Winner_2022,81.1,55.6,2,True,0.0,
3HBUdn,42,95,Winner_2022,80.6,54.8,3,True,0.0,
3HBUdn,42,96,Winner_2022,80.1,54.2,3,True,0.0,
3HBUdn,42,97,Winner_2022,79.6,54.0,2,True,0.0,
3HBUdn,42,98,Winner_2022,79.1,54.0,3,True,0.0,
3HBUdn,42,99,Winner_2022,78.6,54.2,0,True,0.0,
3HBUdn,42,100,Winner_2022,78.1,54.4,0,True,0.0,
3HBUdn,43,1,Winner_2022,80.7,42.0,0,True,0.0,
3HBUdn,43,2,Winner_2022,80.2,33.6,2,True,0.0,
3HBUdn,43,3,Winner_2022,79.7,38.1,0,True,0.0,
3HBUdn,43,4,Winner_2022,79.2,40.1,1,True,0.0,
3HBUdn,43,5,Winner_2022,78.7,43.7,2,True,0.0,
3HBUdn,43,6,Winner_2022,78.2,51.2,0,True,0.0,
3HBUdn,43,7,Winner_2022,77.7,58.1,0,True,0.0,
3HBUdn,43,8,Winner_2022,77.2,63.0,0,True,0.0,
3HBUdn,43,9,Winner_2022,76.7,65.9,1,True,0.0,
3HBUdn,43,10,Winner_2022,76.2,70.1,2,True,0.0,
3HBUdn,43,11,Winner_2022,75.7,78.9,2,True,0.0,
3HBUdn,43,12,Winner_2022,75.2,92.5,0,True,0.0,
3HBUdn,43,13,Winner_2022,74.7,100.0,0,True,0.0,
3HBUdn,43,14,Winner_2022,74.2,100.0,0,True,0.0,
3HBUdn,43,15,Winner_2022,74.7,100.0,0,True,0.0,
3HBUdn,43,16,Winner_2022,75.2,100.0,0,True,0.0,
3HBUdn,43,17,Winner_2022,75.7,100.0,0,True,0.0,
3HBUdn,43,18,Winner_2022,75.2,100.0,0,True,0.0,
3HBUdn,43,19,Winner_2022,74.7,100.0,0,True,0.0,
3HBUdn,43,20,Winner_2022,74.2,99.7,0,True,0.0,
3HBUdn,43,21,Winner_2022,74.7,98.7,0,True,0.0,
3HBUdn,43,22,Winner_2022,75.2,96.8,0,True,0.0,
3HBUdn,43,23,Winner_2022,75.7,94.2,0,True,0.0,
3HBUdn,43,24,Winner_2022,76.2,90.7,0,True,0.0,
3HBUdn,43,25,Winner_2022,76.7,86.7,0,True,0.0,
3HBUdn,43,26,Winner_2022,77.2,82.4,0,True,0.0,
3HBUdn,43,27,Winner_2022,77.7,77.8,1,True,0.0,
3HBUdn,43,28,Winner_2022,77.7,74.1,2,True,0.0,
3HBUdn,43,29,Winner_2022,78.2,72.0,0,True,0.0,
3HBUdn,43,30,Winner_2022,78.7,69.5,1,True,0.0,
3HBUdn,43,31,Winner_2022,79.2,67.6,0,True,0.0,
3HBUdn,43,32,Winner_2022,79.7,65.4,1,True,0.0,
3HBUdn,43,33,Winner_2022,80.2,63.8,0,True,0.0,
3HBUdn,43,34,Winner_2022,80.7,61.8,0,True,0.0,
3HBUdn,43,35,Winner_2022,81.2,59.6,3,True,0.0,
3HBUdn,43,36,Winner_2022,81.7,59.2,1,True,0.0,
3HBUdn,43,37,Winner_2022,82.2,59.0,2,True,0.0,
3HBUdn,43,38,Winner_2022,82.7,59.8,2,True,0.0,
3HBUdn,43,39,Winner_2022,82.2,61.4,1,True,0.0,
3HBUdn,43,40,Winner_2022,81.7,63.4,0,True,0.0,
3HBUdn,43,41,Winner_2022,81.2,65.2,0,True,0.0,
3HBUdn,43,42,Winner_2022,80.7,66.5,0,True,0.0,
3HBUdn,43,43,Winner_2022,80.2,67.7,0,True,0.0,
3HBUdn,43,44,Winner_2022,79.7,68.5,0,True,0.0,
3HBUdn,43,45,Winner_2022,79.2,68.9,2,True,0.0,
3HBUdn,43,46,Winner_2022,78.7,70.3,0,True,0.0,
3HBUdn,43,47,Winner_2022,78.2,71.4,0,True,0.0,
3HBUdn,43,48,Winner_2022,77.7,72.2,2,True,0.0,
3HBUdn,43,49,Winner_2022,77.2,74.0,1,True,0.0,
3HBUdn,43,50,Winner_2022,76.7,75.9,2,True,0.0,
3HBUdn,43,51,Winner_2022,76.3,78.7,1,True,0.0,
3HBUdn,43,52,Winner_2022,75.8,81.7,0,True,0.0,
3HBUdn,43,53,Winner_2022,75.3,84.3,0,True,0.0,
3HBUdn,43,54,Winner_2022,74.8,86.4,0,True,0.0,
3HBUdn,43,55,Winner_2022,74.3,87.9,0,True,0.0,
3HBUdn,43,56,Winner_2022,73.8,89.1,0,True,0.0,
3HBUdn,43,57,Winner_2022,73.3,89.9,0,True,0.0,
3HBUdn,43,58,Winner_2022,72.8,90.4,0,True,0.003,
3HBUdn,43,59,Winner_2022,72.3,90.4,0,True,0.0,
3HBUdn,43,60,Winner_2022,71.8,90.1,0,True,0.0,
3HBUdn,43,61,Winner_2022,71.3,89.3,0,True,0.0,
3HBUdn,43,62,Winner_2022,70.8,88.0,0,True,0.0,
3HBUdn,43,63,Winner_2022,70.3,86.5,0,True,0.0,
3HBUdn,43,64,Winner_2022,70.8,84.4,0,True,0.0,
3HBUdn,43,65,Winner_2022,71.3,81.9,0,True,0.0,
3HBUdn,43,66,Winner_2022,71.8,79.2,0,True,0.0,
3HBUdn,43,67,Winner_2022,72.3,76.1,0,True,0.0,
3HBUdn,43,68,Winner_2022,72.8,72.8,0,True,0.0,
3HBUdn,43,69,Winner_2022,72.9,69.3,0,True,0.0,
3HBUdn,43,70,Winner_2022,72.4,65.8,0,True,0.0,
3HBUdn,43,71,Winner_2022,71.9,62.1,2,True,0.0,
3HBUdn,43,72,Winner_2022,71.4,59.1,2,True,0.0,
3HBUdn,43,73,Winner_2022,70.9,56.4,1,True,0.0,
3HBUdn,43,74,Winner_2022,70.4,53.8,2,True,0.0,
3HBUdn,43,75,Winner_2022,69.9,51.5,3,True,0.0,
3HBUdn,43,76,Winner_2022,69.4,49.7,0,True,0.0,
3HBUdn,43,77,Winner_2022,68.9,47.8,3,True,0.0,
3HBUdn,43,78,Winner_2022,68.4,46.2,2,True,0.0,
3HBUdn,43,79,Winner_2022,67.9,44.9,1,True,0.0,
3HBUdn,43,80,Winner_2022,67.4,43.6,1,True,0.0,
3HBUdn,43,81,Winner_2022,66.9,42.3,2,True,0.0,
3HBUdn,43,82,Winner_2022,66.4,41.1,2,True,0.0,
3HBUdn,43,83,Winner_2022,65.9,40.2,2,True,0.0,
3HBUdn,43,84,Winner_2022,65.4,39.3,2,True,0.0,
3HBUdn,43,85,Winner_2022,64.9,38.5,1,True,0.0,
3HBUdn,43,86,Winner_2022,64.4,37.8,2,True,0.0,
3HBUdn,43,87,Winner_2022,63.9,37.1,1,True,0.0,
3HBUdn,43,88,Winner_2022,63.4,36.4,1,True,0.0,
3HBUdn,43,89,Winner_2022,62.9,35.7,0,True,0.0,
3HBUdn,43,90,Winner_2022,62.4,34.9,2,True,0.0,
3HBUdn,43,91,Winner_2022,61.9,34.2,2,True,0.0,
3HBUdn,43,92,Winner_2022,61.4,33.6,0,True,0.0,
3HBUdn,43,93,Winner_2022,60.9,33.0,0,True,0.0,
3HBUdn,43,94,Winner_2022,60.4,32.3,2,True,0.0,
3HBUdn,43,95,Winner_2022,59.9,31.7,1,True,0.0,
3HBUdn,43,96,Winner_2022,59.4,31.2,1,True,0.0,
3HBUdn,43,97,Winner_2022,58.9,30.6,1,True,0.0,
3HBUdn,43,98,Winner_2022,58.4,30.1,2,True,0.0,
3HBUdn,43,99,Winner_2022,57.9,29.7,2,True,0.0,
3HBUdn,43,100,Winner_2022,57.4,29.5,3,True,0.0,
3HBUdn,44,1,Winner_2022,79.2,34.0,0,True,0.0,
3HBUdn,44,2,Winner_2022,78.7,27.2,1,True,0.0,
3HBUdn,44,3,Winner_2022,78.2,26.3,0,True,0.0,
3HBUdn,44,4,Winner_2022,77.7,24.4,2,True,0.0,
3HBUdn,44,5,Winner_2022,77.2,26.5,0,True,0.0,
3HBUdn,44,6,Winner_2022,76.7,27.1,0,True,0.0,
3HBUdn,44,7,Winner_2022,76.2,27.2,1,True,0.0,
3HBUdn,44,8,Winner_2022,75.7,27.9,2,True,0.0,
3HBUdn,44,9,Winner_2022,75.2,30.6,1,True,0.0,
3HBUdn,44,10,Winner_2022,74.7,33.9,2,True,0.0,
3HBUdn,44,11,Winner_2022,74.2,39.5,1,True,0.0,
3HBUdn,44,12,Winner_2022,73.7,46.3,1,True,0.0,
3HBUdn,44,13,Winner_2022,73.2,53.7,1,True,0.0,
3HBUdn,44,14,Winner_2022,72.7,62.2,2,True,0.0,
3HBUdn,44,15,Winner_2022,72.2,73.1,0,True,0.0,
3HBUdn,44,16,Winner_2022,71.8,83.8,0,True,0.0,
3HBUdn,44,17,Winner_2022,72.3,93.7,0,True,0.0,
3HBUdn,44,18,Winner_2022,72.8,100.0,0,True,0.0,
3HBUdn,44,19,Winner_2022,73.3,100.0,0,True,0.0,
3HBUdn,44,20,Winner_2022,73.8,100.0,0,True,0.0,
3HBUdn,44,21,Winner_2022,74.3,100.0,0,True,0.0,
3HBUdn,44,22,Winner_2022,74.8,100.0,0,True,0.0,
3HBUdn,44,23,Winner_2022,75.3,100.0,0,True,0.0,
3HBUdn,44,24,Winner_2022,75.8,100.0,0,True,0.0,
3HBUdn,44,25,Winner_2022,76.3,100.0,0,True,0.0,
3HBUdn,44,26,Winner_2022,76.8,100.0,0,True,0.0,
3HBUdn,44,27,Winner_2022,77.3,100.0,0,True,0.0,
3HBUdn,44,28,Winner_2022,77.8,99.3,0,True,0.0,
3HBUdn,44,29,Winner_2022,78.3,97.9,0,True,0.0,
3HBUdn,44,30,Winner_2022,78.8,95.8,0,True,0.0,
3HBUdn,44,31,Winner_2022,79.3,93.1,0,True,0.0,
3HBUdn,44,32,Winner_2022,79.8,90.1,0,True,0.0,
3HBUdn,44,33,Winner_2022,80.3,86.8,0,True,0.0,
3HBUdn,44,34,Winner_2022,80.8,83.2,0,True,0.0,
3HBUdn,44,35,Winner_2022,81.3,79.3,2,True,0.0,
3HBUdn,44,36,Winner_2022,81.8,77.0,0,True,0.0,
3HBUdn,44,37,Winner_2022,82.3,74.4,3,True,0.0,
3HBUdn,44,38,Winner_2022,82.8,73.8,2,True,0.0,
3HBUdn,44,39,Winner_2022,83.3,74.4,3,True,0.0,
3HBUdn,44,40,Winner_2022,83.8,76.8,0,True,0.0,
3HBUdn,44,41,Winner_2022,84.3,78.9,0,True,0.0,
3HBUdn,44,42,Winner_2022,84.8,80.6,0,True,0.0,
3HBUdn,44,43,Winner_2022,85.3,82.0,1,True,0.0,
3HBUdn,44,44,Winner_2022,85.8,83.7,0,True,0.0,
3HBUdn,44,45,Winner_2022,86.3,85.0,0,True,0.0,
3HBUdn,44,46,Winner_2022,86.8,85.9,0,True,0.0,
3HBUdn,44,47,Winner_2022,87.2,86.5,0,True,0.0,
3HBUdn,44,48,Winner_2022,87.6,86.8,0,True,0.0,
3HBUdn,44,49,Winner_2022,88.0,86.9,1,True,0.0,
3HBUdn,44,50,Winner_2022,88.5,87.1,0,True,0.0,
3HBUdn,44,51,Winner_2022,89.0,87.0,0,True,0.0,
3HBUdn,44,52,Winner_2022,89.5,86.5,0,True,0.0,
3HBUdn,44,53,Winner_2022,90.0,85.5,0,True,0.0,
3HBUdn,44,54,Winner_2022,90.5,83.9,0,True,0.0,
3HBUdn,44,55,Winner_2022,91.0,82.0,1,True,0.0,
3HBUdn,44,56,Winner_2022,91.5,80.3,0,True,0.0,
3HBUdn,44,57,Winner_2022,92.0,78.4,1,True,0.0,
3HBUdn,44,58,Winner_2022,92.5,76.9,2,True,0.0,
3HBUdn,44,59,Winner_2022,93.0,75.9,0,True,0.0,
3HBUdn,44,60,Winner_2022,93.5,74.7,0,True,0.0,
3HBUdn,44,61,Winner_2022,94.0,73.2,0,True,0.001,
3HBUdn,44,62,Winner_2022,94.5,71.3,1,True,0.0,
3HBUdn,44,63,Winner_2022,95.0,69.6,1,True,0.0,
3HBUdn,44,64,Winner_2022,94.5,68.0,0,True,0.0,
3HBUdn,44,65,Winner_2022,94.0,66.0,2,True,0.0,
3HBUdn,44,66,Winner_2022,93.5,64.4,1,True,0.0,
3HBUdn,44,67,Winner_2022,93.0,62.9,0,True,0.0,
3HBUdn,44,68,Winner_2022,92.5,61.1,3,True,0.0,
3HBUdn,44,69,Winner_2022,92.0,59.9,1,True,0.0,
3HBUdn,44,70,Winner_2022,91.5,58.8,1,True,0.0,
3HBUdn,44,71,Winner_2022,91.0,57.7,0,True,0.0,
3HBUdn,44,72,Winner_2022,90.5,56.4,1,True,0.0,
3HBUdn,44,73,Winner_2022,90.0,55.0,0,True,0.0,
3HBUdn,44,74,Winner_2022,89.5,53.4,1,True,0.0,
3HBUdn,44,75,Winner_2022,89.0,51.8,0,True,0.0,
3HBUdn,44,76,Winner_2022,88.5,50.0,1,True,0.0,
3HBUdn,44,77,Winner_2022,88.0,48.2,1,True,0.0,
3HBUdn,44,78,Winner_2022,87.5,46.5,0,True,0.0,
3HBUdn,44,79,Winner_2022,87.0,44.6,1,True,0.0,
3HBUdn,44,80,Winner_2022,86.5,42.8,1,True,0.0,
3HBUdn,44,81,Winner_2022,86.0,41.1,0,True,0.0,
3HBUdn,44,82,Winner_2022,85.5,39.3,2,True,0.0,
3HBUdn,44,83,Winner_2022,85.0,37.7,1,True,0.0,
3HBUdn,44,84,Winner_2022,84.5,36.2,0,True,0.0,
3HBUdn,44,85,Winner_2022,84.0,34.6,1,True,0.0,
3HBUdn,44,86,Winner_2022,83.5,33.0,2,True,0.0,
3HBUdn,44,87,Winner_2022,83.0,31.6,0,True,0.0,
3HBUdn,44,88,Winner_2022,82.5,30.2,0,True,0.0,
3HBUdn,44,89,Winner_2022,82.0,28.7,2,True,0.0,
3HBUdn,44,90,Winner_2022,81.5,27.4,2,True,0.0,
3HBUdn,44,91,Winner_2022,81.0,26.3,1,True,0.0,
3HBUdn,44,92,Winner_2022,80.5,25.2,2,True,0.0,
3HBUdn,44,93,Winner_2022,80.0,24.2,1,True,0.0,
3HBUdn,44,94,Winner_2022,79.5,23.3,0,True,0.0,
3HBUdn,44,95,Winner_2022,79.0,22.4,3,True,0.0,
3HBUdn,44,96,Winner_2022,78.5,21.6,1,True,0.0,
3HBUdn,44,97,Winner_2022,78.0,20.9,2,True,0.0,
3HBUdn,44,98,Winner_2022,77.5,20.3,0,True,0.0,
3HBUdn,44,99,Winner_2022,77.0,19.7,1,True,0.0,
3HBUdn,44,100,Winner_2022,76.5,19.1,4,True,0.0,
3HBUdn,45,1,Winner_2022,78.0,86.0,0,True,0.0,
3HBUdn,45,2,Winner_2022,77.5,68.8,1,True,0.0,
3HBUdn,45,3,Winner_2022,77.0,66.5,0,True,0.0,
3HBUdn,45,4,Winner_2022,76.5,61.7,1,True,0.0,
3HBUdn,45,5,Winner_2022,76.0,61.2,0,True,0.0,
3HBUdn,45,6,Winner_2022,75.5,58.0,1,True,0.0,
3HBUdn,45,7,Winner_2022,75.0,58.1,1,True,0.0,
3HBUdn,45,8,Winner_2022,74.5,59.7,0,True,0.0,
3HBUdn,45,9,Winner_2022,74.0,59.5,0,True,0.0,
3HBUdn,45,10,Winner_2022,73.5,58.1,0,True,0.0,
3HBUdn,45,11,Winner_2022,73.0,55.9,3,True,0.0,
3HBUdn,45,12,Winner_2022,72.5,59.3,2,True,0.0,
3HBUdn,45,13,Winner_2022,72.0,64.9,2,True,0.0,
3HBUdn,45,14,Winner_2022,71.5,73.2,1,True,0.0,
3HBUdn,45,15,Winner_2022,72.0,82.1,0,True,0.0,
3HBUdn,45,16,Winner_2022,72.5,90.0,0,True,0.0,
3HBUdn,45,17,Winner_2022,73.0,96.6,0,True,0.0,
3HBUdn,45,18,Winner_2022,72.5,100.0,0,True,0.0,
3HBUdn,45,19,Winner_2022,73.0,100.0,0,True,0.0,
3HBUdn,45,20,Winner_2022,73.5,100.0,0,True,0.0,
3HBUdn,45,21,Winner_2022,74.0,100.0,0,True,0.0,
3HBUdn,45,22,Winner_2022,74.5,100.0,0,True,0.0,
3HBUdn,45,23,Winner_2022,75.0,100.0,0,True,0.0,
3HBUdn,45,24,Winner_2022,75.5,99.4,0,True,0.0,
3HBUdn,45,25,Winner_2022,76.0,98.1,0,True,0.0,
3HBUdn,45,26,Winner_2022,76.5,96.2,0,True,0.0,
3HBUdn,45,27,Winner_2022,77.0,93.7,0,True,0.0,
3HBUdn,45,28,Winner_2022,77.5,90.5,0,True,0.0,
3HBUdn,45,29,Winner_2022,78.0,86.8,0,True,0.0,
3HBUdn,45,30,Winner_2022,78.5,82.7,1,True,0.0,
3HBUdn,45,31,Winner_2022,79.0,79.3,1,True,0.0,
3HBUdn,45,32,Winner_2022,79.2,76.8,0,True,0.0,
3HBUdn,45,33,Winner_2022,79.7,74.0,1,True,0.0,
3HBUdn,45,34,Winner_2022,80.2,71.7,0,True,0.0,
3HBUdn,45,35,Winner_2022,80.7,69.2,1,True,0.0,
3HBUdn,45,36,Winner_2022,81.2,67.1,0,True,0.0,
3HBUdn,45,37,Winner_2022,81.7,64.9,2,True,0.0,
3HBUdn,45,38,Winner_2022,82.2,63.7,3,True,0.0,
3HBUdn,45,39,Winner_2022,82.7,64.2,1,True,0.0,
3HBUdn,45,40,Winner_2022,83.2,65.1,0,True,0.0,
3HBUdn,45,41,Winner_2022,83.7,65.6,2,True,0.0,
3HBUdn,45,42,Winner_2022,84.2,67.0,1,True,0.0,
3HBUdn,45,43,Winner_2022,84.7,68.8,0,True,0.0,
3HBUdn,45,44,Winner_2022,85.2,70.2,2,True,0.0,
3HBUdn,45,45,Winner_2022,85.7,72.5,2,True,0.0,
3HBUdn,45,46,Winner_2022,86.2,75.8,1,True,0.0,
3HBUdn,45,47,Winner_2022,86.7,79.4,1,True,0.0,
3HBUdn,45,48,Winner_2022,87.2,83.6,0,True,0.0,
3HBUdn,45,49,Winner_2022,87.7,87.7,0,True,0.0,
3HBUdn,45,50,Winner_2022,87.7,91.3,0,True,0.0,
3HBUdn,45,51,Winner_2022,87.2,94.7,0,True,0.0,
3HBUdn,45,52,Winner_2022,86.7,97.6,0,True,0.0,
3HBUdn,45,53,Winner_2022,86.2,100.0,0,True,0.0,
3HBUdn,45,54,Winner_2022,85.7,100.0,0,True,0.0,
3HBUdn,45,55,Winner_2022,85.2,100.0,0,True,0.0,
3HBUdn,45,56,Winner_2022,84.7,100.0,0,True,0.0,
3HBUdn,45,57,Winner_2022,84.2,100.0,0,True,0.0,
3HBUdn,45,58,Winner_2022,83.7,99.9,0,True,0.0,
3HBUdn,45,59,Winner_2022,83.2,99.3,0,True,0.0,
3HBUdn,45,60,Winner_2022,82.7,98.3,0,True,0.0,
3HBUdn,45,61,Winner_2022,82.2,96.9,0,True,0.0,
3HBUdn,45,62,Winner_2022,81.7,95.0,0,True,0.0,
3HBUdn,45,63,Winner_2022,81.2,92.7,0,True,0.0,
3HBUdn,45,64,Winner_2022,80.7,90.0,0,True,0.0,
3HBUdn,45,65,Winner_2022,80.2,86.9,0,True,0.0,
3HBUdn,45,66,Winner_2022,79.7,83.5,0,True,0.0,
3HBUdn,45,67,Winner_2022,79.2,79.9,0,True,0.0,
3HBUdn,45,68,Winner_2022,78.8,76.0,0,True,0.0,
3HBUdn,45,69,Winner_2022,78.3,72.0,0,True,0.0,
3HBUdn,45,70,Winner_2022,77.8,68.0,1,True,0.0,
3HBUdn,45,71,Winner_2022,77.3,64.2,0,True,0.0,
3HBUdn,45,72,Winner_2022,76.8,60.5,2,True,0.0,
3HBUdn,45,73,Winner_2022,76.3,57.2,2,True,0.0,
3HBUdn,45,74,Winner_2022,75.8,54.4,1,True,0.0,
3HBUdn,45,75,Winner_2022,75.3,51.6,0,True,0.0,
3HBUdn,45,76,Winner_2022,74.8,48.8,0,True,0.0,
3HBUdn,45,77,Winner_2022,74.3,45.9,2,True,0.0,
3HBUdn,45,78,Winner_2022,73.8,43.4,1,True,0.0,
3HBUdn,45,79,Winner_2022,73.3,41.1,1,True,0.0,
3HBUdn,45,80,Winner_2022,72.8,38.8,0,True,0.0,
3HBUdn,45,81,Winner_2022,72.3,36.6,2,True,0.0,
3HBUdn,45,82,Winner_2022,71.8,34.6,2,True,0.0,
3HBUdn,45,83,Winner_2022,71.3,32.9,1,True,0.0,
3HBUdn,45,84,Winner_2022,70.8,31.2,3,True,0.0,
3HBUdn,45,85,Winner_2022,70.3,29.8,0,True,0.0,
3HBUdn,45,86,Winner_2022,69.8,28.4,0,True,0.0,
3HBUdn,45,87,Winner_2022,69.3,26.9,1,True,0.0,
3HBUdn,45,88,Winner_2022,68.8,25.5,1,True,0.0,
3HBUdn,45,89,Winner_2022,68.3,24.2,2,True,0.0,
3HBUdn,45,90,Winner_2022,67.8,23.1,1,True,0.0,
3HBUdn,45,91,Winner_2022,67.3,22.0,2,True,0.0,
3HBUdn,45,92,Winner_2022,66.8,21.0,1,True,0.0,
3HBUdn,45,93,Winner_2022,66.3,20.1,2,True,0.0,
3HBUdn,45,94,Winner_2022,65.8,19.3,0,True,0.0,
3HBUdn,45,95,Winner_2022,65.3,18.5,1,True,0.0,
3HBUdn,45,96,Winner_2022,64.8,17.7,1,True,0.0,
3HBUdn,45,97,Winner_2022,64.3,17.0,2,True,0.0,
3HBUdn,45,98,Winner_2022,63.8,16.3,1,True,0.0,
3HBUdn,45,99,Winner_2022,63.3,15.8,2,True,0.0,
3HBUdn,45,100,Winner_2022,62.8,15.3,5,True,0.0,
3HBUdn,46,1,Winner_2022,79.8,62.0,0,True,0.0,
3HBUdn,46,2,Winner_2022,79.3,49.6,0,True,0.0,
3HBUdn,46,3,Winner_2022,78.8,39.7,0,True,0.0,
3HBUdn,46,4,Winner_2022,78.3,31.7,0,True,0.0,
3HBUdn,46,5,Winner_2022,77.8,25.4,4,True,0.0,
3HBUdn,46,6,Winner_2022,77.3,27.9,0,True,0.0,
3HBUdn,46,7,Winner_2022,76.8,29.7,0,True,0.0,
3HBUdn,46,8,Winner_2022,76.3,30.6,1,True,0.0,
3HBUdn,46,9,Winner_2022,75.8,32.0,0,True,0.0,
3HBUdn,46,10,Winner_2022,75.3,32.6,1,True,0.0,
3HBUdn,46,11,Winner_2022,74.8,34.1,0,True,0.0,
3HBUdn,46,12,Winner_2022,74.3,34.8,0,True,0.0,
3HBUdn,46,13,Winner_2022,73.8,34.7,1,True,0.0,
3HBUdn,46,14,Winner_2022,73.3,35.0,0,True,0.0,
3HBUdn,46,15,Winner_2022,72.8,34.6,0,True,0.0,
3HBUdn,46,16,Winner_2022,72.3,33.7,2,True,0.0,
3HBUdn,46,17,Winner_2022,71.8,33.8,1,True,0.0,
3HBUdn,46,18,Winner_2022,71.3,34.4,0,True,0.0,
3HBUdn,46,19,Winner_2022,70.8,34.6,2,True,0.0,
3HBUdn,46,20,Winner_2022,70.3,35.9,1,True,0.0,
3HBUdn,46,21,Winner_2022,69.8,37.6,1,True,0.0,
3HBUdn,46,22,Winner_2022,69.3,39.6,0,True,0.0,
3HBUdn,46,23,Winner_2022,68.8,41.3,2,True,0.0,
3HBUdn,46,24,Winner_2022,68.3,43.7,0,True,0.0,
3HBUdn,46,25,Winner_2022,67.8,45.9,1,True,0.0,
3HBUdn,46,26,Winner_2022,67.3,48.5,0,True,0.0,
3HBUdn,46,27,Winner_2022,66.8,50.7,1,True,0.0,
3HBUdn,46,28,Winner_2022,66.3,53.1,2,True,0.0,
3HBUdn,46,29,Winner_2022,65.8,56.6,1,True,0.0,
3HBUdn,46,30,Winner_2022,65.3,60.4,1,True,0.0,
3HBUdn,46,31,Winner_2022,64.8,64.6,0,True,0.0,
3HBUdn,46,32,Winner_2022,64.7,68.8,0,True,0.0,
3HBUdn,46,33,Winner_2022,64.2,72.6,0,True,0.0,
3HBUdn,46,34,Winner_2022,63.7,76.2,0,True,0.0,
3HBUdn,46,35,Winner_2022,63.2,79.3,0,True,0.0,
3HBUdn,46,36,Winner_2022,62.7,82.1,0,True,0.0,
3HBUdn,46,37,Winner_2022,63.2,84.4,0,True,0.0,
3HBUdn,46,38,Winner_2022,63.7,86.4,0,True,0.0,
3HBUdn,46,39,Winner_2022,64.2,87.9,0,True,0.0,
3HBUdn,46,40,Winner_2022,64.7,89.1,0,True,0.0,
3HBUdn,46,41,Winner_2022,65.2,89.8,0,True,0.0,
3HBUdn,46,42,Winner_2022,65.7,90.1,0,True,0.0,
3HBUdn,46,43,Winner_2022,66.2,90.0,0,True,0.0,
3HBUdn,46,44,Winner_2022,66.7,89.5,0,True,0.0,
3HBUdn,46,45,Winner_2022,67.2,88.5,0,True,0.0,
3HBUdn,46,46,Winner_2022,67.7,87.3,0,True,0.0,
3HBUdn,46,47,Winner_2022,68.2,85.7,0,True,0.0,
3HBUdn,46,48,Winner_2022,68.7,83.9,0,True,0.0,
3HBUdn,46,49,Winner_2022,69.2,82.0,0,True,0.0,
3HBUdn,46,50,Winner_2022,69.7,79.6,0,True,0.0,
3HBUdn,46,51,Winner_2022,70.2,77.1,0,True,0.0,
3HBUdn,46,52,Winner_2022,70.7,74.3,0,True,0.0,
3HBUdn,46,53,Winner_2022,71.2,71.3,1,True,0.0,
3HBUdn,46,54,Winner_2022,71.3,68.5,0,True,0.0,
3HBUdn,46,55,Winner_2022,71.8,65.6,1,True,0.0,
3HBUdn,46,56,Winner_2022,72.3,62.9,2,True,0.0,
3HBUdn,46,57,Winner_2022,72.8,61.0,2,True,0.0,
3HBUdn,46,58,Winner_2022,73.3,59.8,0,True,0.0,
3HBUdn,46,59,Winner_2022,73.8,58.3,0,True,0.0,
3HBUdn,46,60,Winner_2022,74.3,56.7,2,True,0.0,
3HBUdn,46,61,Winner_2022,74.8,55.5,0,True,0.0,
3HBUdn,46,62,Winner_2022,75.3,54.1,1,True,0.0,
3HBUdn,46,63,Winner_2022,75.8,52.8,2,True,0.0,
3HBUdn,46,64,Winner_2022,76.3,51.8,0,True,0.0,
3HBUdn,46,65,Winner_2022,76.8,50.6,1,True,0.0,
3HBUdn,46,66,Winner_2022,77.3,49.4,1,True,0.0,
3HBUdn,46,67,Winner_2022,77.8,48.2,0,True,0.0,
3HBUdn,46,68,Winner_2022,78.3,46.8,1,True,0.0,
3HBUdn,46,69,Winner_2022,78.8,45.5,1,True,0.0,
3HBUdn,46,70,Winner_2022,79.3,44.2,1,True,0.0,
3HBUdn,46,71,Winner_2022,79.8,43.0,2,True,0.0,
3HBUdn,46,72,Winner_2022,80.3,42.0,0,True,0.0,
3HBUdn,46,73,Winner_2022,80.8,40.8,0,True,0.0,
3HBUdn,46,74,Winner_2022,80.3,39.5,2,True,0.0,
3HBUdn,46,75,Winner_2022,79.8,38.2,3,True,0.0,
3HBUdn,46,76,Winner_2022,79.3,37.4,1,True,0.0,
3HBUdn,46,77,Winner_2022,78.8,36.5,3,True,0.0,
3HBUdn,46,78,Winner_2022,78.3,35.8,0,True,0.0,
3HBUdn,46,79,Winner_2022,77.8,35.1,1,True,0.0,
3HBUdn,46,80,Winner_2022,77.3,34.3,0,True,0.0,
3HBUdn,46,81,Winner_2022,76.8,33.4,1,True,0.0,
3HBUdn,46,82,Winner_2022,76.3,32.5,3,True,0.0,
3HBUdn,46,83,Winner_2022,75.8,31.8,0,True,0.0,
3HBUdn,46,84,Winner_2022,75.3,31.0,2,True,0.0,
3HBUdn,46,85,Winner_2022,74.8,30.3,0,True,0.0,
3HBUdn,46,86,Winner_2022,74.3,29.5,2,True,0.0,
3HBUdn,46,87,Winner_2022,73.8,28.8,2,True,0.0,
3HBUdn,46,88,Winner_2022,73.3,28.2,2,True,0.0,
3HBUdn,46,89,Winner_2022,72.8,27.7,3,True,0.0,
3HBUdn,46,90,Winner_2022,72.3,27.3,1,True,0.0,
3HBUdn,46,91,Winner_2022,71.8,26.9,1,True,0.0,
3HBUdn,46,92,Winner_2022,71.3,26.5,3,True,0.0,
3HBUdn,46,93,Winner_2022,70.8,26.3,2,True,0.0,
3HBUdn,46,94,Winner_2022,70.3,26.2,1,True,0.0,
3HBUdn,46,95,Winner_2022,69.8,26.1,2,True,0.0,
3HBUdn,46,96,Winner_2022,69.3,26.0,1,True,0.0,
3HBUdn,46,97,Winner_2022,68.8,26.0,0,True,0.0,
3HBUdn,46,98,Winner_2022,68.3,25.9,3,True,0.0,
3HBUdn,46,99,Winner_2022,67.8,26.0,1,True,0.0,
3HBUdn,46,100,Winner_2022,67.3,26.1,0,True,0.0,
3HBUdn,47,1,Winner_2022,74.4,58.0,2,True,0.0,
3HBUdn,47,2,Winner_2022,73.9,69.6,0,True,0.0,
3HBUdn,47,3,Winner_2022,73.4,78.9,0,True,0.0,
3HBUdn,47,4,Winner_2022,72.9,83.2,0,True,0.0,
3HBUdn,47,5,Winner_2022,73.4,82.5,1,True,0.0,
3HBUdn,47,6,Winner_2022,73.9,84.4,0,True,0.0,
3HBUdn,47,7,Winner_2022,74.4,84.5,0,True,0.0,
3HBUdn,47,8,Winner_2022,74.9,82.0,0,True,0.0,
3HBUdn,47,9,Winner_2022,75.4,77.7,0,True,0.0,
3HBUdn,47,10,Winner_2022,75.9,72.4,1,True,0.0,
3HBUdn,47,11,Winner_2022,76.4,69.7,0,True,0.0,
3HBUdn,47,12,Winner_2022,76.9,66.2,1,True,0.0,
3HBUdn,47,13,Winner_2022,77.4,63.8,0,True,0.0,
3HBUdn,47,14,Winner_2022,77.9,60.5,0,True,0.0,
3HBUdn,47,15,Winner_2022,78.4,56.5,1,True,0.0,
3HBUdn,47,16,Winner_2022,78.9,53.6,1,True,0.0,
3HBUdn,47,17,Winner_2022,79.4,51.4,0,True,0.0,
3HBUdn,47,18,Winner_2022,79.9,48.9,0,True,0.0,
3HBUdn,47,19,Winner_2022,80.4,46.2,0,True,0.0,
3HBUdn,47,20,Winner_2022,80.9,43.4,0,True,0.0,
3HBUdn,47,21,Winner_2022,81.4,40.5,1,True,0.0,
3HBUdn,47,22,Winner_2022,81.9,38.2,1,True,0.0,
3HBUdn,47,23,Winner_2022,82.4,36.6,0,True,0.0,
3HBUdn,47,24,Winner_2022,82.9,34.6,0,True,0.0,
3HBUdn,47,25,Winner_2022,83.4,32.5,2,True,0.0,
3HBUdn,47,26,Winner_2022,83.9,31.4,0,True,0.0,
3HBUdn,47,27,Winner_2022,84.4,30.1,1,True,0.0,
3HBUdn,47,28,Winner_2022,84.9,29.1,2,True,0.0,
3HBUdn,47,29,Winner_2022,85.4,28.6,1,True,0.0,
3HBUdn,47,30,Winner_2022,85.9,28.4,1,True,0.0,
3HBUdn,47,31,Winner_2022,86.4,28.3,0,True,0.0,
3HBUdn,47,32,Winner_2022,86.9,28.1,0,True,0.0,
3HBUdn,47,33,Winner_2022,87.4,27.7,1,True,0.0,
3HBUdn,47,34,Winner_2022,86.9,27.5,0,True,0.0,
3HBUdn,47,35,Winner_2022,86.4,27.1,1,True,0.0,
3HBUdn,47,36,Winner_2022,85.9,26.9,1,True,0.0,
3HBUdn,47,37,Winner_2022,85.4,26.8,0,True,0.0,
3HBUdn,47,38,Winner_2022,84.9,26.6,3,True,0.0,
3HBUdn,47,39,Winner_2022,84.4,27.1,2,True,0.0,
3HBUdn,47,40,Winner_2022,83.9,28.0,2,True,0.0,
3HBUdn,47,41,Winner_2022,83.4,29.3,0,True,0.0,
3HBUdn,47,42,Winner_2022,82.9,30.4,2,True,0.0,
3HBUdn,47,43,Winner_2022,82.4,32.0,0,True,0.0,
3HBUdn,47,44,Winner_2022,81.9,33.6,1,True,0.0,
3HBUdn,47,45,Winner_2022,81.4,35.2,0,True,0.0,
3HBUdn,47,46,Winner_2022,80.9,36.8,0,True,0.0,
3HBUdn,47,47,Winner_2022,80.4,38.3,4,True,0.0,
3HBUdn,47,48,Winner_2022,79.9,40.9,2,True,0.0,
3HBUdn,47,49,Winner_2022,79.4,44.2,1,True,0.0,
3HBUdn,47,50,Winner_2022,78.9,47.8,0,True,0.0,
3HBUdn,47,51,Winner_2022,78.4,51.4,2,True,0.0,
3HBUdn,47,52,Winner_2022,77.9,55.7,1,True,0.0,
3HBUdn,47,53,Winner_2022,77.4,60.3,2,True,0.0,
3HBUdn,47,54,Winner_2022,76.9,65.5,2,True,0.0,
3HBUdn,47,55,Winner_2022,76.4,71.6,1,True,0.0,
3HBUdn,47,56,Winner_2022,75.9,78.2,0,True,0.0,
3HBUdn,47,57,Winner_2022,75.4,85.1,0,True,0.0,
3HBUdn,47,58,Winner_2022,74.9,92.1,0,True,0.0,
3HBUdn,47,59,Winner_2022,74.4,99.1,0,True,0.0,
3HBUdn,47,60,Winner_2022,73.9,100.0,0,True,0.0,
3HBUdn,47,61,Winner_2022,73.4,100.0,0,True,0.0,
3HBUdn,47,62,Winner_2022,72.9,100.0,0,True,0.0,
3HBUdn,47,63,Winner_2022,73.4,100.0,0,True,0.0,
3HBUdn,47,64,Winner_2022,73.9,100.0,0,True,0.0,
3HBUdn,47,65,Winner_2022,74.4,100.0,0,True,0.0,
3HBUdn,47,66,Winner_2022,74.9,100.0,0,True,0.0,
3HBUdn,47,67,Winner_2022,75.4,100.0,0,True,0.0,
3HBUdn,47,68,Winner_2022,75.9,100.0,0,True,0.0,
3HBUdn,47,69,Winner_2022,76.4,100.0,0,True,0.0,
3HBUdn,47,70,Winner_2022,76.9,100.0,0,True,0.0,
3HBUdn,47,71,Winner_2022,77.4,99.9,0,True,0.0,
3HBUdn,47,72,Winner_2022,77.9,99.4,0,True,0.0,
3HBUdn,47,73,Winner_2022,78.4,98.3,0,True,0.0,
3HBUdn,47,74,Winner_2022,77.9,96.7,0,True,0.0,
3HBUdn,47,75,Winner_2022,77.4,94.5,0,True,0.0,
3HBUdn,47,76,Winner_2022,76.9,91.9,0,True,0.0,
3HBUdn,47,77,Winner_2022,76.4,89.0,0,True,0.0,
3HBUdn,47,78,Winner_2022,76.9,85.8,0,True,0.0,
3HBUdn,47,79,Winner_2022,76.4,82.4,0,True,0.0,
3HBUdn,47,80,Winner_2022,75.9,78.8,1,True,0.0,
3HBUdn,47,81,Winner_2022,75.4,75.4,1,True,0.0,
3HBUdn,47,82,Winner_2022,75.4,72.1,0,True,0.0,
3HBUdn,47,83,Winner_2022,74.9,68.7,2,True,0.0,
3HBUdn,47,84,Winner_2022,74.4,65.7,4,True,0.0,
3HBUdn,47,85,Winner_2022,73.9,63.4,2,True,0.0,
3HBUdn,47,86,Winner_2022,73.4,61.3,1,True,0.0,
3HBUdn,47,87,Winner_2022,72.9,59.2,1,True,0.0,
3HBUdn,47,88,Winner_2022,72.4,57.2,3,True,0.0,
3HBUdn,47,89,Winner_2022,71.9,55.6,2,True,0.0,
3HBUdn,47,90,Winner_2022,71.4,54.2,1,True,0.0,
3HBUdn,47,91,Winner_2022,70.9,52.9,1,True,0.0,
3HBUdn,47,92,Winner_2022,70.4,51.6,1,True,0.0,
3HBUdn,47,93,Winner_2022,69.9,50.3,0,True,0.0,
3HBUdn,47,94,Winner_2022,69.4,49.0,0,True,0.0,
3HBUdn,47,95,Winner_2022,68.9,47.5,1,True,0.0,
3HBUdn,47,96,Winner_2022,68.4,46.2,0,True,0.0,
3HBUdn,47,97,Winner_2022,67.9,44.8,2,True,0.0,
3HBUdn,47,98,Winner_2022,67.4,43.6,0,True,0.0,
3HBUdn,47,99,Winner_2022,66.9,42.4,0,True,0.0,
3HBUdn,47,100,Winner_2022,66.4,41.1,1,True,0.0,
3HBUdn,48,1,Winner_2022,74.8,39.0,2,True,0.0,
3HBUdn,48,2,Winner_2022,74.3,46.8,1,True,0.0,
3HBUdn,48,3,Winner_2022,73.8,56.2,2,True,0.0,
3HBUdn,48,4,Winner_2022,73.3,67.4,0,True,0.0,
3HBUdn,48,5,Winner_2022,72.8,80.9,0,True,0.0,
3HBUdn,48,6,Winner_2022,73.3,94.7,0,True,0.0,
3HBUdn,48,7,Winner_2022,73.8,100.0,0,True,0.0,
3HBUdn,48,8,Winner_2022,74.3,100.0,0,True,0.0,
3HBUdn,48,9,Winner_2022,74.8,100.0,0,True,0.0,
3HBUdn,48,10,Winner_2022,75.3,100.0,0,True,0.0,
3HBUdn,48,11,Winner_2022,75.8,100.0,0,True,0.0,
3HBUdn,48,12,Winner_2022,76.3,98.6,0,True,0.0,
3HBUdn,48,13,Winner_2022,76.8,95.0,0,True,0.0,
3HBUdn,48,14,Winner_2022,77.3,90.2,0,True,0.0,
3HBUdn,48,15,Winner_2022,77.8,84.2,0,True,0.0,
3HBUdn,48,16,Winner_2022,78.3,77.8,1,True,0.0,
3HBUdn,48,17,Winner_2022,78.5,72.9,0,True,0.0,
3HBUdn,48,18,Winner_2022,78.0,67.8,0,True,0.0,
3HBUdn,48,19,Winner_2022,77.5,62.6,2,True,0.0,
3HBUdn,48,20,Winner_2022,77.0,60.0,0,True,0.0,
3HBUdn,48,21,Winner_2022,76.5,57.1,0,True,0.0,
3HBUdn,48,22,Winner_2022,76.0,53.9,0,True,0.0,
3HBUdn,48,23,Winner_2022,75.5,50.7,1,True,0.0,
3HBUdn,48,24,Winner_2022,75.0,47.9,0,True,0.0,
3HBUdn,48,25,Winner_2022,74.5,45.0,0,True,0.0,
3HBUdn,48,26,Winner_2022,74.0,42.1,1,True,0.0,
3HBUdn,48,27,Winner_2022,73.5,39.8,0,True,0.0,
3HBUdn,48,28,Winner_2022,73.0,37.3,1,True,0.0,
3HBUdn,48,29,Winner_2022,72.5,35.3,2,True,0.0,
3HBUdn,48,30,Winner_2022,72.0,34.1,4,True,0.0,
3HBUdn,48,31,Winner_2022,71.5,34.4,1,True,0.0,
3HBUdn,48,32,Winner_2022,71.0,34.9,2,True,0.0,
3HBUdn,48,33,Winner_2022,70.5,36.1,1,True,0.0,
3HBUdn,48,34,Winner_2022,70.0,37.5,0,True,0.0,
3HBUdn,48,35,Winner_2022,69.5,38.6,2,True,0.0,
3HBUdn,48,36,Winner_2022,69.0,40.3,2,True,0.0,
3HBUdn,48,37,Winner_2022,68.5,42.8,3,True,0.0,
3HBUdn,48,38,Winner_2022,68.0,46.3,1,True,0.0,
3HBUdn,48,39,Winner_2022,67.5,50.3,2,True,0.0,
3HBUdn,48,40,Winner_2022,67.0,55.4,2,True,0.0,
3HBUdn,48,41,Winner_2022,66.5,61.7,1,True,0.0,
3HBUdn,48,42,Winner_2022,66.0,68.7,0,True,0.0,
3HBUdn,48,43,Winner_2022,65.5,76.0,0,True,0.0,
3HBUdn,48,44,Winner_2022,66.0,83.7,0,True,0.0,
3HBUdn,48,45,Winner_2022,66.5,91.4,0,True,0.0,
3HBUdn,48,46,Winner_2022,67.0,99.4,0,True,0.0,
3HBUdn,48,47,Winner_2022,67.5,100.0,0,True,0.0,
3HBUdn,48,48,Winner_2022,68.0,100.0,0,True,0.0,
3HBUdn,48,49,Winner_2022,68.5,100.0,0,True,0.0,
3HBUdn,48,50,Winner_2022,69.0,100.0,0,True,0.0,
3HBUdn,48,51,Winner_2022,69.5,100.0,0,True,0.0,
3HBUdn,48,52,Winner_2022,70.0,100.0,0,True,0.0,
3HBUdn,48,53,Winner_2022,70.5,100.0,0,True,0.0,
3HBUdn,48,54,Winner_2022,71.0,100.0,0,True,0.0,
3HBUdn,48,55,Winner_2022,71.5,100.0,0,True,0.0,
3HBUdn,48,56,Winner_2022,72.0,100.0,0,True,0.0,
3HBUdn,48,57,Winner_2022,72.5,100.0,0,True,0.0,
3HBUdn,48,58,Winner_2022,73.0,100.0,0,True,0.0,
3HBUdn,48,59,Winner_2022,73.5,100.0,0,True,0.0,
3HBUdn,48,60,Winner_2022,74.0,100.0,0,True,0.0,
3HBUdn,48,61,Winner_2022,74.5,100.0,0,True,0.0,
3HBUdn,48,62,Winner_2022,75.0,99.8,0,True,0.0,
3HBUdn,48,63,Winner_2022,75.5,99.1,0,True,0.0,
3HBUdn,48,64,Winner_2022,76.0,97.9,0,True,0.0,
3HBUdn,48,65,Winner_2022,76.5,96.1,0,True,0.0,
3HBUdn,48,66,Winner_2022,77.0,93.8,0,True,0.0,
3HBUdn,48,67,Winner_2022,77.5,91.1,0,True,0.0,
3HBUdn,48,68,Winner_2022,78.0,88.0,0,True,0.0,
3HBUdn,48,69,Winner_2022,78.5,84.7,1,True,0.0,
3HBUdn,48,70,Winner_2022,79.0,81.5,0,True,0.0,
3HBUdn,48,71,Winner_2022,79.5,78.1,1,True,0.0,
3HBUdn,48,72,Winner_2022,80.0,74.9,0,True,0.0,
3HBUdn,48,73,Winner_2022,80.5,71.5,3,True,0.0,
3HBUdn,48,74,Winner_2022,81.0,68.9,1,True,0.0,
3HBUdn,48,75,Winner_2022,81.5,66.2,1,True,0.0,
3HBUdn,48,76,Winner_2022,82.0,63.6,1,True,0.0,
3HBUdn,48,77,Winner_2022,82.5,61.2,1,True,0.0,
3HBUdn,48,78,Winner_2022,83.0,58.7,0,True,0.0,
3HBUdn,48,79,Winner_2022,83.5,56.2,1,True,0.0,
3HBUdn,48,80,Winner_2022,84.0,53.7,1,True,0.0,
3HBUdn,48,81,Winner_2022,84.5,51.4,3,True,0.0,
3HBUdn,48,82,Winner_2022,85.0,49.5,3,True,0.0,
3HBUdn,48,83,Winner_2022,85.5,48.0,1,True,0.0,
3HBUdn,48,84,Winner_2022,86.0,46.5,2,True,0.0,
3HBUdn,48,85,Winner_2022,86.5,45.1,1,True,0.0,
3HBUdn,48,86,Winner_2022,87.0,43.8,3,True,0.0,
3HBUdn,48,87,Winner_2022,86.5,42.7,1,True,0.0,
3HBUdn,48,88,Winner_2022,86.0,41.7,0,True,0.0,
3HBUdn,48,89,Winner_2022,85.5,40.5,1,True,0.0,
3HBUdn,48,90,Winner_2022,85.0,39.4,1,True,0.0,
3HBUdn,48,91,Winner_2022,84.5,38.3,1,True,0.0,
3HBUdn,48,92,Winner_2022,84.0,37.2,2,True,0.0,
3HBUdn,48,93,Winner_2022,83.5,36.3,1,True,0.0,
3HBUdn,48,94,Winner_2022,83.0,35.4,0,True,0.0,
3HBUdn,48,95,Winner_2022,82.5,34.5,1,True,0.0,
3HBUdn,48,96,Winner_2022,82.0,33.6,5,True,0.0,
3HBUdn,48,97,Winner_2022,81.5,33.1,1,True,0.0,
3HBUdn,48,98,Winner_2022,81.0,32.7,2,True,0.0,
3HBUdn,48,99,Winner_2022,80.5,32.4,2,True,0.0,
3HBUdn,48,100,Winner_2022,80.0,32.1,3,True,0.0,
3HBUdn,49,1,Winner_2022,76.7,81.0,0,True,0.0,
3HBUdn,49,2,Winner_2022,77.2,64.8,1,True,0.0,
3HBUdn,49,3,Winner_2022,77.7,62.6,1,True,0.0,
3HBUdn,49,4,Winner_2022,78.2,66.0,0,True,0.0,
3HBUdn,49,5,Winner_2022,78.7,65.5,2,True,0.0,
3HBUdn,49,6,Winner_2022,79.2,71.9,0,True,0.0,
3HBUdn,49,7,Winner_2022,79.7,76.8,0,True,0.0,
3HBUdn,49,8,Winner_2022,80.2,78.9,1,True,0.0,
3HBUdn,49,9,Winner_2022,80.7,82.5,0,True,0.0,
3HBUdn,49,10,Winner_2022,81.2,84.2,0,True,0.0,
3HBUdn,49,11,Winner_2022,81.7,84.5,0,True,0.0,
3HBUdn,49,12,Winner_2022,82.2,83.3,1,True,0.0,
3HBUdn,49,13,Winner_2022,82.7,83.0,1,True,0.0,
3HBUdn,49,14,Winner_2022,82.8,83.7,0,True,0.0,
3HBUdn,49,15,Winner_2022,83.3,82.7,0,True,0.0,
3HBUdn,49,16,Winner_2022,83.6,80.4,1,True,0.0,
3HBUdn,49,17,Winner_2022,84.1,79.0,0,True,0.0,
3HBUdn,49,18,Winner_2022,84.6,76.9,0,True,0.0,
3HBUdn,49,19,Winner_2022,85.1,74.3,3,True,0.0,
3HBUdn,49,20,Winner_2022,85.6,75.5,0,True,0.0,
3HBUdn,49,21,Winner_2022,86.1,76.2,1,True,0.0,
3HBUdn,49,22,Winner_2022,86.6,77.5,1,True,0.0,
3HBUdn,49,23,Winner_2022,87.1,79.5,0,True,0.0,
3HBUdn,49,24,Winner_2022,87.6,80.3,0,True,0.0,
3HBUdn,49,25,Winner_2022,88.1,80.5,0,True,0.0,
3HBUdn,49,26,Winner_2022,88.6,80.2,0,True,0.0,
3HBUdn,49,27,Winner_2022,89.1,79.2,0,True,0.0,
3HBUdn,49,28,Winner_2022,89.6,77.6,1,True,0.0,
3HBUdn,49,29,Winner_2022,90.1,76.5,1,True,0.0,
3HBUdn,49,30,Winner_2022,90.6,75.8,0,True,0.0,
3HBUdn,49,31,Winner_2022,91.1,74.5,2,True,0.0,
3HBUdn,49,32,Winner_2022,91.6,74.9,0,True,0.0,
3HBUdn,49,33,Winner_2022,92.1,74.7,0,True,0.0,
3HBUdn,49,34,Winner_2022,91.6,74.2,0,True,0.0,
3HBUdn,49,35,Winner_2022,91.1,73.1,0,True,0.0,
3HBUdn,49,36,Winner_2022,90.6,71.8,0,True,0.0,
3HBUdn,49,37,Winner_2022,90.1,70.1,0,True,0.0,
3HBUdn,49,38,Winner_2022,89.6,68.1,0,True,0.0,
3HBUdn,49,39,Winner_2022,89.1,66.0,0,True,0.0,
3HBUdn,49,40,Winner_2022,88.6,63.7,0,True,0.0,
3HBUdn,49,41,Winner_2022,88.1,61.2,2,True,0.0,
3HBUdn,49,42,Winner_2022,87.6,59.7,4,True,0.0,
3HBUdn,49,43,Winner_2022,87.1,60.1,2,True,0.0,
3HBUdn,49,44,Winner_2022,86.6,61.4,0,True,0.0,
3HBUdn,49,45,Winner_2022,86.1,62.3,1,True,0.0,
3HBUdn,49,46,Winner_2022,85.6,63.6,2,True,0.0,
3HBUdn,49,47,Winner_2022,85.1,65.6,1,True,0.0,
3HBUdn,49,48,Winner_2022,84.6,68.0,3,True,0.0,
3HBUdn,49,49,Winner_2022,84.1,71.8,2,True,0.0,
3HBUdn,49,50,Winner_2022,83.6,76.5,0,True,0.002,
3HBUdn,49,51,Winner_2022,83.1,81.0,0,True,0.0,
3HBUdn,49,52,Winner_2022,82.6,85.4,0,True,0.0,
3HBUdn,49,53,Winner_2022,82.1,89.3,0,True,0.0,
3HBUdn,49,54,Winner_2022,81.6,92.7,0,True,0.0,
3HBUdn,49,55,Winner_2022,81.1,95.7,0,True,0.0,
3HBUdn,49,56,Winner_2022,80.6,98.2,0,True,0.0,
3HBUdn,49,57,Winner_2022,80.1,100.0,0,True,0.0,
3HBUdn,49,58,Winner_2022,79.6,100.0,0,True,0.0,
3HBUdn,49,59,Winner_2022,79.1,100.0,0,True,0.0,
3HBUdn,49,60,Winner_2022,78.6,100.0,0,True,0.0,
3HBUdn,49,61,Winner_2022,78.1,100.0,0,True,0.0,
3HBUdn,49,62,Winner_2022,77.6,99.8,0,True,0.0,
3HBUdn,49,63,Winner_2022,77.1,99.1,0,True,0.0,
3HBUdn,49,64,Winner_2022,76.6,97.9,0,True,0.0,
3HBUdn,49,65,Winner_2022,76.1,96.1,0,True,0.0,
3HBUdn,49,66,Winner_2022,75.6,93.8,0,True,0.0,
3HBUdn,49,67,Winner_2022,75.1,91.1,0,True,0.0,
3HBUdn,49,68,Winner_2022,74.6,88.0,0,True,0.0,
3HBUdn,49,69,Winner_2022,74.1,84.7,0,True,0.0,
3HBUdn,49,70,Winner_2022,73.6,81.1,0,True,0.0,
3HBUdn,49,71,Winner_2022,73.1,77.4,0,True,0.0,
3HBUdn,49,72,Winner_2022,72.6,73.5,1,True,0.0,
3HBUdn,49,73,Winner_2022,72.1,69.9,2,True,0.0,
3HBUdn,49,74,Winner_2022,71.6,66.7,1,True,0.0,
3HBUdn,49,75,Winner_2022,71.1,63.6,1,True,0.0,
3HBUdn,49,76,Winner_2022,70.6,60.6,3,True,0.0,
3HBUdn,49,77,Winner_2022,70.1,58.2,0,True,0.0,
3HBUdn,49,78,Winner_2022,69.6,55.7,2,True,0.0,
3HBUdn,49,79,Winner_2022,69.1,53.5,1,True,0.0,
3HBUdn,49,80,Winner_2022,68.6,51.4,2,True,0.0,
3HBUdn,49,81,Winner_2022,68.1,49.5,2,True,0.0,
3HBUdn,49,82,Winner_2022,67.6,47.8,2,True,0.0,
3HBUdn,49,83,Winner_2022,67.1,46.4,0,True,0.0,
3HBUdn,49,84,Winner_2022,66.6,44.8,2,True,0.0,
3HBUdn,49,85,Winner_2022,66.1,43.3,0,True,0.0,
3HBUdn,49,86,Winner_2022,65.6,41.8,0,True,0.008,
3HBUdn,49,87,Winner_2022,65.1,40.1,1,True,0.0,
3HBUdn,49,88,Winner_2022,64.6,38.5,3,True,0.0,
3HBUdn,49,89,Winner_2022,64.1,37.2,1,True,0.0,
3HBUdn,49,90,Winner_2022,63.6,36.0,0,True,0.0,
3HBUdn,49,91,Winner_2022,63.1,34.7,3,True,0.0,
3HBUdn,49,92,Winner_2022,62.6,33.6,2,True,0.0,
3HBUdn,49,93,Winner_2022,62.1,32.7,2,True,0.0,
3HBUdn,49,94,Winner_2022,61.6,31.9,2,True,0.0,
3HBUdn,49,95,Winner_2022,61.1,31.3,0,True,0.0,
3HBUdn,49,96,Winner_2022,60.6,30.5,3,True,0.0,
3HBUdn,49,97,Winner_2022,60.1,30.0,3,True,0.0,
3HBUdn,49,98,Winner_2022,59.6,29.7,3,True,0.0,
3HBUdn,49,99,Winner_2022,59.1,29.5,1,True,0.0,
3HBUdn,49,100,Winner_2022,58.6,29.4,2,True,0.0,
3HBUdn,50,1,Winner_2022,77.1,67.0,1,True,0.0,
3HBUdn,50,2,Winner_2022,76.6,77.0,0,True,0.0,
3HBUdn,50,3,Winner_2022,76.8,74.4,1,True,0.0,
3HBUdn,50,4,Winner_2022,77.3,78.4,0,True,0.0,
3HBUdn,50,5,Winner_2022,77.8,77.8,0,True,0.0,
3HBUdn,50,6,Winner_2022,77.8,73.8,1,True,0.0,
3HBUdn,50,7,Winner_2022,78.3,73.9,0,True,0.0,
3HBUdn,50,8,Winner_2022,78.8,71.7,0,True,0.0,
3HBUdn,50,9,Winner_2022,79.3,68.0,2,True,0.0,
3HBUdn,50,10,Winner_2022,79.8,69.4,1,True,0.0,
3HBUdn,50,11,Winner_2022,80.3,72.4,3,True,0.0,
3HBUdn,50,12,Winner_2022,80.8,82.2,0,True,0.0,
3HBUdn,50,13,Winner_2022,81.3,90.0,0,True,0.0,
3HBUdn,50,14,Winner_2022,81.8,96.1,0,True,0.0,
3HBUdn,50,15,Winner_2022,82.3,100.0,0,True,0.0,
3HBUdn,50,16,Winner_2022,82.8,100.0,0,True,0.0,
3HBUdn,50,17,Winner_2022,83.3,100.0,0,True,0.0,
3HBUdn,50,18,Winner_2022,83.8,99.5,0,True,0.0,
3HBUdn,50,19,Winner_2022,84.3,98.2,0,True,0.0,
3HBUdn,50,20,Winner_2022,84.8,96.0,0,True,0.0,
3HBUdn,50,21,Winner_2022,85.3,93.2,0,True,0.0,
3HBUdn,50,22,Winner_2022,85.8,89.7,0,True,0.0,
3HBUdn,50,23,Winner_2022,86.3,85.8,0,True,0.0,
3HBUdn,50,24,Winner_2022,86.6,81.1,0,True,0.0,
3HBUdn,50,25,Winner_2022,87.1,76.3,0,True,0.0,
3HBUdn,50,26,Winner_2022,87.6,71.4,1,True,0.0,
3HBUdn,50,27,Winner_2022,88.1,67.4,1,True,0.0,
3HBUdn,50,28,Winner_2022,88.6,64.2,2,True,0.0,
3HBUdn,50,29,Winner_2022,89.1,62.4,0,True,0.0,
3HBUdn,50,30,Winner_2022,89.6,60.2,0,True,0.0,
3HBUdn,50,31,Winner_2022,90.1,57.8,1,True,0.0,
3HBUdn,50,32,Winner_2022,90.6,55.9,0,True,0.0,
3HBUdn,50,33,Winner_2022,91.1,53.9,1,True,0.0,
3HBUdn,50,34,Winner_2022,91.6,52.3,1,True,0.0,
3HBUdn,50,35,Winner_2022,92.1,51.0,1,True,0.0,
3HBUdn,50,36,Winner_2022,92.6,50.0,0,True,0.0,
3HBUdn,50,37,Winner_2022,93.1,48.9,1,True,0.0,
3HBUdn,50,38,Winner_2022,93.6,48.0,0,True,0.0,
3HBUdn,50,39,Winner_2022,94.1,46.9,1,True,0.0,
3HBUdn,50,40,Winner_2022,94.6,46.2,1,True,0.0,
3HBUdn,50,41,Winner_2022,95.1,45.7,2,True,0.0,
3HBUdn,50,42,Winner_2022,95.6,45.8,6,True,0.0,
3HBUdn,50,43,Winner_2022,95.1,48.3,0,True,0.0,
3HBUdn,50,44,Winner_2022,94.6,50.6,2,True,0.0,
3HBUdn,50,45,Winner_2022,94.1,53.5,2,True,0.0,
3HBUdn,50,46,Winner_2022,93.6,57.3,0,True,0.0,
3HBUdn,50,47,Winner_2022,93.1,61.0,1,True,0.0,
3HBUdn,50,48,Winner_2022,92.6,65.2,0,True,0.0,
3HBUdn,50,49,Winner_2022,92.1,69.4,0,True,0.0,
3HBUdn,50,50,Winner_2022,91.6,73.4,3,True,0.0,
3HBUdn,50,51,Winner_2022,91.1,78.9,0,True,0.0,
3HBUdn,50,52,Winner_2022,90.6,84.3,0,True,0.0,
3HBUdn,50,53,Winner_2022,90.1,89.4,0,True,0.0,
3HBUdn,50,54,Winner_2022,89.7,94.1,0,True,0.0,
3HBUdn,50,55,Winner_2022,89.2,98.3,0,True,0.0,
3HBUdn,50,56,Winner_2022,88.7,100.0,0,True,0.0,
3HBUdn,50,57,Winner_2022,88.2,100.0,0,True,0.0,
3HBUdn,50,58,Winner_2022,87.7,100.0,0,True,0.0,
3HBUdn,50,59,Winner_2022,87.2,100.0,0,True,0.0,
3HBUdn,50,60,Winner_2022,86.7,100.0,0,True,0.0,
3HBUdn,50,61,Winner_2022,86.2,100.0,0,True,0.0,
3HBUdn,50,62,Winner_2022,85.7,100.0,0,True,0.0,
3HBUdn,50,63,Winner_2022,85.2,100.0,0,True,0.0,
3HBUdn,50,64,Winner_2022,84.7,99.9,0,True,0.0,
3HBUdn,50,65,Winner_2022,84.2,99.1,0,True,0.0,
3HBUdn,50,66,Winner_2022,83.7,97.8,0,True,0.0,
3HBUdn,50,67,Winner_2022,83.2,95.9,0,True,0.0,
3HBUdn,50,68,Winner_2022,82.7,93.6,0,True,0.0,
3HBUdn,50,69,Winner_2022,82.2,90.9,0,True,0.0,
3HBUdn,50,70,Winner_2022,81.7,88.0,0,True,0.0,
3HBUdn,50,71,Winner_2022,81.2,84.7,0,True,0.0,
3HBUdn,50,72,Winner_2022,80.7,81.3,2,True,0.0,
3HBUdn,50,73,Winner_2022,80.5,78.3,1,True,0.0,
3HBUdn,50,74,Winner_2022,80.0,75.4,0,True,0.0,
3HBUdn,50,75,Winner_2022,79.5,72.1,3,True,0.0,
3HBUdn,50,76,Winner_2022,79.0,69.6,0,True,0.0,
3HBUdn,50,77,Winner_2022,78.5,66.9,0,True,0.0,
3HBUdn,50,78,Winner_2022,78.0,64.0,3,True,0.0,
3HBUdn,50,79,Winner_2022,77.5,61.7,1,True,0.0,
3HBUdn,50,80,Winner_2022,77.0,59.4,0,True,0.0,
3HBUdn,50,81,Winner_2022,76.5,57.0,1,True,0.0,
3HBUdn,50,82,Winner_2022,76.0,54.7,2,True,0.0,
3HBUdn,50,83,Winner_2022,75.5,52.7,0,True,0.0,
3HBUdn,50,84,Winner_2022,75.0,50.6,1,True,0.0,
3HBUdn,50,85,Winner_2022,74.5,48.5,1,True,0.0,
3HBUdn,50,86,Winner_2022,74.0,46.4,2,True,0.0,
3HBUdn,50,87,Winner_2022,73.5,44.6,2,True,0.0,
3HBUdn,50,88,Winner_2022,73.0,43.0,2,True,0.0,
3HBUdn,50,89,Winner_2022,72.5,41.5,0,True,0.0,
3HBUdn,50,90,Winner_2022,72.0,40.0,2,True,0.0,
3HBUdn,50,91,Winner_2022,71.5,38.6,0,True,0.0,
3HBUdn,50,92,Winner_2022,71.0,37.3,0,True,0.0,
3HBUdn,50,93,Winner_2022,70.5,35.8,2,True,0.0,
3HBUdn,50,94,Winner_2022,70.0,34.6,0,True,0.0,
3HBUdn,50,95,Winner_2022,69.5,33.3,3,True,0.0,
3HBUdn,50,96,Winner_2022,69.0,32.3,1,True,0.0,
3HBUdn,50,97,Winner_2022,68.5,31.3,1,True,0.0,
3HBUdn,50,98,Winner_2022,68.0,30.4,1,True,0.0,
3HBUdn,50,99,Winner_2022,67.5,29.5,3,True,0.0,
3HBUdn,50,100,Winner_2022,67.0,28.9,0,True,0.0,
3HBUdn,51,1,Winner_2022,80.5,31.0,2,True,0.0,
3HBUdn,51,2,Winner_2022,80.0,37.2,0,True,0.0,
3HBUdn,51,3,Winner_2022,79.5,42.2,1,True,0.0,
3HBUdn,51,4,Winner_2022,79.0,49.8,0,True,0.0,
3HBUdn,51,5,Winner_2022,78.5,54.2,0,True,0.0,
3HBUdn,51,6,Winner_2022,78.0,55.4,0,True,0.0,
3HBUdn,51,7,Winner_2022,77.5,55.5,0,True,0.0,
3HBUdn,51,8,Winner_2022,77.0,53.9,0,True,0.0,
3HBUdn,51,9,Winner_2022,76.5,51.0,1,True,0.0,
3HBUdn,51,10,Winner_2022,76.0,49.8,0,True,0.0,
3HBUdn,51,11,Winner_2022,75.5,48.0,0,True,0.0,
3HBUdn,51,12,Winner_2022,75.0,45.5,2,True,0.0,
3HBUdn,51,13,Winner_2022,74.5,45.4,1,True,0.0,
3HBUdn,51,14,Winner_2022,74.0,45.7,1,True,0.0,
3HBUdn,51,15,Winner_2022,73.5,46.4,0,True,0.0,
3HBUdn,51,16,Winner_2022,73.0,46.3,1,True,0.0,
3HBUdn,51,17,Winner_2022,72.5,46.5,3,True,0.0,
3HBUdn,51,18,Winner_2022,72.0,49.3,0,True,0.0,
3HBUdn,51,19,Winner_2022,71.5,51.7,2,True,0.0,
3HBUdn,51,20,Winner_2022,71.0,55.7,1,True,0.0,
3HBUdn,51,21,Winner_2022,70.5,60.4,1,True,0.0,
3HBUdn,51,22,Winner_2022,70.0,65.8,0,True,0.0,
3HBUdn,51,23,Winner_2022,69.5,70.9,1,True,0.0,
3HBUdn,51,24,Winner_2022,69.0,76.2,0,True,0.0,
3HBUdn,51,25,Winner_2022,69.5,81.2,0,True,0.0,
3HBUdn,51,26,Winner_2022,70.0,85.7,0,True,0.0,
3HBUdn,51,27,Winner_2022,70.5,89.6,0,True,0.0,
3HBUdn,51,28,Winner_2022,71.0,92.7,0,True,0.0,
3HBUdn,51,29,Winner_2022,71.5,95.1,0,True,0.0,
3HBUdn,51,30,Winner_2022,72.0,96.6,0,True,0.0,
3HBUdn,51,31,Winner_2022,72.5,97.5,0,True,0.0,
3HBUdn,51,32,Winner_2022,73.0,97.9,0,True,0.0,
3HBUdn,51,33,Winner_2022,73.5,97.7,0,True,0.0,
3HBUdn,51,34,Winner_2022,74.0,97.0,0,True,0.0,
3HBUdn,51,35,Winner_2022,74.5,95.6,0,True,0.0,
3HBUdn,51,36,Winner_2022,75.0,93.9,0,True,0.0,
3HBUdn,51,37,Winner_2022,75.5,91.7,0,True,0.0,
3HBUdn,51,38,Winner_2022,76.0,89.1,0,True,0.0,
3HBUdn,51,39,Winner_2022,76.5,86.3,0,True,0.0,
3HBUdn,51,40,Winner_2022,77.0,83.2,0,True,0.0,
3HBUdn,51,41,Winner_2022,77.5,80.0,0,True,0.0,
3HBUdn,51,42,Winner_2022,78.0,76.5,0,True,0.0,
3HBUdn,51,43,Winner_2022,78.5,73.0,0,True,0.0,
3HBUdn,51,44,Winner_2022,79.0,69.4,1,True,0.0,
3HBUdn,51,45,Winner_2022,79.5,66.2,1,True,0.0,
3HBUdn,51,46,Winner_2022,80.0,63.6,0,True,0.0,
3HBUdn,51,47,Winner_2022,80.5,60.9,2,True,0.0,
3HBUdn,51,48,Winner_2022,81.0,59.2,0,True,0.0,
3HBUdn,51,49,Winner_2022,81.5,57.3,4,True,0.0,
3HBUdn,51,50,Winner_2022,82.0,57.0,2,True,0.0,
3HBUdn,51,51,Winner_2022,82.5,57.3,2,True,0.0,
3HBUdn,51,52,Winner_2022,83.0,58.3,1,True,0.0,
3HBUdn,51,53,Winner_2022,83.5,59.3,2,True,0.0,
3HBUdn,51,54,Winner_2022,84.0,60.7,2,True,0.0,
3HBUdn,51,55,Winner_2022,84.5,62.6,1,True,0.0,
3HBUdn,51,56,Winner_2022,85.0,64.7,1,True,0.0,
3HBUdn,51,57,Winner_2022,85.5,67.0,0,True,0.0,
3HBUdn,51,58,Winner_2022,86.0,69.1,0,True,0.0,
3HBUdn,51,59,Winner_2022,86.5,70.8,1,True,0.0,
3HBUdn,51,60,Winner_2022,87.0,72.7,1,True,0.0,
3HBUdn,51,61,Winner_2022,87.5,74.7,3,True,0.0,
3HBUdn,51,62,Winner_2022,88.0,77.6,0,True,0.0,
3HBUdn,51,63,Winner_2022,88.5,80.1,0,True,0.0,
3HBUdn,51,64,Winner_2022,89.0,82.2,0,True,0.0,
3HBUdn,51,65,Winner_2022,89.5,83.8,0,True,0.0,
3HBUdn,51,66,Winner_2022,90.0,84.9,0,True,0.0,
3HBUdn,51,67,Winner_2022,90.5,85.4,0,True,0.0,
3HBUdn,51,68,Winner_2022,90.0,85.4,0,True,0.0,
3HBUdn,51,69,Winner_2022,89.5,85.0,0,True,0.0,
3HBUdn,51,70,Winner_2022,89.0,84.2,0,True,0.0,
3HBUdn,51,71,Winner_2022,88.5,83.0,0,True,0.0,
3HBUdn,51,72,Winner_2022,88.0,81.5,1,True,0.0,
3HBUdn,51,73,Winner_2022,87.5,79.9,0,True,0.0,
3HBUdn,51,74,Winner_2022,87.0,77.9,1,True,0.0,
3HBUdn,51,75,Winner_2022,86.5,75.8,1,True,0.0,
3HBUdn,51,76,Winner_2022,86.0,73.7,2,True,0.0,
3HBUdn,51,77,Winner_2022,85.5,72.0,1,True,0.0,
3HBUdn,51,78,Winner_2022,85.0,70.2,0,True,0.0,
3HBUdn,51,79,Winner_2022,84.5,68.2,2,True,0.0,
3HBUdn,51,80,Winner_2022,84.0,66.4,0,True,0.0,
3HBUdn,51,81,Winner_2022,83.5,64.5,1,True,0.0,
3HBUdn,51,82,Winner_2022,83.0,62.5,1,True,0.0,
3HBUdn,51,83,Winner_2022,82.5,60.6,2,True,0.0,
3HBUdn,51,84,Winner_2022,82.0,58.9,3,True,0.0,
3HBUdn,51,85,Winner_2022,81.5,57.6,3,True,0.0,
3HBUdn,51,86,Winner_2022,81.0,56.6,2,True,0.0,
3HBUdn,51,87,Winner_2022,80.5,55.8,4,True,0.0,
3HBUdn,51,88,Winner_2022,80.0,55.4,1,True,0.0,
3HBUdn,51,89,Winner_2022,79.5,55.0,0,True,0.0,
3HBUdn,51,90,Winner_2022,79.0,54.3,0,True,0.0,
3HBUdn,51,91,Winner_2022,78.5,53.6,1,True,0.0,
3HBUdn,51,92,Winner_2022,78.0,52.9,1,True,0.0,
3HBUdn,51,93,Winner_2022,77.5,52.1,0,True,0.0,
3HBUdn,51,94,Winner_2022,77.0,51.3,3,True,0.0,
3HBUdn,51,95,Winner_2022,76.5,50.8,3,True,0.0,
3HBUdn,51,96,Winner_2022,76.0,50.6,2,True,0.0,
3HBUdn,51,97,Winner_2022,75.5,50.5,3,True,0.0,
3HBUdn,51,98,Winner_2022,75.0,50.7,1,True,0.0,
3HBUdn,51,99,Winner_2022,74.5,51.0,0,True,0.0,
3HBUdn,51,100,Winner_2022,74.0,51.2,0,True,0.0,
3HBUdn,52,1,Winner_2022,81.2,77.0,0,True,0.0,
3HBUdn,52,2,Winner_2022,80.7,61.6,0,True,0.0,
3HBUdn,52,3,Winner_2022,80.2,49.3,2,True,0.0,
3HBUdn,52,4,Winner_2022,79.7,52.0,2,True,0.0,
3HBUdn,52,5,Winner_2022,79.2,61.5,1,True,0.0,
3HBUdn,52,6,Winner_2022,78.7,72.1,0,True,0.0,
3HBUdn,52,7,Winner_2022,78.2,81.8,0,True,0.0,
3HBUdn,52,8,Winner_2022,77.7,88.7,0,True,0.0,
3HBUdn,52,9,Winner_2022,77.2,92.8,0,True,0.0,
3HBUdn,52,10,Winner_2022,76.7,94.7,0,True,0.0,
3HBUdn,52,11,Winner_2022,77.2,95.0,0,True,0.0,
3HBUdn,52,12,Winner_2022,77.7,93.7,0,True,0.0,
3HBUdn,52,13,Winner_2022,78.2,90.3,0,True,0.0,
3HBUdn,52,14,Winner_2022,78.7,85.6,0,True,0.0,
3HBUdn,52,15,Winner_2022,79.2,80.0,0,True,0.0,
3HBUdn,52,16,Winner_2022,79.6,73.9,0,True,0.0,
3HBUdn,52,17,Winner_2022,80.1,67.5,1,True,0.0,
3HBUdn,52,18,Winner_2022,80.6,62.8,0,True,0.0,
3HBUdn,52,19,Winner_2022,81.1,58.1,1,True,0.0,
3HBUdn,52,20,Winner_2022,81.6,54.5,0,True,0.0,
3HBUdn,52,21,Winner_2022,82.1,50.8,0,True,0.0,
3HBUdn,52,22,Winner_2022,82.6,47.1,4,True,0.0,
3HBUdn,52,23,Winner_2022,83.1,46.6,0,True,0.0,
3HBUdn,52,24,Winner_2022,83.6,45.6,0,True,0.0,
3HBUdn,52,25,Winner_2022,84.1,44.3,1,True,0.0,
3HBUdn,52,26,Winner_2022,84.6,43.5,0,True,0.0,
3HBUdn,52,27,Winner_2022,84.1,42.3,1,True,0.0,
3HBUdn,52,28,Winner_2022,83.6,41.4,0,True,0.0,
3HBUdn,52,29,Winner_2022,83.1,40.3,1,True,0.0,
3HBUdn,52,30,Winner_2022,82.6,39.4,0,True,0.0,
3HBUdn,52,31,Winner_2022,82.1,38.3,1,True,0.0,
3HBUdn,52,32,Winner_2022,81.6,37.5,0,True,0.0,
3HBUdn,52,33,Winner_2022,81.1,36.6,0,True,0.0,
3HBUdn,52,34,Winner_2022,80.6,35.5,4,True,0.0,
3HBUdn,52,35,Winner_2022,80.1,35.8,0,True,0.0,
3HBUdn,52,36,Winner_2022,79.6,35.9,1,True,0.0,
3HBUdn,52,37,Winner_2022,79.1,36.2,1,True,0.0,
3HBUdn,52,38,Winner_2022,78.6,36.6,1,True,0.0,
3HBUdn,52,39,Winner_2022,78.1,37.3,2,True,0.0,
3HBUdn,52,40,Winner_2022,77.6,38.5,0,True,0.0,
3HBUdn,52,41,Winner_2022,77.1,39.5,0,True,0.0,
3HBUdn,52,42,Winner_2022,76.6,40.4,1,True,0.0,
3HBUdn,52,43,Winner_2022,76.1,41.4,0,True,0.0,
3HBUdn,52,44,Winner_2022,75.6,42.3,2,True,0.0,
3HBUdn,52,45,Winner_2022,75.1,43.7,0,True,0.0,
3HBUdn,52,46,Winner_2022,74.6,44.9,1,True,0.0,
3HBUdn,52,47,Winner_2022,74.1,46.3,3,True,0.0,
3HBUdn,52,48,Winner_2022,73.6,48.8,1,True,0.0,
3HBUdn,52,49,Winner_2022,73.1,51.5,1,True,0.0,
3HBUdn,52,50,Winner_2022,72.6,54.5,3,True,0.0,
3HBUdn,52,51,Winner_2022,72.1,58.6,0,True,0.0,
3HBUdn,52,52,Winner_2022,71.6,62.6,2,True,0.0,
3HBUdn,52,53,Winner_2022,71.1,67.3,1,True,0.0,
3HBUdn,52,54,Winner_2022,70.6,72.2,0,True,0.0,
3HBUdn,52,55,Winner_2022,70.1,77.0,0,True,0.0,
3HBUdn,52,56,Winner_2022,69.6,81.5,0,True,0.0,
3HBUdn,52,57,Winner_2022,69.1,86.0,0,True,0.0,
3HBUdn,52,58,Winner_2022,68.6,90.3,0,True,0.0,
3HBUdn,52,59,Winner_2022,68.1,94.3,0,True,0.0,
3HBUdn,52,60,Winner_2022,67.6,98.0,0,True,0.0,
3HBUdn,52,61,Winner_2022,67.1,100.0,0,True,0.0,
3HBUdn,52,62,Winner_2022,66.6,100.0,0,True,0.0,
3HBUdn,52,63,Winner_2022,66.1,100.0,0,True,0.0,
3HBUdn,52,64,Winner_2022,65.6,100.0,0,True,0.0,
3HBUdn,52,65,Winner_2022,65.1,100.0,0,True,0.0,
3HBUdn,52,66,Winner_2022,64.6,100.0,0,True,0.0,
3HBUdn,52,67,Winner_2022,64.1,99.6,0,True,0.0,
3HBUdn,52,68,Winner_2022,63.6,98.7,0,True,0.0,
3HBUdn,52,69,Winner_2022,63.1,97.3,0,True,0.0,
3HBUdn,52,70,Winner_2022,62.6,95.5,0,True,0.0,
3HBUdn,52,71,Winner_2022,62.1,93.2,0,True,0.0,
3HBUdn,52,72,Winner_2022,61.6,90.7,0,True,0.0,
3HBUdn,52,73,Winner_2022,61.1,87.7,0,True,0.0,
3HBUdn,52,74,Winner_2022,60.6,84.5,0,True,0.0,
3HBUdn,52,75,Winner_2022,60.1,80.8,0,True,0.0,
3HBUdn,52,76,Winner_2022,59.6,77.0,0,True,0.0,
3HBUdn,52,77,Winner_2022,59.1,73.2,0,True,0.0,
3HBUdn,52,78,Winner_2022,58.6,69.2,0,True,0.0,
3HBUdn,52,79,Winner_2022,58.1,65.1,0,True,0.0,
3HBUdn,52,80,Winner_2022,57.6,61.2,4,True,0.0,
3HBUdn,52,81,Winner_2022,57.1,58.1,1,True,0.0,
3HBUdn,52,82,Winner_2022,56.6,55.1,0,True,0.0,
3HBUdn,52,83,Winner_2022,56.1,52.2,0,True,0.0,
3HBUdn,52,84,Winner_2022,55.6,49.2,2,True,0.0,
3HBUdn,52,85,Winner_2022,55.1,46.5,0,True,0.0,
3HBUdn,52,86,Winner_2022,54.6,43.9,1,True,0.0,
3HBUdn,52,87,Winner_2022,54.1,41.3,0,True,0.0,
3HBUdn,52,88,Winner_2022,53.6,38.8,3,True,0.0,
3HBUdn,52,89,Winner_2022,53.1,36.7,2,True,0.0,
3HBUdn,52,90,Winner_2022,52.6,34.8,3,True,0.0,
3HBUdn,52,91,Winner_2022,52.1,33.3,0,True,0.0,
3HBUdn,52,92,Winner_2022,51.6,31.7,4,True,0.0,
3HBUdn,52,93,Winner_2022,51.1,30.5,3,True,0.0,
3HBUdn,52,94,Winner_2022,50.6,29.5,3,True,0.0,
3HBUdn,52,95,Winner_2022,50.1,28.8,0,True,0.0,
3HBUdn,52,96,Winner_2022,49.6,27.9,1,True,0.0,
3HBUdn,52,97,Winner_2022,49.1,27.2,1,True,0.0,
3HBUdn,52,98,Winner_2022,48.6,26.4,0,True,0.0,
3HBUdn,52,99,Winner_2022,48.1,25.7,1,True,0.0,
3HBUdn,52,100,Winner_2022,47.6,25.0,2,True,0.0,
3HBUdn,53,1,Winner_2022,74.5,73.0,0,True,0.0,
3HBUdn,53,2,Winner_2022,75.0,58.4,2,True,0.0,
3HBUdn,53,3,Winner_2022,75.5,66.2,0,True,0.0,
3HBUdn,53,4,Winner_2022,76.0,69.8,0,True,0.0,
3HBUdn,53,5,Winner_2022,76.5,69.2,0,True,0.0,
3HBUdn,53,6,Winner_2022,77.0,65.7,1,True,0.0,
3HBUdn,53,7,Winner_2022,77.5,65.7,0,True,0.0,
3HBUdn,53,8,Winner_2022,78.0,63.8,3,True,0.0,
3HBUdn,53,9,Winner_2022,78.5,69.9,0,True,0.0,
3HBUdn,53,10,Winner_2022,79.0,74.4,0,True,0.0,
3HBUdn,53,11,Winner_2022,79.5,77.6,1,True,0.0,
3HBUdn,53,12,Winner_2022,80.0,82.3,0,True,0.0,
3HBUdn,53,13,Winner_2022,80.5,84.8,0,True,0.0,
3HBUdn,53,14,Winner_2022,81.0,85.5,0,True,0.0,
3HBUdn,53,15,Winner_2022,81.5,84.4,0,True,0.0,
3HBUdn,53,16,Winner_2022,82.0,82.1,1,True,0.0,
3HBUdn,53,17,Winner_2022,82.1,80.7,1,True,0.0,
3HBUdn,53,18,Winner_2022,82.6,80.3,0,True,0.0,
3HBUdn,53,19,Winner_2022,83.1,79.2,1,True,0.0,
3HBUdn,53,20,Winner_2022,83.6,79.0,0,True,0.0,
3HBUdn,53,21,Winner_2022,84.1,78.2,1,True,0.0,
3HBUdn,53,22,Winner_2022,84.6,78.1,0,True,0.0,
3HBUdn,53,23,Winner_2022,85.1,77.4,0,True,0.0,
3HBUdn,53,24,Winner_2022,85.6,75.7,0,True,0.0,
3HBUdn,53,25,Winner_2022,86.1,73.5,0,True,0.0,
3HBUdn,53,26,Winner_2022,86.6,71.0,2,True,0.0,
3HBUdn,53,27,Winner_2022,87.1,70.1,1,True,0.0,
3HBUdn,53,28,Winner_2022,87.6,69.7,0,True,0.0,
3HBUdn,53,29,Winner_2022,88.1,68.7,2,True,0.0,
3HBUdn,53,30,Winner_2022,88.6,68.9,1,True,0.0,
3HBUdn,53,31,Winner_2022,89.1,69.5,2,True,0.0,
3HBUdn,53,32,Winner_2022,89.6,71.5,0,True,0.0,
3HBUdn,53,33,Winner_2022,90.1,73.0,1,True,0.0,
3HBUdn,53,34,Winner_2022,89.6,74.9,1,True,0.0,
3HBUdn,53,35,Winner_2022,89.1,77.2,0,True,0.0,
3HBUdn,53,36,Winner_2022,88.6,79.0,0,True,0.0,
3HBUdn,53,37,Winner_2022,88.1,80.5,0,True,0.0,
3HBUdn,53,38,Winner_2022,87.6,81.5,1,True,0.0,
3HBUdn,53,39,Winner_2022,87.1,82.9,0,True,0.0,
3HBUdn,53,40,Winner_2022,86.6,84.0,0,True,0.0,
3HBUdn,53,41,Winner_2022,86.1,84.8,0,True,0.0,
3HBUdn,53,42,Winner_2022,85.6,85.0,0,True,0.0,
3HBUdn,53,43,Winner_2022,85.3,84.9,0,True,0.0,
3HBUdn,53,44,Winner_2022,85.1,84.4,0,True,0.0,
3HBUdn,53,45,Winner_2022,84.8,83.5,0,True,0.0,
3HBUdn,53,46,Winner_2022,84.3,82.4,0,True,0.0,
3HBUdn,53,47,Winner_2022,83.8,80.9,1,True,0.0,
3HBUdn,53,48,Winner_2022,83.3,79.9,0,True,0.0,
3HBUdn,53,49,Winner_2022,82.8,78.6,1,True,0.0,
3HBUdn,53,50,Winner_2022,82.3,77.6,1,True,0.0,
3HBUdn,53,51,Winner_2022,81.8,76.9,1,True,0.0,
3HBUdn,53,52,Winner_2022,81.3,76.4,0,True,0.0,
3HBUdn,53,53,Winner_2022,80.8,75.5,0,True,0.0,
3HBUdn,53,54,Winner_2022,80.3,74.2,1,True,0.0,
3HBUdn,53,55,Winner_2022,79.8,73.0,1,True,0.0,
3HBUdn,53,56,Winner_2022,79.3,72.0,0,True,0.0,
3HBUdn,53,57,Winner_2022,78.8,70.8,0,True,0.0,
3HBUdn,53,58,Winner_2022,78.3,69.3,1,True,0.0,
3HBUdn,53,59,Winner_2022,77.8,68.1,0,True,0.0,
3HBUdn,53,60,Winner_2022,77.3,66.6,1,True,0.0,
3HBUdn,53,61,Winner_2022,76.8,65.2,2,True,0.0,
3HBUdn,53,62,Winner_2022,76.3,64.3,0,True,0.0,
3HBUdn,53,63,Winner_2022,75.8,63.1,1,True,0.0,
3HBUdn,53,64,Winner_2022,75.3,62.0,2,True,0.0,
3HBUdn,53,65,Winner_2022,74.8,61.2,2,True,0.0,
3HBUdn,53,66,Winner_2022,74.3,60.7,0,True,0.0,
3HBUdn,53,67,Winner_2022,73.8,59.9,2,True,0.0,
3HBUdn,53,68,Winner_2022,73.3,59.3,1,True,0.0,
3HBUdn,53,69,Winner_2022,72.8,58.7,3,True,0.0,
3HBUdn,53,70,Winner_2022,72.3,58.7,4,True,0.0,
3HBUdn,53,71,Winner_2022,71.8,59.5,1,True,0.0,
3HBUdn,53,72,Winner_2022,71.3,60.2,4,True,0.0,
3HBUdn,53,73,Winner_2022,70.8,61.6,3,True,0.0,
3HBUdn,53,74,Winner_2022,70.3,63.4,0,True,0.0,
3HBUdn,53,75,Winner_2022,69.8,64.8,1,True,0.0,
3HBUdn,53,76,Winner_2022,69.3,66.1,1,True,0.0,
3HBUdn,53,77,Winner_2022,68.8,67.3,0,True,0.0,
3HBUdn,53,78,Winner_2022,68.3,68.1,1,True,0.0,
3HBUdn,53,79,Winner_2022,68.2,68.9,0,True,0.0,
3HBUdn,53,80,Winner_2022,67.9,69.3,1,True,0.0,
3HBUdn,53,81,Winner_2022,67.4,69.7,0,True,0.0,
3HBUdn,53,82,Winner_2022,66.9,69.7,0,True,0.0,
3HBUdn,53,83,Winner_2022,66.4,69.4,0,True,0.0,
3HBUdn,53,84,Winner_2022,65.9,68.9,0,True,0.0,
3HBUdn,53,85,Winner_2022,65.4,68.0,2,True,0.0,
3HBUdn,53,86,Winner_2022,64.9,67.2,1,True,0.0,
3HBUdn,53,87,Winner_2022,64.4,66.4,0,True,0.0,
3HBUdn,53,88,Winner_2022,63.9,65.4,0,True,0.0,
3HBUdn,53,89,Winner_2022,63.4,64.1,0,True,0.0,
3HBUdn,53,90,Winner_2022,63.0,62.7,1,True,0.0,
3HBUdn,53,91,Winner_2022,62.8,61.3,0,True,0.0,
3HBUdn,53,92,Winner_2022,62.3,59.7,1,True,0.0,
3HBUdn,53,93,Winner_2022,61.8,58.3,2,True,0.0,
3HBUdn,53,94,Winner_2022,61.3,57.0,2,True,0.0,
3HBUdn,53,95,Winner_2022,60.8,56.0,0,True,0.0,
3HBUdn,53,96,Winner_2022,60.3,54.9,1,True,0.0,
3HBUdn,53,97,Winner_2022,59.8,53.8,1,True,0.0,
3HBUdn,53,98,Winner_2022,59.3,52.8,1,True,0.0,
3HBUdn,53,99,Winner_2022,58.8,51.8,0,True,0.0,
3HBUdn,53,100,Winner_2022,58.3,50.8,2,True,0.0,
3HBUdn,54,1,Winner_2022,73.1,89.0,0,True,0.0,
3HBUdn,54,2,Winner_2022,72.6,71.2,0,True,0.0,
3HBUdn,54,3,Winner_2022,72.1,57.0,0,True,0.0,
3HBUdn,54,4,Winner_2022,71.6,45.6,0,True,0.0,
3HBUdn,54,5,Winner_2022,71.1,36.5,0,True,0.0,
3HBUdn,54,6,Winner_2022,70.6,29.2,1,True,0.0,
3HBUdn,54,7,Winner_2022,70.1,25.3,3,True,0.0,
3HBUdn,54,8,Winner_2022,69.6,26.0,0,True,0.0,
3HBUdn,54,9,Winner_2022,69.1,25.9,0,True,0.0,
3HBUdn,54,10,Winner_2022,68.6,25.3,2,True,0.0,
3HBUdn,54,11,Winner_2022,68.1,26.4,0,True,0.0,
3HBUdn,54,12,Winner_2022,67.6,27.0,0,True,0.0,
3HBUdn,54,13,Winner_2022,67.1,26.9,1,True,0.0,
3HBUdn,54,14,Winner_2022,66.6,27.1,3,True,0.0,
3HBUdn,54,15,Winner_2022,66.1,29.0,1,True,0.0,
3HBUdn,54,16,Winner_2022,65.6,31.1,0,True,0.0,
3HBUdn,54,17,Winner_2022,65.1,32.6,1,True,0.0,
3HBUdn,54,18,Winner_2022,64.6,34.6,1,True,0.0,
3HBUdn,54,19,Winner_2022,64.1,37.0,0,True,0.0,
3HBUdn,54,20,Winner_2022,63.6,39.1,2,True,0.0,
3HBUdn,54,21,Winner_2022,63.1,42.4,1,True,0.0,
3HBUdn,54,22,Winner_2022,62.6,46.2,0,True,0.0,
3HBUdn,54,23,Winner_2022,62.1,49.8,2,True,0.0,
3HBUdn,54,24,Winner_2022,61.6,54.3,3,True,0.0,
3HBUdn,54,25,Winner_2022,61.1,61.2,1,True,0.0,
3HBUdn,54,26,Winner_2022,61.1,69.3,0,True,0.0,
3HBUdn,54,27,Winner_2022,60.6,77.5,0,True,0.0,
3HBUdn,54,28,Winner_2022,60.1,85.5,0,True,0.0,
3HBUdn,54,29,Winner_2022,59.6,93.3,0,True,0.0,
3HBUdn,54,30,Winner_2022,60.1,100.0,0,True,0.0,
3HBUdn,54,31,Winner_2022,60.6,100.0,0,True,0.0,
3HBUdn,54,32,Winner_2022,61.1,100.0,0,True,0.0,
3HBUdn,54,33,Winner_2022,61.6,100.0,0,True,0.0,
3HBUdn,54,34,Winner_2022,62.1,100.0,0,True,0.0,
3HBUdn,54,35,Winner_2022,62.6,100.0,0,True,0.0,
3HBUdn,54,36,Winner_2022,63.1,100.0,0,True,0.0,
3HBUdn,54,37,Winner_2022,63.6,100.0,0,True,0.0,
3HBUdn,54,38,Winner_2022,64.1,100.0,0,True,0.0,
3HBUdn,54,39,Winner_2022,64.6,100.0,0,True,0.0,
3HBUdn,54,40,Winner_2022,65.1,100.0,0,True,0.0,
3HBUdn,54,41,Winner_2022,65.6,100.0,0,True,0.0,
3HBUdn,54,42,Winner_2022,66.1,100.0,0,True,0.0,
3HBUdn,54,43,Winner_2022,66.6,99.9,0,True,0.0,
3HBUdn,54,44,Winner_2022,67.1,99.3,0,True,0.0,
3HBUdn,54,45,Winner_2022,67.6,98.3,0,True,0.0,
3HBUdn,54,46,Winner_2022,68.1,96.9,0,True,0.0,
3HBUdn,54,47,Winner_2022,68.6,95.1,0,True,0.0,
3HBUdn,54,48,Winner_2022,69.1,93.2,0,True,0.0,
3HBUdn,54,49,Winner_2022,69.6,91.0,0,True,0.0,
3HBUdn,54,50,Winner_2022,70.1,88.4,0,True,0.0,
3HBUdn,54,51,Winner_2022,70.6,85.6,0,True,0.0,
3HBUdn,54,52,Winner_2022,71.1,82.5,0,True,0.0,
3HBUdn,54,53,Winner_2022,71.6,79.1,0,True,0.0,
3HBUdn,54,54,Winner_2022,72.1,75.5,0,True,0.0,
3HBUdn,54,55,Winner_2022,72.6,71.7,0,True,0.0,
3HBUdn,54,56,Winner_2022,73.0,67.9,3,True,0.0,
3HBUdn,54,57,Winner_2022,73.5,65.4,0,True,0.0,
3HBUdn,54,58,Winner_2022,74.0,62.8,0,True,0.0,
3HBUdn,54,59,Winner_2022,74.5,60.1,0,True,0.0,
3HBUdn,54,60,Winner_2022,75.0,57.3,2,True,0.0,
3HBUdn,54,61,Winner_2022,75.5,55.1,0,True,0.0,
3HBUdn,54,62,Winner_2022,76.0,52.7,2,True,0.0,
3HBUdn,54,63,Winner_2022,76.5,50.8,1,True,0.0,
3HBUdn,54,64,Winner_2022,77.0,49.1,1,True,0.0,
3HBUdn,54,65,Winner_2022,77.5,47.4,1,True,0.0,
3HBUdn,54,66,Winner_2022,78.0,45.8,1,True,0.0,
3HBUdn,54,67,Winner_2022,78.5,44.2,0,True,0.0,
3HBUdn,54,68,Winner_2022,79.0,42.5,0,True,0.0,
3HBUdn,54,69,Winner_2022,79.5,40.7,2,True,0.0,
3HBUdn,54,70,Winner_2022,80.0,39.2,1,True,0.0,
3HBUdn,54,71,Winner_2022,80.5,37.7,3,True,0.0,
3HBUdn,54,72,Winner_2022,81.0,36.7,1,True,0.0,
3HBUdn,54,73,Winner_2022,81.5,35.7,0,True,0.0,
3HBUdn,54,74,Winner_2022,82.0,34.5,2,True,0.0,
3HBUdn,54,75,Winner_2022,82.5,33.4,3,True,0.0,
3HBUdn,54,76,Winner_2022,83.0,32.6,1,True,0.0,
3HBUdn,54,77,Winner_2022,83.5,31.9,3,True,0.0,
3HBUdn,54,78,Winner_2022,84.0,31.3,0,True,0.0,
3HBUdn,54,79,Winner_2022,84.5,30.6,2,True,0.0,
3HBUdn,54,80,Winner_2022,85.0,30.1,2,True,0.0,
3HBUdn,54,81,Winner_2022,85.5,29.6,0,True,0.0,
3HBUdn,54,82,Winner_2022,85.0,29.0,1,True,0.0,
3HBUdn,54,83,Winner_2022,84.5,28.4,1,True,0.0,
3HBUdn,54,84,Winner_2022,84.0,27.8,2,True,0.0,
3HBUdn,54,85,Winner_2022,83.5,27.3,0,True,0.0,
3HBUdn,54,86,Winner_2022,83.0,26.6,2,True,0.0,
3HBUdn,54,87,Winner_2022,82.5,26.1,1,True,0.0,
3HBUdn,54,88,Winner_2022,82.0,25.5,3,True,0.0,
3HBUdn,54,89,Winner_2022,81.5,25.1,2,True,0.0,
3HBUdn,54,90,Winner_2022,81.0,24.7,1,True,0.0,
3HBUdn,54,91,Winner_2022,80.5,24.4,3,True,0.0,
3HBUdn,54,92,Winner_2022,80.0,24.2,2,True,0.0,
3HBUdn,54,93,Winner_2022,79.5,24.1,0,True,0.0,
3HBUdn,54,94,Winner_2022,79.0,23.9,0,True,0.0,
3HBUdn,54,95,Winner_2022,78.5,23.6,3,True,0.0,
3HBUdn,54,96,Winner_2022,78.0,23.5,3,True,0.0,
3HBUdn,54,97,Winner_2022,77.5,23.6,1,True,0.0,
3HBUdn,54,98,Winner_2022,77.0,23.6,1,True,0.0,
3HBUdn,54,99,Winner_2022,76.5,23.7,1,True,0.0,
3HBUdn,54,100,Winner_2022,76.0,23.8,0,True,0.0,
3HBUdn,55,1,Winner_2022,74.5,67.0,4,True,0.0,
3HBUdn,55,2,Winner_2022,74.0,80.4,1,True,0.0,
3HBUdn,55,3,Winner_2022,73.5,96.5,0,True,0.0,
3HBUdn,55,4,Winner_2022,74.0,100.0,0,True,0.0,
3HBUdn,55,5,Winner_2022,74.5,100.0,0,True,0.0,
3HBUdn,55,6,Winner_2022,75.0,100.0,0,True,0.0,
3HBUdn,55,7,Winner_2022,75.5,100.0,0,True,0.0,
3HBUdn,55,8,Winner_2022,76.0,100.0,0,True,0.0,
3HBUdn,55,9,Winner_2022,76.5,100.0,0,True,0.0,
3HBUdn,55,10,Winner_2022,77.0,100.0,0,True,0.0,
3HBUdn,55,11,Winner_2022,77.5,100.0,0,True,0.0,
3HBUdn,55,12,Winner_2022,78.0,98.6,0,True,0.0,
3HBUdn,55,13,Winner_2022,78.5,95.0,0,True,0.0,
3HBUdn,55,14,Winner_2022,79.0,90.2,0,True,0.0,
3HBUdn,55,15,Winner_2022,79.5,84.2,0,True,0.0,
3HBUdn,55,16,Winner_2022,80.0,77.8,1,True,0.0,
3HBUdn,55,17,Winner_2022,80.5,72.9,1,True,0.0,
3HBUdn,55,18,Winner_2022,80.0,69.3,3,True,0.0,
3HBUdn,55,19,Winner_2022,79.5,69.9,2,True,0.0,
3HBUdn,55,20,Winner_2022,79.0,72.4,0,True,0.0,
3HBUdn,55,21,Winner_2022,78.5,74.5,1,True,0.0,
3HBUdn,55,22,Winner_2022,78.0,77.0,0,True,0.0,
3HBUdn,55,23,Winner_2022,78.5,79.0,0,True,0.0,
3HBUdn,55,24,Winner_2022,78.7,79.8,0,True,0.0,
3HBUdn,55,25,Winner_2022,79.2,80.0,0,True,0.0,
3HBUdn,55,26,Winner_2022,79.6,79.7,0,True,0.0,
3HBUdn,55,27,Winner_2022,79.7,78.7,2,True,0.0,
3HBUdn,55,28,Winner_2022,80.1,79.3,0,True,0.0,
3HBUdn,55,29,Winner_2022,80.6,79.2,0,True,0.0,
3HBUdn,55,30,Winner_2022,81.1,78.5,0,True,0.0,
3HBUdn,55,31,Winner_2022,81.6,77.2,0,True,0.0,
3HBUdn,55,32,Winner_2022,82.1,75.7,2,True,0.0,
3HBUdn,55,33,Winner_2022,82.6,75.6,0,True,0.0,
3HBUdn,55,34,Winner_2022,83.1,75.0,1,True,0.0,
3HBUdn,55,35,Winner_2022,83.6,74.8,0,True,0.0,
3HBUdn,55,36,Winner_2022,84.1,74.2,0,True,0.0,
3HBUdn,55,37,Winner_2022,84.6,73.2,2,True,0.0,
3HBUdn,55,38,Winner_2022,85.1,73.4,1,True,0.0,
3HBUdn,55,39,Winner_2022,85.6,74.0,0,True,0.0,
3HBUdn,55,40,Winner_2022,86.1,74.3,1,True,0.0,
3HBUdn,55,41,Winner_2022,86.6,74.9,2,True,0.0,
3HBUdn,55,42,Winner_2022,87.1,76.5,0,True,0.0,
3HBUdn,55,43,Winner_2022,86.6,77.8,0,True,0.0,
3HBUdn,55,44,Winner_2022,86.1,78.7,2,True,0.0,
3HBUdn,55,45,Winner_2022,85.6,80.6,0,True,0.0,
3HBUdn,55,46,Winner_2022,85.1,82.2,0,True,0.0,
3HBUdn,55,47,Winner_2022,84.6,83.4,0,True,0.0,
3HBUdn,55,48,Winner_2022,84.1,84.4,0,True,0.0,
3HBUdn,55,49,Winner_2022,83.9,85.2,0,True,0.0,
3HBUdn,55,50,Winner_2022,83.4,85.4,0,True,0.0,
3HBUdn,55,51,Winner_2022,82.9,85.2,0,True,0.0,
3HBUdn,55,52,Winner_2022,82.4,84.7,0,True,0.0,
3HBUdn,55,53,Winner_2022,81.9,83.7,1,True,0.0,
3HBUdn,55,54,Winner_2022,81.4,82.8,0,True,0.0,
3HBUdn,55,55,Winner_2022,80.9,81.5,0,True,0.0,
3HBUdn,55,56,Winner_2022,80.6,79.8,0,True,0.0,
3HBUdn,55,57,Winner_2022,80.2,78.0,0,True,0.0,
3HBUdn,55,58,Winner_2022,79.7,75.9,3,True,0.0,
3HBUdn,55,59,Winner_2022,79.2,75.0,0,True,0.0,
3HBUdn,55,60,Winner_2022,78.7,73.8,0,True,0.0,
3HBUdn,55,61,Winner_2022,78.2,72.2,0,True,0.0,
3HBUdn,55,62,Winner_2022,77.7,70.4,1,True,0.0,
3HBUdn,55,63,Winner_2022,77.2,68.7,2,True,0.0,
3HBUdn,55,64,Winner_2022,76.7,67.5,0,True,0.0,
3HBUdn,55,65,Winner_2022,76.2,65.9,0,True,0.0,
3HBUdn,55,66,Winner_2022,75.7,64.0,2,True,0.0,
3HBUdn,55,67,Winner_2022,75.2,62.5,0,True,0.0,
3HBUdn,55,68,Winner_2022,74.7,60.6,1,True,0.0,
3HBUdn,55,69,Winner_2022,74.2,58.9,1,True,0.0,
3HBUdn,55,70,Winner_2022,73.7,57.3,0,True,0.0,
3HBUdn,55,71,Winner_2022,73.2,55.4,0,True,0.0,
3HBUdn,55,72,Winner_2022,72.7,53.4,1,True,0.0,
3HBUdn,55,73,Winner_2022,72.2,51.4,2,True,0.0,
3HBUdn,55,74,Winner_2022,71.7,49.7,2,True,0.0,
3HBUdn,55,75,Winner_2022,71.2,48.2,1,True,0.0,
3HBUdn,55,76,Winner_2022,70.7,46.7,3,True,0.0,
3HBUdn,55,77,Winner_2022,70.2,45.6,1,True,0.0,
3HBUdn,55,78,Winner_2022,69.7,44.5,2,True,0.0,
3HBUdn,55,79,Winner_2022,69.2,43.5,2,True,0.0,
3HBUdn,55,80,Winner_2022,68.7,42.7,2,True,0.0,
3HBUdn,55,81,Winner_2022,68.2,42.0,1,True,0.0,
3HBUdn,55,82,Winner_2022,67.7,41.3,1,True,0.0,
3HBUdn,55,83,Winner_2022,67.2,40.6,1,True,0.0,
3HBUdn,55,84,Winner_2022,66.7,39.9,0,True,0.0,
3HBUdn,55,85,Winner_2022,66.2,39.0,1,True,0.0,
3HBUdn,55,86,Winner_2022,65.7,38.1,1,True,0.0,
3HBUdn,55,87,Winner_2022,65.2,37.1,0,True,0.0,
3HBUdn,55,88,Winner_2022,64.7,36.1,0,True,0.0,
3HBUdn,55,89,Winner_2022,64.2,35.0,1,True,0.0,
3HBUdn,55,90,Winner_2022,63.7,33.9,3,True,0.0,
3HBUdn,55,91,Winner_2022,63.2,33.1,0,True,0.0,
3HBUdn,55,92,Winner_2022,62.7,32.2,0,True,0.0,
3HBUdn,55,93,Winner_2022,62.2,31.2,0,True,0.0,
3HBUdn,55,94,Winner_2022,61.7,30.2,1,True,0.0,
3HBUdn,55,95,Winner_2022,61.2,29.2,1,True,0.0,
3HBUdn,55,96,Winner_2022,60.7,28.3,2,True,0.0,
3HBUdn,55,97,Winner_2022,60.2,27.6,0,True,0.0,
3HBUdn,55,98,Winner_2022,59.7,26.7,3,True,0.0,
3HBUdn,55,99,Winner_2022,59.2,26.1,1,True,0.0,
3HBUdn,55,100,Winner_2022,58.7,25.6,1,True,0.0,
3HBUdn,56,1,Winner_2022,74.0,52.0,0,True,0.0,
3HBUdn,56,2,Winner_2022,73.5,41.6,1,True,0.0,
3HBUdn,56,3,Winner_2022,73.0,40.2,0,True,0.0,
3HBUdn,56,4,Winner_2022,72.5,37.3,0,True,0.0,
3HBUdn,56,5,Winner_2022,72.0,33.4,0,True,0.0,
3HBUdn,56,6,Winner_2022,71.5,29.2,0,True,0.0,
3HBUdn,56,7,Winner_2022,71.0,25.3,0,True,0.0,
3HBUdn,56,8,Winner_2022,70.5,21.7,1,True,0.0,
3HBUdn,56,9,Winner_2022,70.0,19.5,0,True,0.0,
3HBUdn,56,10,Winner_2022,69.5,17.3,1,True,0.0,
3HBUdn,56,11,Winner_2022,69.0,16.0,3,True,0.0,
3HBUdn,56,12,Winner_2022,68.5,16.3,2,True,0.0,
3HBUdn,56,13,Winner_2022,68.0,17.3,2,True,0.0,
3HBUdn,56,14,Winner_2022,67.5,19.0,1,True,0.0,
3HBUdn,56,15,Winner_2022,67.0,20.9,0,True,0.0,
3HBUdn,56,16,Winner_2022,66.5,22.4,1,True,0.0,
3HBUdn,56,17,Winner_2022,66.0,24.0,0,True,0.0,
3HBUdn,56,18,Winner_2022,65.5,25.4,1,True,0.0,
3HBUdn,56,19,Winner_2022,65.0,27.2,1,True,0.0,
3HBUdn,56,20,Winner_2022,64.5,29.3,0,True,0.0,
3HBUdn,56,21,Winner_2022,64.0,31.2,0,True,0.0,
3HBUdn,56,22,Winner_2022,63.5,32.8,1,True,0.0,
3HBUdn,56,23,Winner_2022,63.0,34.8,1,True,0.0,
3HBUdn,56,24,Winner_2022,62.5,36.9,0,True,0.0,
3HBUdn,56,25,Winner_2022,62.0,38.7,0,True,0.0,
3HBUdn,56,26,Winner_2022,61.5,40.3,0,True,0.0,
3HBUdn,56,27,Winner_2022,61.0,41.6,1,True,0.0,
3HBUdn,56,28,Winner_2022,60.5,43.0,1,True,0.0,
3HBUdn,56,29,Winner_2022,60.0,44.7,3,True,0.0,
3HBUdn,56,30,Winner_2022,59.5,47.7,0,True,0.0,
3HBUdn,56,31,Winner_2022,59.0,50.4,1,True,0.0,
3HBUdn,56,32,Winner_2022,58.5,53.7,0,True,0.0,
3HBUdn,56,33,Winner_2022,58.0,56.7,1,True,0.0,
3HBUdn,56,34,Winner_2022,57.5,60.1,0,True,0.0,
3HBUdn,56,35,Winner_2022,58.0,63.2,0,True,0.0,
3HBUdn,56,36,Winner_2022,58.5,66.1,0,True,0.0,
3HBUdn,56,37,Winner_2022,59.0,68.7,0,True,0.0,
3HBUdn,56,38,Winner_2022,59.5,70.9,0,True,0.0,
3HBUdn,56,39,Winner_2022,60.0,72.9,0,True,0.0,
3HBUdn,56,40,Winner_2022,60.5,74.6,0,True,0.0,
3HBUdn,56,41,Winner_2022,61.0,75.9,0,True,0.0,
3HBUdn,56,42,Winner_2022,61.5,76.8,0,True,0.0,
3HBUdn,56,43,Winner_2022,62.0,77.4,0,True,0.0,
3HBUdn,56,44,Winner_2022,62.5,77.7,0,True,0.0,
3HBUdn,56,45,Winner_2022,63.0,77.5,0,True,0.0,
3HBUdn,56,46,Winner_2022,63.5,77.1,0,True,0.0,
3HBUdn,56,47,Winner_2022,64.0,76.3,0,True,0.0,
3HBUdn,56,48,Winner_2022,64.5,75.4,0,True,0.0,
3HBUdn,56,49,Winner_2022,65.0,74.2,0,True,0.0,
3HBUdn,56,50,Winner_2022,65.5,72.7,2,True,0.0,
3HBUdn,56,51,Winner_2022,66.0,72.0,0,True,0.0,
3HBUdn,56,52,Winner_2022,66.5,71.0,1,True,0.0,
3HBUdn,56,53,Winner_2022,67.0,70.2,0,True,0.0,
3HBUdn,56,54,Winner_2022,67.5,69.0,0,True,0.0,
3HBUdn,56,55,Winner_2022,68.0,67.4,1,True,0.0,
3HBUdn,56,56,Winner_2022,68.3,66.0,0,True,0.0,
3HBUdn,56,57,Winner_2022,68.8,64.5,3,True,0.0,
3HBUdn,56,58,Winner_2022,69.3,64.0,1,True,0.0,
3HBUdn,56,59,Winner_2022,69.8,63.6,1,True,0.0,
3HBUdn,56,60,Winner_2022,70.3,63.4,1,True,0.0,
3HBUdn,56,61,Winner_2022,70.8,63.2,2,True,0.0,
3HBUdn,56,62,Winner_2022,71.3,63.4,1,True,0.0,
3HBUdn,56,63,Winner_2022,71.8,63.7,3,True,0.0,
3HBUdn,56,64,Winner_2022,72.3,64.7,0,True,0.0,
3HBUdn,56,65,Winner_2022,72.8,65.2,1,True,0.0,
3HBUdn,56,66,Winner_2022,73.3,65.7,0,True,0.0,
3HBUdn,56,67,Winner_2022,73.8,65.8,0,True,0.0,
3HBUdn,56,68,Winner_2022,74.3,65.5,0,True,0.0,
3HBUdn,56,69,Winner_2022,74.8,64.9,3,True,0.0,
3HBUdn,56,70,Winner_2022,75.3,64.9,0,True,0.0,
3HBUdn,56,71,Winner_2022,75.8,64.5,1,True,0.0,
3HBUdn,56,72,Winner_2022,76.3,64.2,0,True,0.0,
3HBUdn,56,73,Winner_2022,76.8,63.5,3,True,0.0,
3HBUdn,56,74,Winner_2022,77.3,63.2,2,True,0.0,
3HBUdn,56,75,Winner_2022,77.8,63.1,2,True,0.0,
3HBUdn,56,76,Winner_2022,77.3,63.1,3,True,0.0,
3HBUdn,56,77,Winner_2022,76.8,63.5,0,True,0.0,
3HBUdn,56,78,Winner_2022,76.3,63.6,1,True,0.0,
3HBUdn,56,79,Winner_2022,75.8,63.6,0,True,0.0,
3HBUdn,56,80,Winner_2022,75.3,63.3,0,True,0.0,
3HBUdn,56,81,Winner_2022,74.8,62.8,3,True,0.0,
3HBUdn,56,82,Winner_2022,74.3,62.6,3,True,0.0,
3HBUdn,56,83,Winner_2022,73.8,62.7,1,True,0.001,
3HBUdn,56,84,Winner_2022,73.3,62.8,2,True,0.0,
3HBUdn,56,85,Winner_2022,72.8,63.0,1,True,0.0,
3HBUdn,56,86,Winner_2022,72.3,63.1,0,True,0.0,
3HBUdn,56,87,Winner_2022,71.8,62.9,0,True,0.0,
3HBUdn,56,88,Winner_2022,71.3,62.5,1,True,0.0,
3HBUdn,56,89,Winner_2022,70.8,62.0,2,True,0.0,
3HBUdn,56,90,Winner_2022,70.3,61.7,0,True,0.0,
3HBUdn,56,91,Winner_2022,69.8,61.2,1,True,0.0,
3HBUdn,56,92,Winner_2022,69.3,60.7,2,True,0.0,
3HBUdn,56,93,Winner_2022,68.8,60.4,0,True,0.0,
3HBUdn,56,94,Winner_2022,68.3,59.9,2,True,0.0,
3HBUdn,56,95,Winner_2022,67.8,59.6,1,True,0.0,
3HBUdn,56,96,Winner_2022,67.3,59.4,1,True,0.0,
3HBUdn,56,97,Winner_2022,66.8,59.1,1,True,0.0,
3HBUdn,56,98,Winner_2022,66.3,58.9,2,True,0.0,
3HBUdn,56,99,Winner_2022,65.8,58.9,0,True,0.0,
3HBUdn,56,100,Winner_2022,65.3,58.8,1,True,0.0,
3HBUdn,57,1,Winner_2022,71.9,86.0,0,True,0.0,
3HBUdn,57,2,Winner_2022,72.4,68.8,1,True,0.0,
3HBUdn,57,3,Winner_2022,72.9,66.5,1,True,0.0,
3HBUdn,57,4,Winner_2022,73.4,70.1,0,True,0.0,
3HBUdn,57,5,Winner_2022,73.9,69.6,0,True,0.0,
3HBUdn,57,6,Winner_2022,74.4,66.0,2,True,0.0,
3HBUdn,57,7,Winner_2022,74.9,70.5,1,True,0.0,
3HBUdn,57,8,Winner_2022,75.4,76.4,0,True,0.0,
3HBUdn,57,9,Winner_2022,75.9,79.9,0,True,0.0,
3HBUdn,57,10,Winner_2022,76.4,81.5,0,True,0.0,
3HBUdn,57,11,Winner_2022,76.9,81.8,0,True,0.0,
3HBUdn,57,12,Winner_2022,77.4,80.7,0,True,0.0,
3HBUdn,57,13,Winner_2022,77.9,77.8,0,True,0.0,
3HBUdn,57,14,Winner_2022,78.0,73.8,0,True,0.0,
3HBUdn,57,15,Winner_2022,78.5,68.9,1,True,0.0,
3HBUdn,57,16,Winner_2022,79.0,65.4,2,True,0.0,
3HBUdn,57,17,Winner_2022,79.5,64.2,0,True,0.0,
3HBUdn,57,18,Winner_2022,80.0,62.5,0,True,0.0,
3HBUdn,57,19,Winner_2022,80.5,60.3,0,True,0.0,
3HBUdn,57,20,Winner_2022,81.0,57.8,0,True,0.0,
3HBUdn,57,21,Winner_2022,81.5,55.0,0,True,0.0,
3HBUdn,57,22,Winner_2022,82.0,52.0,2,True,0.0,
3HBUdn,57,23,Winner_2022,82.5,50.6,0,True,0.0,
3HBUdn,57,24,Winner_2022,83.0,48.7,1,True,0.0,
3HBUdn,57,25,Winner_2022,83.5,47.3,1,True,0.0,
3HBUdn,57,26,Winner_2022,84.0,46.4,3,True,0.0,
3HBUdn,57,27,Winner_2022,84.5,47.1,3,True,0.0,
3HBUdn,57,28,Winner_2022,85.0,49.4,0,True,0.0,
3HBUdn,57,29,Winner_2022,85.5,51.3,1,True,0.0,
3HBUdn,57,30,Winner_2022,86.0,53.5,0,True,0.0,
3HBUdn,57,31,Winner_2022,86.5,55.3,1,True,0.0,
3HBUdn,57,32,Winner_2022,87.0,57.5,0,True,0.0,
3HBUdn,57,33,Winner_2022,87.5,59.4,0,True,0.0,
3HBUdn,57,34,Winner_2022,88.0,61.0,1,True,0.0,
3HBUdn,57,35,Winner_2022,88.5,62.8,1,True,0.0,
3HBUdn,57,36,Winner_2022,89.0,65.0,2,True,0.0,
3HBUdn,57,37,Winner_2022,89.5,68.2,1,True,0.0,
3HBUdn,57,38,Winner_2022,90.0,71.8,1,True,0.0,
3HBUdn,57,39,Winner_2022,90.5,75.9,0,True,0.0,
3HBUdn,57,40,Winner_2022,91.0,79.9,1,True,0.0,
3HBUdn,57,41,Winner_2022,91.5,84.3,0,True,0.0,
3HBUdn,57,42,Winner_2022,92.0,88.5,0,True,0.0,
3HBUdn,57,43,Winner_2022,92.5,92.3,0,True,0.0,
3HBUdn,57,44,Winner_2022,92.5,95.9,0,True,0.0,
3HBUdn,57,45,Winner_2022,93.0,99.0,0,True,0.0,
3HBUdn,57,46,Winner_2022,93.5,100.0,0,True,0.0,
3HBUdn,57,47,Winner_2022,93.0,100.0,0,True,0.0,
3HBUdn,57,48,Winner_2022,92.5,100.0,0,True,0.0,
3HBUdn,57,49,Winner_2022,92.0,100.0,0,True,0.0,
3HBUdn,57,50,Winner_2022,91.5,100.0,0,True,0.0,
3HBUdn,57,51,Winner_2022,91.0,100.0,0,True,0.0,
3HBUdn,57,52,Winner_2022,90.5,100.0,0,True,0.0,
3HBUdn,57,53,Winner_2022,90.0,99.6,0,True,0.0,
3HBUdn,57,54,Winner_2022,89.5,98.5,0,True,0.0,
3HBUdn,57,55,Winner_2022,89.0,96.9,0,True,0.0,
3HBUdn,57,56,Winner_2022,88.5,94.9,0,True,0.0,
3HBUdn,57,57,Winner_2022,88.0,92.7,0,True,0.0,
3HBUdn,57,58,Winner_2022,87.5,90.2,0,True,0.0,
3HBUdn,57,59,Winner_2022,87.0,87.4,0,True,0.0,
3HBUdn,57,60,Winner_2022,86.8,84.4,0,True,0.0,
3HBUdn,57,61,Winner_2022,86.3,81.1,0,True,0.0,
3HBUdn,57,62,Winner_2022,85.8,77.7,0,True,0.0,
3HBUdn,57,63,Winner_2022,85.3,74.1,0,True,0.0,
3HBUdn,57,64,Winner_2022,84.8,70.3,1,True,0.0,
3HBUdn,57,65,Winner_2022,84.3,66.7,3,True,0.0,
3HBUdn,57,66,Winner_2022,83.8,64.1,1,True,0.0,
3HBUdn,57,67,Winner_2022,83.3,61.6,1,True,0.0,
3HBUdn,57,68,Winner_2022,82.8,59.2,0,True,0.0,
3HBUdn,57,69,Winner_2022,82.3,56.7,0,True,0.0,
3HBUdn,57,70,Winner_2022,81.8,54.1,0,True,0.0,
3HBUdn,57,71,Winner_2022,81.3,51.3,1,True,0.0,
3HBUdn,57,72,Winner_2022,80.8,48.8,3,True,0.0,
3HBUdn,57,73,Winner_2022,80.3,46.8,2,True,0.0,
3HBUdn,57,74,Winner_2022,79.8,45.0,0,True,0.0,
3HBUdn,57,75,Winner_2022,79.3,43.1,0,True,0.0,
3HBUdn,57,76,Winner_2022,78.8,41.1,1,True,0.0,
3HBUdn,57,77,Winner_2022,78.3,39.2,1,True,0.0,
3HBUdn,57,78,Winner_2022,77.8,37.3,2,True,0.0,
3HBUdn,57,79,Winner_2022,77.3,35.7,3,True,0.0,
3HBUdn,57,80,Winner_2022,76.8,34.4,2,True,0.0,
3HBUdn,57,81,Winner_2022,76.3,33.2,5,True,0.0,
3HBUdn,57,82,Winner_2022,75.8,32.6,1,True,0.0,
3HBUdn,57,83,Winner_2022,75.3,31.9,1,True,0.0,
3HBUdn,57,84,Winner_2022,74.8,31.2,1,True,0.0,
3HBUdn,57,85,Winner_2022,74.3,30.5,0,True,0.0,
3HBUdn,57,86,Winner_2022,73.8,29.7,2,True,0.0,
3HBUdn,57,87,Winner_2022,73.3,29.0,1,True,0.0,
3HBUdn,57,88,Winner_2022,72.8,28.3,0,True,0.0,
3HBUdn,57,89,Winner_2022,72.3,27.5,1,True,0.0,
3HBUdn,57,90,Winner_2022,71.8,26.7,1,True,0.0,
3HBUdn,57,91,Winner_2022,71.3,26.0,1,True,0.0,
3HBUdn,57,92,Winner_2022,70.8,25.3,3,True,0.0,
3HBUdn,57,93,Winner_2022,70.3,24.7,1,True,0.0,
3HBUdn,57,94,Winner_2022,69.8,24.2,1,True,0.0,
3HBUdn,57,95,Winner_2022,69.3,23.7,0,True,0.0,
3HBUdn,57,96,Winner_2022,68.8,23.1,0,True,0.0,
3HBUdn,57,97,Winner_2022,68.3,22.6,3,True,0.0,
3HBUdn,57,98,Winner_2022,67.8,22.1,2,True,0.0,
3HBUdn,57,99,Winner_2022,67.3,21.8,1,True,0.0,
3HBUdn,57,100,Winner_2022,66.8,21.5,0,True,0.0,
3HBUdn,58,1,Winner_2022,74.7,32.0,2,True,0.0,
3HBUdn,58,2,Winner_2022,74.2,38.4,0,True,0.0,
3HBUdn,58,3,Winner_2022,73.7,43.5,0,True,0.0,
3HBUdn,58,4,Winner_2022,73.2,45.9,2,True,0.0,
3HBUdn,58,5,Winner_2022,72.7,54.4,1,True,0.0,
3HBUdn,58,6,Winner_2022,72.2,63.7,1,True,0.0,
3HBUdn,58,7,Winner_2022,71.7,76.4,0,True,0.0,
3HBUdn,58,8,Winner_2022,71.2,87.2,0,True,0.0,
3HBUdn,58,9,Winner_2022,70.7,95.4,0,True,0.0,
3HBUdn,58,10,Winner_2022,71.2,100.0,0,True,0.0,
3HBUdn,58,11,Winner_2022,71.7,100.0,0,True,0.0,
3HBUdn,58,12,Winner_2022,72.2,100.0,0,True,0.0,
3HBUdn,58,13,Winner_2022,72.7,99.7,0,True,0.0,
3HBUdn,58,14,Winner_2022,73.2,97.5,0,True,0.0,
3HBUdn,58,15,Winner_2022,73.7,93.7,0,True,0.0,
3HBUdn,58,16,Winner_2022,74.2,88.9,0,True,0.0,
3HBUdn,58,17,Winner_2022,74.7,83.2,0,True,0.0,
3HBUdn,58,18,Winner_2022,75.2,77.4,0,True,0.0,
3HBUdn,58,19,Winner_2022,75.7,71.6,1,True,0.0,
3HBUdn,58,20,Winner_2022,76.2,67.1,0,True,0.0,
3HBUdn,58,21,Winner_2022,76.7,62.6,1,True,0.0,
3HBUdn,58,22,Winner_2022,77.2,59.1,4,True,0.0,
3HBUdn,58,23,Winner_2022,77.7,59.6,0,True,0.0,
3HBUdn,58,24,Winner_2022,78.2,59.3,1,True,0.0,
3HBUdn,58,25,Winner_2022,78.7,59.5,2,True,0.0,
3HBUdn,58,26,Winner_2022,79.2,61.0,0,True,0.0,
3HBUdn,58,27,Winner_2022,79.7,62.0,1,True,0.0,
3HBUdn,58,28,Winner_2022,80.2,63.3,3,True,0.0,
3HBUdn,58,29,Winner_2022,80.7,66.6,0,True,0.0,
3HBUdn,58,30,Winner_2022,81.2,69.4,1,True,0.0,
3HBUdn,58,31,Winner_2022,81.7,72.5,0,True,0.0,
3HBUdn,58,32,Winner_2022,82.2,75.5,1,True,0.0,
3HBUdn,58,33,Winner_2022,82.7,78.8,0,True,0.0,
3HBUdn,58,34,Winner_2022,83.2,81.8,0,True,0.0,
3HBUdn,58,35,Winner_2022,83.7,84.2,0,True,0.0,
3HBUdn,58,36,Winner_2022,84.0,86.3,0,True,0.0,
3HBUdn,58,37,Winner_2022,84.5,87.9,0,True,0.0,
3HBUdn,58,38,Winner_2022,85.0,89.0,0,True,0.0,
3HBUdn,58,39,Winner_2022,84.5,89.7,0,True,0.0,
3HBUdn,58,40,Winner_2022,84.0,90.0,0,True,0.0,
3HBUdn,58,41,Winner_2022,83.5,89.9,0,True,0.0,
3HBUdn,58,42,Winner_2022,83.0,89.3,0,True,0.0,
3HBUdn,58,43,Winner_2022,82.5,88.4,0,True,0.0,
3HBUdn,58,44,Winner_2022,82.0,87.1,0,True,0.0,
3HBUdn,58,45,Winner_2022,81.5,85.5,0,True,0.0,
3HBUdn,58,46,Winner_2022,81.0,83.5,0,True,0.0,
3HBUdn,58,47,Winner_2022,80.5,81.3,0,True,0.0,
3HBUdn,58,48,Winner_2022,80.0,79.0,1,True,0.0,
3HBUdn,58,49,Winner_2022,79.5,77.2,0,True,0.0,
3HBUdn,58,50,Winner_2022,79.0,74.9,1,True,0.0,
3HBUdn,58,51,Winner_2022,78.5,73.1,1,True,0.0,
3HBUdn,58,52,Winner_2022,78.0,71.6,1,True,0.0,
3HBUdn,58,53,Winner_2022,77.5,70.2,0,True,0.0,
3HBUdn,58,54,Winner_2022,77.0,68.5,0,True,0.0,
3HBUdn,58,55,Winner_2022,76.5,66.5,0,True,0.0,
3HBUdn,58,56,Winner_2022,76.0,64.2,1,True,0.0,
3HBUdn,58,57,Winner_2022,75.5,62.3,0,True,0.0,
3HBUdn,58,58,Winner_2022,75.0,60.2,4,True,0.0,
3HBUdn,58,59,Winner_2022,74.5,59.5,0,True,0.0,
3HBUdn,58,60,Winner_2022,74.0,58.5,0,True,0.0,
3HBUdn,58,61,Winner_2022,73.5,57.3,5,True,0.0,
3HBUdn,58,62,Winner_2022,73.0,57.5,1,True,0.0,
3HBUdn,58,63,Winner_2022,72.5,57.8,1,True,0.0,
3HBUdn,58,64,Winner_2022,72.0,58.0,2,True,0.0,
3HBUdn,58,65,Winner_2022,71.5,58.5,2,True,0.0,
3HBUdn,58,66,Winner_2022,71.0,59.3,0,True,0.0,
3HBUdn,58,67,Winner_2022,70.5,59.7,1,True,0.0,
3HBUdn,58,68,Winner_2022,70.0,60.0,1,True,0.0,
3HBUdn,58,69,Winner_2022,69.5,60.2,1,True,0.0,
3HBUdn,58,70,Winner_2022,69.0,60.5,0,True,0.0,
3HBUdn,58,71,Winner_2022,68.5,60.5,2,True,0.0,
3HBUdn,58,72,Winner_2022,68.0,60.7,3,True,0.0,
3HBUdn,58,73,Winner_2022,67.5,61.3,1,True,0.0,
3HBUdn,58,74,Winner_2022,67.0,61.8,0,True,0.0,
3HBUdn,58,75,Winner_2022,66.5,61.9,0,True,0.0,
3HBUdn,58,76,Winner_2022,66.0,61.7,1,True,0.0,
3HBUdn,58,77,Winner_2022,65.5,61.4,2,True,0.0,
3HBUdn,58,78,Winner_2022,65.0,61.3,2,True,0.0,
3HBUdn,58,79,Winner_2022,64.5,61.3,1,True,0.0,
3HBUdn,58,80,Winner_2022,64.0,61.3,2,True,0.0,
3HBUdn,58,81,Winner_2022,63.5,61.3,0,True,0.0,
3HBUdn,58,82,Winner_2022,63.0,61.2,1,True,0.0,
3HBUdn,58,83,Winner_2022,62.5,60.9,2,True,0.0,
3HBUdn,58,84,Winner_2022,62.0,60.8,0,True,0.0,
3HBUdn,58,85,Winner_2022,61.5,60.4,1,True,0.0,
3HBUdn,58,86,Winner_2022,61.0,59.9,0,True,0.0,
3HBUdn,58,87,Winner_2022,60.5,59.2,0,True,0.0,
3HBUdn,58,88,Winner_2022,60.0,58.3,0,True,0.0,
3HBUdn,58,89,Winner_2022,59.5,57.1,0,True,0.0,
3HBUdn,58,90,Winner_2022,59.0,55.9,3,True,0.0,
3HBUdn,58,91,Winner_2022,58.5,54.9,1,True,0.0,
3HBUdn,58,92,Winner_2022,58.0,54.0,1,True,0.0,
3HBUdn,58,93,Winner_2022,57.5,53.1,0,True,0.0,
3HBUdn,58,94,Winner_2022,57.0,52.2,0,True,0.0,
3HBUdn,58,95,Winner_2022,56.5,51.1,1,True,0.0,
3HBUdn,58,96,Winner_2022,56.0,50.0,2,True,0.0,
3HBUdn,58,97,Winner_2022,55.5,49.2,2,True,0.0,
3HBUdn,58,98,Winner_2022,55.0,48.5,1,True,0.0,
3HBUdn,58,99,Winner_2022,54.5,47.9,1,True,0.0,
3HBUdn,58,100,Winner_2022,54.0,47.3,0,True,0.0,
3HBUdn,59,1,Winner_2022,76.7,80.0,0,True,0.0,
3HBUdn,59,2,Winner_2022,77.2,64.0,0,True,0.0,
3HBUdn,59,3,Winner_2022,77.7,51.2,0,True,0.0,
3HBUdn,59,4,Winner_2022,78.2,41.0,1,True,0.0,
3HBUdn,59,5,Winner_2022,78.7,36.7,0,True,0.0,
3HBUdn,59,6,Winner_2022,79.2,32.1,0,True,0.0,
3HBUdn,59,7,Winner_2022,79.7,27.8,4,True,0.0,
3HBUdn,59,8,Winner_2022,80.2,30.2,3,True,0.0,
3HBUdn,59,9,Winner_2022,80.7,36.0,0,True,0.0,
3HBUdn,59,10,Winner_2022,81.2,41.5,0,True,0.0,
3HBUdn,59,11,Winner_2022,81.7,46.7,1,True,0.0,
3HBUdn,59,12,Winner_2022,82.2,53.0,1,True,0.0,
3HBUdn,59,13,Winner_2022,82.7,59.8,0,True,0.0,
3HBUdn,59,14,Winner_2022,83.2,65.6,1,True,0.0,
3HBUdn,59,15,Winner_2022,83.7,71.8,1,True,0.0,
3HBUdn,59,16,Winner_2022,84.2,78.8,1,True,0.0,
3HBUdn,59,17,Winner_2022,84.7,86.3,0,True,0.0,
3HBUdn,59,18,Winner_2022,84.2,93.4,0,True,0.0,
3HBUdn,59,19,Winner_2022,83.7,99.9,0,True,0.0,
3HBUdn,59,20,Winner_2022,84.2,100.0,0,True,0.0,
3HBUdn,59,21,Winner_2022,84.7,100.0,0,True,0.0,
3HBUdn,59,22,Winner_2022,85.2,100.0,0,True,0.0,
3HBUdn,59,23,Winner_2022,85.7,100.0,0,True,0.0,
3HBUdn,59,24,Winner_2022,86.2,100.0,0,True,0.0,
3HBUdn,59,25,Winner_2022,86.7,100.0,0,True,0.0,
3HBUdn,59,26,Winner_2022,87.2,99.6,0,True,0.0,
3HBUdn,59,27,Winner_2022,86.7,98.4,0,True,0.0,
3HBUdn,59,28,Winner_2022,86.2,96.4,0,True,0.0,
3HBUdn,59,29,Winner_2022,85.7,93.7,0,True,0.0,
3HBUdn,59,30,Winner_2022,85.2,90.4,0,True,0.0,
3HBUdn,59,31,Winner_2022,84.7,86.8,0,True,0.0,
3HBUdn,59,32,Winner_2022,84.2,83.0,0,True,0.0,
3HBUdn,59,33,Winner_2022,83.7,79.0,0,True,0.0,
3HBUdn,59,34,Winner_2022,83.2,74.8,1,True,0.0,
3HBUdn,59,35,Winner_2022,82.7,71.3,0,True,0.0,
3HBUdn,59,36,Winner_2022,82.2,67.7,0,True,0.0,
3HBUdn,59,37,Winner_2022,81.7,64.0,0,True,0.0,
3HBUdn,59,38,Winner_2022,81.2,60.3,2,True,0.0,
3HBUdn,59,39,Winner_2022,80.7,57.8,1,True,0.0,
3HBUdn,59,40,Winner_2022,80.2,55.7,0,True,0.0,
3HBUdn,59,41,Winner_2022,79.7,53.6,1,True,0.0,
3HBUdn,59,42,Winner_2022,79.2,51.7,2,True,0.0,
3HBUdn,59,43,Winner_2022,78.7,50.7,0,True,0.0,
3HBUdn,59,44,Winner_2022,78.2,49.6,0,True,0.0,
3HBUdn,59,45,Winner_2022,77.7,48.2,1,True,0.0,
3HBUdn,59,46,Winner_2022,77.2,47.1,3,True,0.0,
3HBUdn,59,47,Winner_2022,76.7,47.0,1,True,0.0,
3HBUdn,59,48,Winner_2022,76.2,47.2,3,True,0.0,
3HBUdn,59,49,Winner_2022,75.7,48.4,2,True,0.0,
3HBUdn,59,50,Winner_2022,75.2,50.0,0,True,0.0,
3HBUdn,59,51,Winner_2022,74.7,51.5,0,True,0.0,
3HBUdn,59,52,Winner_2022,74.2,52.7,4,True,0.0,
3HBUdn,59,53,Winner_2022,73.7,55.1,2,True,0.0,
3HBUdn,59,54,Winner_2022,73.2,58.0,1,True,0.0,
3HBUdn,59,55,Winner_2022,72.7,61.0,1,True,0.0,
3HBUdn,59,56,Winner_2022,72.2,64.2,0,True,0.0,
3HBUdn,59,57,Winner_2022,71.7,67.3,0,True,0.0,
3HBUdn,59,58,Winner_2022,71.2,70.3,1,True,0.0,
3HBUdn,59,59,Winner_2022,70.8,73.4,0,True,0.0,
3HBUdn,59,60,Winner_2022,70.3,76.3,1,True,0.0,
3HBUdn,59,61,Winner_2022,69.8,79.3,0,True,0.0,
3HBUdn,59,62,Winner_2022,69.3,81.9,0,True,0.0,
3HBUdn,59,63,Winner_2022,68.8,84.1,0,True,0.0,
3HBUdn,59,64,Winner_2022,68.3,85.9,0,True,0.0,
3HBUdn,59,65,Winner_2022,67.8,87.0,0,True,0.0,
3HBUdn,59,66,Winner_2022,67.3,87.7,0,True,0.0,
3HBUdn,59,67,Winner_2022,66.8,87.8,0,True,0.0,
3HBUdn,59,68,Winner_2022,66.3,87.4,0,True,0.0,
3HBUdn,59,69,Winner_2022,65.8,86.6,0,True,0.0,
3HBUdn,59,70,Winner_2022,65.3,85.3,0,True,0.0,
3HBUdn,59,71,Winner_2022,64.8,83.7,0,True,0.0,
3HBUdn,59,72,Winner_2022,64.3,81.8,0,True,0.0,
3HBUdn,59,73,Winner_2022,63.8,79.5,0,True,0.0,
3HBUdn,59,74,Winner_2022,63.3,76.9,0,True,0.0,
3HBUdn,59,75,Winner_2022,62.8,73.9,0,True,0.0,
3HBUdn,59,76,Winner_2022,62.3,70.7,0,True,0.0,
3HBUdn,59,77,Winner_2022,61.8,67.4,0,True,0.0,
3HBUdn,59,78,Winner_2022,61.3,64.0,0,True,0.0,
3HBUdn,59,79,Winner_2022,60.8,60.5,1,True,0.0,
3HBUdn,59,80,Winner_2022,60.6,57.2,2,True,0.0,
3HBUdn,59,81,Winner_2022,60.1,54.3,0,True,0.0,
3HBUdn,59,82,Winner_2022,59.6,51.4,0,True,0.0,
3HBUdn,59,83,Winner_2022,59.1,48.5,0,True,0.0,
3HBUdn,59,84,Winner_2022,58.6,45.5,0,True,0.0,
3HBUdn,59,85,Winner_2022,58.1,42.6,0,True,0.0,
3HBUdn,59,86,Winner_2022,57.6,39.8,1,True,0.0,
3HBUdn,59,87,Winner_2022,57.1,37.1,1,True,0.0,
3HBUdn,59,88,Winner_2022,56.6,34.7,3,True,0.0,
3HBUdn,59,89,Winner_2022,56.1,32.6,1,True,0.0,
3HBUdn,59,90,Winner_2022,55.6,30.6,3,True,0.0,
3HBUdn,59,91,Winner_2022,55.1,29.0,4,True,0.0,
3HBUdn,59,92,Winner_2022,54.6,27.7,2,True,0.0,
3HBUdn,59,93,Winner_2022,54.1,26.6,3,True,0.0,
3HBUdn,59,94,Winner_2022,53.6,25.7,0,True,0.0,
3HBUdn,59,95,Winner_2022,53.1,24.7,1,True,0.0,
3HBUdn,59,96,Winner_2022,52.6,23.8,1,True,0.0,
3HBUdn,59,97,Winner_2022,52.1,23.0,1,True,0.0,
3HBUdn,59,98,Winner_2022,51.6,22.2,2,True,0.0,
3HBUdn,59,99,Winner_2022,51.1,21.5,5,True,0.0,
3HBUdn,59,100,Winner_2022,50.6,21.1,0,True,0.0,
3HBUdn,60,1,Winner_2022,72.2,52.0,3,True,0.0,
3HBUdn,60,2,Winner_2022,71.7,62.4,1,True,0.0,
3HBUdn,60,3,Winner_2022,71.2,74.9,0,True,0.0,
3HBUdn,60,4,Winner_2022,71.7,89.9,0,True,0.0,
3HBUdn,60,5,Winner_2022,72.2,100.0,0,True,0.0,
3HBUdn,60,6,Winner_2022,72.7,100.0,0,True,0.0,
3HBUdn,60,7,Winner_2022,73.2,100.0,0,True,0.0,
3HBUdn,60,8,Winner_2022,73.7,100.0,0,True,0.0,
3HBUdn,60,9,Winner_2022,74.2,99.7,0,True,0.0,
3HBUdn,60,10,Winner_2022,74.7,97.3,0,True,0.0,
3HBUdn,60,11,Winner_2022,75.2,93.7,0,True,0.0,
3HBUdn,60,12,Winner_2022,75.7,88.9,0,True,0.0,
3HBUdn,60,13,Winner_2022,76.2,82.8,0,True,0.0,
3HBUdn,60,14,Winner_2022,76.7,76.1,0,True,0.0,
3HBUdn,60,15,Winner_2022,76.9,69.0,1,True,0.0,
3HBUdn,60,16,Winner_2022,77.4,63.7,0,True,0.0,
3HBUdn,60,17,Winner_2022,77.9,58.2,1,True,0.0,
3HBUdn,60,18,Winner_2022,78.4,54.2,0,True,0.0,
3HBUdn,60,19,Winner_2022,78.9,50.1,1,True,0.0,
3HBUdn,60,20,Winner_2022,79.4,47.0,0,True,0.0,
3HBUdn,60,21,Winner_2022,79.9,43.8,2,True,0.0,
3HBUdn,60,22,Winner_2022,80.4,42.2,0,True,0.0,
3HBUdn,60,23,Winner_2022,80.9,40.3,0,True,0.0,
3HBUdn,60,24,Winner_2022,81.4,38.2,3,True,0.0,
3HBUdn,60,25,Winner_2022,81.9,37.7,1,True,0.0,
3HBUdn,60,26,Winner_2022,82.4,37.5,2,True,0.0,
3HBUdn,60,27,Winner_2022,82.9,38.1,2,True,0.0,
3HBUdn,60,28,Winner_2022,83.4,39.5,1,True,0.0,
3HBUdn,60,29,Winner_2022,83.9,41.0,1,True,0.0,
3HBUdn,60,30,Winner_2022,84.4,42.7,1,True,0.0,
3HBUdn,60,31,Winner_2022,84.9,44.6,1,True,0.0,
3HBUdn,60,32,Winner_2022,85.4,47.0,0,True,0.0,
3HBUdn,60,33,Winner_2022,85.9,49.1,2,True,0.0,
3HBUdn,60,34,Winner_2022,86.4,52.0,1,True,0.0,
3HBUdn,60,35,Winner_2022,86.9,55.3,3,True,0.0,
3HBUdn,60,36,Winner_2022,87.4,60.2,1,True,0.0,
3HBUdn,60,37,Winner_2022,87.9,65.6,1,True,0.0,
3HBUdn,60,38,Winner_2022,88.4,71.8,0,True,0.0,
3HBUdn,60,39,Winner_2022,88.9,78.0,0,True,0.0,
3HBUdn,60,40,Winner_2022,89.4,84.4,0,True,0.0,
3HBUdn,60,41,Winner_2022,89.9,90.7,0,True,0.0,
3HBUdn,60,42,Winner_2022,90.3,96.8,0,True,0.0,
3HBUdn,60,43,Winner_2022,90.8,100.0,0,True,0.0,
3HBUdn,60,44,Winner_2022,91.3,100.0,0,True,0.0,
3HBUdn,60,45,Winner_2022,91.8,100.0,0,True,0.0,
3HBUdn,60,46,Winner_2022,92.3,100.0,0,True,0.0,
3HBUdn,60,47,Winner_2022,92.8,100.0,0,True,0.0,
3HBUdn,60,48,Winner_2022,93.3,100.0,0,True,0.0,
3HBUdn,60,49,Winner_2022,93.8,100.0,0,True,0.0,
3HBUdn,60,50,Winner_2022,94.3,100.0,0,True,0.0,
3HBUdn,60,51,Winner_2022,94.8,100.0,0,True,0.0,
3HBUdn,60,52,Winner_2022,95.3,100.0,0,True,0.0,
3HBUdn,60,53,Winner_2022,95.8,100.0,0,True,0.0,
3HBUdn,60,54,Winner_2022,96.3,100.0,0,True,0.0,
3HBUdn,60,55,Winner_2022,95.8,99.8,0,True,0.0,
3HBUdn,60,56,Winner_2022,95.3,99.1,0,True,0.0,
3HBUdn,60,57,Winner_2022,94.8,98.0,0,True,0.0,
3HBUdn,60,58,Winner_2022,94.3,96.7,0,True,0.0,
3HBUdn,60,59,Winner_2022,93.8,94.9,0,True,0.0,
3HBUdn,60,60,Winner_2022,93.3,92.8,0,True,0.0,
3HBUdn,60,61,Winner_2022,93.0,90.3,0,True,0.0,
3HBUdn,60,62,Winner_2022,92.5,87.5,0,True,0.0,
3HBUdn,60,63,Winner_2022,92.0,84.4,0,True,0.0,
3HBUdn,60,64,Winner_2022,91.5,81.0,0,True,0.0,
3HBUdn,60,65,Winner_2022,91.0,77.4,1,True,0.0,
3HBUdn,60,66,Winner_2022,90.5,73.9,0,True,0.0,
3HBUdn,60,67,Winner_2022,90.0,70.3,3,True,0.0,
3HBUdn,60,68,Winner_2022,89.5,67.6,2,True,0.0,
3HBUdn,60,69,Winner_2022,89.0,65.3,3,True,0.0,
3HBUdn,60,70,Winner_2022,88.5,63.8,0,True,0.0,
3HBUdn,60,71,Winner_2022,88.0,62.0,0,True,0.0,
3HBUdn,60,72,Winner_2022,87.5,60.1,2,True,0.0,
3HBUdn,60,73,Winner_2022,87.0,58.4,1,True,0.0,
3HBUdn,60,74,Winner_2022,86.5,56.7,2,True,0.0,
3HBUdn,60,75,Winner_2022,86.0,55.2,1,True,0.0,
3HBUdn,60,76,Winner_2022,85.5,53.7,0,True,0.0,
3HBUdn,60,77,Winner_2022,85.0,52.0,3,True,0.0,
3HBUdn,60,78,Winner_2022,84.5,50.7,4,True,0.0,
3HBUdn,60,79,Winner_2022,84.0,50.0,1,True,0.0,
3HBUdn,60,80,Winner_2022,83.5,49.2,1,True,0.0,
3HBUdn,60,81,Winner_2022,83.0,48.4,2,True,0.0,
3HBUdn,60,82,Winner_2022,82.5,47.8,3,True,0.0,
3HBUdn,60,83,Winner_2022,82.0,47.4,2,True,0.0,
3HBUdn,60,84,Winner_2022,81.5,47.2,1,True,0.0,
3HBUdn,60,85,Winner_2022,81.0,46.9,1,True,0.0,
3HBUdn,60,86,Winner_2022,80.5,46.5,3,True,0.0,
3HBUdn,60,87,Winner_2022,80.0,46.4,0,True,0.0,
3HBUdn,60,88,Winner_2022,79.5,46.1,0,True,0.0,
3HBUdn,60,89,Winner_2022,79.0,45.6,1,True,0.0,
3HBUdn,60,90,Winner_2022,78.5,45.1,1,True,0.0,
3HBUdn,60,91,Winner_2022,78.0,44.6,1,True,0.0,
3HBUdn,60,92,Winner_2022,77.5,44.1,3,True,0.0,
3HBUdn,60,93,Winner_2022,77.0,43.9,0,True,0.0,
3HBUdn,60,94,Winner_2022,76.5,43.5,1,True,0.0,
3HBUdn,60,95,Winner_2022,76.0,43.2,2,True,0.0,
3HBUdn,60,96,Winner_2022,75.5,43.0,3,True,0.0,
3HBUdn,60,97,Winner_2022,75.0,43.1,3,True,0.0,
3HBUdn,60,98,Winner_2022,74.5,43.4,0,True,0.0,
3HBUdn,60,99,Winner_2022,74.0,43.6,0,True,0.0,
3HBUdn,60,100,Winner_2022,73.5,43.7,0,True,0.0,
3HBUdn,61,1,Winner_2022,78.1,71.0,0,True,0.0,
3HBUdn,61,2,Winner_2022,77.6,56.8,0,True,0.0,
3HBUdn,61,3,Winner_2022,77.1,45.4,0,True,0.0,
3HBUdn,61,4,Winner_2022,76.6,36.4,1,True,0.0,
3HBUdn,61,5,Winner_2022,76.1,32.6,1,True,0.0,
3HBUdn,61,6,Winner_2022,75.6,30.9,1,True,0.0,
3HBUdn,61,7,Winner_2022,75.1,30.9,2,True,0.0,
3HBUdn,61,8,Winner_2022,74.6,33.5,0,True,0.0,
3HBUdn,61,9,Winner_2022,74.1,35.1,4,True,0.0,
3HBUdn,61,10,Winner_2022,73.6,42.0,1,True,0.0,
3HBUdn,61,11,Winner_2022,73.1,50.4,1,True,0.0,
3HBUdn,61,12,Winner_2022,72.6,60.4,2,True,0.0,
3HBUdn,61,13,Winner_2022,72.1,72.5,0,True,0.0,
3HBUdn,61,14,Winner_2022,72.3,86.1,0,True,0.0,
3HBUdn,61,15,Winner_2022,72.8,98.9,0,True,0.0,
3HBUdn,61,16,Winner_2022,73.3,100.0,0,True,0.0,
3HBUdn,61,17,Winner_2022,73.8,100.0,0,True,0.0,
3HBUdn,61,18,Winner_2022,74.3,100.0,0,True,0.0,
3HBUdn,61,19,Winner_2022,74.8,100.0,0,True,0.0,
3HBUdn,61,20,Winner_2022,75.3,100.0,0,True,0.0,
3HBUdn,61,21,Winner_2022,75.8,100.0,0,True,0.0,
3HBUdn,61,22,Winner_2022,76.3,100.0,0,True,0.0,
3HBUdn,61,23,Winner_2022,76.8,100.0,0,True,0.0,
3HBUdn,61,24,Winner_2022,77.3,100.0,0,True,0.0,
3HBUdn,61,25,Winner_2022,77.8,100.0,0,True,0.0,
3HBUdn,61,26,Winner_2022,78.3,99.6,0,True,0.0,
3HBUdn,61,27,Winner_2022,78.8,98.4,0,True,0.0,
3HBUdn,61,28,Winner_2022,79.3,96.4,0,True,0.0,
3HBUdn,61,29,Winner_2022,79.8,93.7,0,True,0.0,
3HBUdn,61,30,Winner_2022,80.3,90.4,0,True,0.0,
3HBUdn,61,31,Winner_2022,80.8,86.8,0,True,0.0,
3HBUdn,61,32,Winner_2022,81.3,83.0,0,True,0.0,
3HBUdn,61,33,Winner_2022,81.8,79.0,1,True,0.0,
3HBUdn,61,34,Winner_2022,82.3,75.7,0,True,0.0,
3HBUdn,61,35,Winner_2022,82.8,72.1,1,True,0.0,
3HBUdn,61,36,Winner_2022,83.3,69.3,0,True,0.0,
3HBUdn,61,37,Winner_2022,83.8,66.2,2,True,0.0,
3HBUdn,61,38,Winner_2022,84.3,64.4,2,True,0.0,
3HBUdn,61,39,Winner_2022,84.8,63.6,1,True,0.0,
3HBUdn,61,40,Winner_2022,85.3,63.2,1,True,0.0,
3HBUdn,61,41,Winner_2022,85.8,63.2,1,True,0.0,
3HBUdn,61,42,Winner_2022,86.3,63.3,0,True,0.0,
3HBUdn,61,43,Winner_2022,86.8,63.3,2,True,0.0,
3HBUdn,61,44,Winner_2022,87.3,64.0,2,True,0.0,
3HBUdn,61,45,Winner_2022,87.8,65.6,0,True,0.0,
3HBUdn,61,46,Winner_2022,88.3,66.8,0,True,0.0,
3HBUdn,61,47,Winner_2022,88.8,67.8,0,True,0.0,
3HBUdn,61,48,Winner_2022,89.3,68.7,0,True,0.0,
3HBUdn,61,49,Winner_2022,89.8,69.3,2,True,0.0,
3HBUdn,61,50,Winner_2022,90.3,70.5,6,True,0.0,
3HBUdn,61,51,Winner_2022,90.8,74.7,0,True,0.0,
3HBUdn,61,52,Winner_2022,91.3,78.7,0,True,0.0,
3HBUdn,61,53,Winner_2022,91.8,82.4,0,True,0.0,
3HBUdn,61,54,Winner_2022,92.3,85.5,0,True,0.0,
3HBUdn,61,55,Winner_2022,91.8,88.2,0,True,0.0,
3HBUdn,61,56,Winner_2022,91.3,90.5,0,True,0.0,
3HBUdn,61,57,Winner_2022,90.9,92.5,0,True,0.0,
3HBUdn,61,58,Winner_2022,90.4,94.2,0,True,0.0,
3HBUdn,61,59,Winner_2022,89.9,95.5,0,True,0.0,
3HBUdn,61,60,Winner_2022,89.4,96.3,0,True,0.0,
3HBUdn,61,61,Winner_2022,88.9,96.5,0,True,0.0,
3HBUdn,61,62,Winner_2022,88.4,96.4,0,True,0.0,
3HBUdn,61,63,Winner_2022,87.9,95.7,0,True,0.0,
3HBUdn,61,64,Winner_2022,87.4,94.5,0,True,0.0,
3HBUdn,61,65,Winner_2022,86.9,92.8,0,True,0.0,
3HBUdn,61,66,Winner_2022,86.4,90.6,0,True,0.0,
3HBUdn,61,67,Winner_2022,85.9,88.0,0,True,0.0,
3HBUdn,61,68,Winner_2022,85.4,85.0,1,True,0.0,
3HBUdn,61,69,Winner_2022,85.2,82.2,0,True,0.0,
3HBUdn,61,70,Winner_2022,84.7,79.1,0,True,0.0,
3HBUdn,61,71,Winner_2022,84.2,75.8,1,True,0.0,
3HBUdn,61,72,Winner_2022,83.7,72.7,2,True,0.0,
3HBUdn,61,73,Winner_2022,83.2,70.0,1,True,0.0,
3HBUdn,61,74,Winner_2022,82.7,67.4,0,True,0.0,
3HBUdn,61,75,Winner_2022,82.2,64.5,4,True,0.0,
3HBUdn,61,76,Winner_2022,81.7,62.5,0,True,0.0,
3HBUdn,61,77,Winner_2022,81.2,60.3,2,True,0.0,
3HBUdn,61,78,Winner_2022,80.7,58.4,1,True,0.0,
3HBUdn,61,79,Winner_2022,80.2,56.5,2,True,0.0,
3HBUdn,61,80,Winner_2022,79.7,54.8,1,True,0.0,
3HBUdn,61,81,Winner_2022,79.2,53.2,1,True,0.0,
3HBUdn,61,82,Winner_2022,78.7,51.6,0,True,0.0,
3HBUdn,61,83,Winner_2022,78.2,49.9,2,True,0.0,
3HBUdn,61,84,Winner_2022,77.7,48.3,2,True,0.0,
3HBUdn,61,85,Winner_2022,77.2,46.9,1,True,0.0,
3HBUdn,61,86,Winner_2022,76.7,45.5,1,True,0.0,
3HBUdn,61,87,Winner_2022,76.2,44.1,0,True,0.0,
3HBUdn,61,88,Winner_2022,75.7,42.7,4,True,0.0,
3HBUdn,61,89,Winner_2022,75.2,41.6,2,True,0.0,
3HBUdn,61,90,Winner_2022,74.7,40.7,1,True,0.0,
3HBUdn,61,91,Winner_2022,74.2,39.8,1,True,0.0,
3HBUdn,61,92,Winner_2022,73.7,38.9,0,True,0.0,
3HBUdn,61,93,Winner_2022,73.2,37.9,2,True,0.0,
3HBUdn,61,94,Winner_2022,72.7,37.1,1,True,0.0,
3HBUdn,61,95,Winner_2022,72.2,36.3,3,True,0.0,
3HBUdn,61,96,Winner_2022,71.7,35.8,2,True,0.0,
3HBUdn,61,97,Winner_2022,71.2,35.4,2,True,0.0,
3HBUdn,61,98,Winner_2022,70.7,35.1,2,True,0.0,
3HBUdn,61,99,Winner_2022,70.2,34.9,1,True,0.0,
3HBUdn,61,100,Winner_2022,69.7,34.8,0,True,0.0,
3HBUdn,62,1,Winner_2022,82.3,80.0,0,True,0.0,
3HBUdn,62,2,Winner_2022,81.8,64.0,0,True,0.0,
3HBUdn,62,3,Winner_2022,81.3,51.2,0,True,0.0,
3HBUdn,62,4,Winner_2022,80.8,41.0,1,True,0.0,
3HBUdn,62,5,Winner_2022,80.3,36.7,0,True,0.0,
3HBUdn,62,6,Winner_2022,79.8,32.1,1,True,0.0,
3HBUdn,62,7,Winner_2022,79.3,30.0,0,True,0.0,
3HBUdn,62,8,Winner_2022,78.8,27.4,0,True,0.0,
3HBUdn,62,9,Winner_2022,78.3,24.6,1,True,0.0,
3HBUdn,62,10,Winner_2022,77.8,22.9,2,True,0.0,
3HBUdn,62,11,Winner_2022,77.3,23.0,1,True,0.0,
3HBUdn,62,12,Winner_2022,76.8,23.5,1,True,0.0,
3HBUdn,62,13,Winner_2022,76.3,24.2,0,True,0.0,
3HBUdn,62,14,Winner_2022,75.8,24.4,0,True,0.0,
3HBUdn,62,15,Winner_2022,75.3,24.1,1,True,0.0,
3HBUdn,62,16,Winner_2022,74.8,24.1,1,True,0.0,
3HBUdn,62,17,Winner_2022,74.3,24.2,0,True,0.0,
3HBUdn,62,18,Winner_2022,73.8,24.1,2,True,0.0,
3HBUdn,62,19,Winner_2022,73.3,24.8,1,True,0.0,
3HBUdn,62,20,Winner_2022,72.8,25.7,1,True,0.0,
3HBUdn,62,21,Winner_2022,72.3,26.9,1,True,0.0,
3HBUdn,62,22,Winner_2022,71.8,28.3,0,True,0.0,
3HBUdn,62,23,Winner_2022,71.3,29.5,2,True,0.0,
3HBUdn,62,24,Winner_2022,70.8,31.3,1,True,0.0,
3HBUdn,62,25,Winner_2022,70.3,33.3,0,True,0.0,
3HBUdn,62,26,Winner_2022,69.8,35.1,0,True,0.0,
3HBUdn,62,27,Winner_2022,69.3,36.8,2,True,0.0,
3HBUdn,62,28,Winner_2022,68.8,39.0,2,True,0.0,
3HBUdn,62,29,Winner_2022,68.3,42.1,1,True,0.0,
3HBUdn,62,30,Winner_2022,67.8,45.5,1,True,0.0,
3HBUdn,62,31,Winner_2022,67.3,49.2,1,True,0.0,
3HBUdn,62,32,Winner_2022,66.8,53.6,0,True,0.0,
3HBUdn,62,33,Winner_2022,66.3,57.8,0,True,0.0,
3HBUdn,62,34,Winner_2022,65.8,62.0,0,True,0.0,
3HBUdn,62,35,Winner_2022,65.3,65.8,0,True,0.0,
3HBUdn,62,36,Winner_2022,65.1,69.6,0,True,0.0,
3HBUdn,62,37,Winner_2022,64.6,73.0,0,True,0.0,
3HBUdn,62,38,Winner_2022,64.1,76.1,0,True,0.0,
3HBUdn,62,39,Winner_2022,63.6,79.0,0,True,0.0,
3HBUdn,62,40,Winner_2022,64.1,81.6,0,True,0.0,
3HBUdn,62,41,Winner_2022,64.6,83.8,0,True,0.0,
3HBUdn,62,42,Winner_2022,65.1,85.6,0,True,0.0,
3HBUdn,62,43,Winner_2022,65.6,87.0,0,True,0.0,
3HBUdn,62,44,Winner_2022,66.1,88.1,0,True,0.0,
3HBUdn,62,45,Winner_2022,66.6,88.7,0,True,0.0,
3HBUdn,62,46,Winner_2022,67.1,88.9,0,True,0.0,
3HBUdn,62,47,Winner_2022,67.6,88.8,0,True,0.0,
3HBUdn,62,48,Winner_2022,68.1,88.4,0,True,0.0,
3HBUdn,62,49,Winner_2022,68.6,87.8,0,True,0.0,
3HBUdn,62,50,Winner_2022,69.1,86.6,0,True,0.0,
3HBUdn,62,51,Winner_2022,69.6,85.2,0,True,0.0,
3HBUdn,62,52,Winner_2022,70.1,83.4,0,True,0.0,
3HBUdn,62,53,Winner_2022,70.6,81.2,1,True,0.0,
3HBUdn,62,54,Winner_2022,71.1,79.2,0,True,0.0,
3HBUdn,62,55,Winner_2022,71.6,76.8,1,True,0.0,
3HBUdn,62,56,Winner_2022,72.1,74.8,0,True,0.0,
3HBUdn,62,57,Winner_2022,72.6,72.5,0,True,0.0,
3HBUdn,62,58,Winner_2022,72.6,70.1,1,True,0.0,
3HBUdn,62,59,Winner_2022,73.1,68.0,1,True,0.0,
3HBUdn,62,60,Winner_2022,73.6,66.0,0,True,0.0,
3HBUdn,62,61,Winner_2022,74.1,63.9,1,True,0.0,
3HBUdn,62,62,Winner_2022,74.6,61.9,1,True,0.0,
3HBUdn,62,63,Winner_2022,75.1,60.0,1,True,0.0,
3HBUdn,62,64,Winner_2022,75.6,58.3,3,True,0.0,
3HBUdn,62,65,Winner_2022,76.1,57.2,1,True,0.0,
3HBUdn,62,66,Winner_2022,76.6,56.2,1,True,0.0,
3HBUdn,62,67,Winner_2022,77.1,55.1,0,True,0.0,
3HBUdn,62,68,Winner_2022,77.6,53.8,0,True,0.0,
3HBUdn,62,69,Winner_2022,78.1,52.3,3,True,0.0,
3HBUdn,62,70,Winner_2022,78.6,51.3,0,True,0.0,
3HBUdn,62,71,Winner_2022,79.1,50.1,2,True,0.0,
3HBUdn,62,72,Winner_2022,78.6,49.1,1,True,0.0,
3HBUdn,62,73,Winner_2022,78.1,48.2,0,True,0.0,
3HBUdn,62,74,Winner_2022,77.6,47.0,2,True,0.0,
3HBUdn,62,75,Winner_2022,77.1,45.9,2,True,0.0,
3HBUdn,62,76,Winner_2022,76.6,45.0,3,True,0.0,
3HBUdn,62,77,Winner_2022,76.1,44.5,3,True,0.0,
3HBUdn,62,78,Winner_2022,75.6,44.2,1,True,0.0,
3HBUdn,62,79,Winner_2022,75.1,43.9,1,True,0.0,
3HBUdn,62,80,Winner_2022,74.6,43.6,0,True,0.0,
3HBUdn,62,81,Winner_2022,74.1,43.0,3,True,0.0,
3HBUdn,62,82,Winner_2022,73.6,42.7,1,True,0.0,
3HBUdn,62,83,Winner_2022,73.1,42.4,0,True,0.0,
3HBUdn,62,84,Winner_2022,72.6,41.9,2,True,0.0,
3HBUdn,62,85,Winner_2022,72.1,41.5,1,True,0.0,
3HBUdn,62,86,Winner_2022,71.6,41.1,2,True,0.0,
3HBUdn,62,87,Winner_2022,71.1,40.7,1,True,0.0,
3HBUdn,62,88,Winner_2022,70.6,40.3,1,True,0.0,
3HBUdn,62,89,Winner_2022,70.1,39.9,1,True,0.0,
3HBUdn,62,90,Winner_2022,69.6,39.4,1,True,0.0,
3HBUdn,62,91,Winner_2022,69.1,39.0,2,True,0.0,
3HBUdn,62,92,Winner_2022,68.6,38.7,0,True,0.0,
3HBUdn,62,93,Winner_2022,68.1,38.3,1,True,0.0,
3HBUdn,62,94,Winner_2022,67.6,37.9,4,True,0.0,
3HBUdn,62,95,Winner_2022,67.1,37.8,2,True,0.0,
3HBUdn,62,96,Winner_2022,66.6,37.8,1,True,0.0,
3HBUdn,62,97,Winner_2022,66.1,37.9,0,True,0.0,
3HBUdn,62,98,Winner_2022,65.6,37.8,1,True,0.0,
3HBUdn,62,99,Winner_2022,65.1,37.8,2,True,0.0,
3HBUdn,62,100,Winner_2022,64.6,38.0,0,True,0.0,
3HBUdn,63,1,Winner_2022,76.4,57.0,1,True,0.0,
3HBUdn,63,2,Winner_2022,75.9,65.5,0,True,0.0,
3HBUdn,63,3,Winner_2022,75.4,63.3,0,True,0.0,
3HBUdn,63,4,Winner_2022,74.9,58.7,2,True,0.0,
3HBUdn,63,5,Winner_2022,74.4,63.9,0,True,0.0,
3HBUdn,63,6,Winner_2022,73.9,65.3,0,True,0.0,
3HBUdn,63,7,Winner_2022,73.4,65.4,2,True,0.0,
3HBUdn,63,8,Winner_2022,72.9,70.9,1,True,0.0,
3HBUdn,63,9,Winner_2022,72.4,77.6,0,True,0.0,
3HBUdn,63,10,Winner_2022,71.9,82.7,0,True,0.0,
3HBUdn,63,11,Winner_2022,72.4,86.3,0,True,0.0,
3HBUdn,63,12,Winner_2022,72.9,88.3,0,True,0.0,
3HBUdn,63,13,Winner_2022,73.4,88.0,0,True,0.0,
3HBUdn,63,14,Winner_2022,73.9,86.1,0,True,0.0,
3HBUdn,63,15,Winner_2022,74.4,82.7,0,True,0.0,
3HBUdn,63,16,Winner_2022,74.9,78.5,0,True,0.0,
3HBUdn,63,17,Winner_2022,75.4,73.5,0,True,0.0,
3HBUdn,63,18,Winner_2022,75.9,68.3,0,True,0.0,
3HBUdn,63,19,Winner_2022,76.4,63.2,1,True,0.0,
3HBUdn,63,20,Winner_2022,76.9,59.3,3,True,0.0,
3HBUdn,63,21,Winner_2022,77.4,58.7,0,True,0.0,
3HBUdn,63,22,Winner_2022,77.9,57.5,1,True,0.0,
3HBUdn,63,23,Winner_2022,78.4,57.0,2,True,0.0,
3HBUdn,63,24,Winner_2022,78.9,57.6,0,True,0.0,
3HBUdn,63,25,Winner_2022,79.4,57.8,2,True,0.0,
3HBUdn,63,26,Winner_2022,79.9,59.3,0,True,0.0,
3HBUdn,63,27,Winner_2022,80.4,60.3,4,True,0.0,
3HBUdn,63,28,Winner_2022,80.9,64.0,0,True,0.0,
3HBUdn,63,29,Winner_2022,81.4,67.3,0,True,0.0,
3HBUdn,63,30,Winner_2022,81.9,70.1,1,True,0.0,
3HBUdn,63,31,Winner_2022,82.4,73.3,0,True,0.0,
3HBUdn,63,32,Winner_2022,82.9,76.3,1,True,0.0,
3HBUdn,63,33,Winner_2022,83.4,79.7,0,True,0.0,
3HBUdn,63,34,Winner_2022,83.9,82.7,0,True,0.0,
3HBUdn,63,35,Winner_2022,84.4,85.2,0,True,0.0,
3HBUdn,63,36,Winner_2022,84.8,87.2,0,True,0.0,
3HBUdn,63,37,Winner_2022,85.3,88.8,0,True,0.0,
3HBUdn,63,38,Winner_2022,85.8,89.9,0,True,0.0,
3HBUdn,63,39,Winner_2022,86.3,90.6,0,True,0.0,
3HBUdn,63,40,Winner_2022,86.8,91.0,0,True,0.0,
3HBUdn,63,41,Winner_2022,87.3,90.9,0,True,0.0,
3HBUdn,63,42,Winner_2022,87.8,90.3,0,True,0.0,
3HBUdn,63,43,Winner_2022,87.3,89.4,0,True,0.0,
3HBUdn,63,44,Winner_2022,86.8,88.1,0,True,0.0,
3HBUdn,63,45,Winner_2022,86.3,86.4,0,True,0.0,
3HBUdn,63,46,Winner_2022,86.2,84.5,0,True,0.0,
3HBUdn,63,47,Winner_2022,85.7,82.2,0,True,0.0,
3HBUdn,63,48,Winner_2022,85.2,79.9,0,True,0.0,
3HBUdn,63,49,Winner_2022,84.7,77.4,1,True,0.0,
3HBUdn,63,50,Winner_2022,84.2,75.1,2,True,0.0,
3HBUdn,63,51,Winner_2022,83.7,73.9,0,True,0.0,
3HBUdn,63,52,Winner_2022,83.2,72.3,2,True,0.0,
3HBUdn,63,53,Winner_2022,82.7,71.5,0,True,0.001,
3HBUdn,63,54,Winner_2022,82.2,70.2,3,True,0.0,
3HBUdn,63,55,Winner_2022,81.7,70.1,0,True,0.0,
3HBUdn,63,56,Winner_2022,81.2,69.6,4,True,0.0,
3HBUdn,63,57,Winner_2022,80.7,70.6,0,True,0.0,
3HBUdn,63,58,Winner_2022,80.2,71.5,1,True,0.0,
3HBUdn,63,59,Winner_2022,79.7,72.4,1,True,0.0,
3HBUdn,63,60,Winner_2022,79.2,73.5,0,True,0.0,
3HBUdn,63,61,Winner_2022,78.7,74.1,0,True,0.0,
3HBUdn,63,62,Winner_2022,78.2,74.4,1,True,0.0,
3HBUdn,63,63,Winner_2022,77.7,74.8,1,True,0.0,
3HBUdn,63,64,Winner_2022,77.2,75.1,3,True,0.0,
3HBUdn,63,65,Winner_2022,76.7,76.1,0,True,0.0,
3HBUdn,63,66,Winner_2022,76.4,76.7,1,True,0.0,
3HBUdn,63,67,Winner_2022,76.2,77.2,1,True,0.0,
3HBUdn,63,68,Winner_2022,75.8,77.5,0,True,0.0,
3HBUdn,63,69,Winner_2022,75.3,77.5,1,True,0.003,
3HBUdn,63,70,Winner_2022,74.8,77.5,0,True,0.0,
3HBUdn,63,71,Winner_2022,74.3,77.1,1,True,0.0,
3HBUdn,63,72,Winner_2022,73.8,76.7,0,True,0.0,
3HBUdn,63,73,Winner_2022,73.3,75.9,0,True,0.0,
3HBUdn,63,74,Winner_2022,72.8,74.6,1,True,0.0,
3HBUdn,63,75,Winner_2022,72.3,73.2,2,True,0.0,
3HBUdn,63,76,Winner_2022,71.8,72.1,1,True,0.0,
3HBUdn,63,77,Winner_2022,71.7,71.0,0,True,0.0,
3HBUdn,63,78,Winner_2022,71.3,69.5,0,True,0.0,
3HBUdn,63,79,Winner_2022,70.8,67.7,0,True,0.0,
3HBUdn,63,80,Winner_2022,70.3,65.7,0,True,0.0,
3HBUdn,63,81,Winner_2022,69.8,63.5,2,True,0.0,
3HBUdn,63,82,Winner_2022,69.3,61.6,0,True,0.0,
3HBUdn,63,83,Winner_2022,68.8,59.5,0,True,0.0,
3HBUdn,63,84,Winner_2022,68.3,57.3,1,True,0.0,
3HBUdn,63,85,Winner_2022,67.8,55.1,0,True,0.0,
3HBUdn,63,86,Winner_2022,67.3,52.8,4,True,0.0,
3HBUdn,63,87,Winner_2022,66.8,51.0,5,True,0.0,
3HBUdn,63,88,Winner_2022,66.3,49.9,2,True,0.0,
3HBUdn,63,89,Winner_2022,65.8,49.0,2,True,0.0,
3HBUdn,63,90,Winner_2022,65.3,48.1,1,True,0.0,
3HBUdn,63,91,Winner_2022,64.8,47.3,0,True,0.0,
3HBUdn,63,92,Winner_2022,64.3,46.4,1,True,0.0,
3HBUdn,63,93,Winner_2022,63.8,45.5,1,True,0.0,
3HBUdn,63,94,Winner_2022,63.3,44.7,0,True,0.0,
3HBUdn,63,95,Winner_2022,62.8,43.8,2,True,0.0,
3HBUdn,63,96,Winner_2022,62.3,43.0,1,True,0.0,
3HBUdn,63,97,Winner_2022,61.8,42.3,1,True,0.0,
3HBUdn,63,98,Winner_2022,61.3,41.6,1,True,0.0,
3HBUdn,63,99,Winner_2022,60.8,40.9,2,True,0.0,
3HBUdn,63,100,Winner_2022,60.3,40.5,1,True,0.0,
3HBUdn,64,1,Winner_2022,74.0,89.0,0,True,0.0,
3HBUdn,64,2,Winner_2022,73.5,71.2,1,True,0.0,
3HBUdn,64,3,Winner_2022,73.0,68.8,0,True,0.0,
3HBUdn,64,4,Winner_2022,72.5,63.8,1,True,0.0,
3HBUdn,64,5,Winner_2022,72.0,63.3,0,True,0.0,
3HBUdn,64,6,Winner_2022,71.5,60.1,2,True,0.0,
3HBUdn,64,7,Winner_2022,71.0,64.1,0,True,0.0,
3HBUdn,64,8,Winner_2022,70.5,65.9,0,True,0.0,
3HBUdn,64,9,Winner_2022,70.0,65.7,0,True,0.0,
3HBUdn,64,10,Winner_2022,69.5,64.1,0,True,0.0,
3HBUdn,64,11,Winner_2022,69.0,61.7,0,True,0.0,
3HBUdn,64,12,Winner_2022,68.5,58.6,1,True,0.0,
3HBUdn,64,13,Winner_2022,68.0,56.4,2,True,0.0,
3HBUdn,64,14,Winner_2022,67.5,56.9,1,True,0.0,
3HBUdn,64,15,Winner_2022,67.0,57.8,2,True,0.0,
3HBUdn,64,16,Winner_2022,66.5,60.5,0,True,0.0,
3HBUdn,64,17,Winner_2022,66.0,62.1,2,True,0.0,
3HBUdn,64,18,Winner_2022,65.5,65.9,0,True,0.0,
3HBUdn,64,19,Winner_2022,65.7,69.1,1,True,0.0,
3HBUdn,64,20,Winner_2022,66.2,73.0,0,True,0.0,
3HBUdn,64,21,Winner_2022,66.7,76.4,0,True,0.0,
3HBUdn,64,22,Winner_2022,67.2,79.1,0,True,0.0,
3HBUdn,64,23,Winner_2022,67.7,81.1,0,True,0.0,
3HBUdn,64,24,Winner_2022,68.2,82.0,0,True,0.0,
3HBUdn,64,25,Winner_2022,68.7,82.2,0,True,0.0,
3HBUdn,64,26,Winner_2022,69.2,81.8,0,True,0.0,
3HBUdn,64,27,Winner_2022,69.7,80.8,0,True,0.0,
3HBUdn,64,28,Winner_2022,70.2,79.2,0,True,0.0,
3HBUdn,64,29,Winner_2022,70.7,77.0,1,True,0.0,
3HBUdn,64,30,Winner_2022,71.2,75.3,0,True,0.0,
3HBUdn,64,31,Winner_2022,71.7,73.2,1,True,0.0,
3HBUdn,64,32,Winner_2022,72.2,71.7,0,True,0.0,
3HBUdn,64,33,Winner_2022,72.4,69.9,1,True,0.0,
3HBUdn,64,34,Winner_2022,72.9,68.6,0,True,0.0,
3HBUdn,64,35,Winner_2022,73.4,66.9,2,True,0.0,
3HBUdn,64,36,Winner_2022,73.9,66.4,0,True,0.0,
3HBUdn,64,37,Winner_2022,74.4,65.5,1,True,0.0,
3HBUdn,64,38,Winner_2022,74.9,65.0,2,True,0.0,
3HBUdn,64,39,Winner_2022,75.4,65.5,1,True,0.0,
3HBUdn,64,40,Winner_2022,75.9,66.4,3,True,0.0,
3HBUdn,64,41,Winner_2022,76.4,68.9,1,True,0.0,
3HBUdn,64,42,Winner_2022,76.9,71.6,1,True,0.0,
3HBUdn,64,43,Winner_2022,77.4,74.7,1,True,0.0,
3HBUdn,64,44,Winner_2022,77.9,78.3,1,True,0.0,
3HBUdn,64,45,Winner_2022,78.1,82.2,0,True,0.0,
3HBUdn,64,46,Winner_2022,78.6,85.9,0,True,0.0,
3HBUdn,64,47,Winner_2022,79.1,89.3,0,True,0.0,
3HBUdn,64,48,Winner_2022,79.6,92.6,0,True,0.0,
3HBUdn,64,49,Winner_2022,80.1,95.6,0,True,0.0,
3HBUdn,64,50,Winner_2022,80.6,98.1,0,True,0.0,
3HBUdn,64,51,Winner_2022,81.1,100.0,0,True,0.0,
3HBUdn,64,52,Winner_2022,81.6,100.0,0,True,0.0,
3HBUdn,64,53,Winner_2022,82.1,100.0,0,True,0.0,
3HBUdn,64,54,Winner_2022,82.6,100.0,0,True,0.0,
3HBUdn,64,55,Winner_2022,83.1,99.8,0,True,0.0,
3HBUdn,64,56,Winner_2022,83.6,99.1,0,True,0.0,
3HBUdn,64,57,Winner_2022,84.1,98.0,0,True,0.0,
3HBUdn,64,58,Winner_2022,84.6,96.7,0,True,0.0,
3HBUdn,64,59,Winner_2022,85.1,94.9,0,True,0.0,
3HBUdn,64,60,Winner_2022,85.6,92.8,0,True,0.0,
3HBUdn,64,61,Winner_2022,86.1,90.3,0,True,0.0,
3HBUdn,64,62,Winner_2022,86.6,87.5,0,True,0.0,
3HBUdn,64,63,Winner_2022,87.0,84.4,0,True,0.0,
3HBUdn,64,64,Winner_2022,87.5,81.0,0,True,0.0,
3HBUdn,64,65,Winner_2022,88.0,77.4,1,True,0.0,
3HBUdn,64,66,Winner_2022,88.5,73.9,1,True,0.0,
3HBUdn,64,67,Winner_2022,89.0,70.7,2,True,0.0,
3HBUdn,64,68,Winner_2022,89.5,67.9,2,True,0.0,
3HBUdn,64,69,Winner_2022,90.0,65.7,2,True,0.0,
3HBUdn,64,70,Winner_2022,90.5,63.9,3,True,0.0,
3HBUdn,64,71,Winner_2022,91.0,62.7,2,True,0.0,
3HBUdn,64,72,Winner_2022,91.5,61.7,0,True,0.0,
3HBUdn,64,73,Winner_2022,92.0,60.5,2,True,0.0,
3HBUdn,64,74,Winner_2022,91.5,59.6,1,True,0.0,
3HBUdn,64,75,Winner_2022,91.0,58.4,2,True,0.0,
3HBUdn,64,76,Winner_2022,90.5,57.5,2,True,0.0,
3HBUdn,64,77,Winner_2022,90.0,56.8,1,True,0.0,
3HBUdn,64,78,Winner_2022,89.5,56.1,2,True,0.0,
3HBUdn,64,79,Winner_2022,89.0,55.5,2,True,0.0,
3HBUdn,64,80,Winner_2022,88.5,55.0,1,True,0.0,
3HBUdn,64,81,Winner_2022,88.0,54.5,2,True,0.0,
3HBUdn,64,82,Winner_2022,87.5,54.2,3,True,0.0,
3HBUdn,64,83,Winner_2022,87.0,54.2,1,True,0.0,
3HBUdn,64,84,Winner_2022,86.5,54.0,0,True,0.0,
3HBUdn,64,85,Winner_2022,86.0,53.7,2,True,0.0,
3HBUdn,64,86,Winner_2022,85.5,53.4,2,True,0.0,
3HBUdn,64,87,Winner_2022,85.0,53.3,1,True,0.0,
3HBUdn,64,88,Winner_2022,84.5,53.1,2,True,0.0,
3HBUdn,64,89,Winner_2022,84.0,53.0,0,True,0.0,
3HBUdn,64,90,Winner_2022,83.5,52.7,2,True,0.0,
3HBUdn,64,91,Winner_2022,83.0,52.6,2,True,0.0,
3HBUdn,64,92,Winner_2022,82.5,52.6,1,True,0.0,
3HBUdn,64,93,Winner_2022,82.0,52.6,1,True,0.0,
3HBUdn,64,94,Winner_2022,81.5,52.6,5,True,0.0,
3HBUdn,64,95,Winner_2022,81.0,53.2,1,True,0.0,
3HBUdn,64,96,Winner_2022,80.5,53.8,0,True,0.0,
3HBUdn,64,97,Winner_2022,80.0,54.3,0,True,0.0,
3HBUdn,64,98,Winner_2022,79.5,54.7,0,True,0.0,
3HBUdn,64,99,Winner_2022,79.0,55.0,0,True,0.0,
3HBUdn,64,100,Winner_2022,78.5,55.2,0,True,0.0,
3HBUdn,65,1,Winner_2022,77.4,62.0,0,True,0.0,
3HBUdn,65,2,Winner_2022,76.9,49.6,0,True,0.0,
3HBUdn,65,3,Winner_2022,76.4,39.7,0,True,0.0,
3HBUdn,65,4,Winner_2022,75.9,31.7,0,True,0.0,
3HBUdn,65,5,Winner_2022,75.4,25.4,1,True,0.0,
3HBUdn,65,6,Winner_2022,74.9,22.2,1,True,0.0,
3HBUdn,65,7,Winner_2022,74.4,20.7,0,True,0.0,
3HBUdn,65,8,Winner_2022,73.9,18.9,0,True,0.0,
3HBUdn,65,9,Winner_2022,73.4,17.0,1,True,0.0,
3HBUdn,65,10,Winner_2022,72.9,15.9,1,True,0.0,
3HBUdn,65,11,Winner_2022,72.4,15.3,0,True,0.0,
3HBUdn,65,12,Winner_2022,71.9,14.5,2,True,0.0,
3HBUdn,65,13,Winner_2022,71.4,14.4,1,True,0.0,
3HBUdn,65,14,Winner_2022,70.9,14.6,1,True,0.0,
3HBUdn,65,15,Winner_2022,70.4,14.8,1,True,0.0,
3HBUdn,65,16,Winner_2022,69.9,15.1,2,True,0.0,
3HBUdn,65,17,Winner_2022,69.4,15.9,2,True,0.0,
3HBUdn,65,18,Winner_2022,68.9,17.2,2,True,0.0,
3HBUdn,65,19,Winner_2022,68.4,19.1,1,True,0.0,
3HBUdn,65,20,Winner_2022,67.9,21.3,0,True,0.0,
3HBUdn,65,21,Winner_2022,67.4,23.5,0,True,0.0,
3HBUdn,65,22,Winner_2022,66.9,25.6,1,True,0.0,
3HBUdn,65,23,Winner_2022,66.4,28.0,0,True,0.0,
3HBUdn,65,24,Winner_2022,65.9,30.1,1,True,0.0,
3HBUdn,65,25,Winner_2022,65.4,32.5,0,True,0.0,
3HBUdn,65,26,Winner_2022,64.9,34.9,1,True,0.0,
3HBUdn,65,27,Winner_2022,64.4,37.5,1,True,0.0,
3HBUdn,65,28,Winner_2022,63.9,40.3,0,True,0.0,
3HBUdn,65,29,Winner_2022,63.4,42.9,0,True,0.0,
3HBUdn,65,30,Winner_2022,62.9,45.3,1,True,0.0,
3HBUdn,65,31,Winner_2022,62.4,47.9,0,True,0.0,
3HBUdn,65,32,Winner_2022,61.9,50.4,0,True,0.0,
3HBUdn,65,33,Winner_2022,61.4,52.6,1,True,0.0,
3HBUdn,65,34,Winner_2022,60.9,55.2,0,True,0.0,
3HBUdn,65,35,Winner_2022,60.4,57.5,0,True,0.0,
3HBUdn,65,36,Winner_2022,59.9,59.5,0,True,0.0,
3HBUdn,65,37,Winner_2022,59.7,61.2,2,True,0.0,
3HBUdn,65,38,Winner_2022,59.2,63.8,0,True,0.0,
3HBUdn,65,39,Winner_2022,58.7,66.2,0,True,0.0,
3HBUdn,65,40,Winner_2022,58.2,68.4,0,True,0.0,
3HBUdn,65,41,Winner_2022,57.7,70.3,0,True,0.0,
3HBUdn,65,42,Winner_2022,57.2,71.8,0,True,0.0,
3HBUdn,65,43,Winner_2022,56.7,73.0,0,True,0.0,
3HBUdn,65,44,Winner_2022,56.2,73.9,0,True,0.0,
3HBUdn,65,45,Winner_2022,56.7,74.4,0,True,0.0,
3HBUdn,65,46,Winner_2022,57.2,74.6,0,True,0.0,
3HBUdn,65,47,Winner_2022,57.7,74.4,0,True,0.0,
3HBUdn,65,48,Winner_2022,58.2,74.1,0,True,0.0,
3HBUdn,65,49,Winner_2022,58.7,73.6,0,True,0.0,
3HBUdn,65,50,Winner_2022,59.2,72.6,0,True,0.0,
3HBUdn,65,51,Winner_2022,59.7,71.4,1,True,0.0,
3HBUdn,65,52,Winner_2022,60.2,70.4,1,True,0.0,
3HBUdn,65,53,Winner_2022,60.7,69.6,0,True,0.0,
3HBUdn,65,54,Winner_2022,61.2,68.4,1,True,0.0,
3HBUdn,65,55,Winner_2022,61.7,67.3,0,True,0.0,
3HBUdn,65,56,Winner_2022,62.2,65.9,1,True,0.0,
3HBUdn,65,57,Winner_2022,62.7,64.8,1,True,0.0,
3HBUdn,65,58,Winner_2022,63.2,63.9,0,True,0.0,
3HBUdn,65,59,Winner_2022,63.6,62.7,1,True,0.0,
3HBUdn,65,60,Winner_2022,64.0,61.7,0,True,0.0,
3HBUdn,65,61,Winner_2022,64.5,60.4,0,True,0.0,
3HBUdn,65,62,Winner_2022,65.0,58.9,0,True,0.0,
3HBUdn,65,63,Winner_2022,65.5,57.2,2,True,0.0,
3HBUdn,65,64,Winner_2022,66.0,55.8,2,True,0.0,
3HBUdn,65,65,Winner_2022,66.5,54.8,1,True,0.0,
3HBUdn,65,66,Winner_2022,67.0,53.8,1,True,0.0,
3HBUdn,65,67,Winner_2022,67.5,52.8,0,True,0.0,
3HBUdn,65,68,Winner_2022,68.0,51.5,0,True,0.0,
3HBUdn,65,69,Winner_2022,68.5,50.0,1,True,0.0,
3HBUdn,65,70,Winner_2022,69.0,48.6,1,True,0.0,
3HBUdn,65,71,Winner_2022,69.5,47.3,1,True,0.0,
3HBUdn,65,72,Winner_2022,70.0,46.0,0,True,0.0,
3HBUdn,65,73,Winner_2022,70.5,44.5,2,True,0.0,
3HBUdn,65,74,Winner_2022,70.0,43.2,2,True,0.0,
3HBUdn,65,75,Winner_2022,69.5,42.0,1,True,0.0,
3HBUdn,65,76,Winner_2022,69.0,40.9,0,True,0.0,
3HBUdn,65,77,Winner_2022,68.5,39.6,1,True,0.0,
3HBUdn,65,78,Winner_2022,68.0,38.3,1,True,0.0,
3HBUdn,65,79,Winner_2022,67.5,37.1,1,True,0.0,
3HBUdn,65,80,Winner_2022,67.0,35.9,1,True,0.0,
3HBUdn,65,81,Winner_2022,66.5,34.7,4,True,0.0,
3HBUdn,65,82,Winner_2022,66.0,33.9,1,True,0.0,
3HBUdn,65,83,Winner_2022,65.5,33.1,0,True,0.0,
3HBUdn,65,84,Winner_2022,65.0,32.1,0,True,0.0,
3HBUdn,65,85,Winner_2022,64.5,31.1,1,True,0.0,
3HBUdn,65,86,Winner_2022,64.0,30.1,0,True,0.0,
3HBUdn,65,87,Winner_2022,63.5,29.0,1,True,0.0,
3HBUdn,65,88,Winner_2022,63.0,27.9,1,True,0.0,
3HBUdn,65,89,Winner_2022,62.5,26.9,0,True,0.0,
3HBUdn,65,90,Winner_2022,62.0,25.8,0,True,0.0,
3HBUdn,65,91,Winner_2022,61.5,24.8,0,True,0.0,
3HBUdn,65,92,Winner_2022,61.0,23.7,1,True,0.0,
3HBUdn,65,93,Winner_2022,60.5,22.6,2,True,0.0,
3HBUdn,65,94,Winner_2022,60.0,21.7,2,True,0.0,
3HBUdn,65,95,Winner_2022,59.5,20.9,0,True,0.0,
3HBUdn,65,96,Winner_2022,59.0,20.1,1,True,0.0,
3HBUdn,65,97,Winner_2022,58.5,19.3,3,True,0.0,
3HBUdn,65,98,Winner_2022,58.0,18.7,3,True,0.0,
3HBUdn,65,99,Winner_2022,57.5,18.2,1,True,0.0,
3HBUdn,65,100,Winner_2022,57.0,17.8,2,True,0.0,
3HBUdn,66,1,Winner_2022,71.9,55.0,0,True,0.0,
3HBUdn,66,2,Winner_2022,71.4,44.0,1,True,0.0,
3HBUdn,66,3,Winner_2022,70.9,42.5,0,True,0.0,
3HBUdn,66,4,Winner_2022,70.4,39.4,1,True,0.0,
3HBUdn,66,5,Winner_2022,69.9,39.1,1,True,0.0,
3HBUdn,66,6,Winner_2022,69.4,40.0,2,True,0.0,
3HBUdn,66,7,Winner_2022,68.9,45.4,0,True,0.0,
3HBUdn,66,8,Winner_2022,68.4,49.2,0,True,0.0,
3HBUdn,66,9,Winner_2022,67.9,51.5,0,True,0.0,
3HBUdn,66,10,Winner_2022,67.4,52.6,0,True,0.0,
3HBUdn,66,11,Winner_2022,66.9,52.7,0,True,0.0,
3HBUdn,66,12,Winner_2022,66.4,52.0,0,True,0.0,
3HBUdn,66,13,Winner_2022,65.9,50.1,0,True,0.0,
3HBUdn,66,14,Winner_2022,65.4,47.5,0,True,0.0,
3HBUdn,66,15,Winner_2022,64.9,44.4,1,True,0.0,
3HBUdn,66,16,Winner_2022,64.4,42.1,2,True,0.0,
3HBUdn,66,17,Winner_2022,63.9,41.4,0,True,0.0,
3HBUdn,66,18,Winner_2022,63.4,40.3,1,True,0.0,
3HBUdn,66,19,Winner_2022,62.9,39.7,0,True,0.0,
3HBUdn,66,20,Winner_2022,62.4,38.8,1,True,0.0,
3HBUdn,66,21,Winner_2022,61.9,38.4,0,True,0.0,
3HBUdn,66,22,Winner_2022,61.4,37.7,1,True,0.0,
3HBUdn,66,23,Winner_2022,60.9,37.4,0,True,0.0,
3HBUdn,66,24,Winner_2022,60.4,36.5,3,True,0.0,
3HBUdn,66,25,Winner_2022,59.9,37.2,0,True,0.0,
3HBUdn,66,26,Winner_2022,59.4,37.6,0,True,0.0,
3HBUdn,66,27,Winner_2022,58.9,37.7,2,True,0.0,
3HBUdn,66,28,Winner_2022,58.4,38.5,0,True,0.0,
3HBUdn,66,29,Winner_2022,57.9,38.9,0,True,0.0,
3HBUdn,66,30,Winner_2022,57.4,39.1,2,True,0.0,
3HBUdn,66,31,Winner_2022,56.9,39.9,1,True,0.0,
3HBUdn,66,32,Winner_2022,56.4,41.0,1,True,0.0,
3HBUdn,66,33,Winner_2022,55.9,42.4,0,True,0.0,
3HBUdn,66,34,Winner_2022,55.4,43.5,1,True,0.0,
3HBUdn,66,35,Winner_2022,54.9,44.8,0,True,0.0,
3HBUdn,66,36,Winner_2022,54.4,45.9,0,True,0.0,
3HBUdn,66,37,Winner_2022,53.9,46.7,0,True,0.0,
3HBUdn,66,38,Winner_2022,53.4,47.3,0,True,0.0,
3HBUdn,66,39,Winner_2022,52.9,47.7,1,True,0.0,
3HBUdn,66,40,Winner_2022,52.4,48.3,0,True,0.0,
3HBUdn,66,41,Winner_2022,51.9,48.7,1,True,0.0,
3HBUdn,66,42,Winner_2022,51.4,49.3,0,True,0.0,
3HBUdn,66,43,Winner_2022,50.9,49.7,1,True,0.0,
3HBUdn,66,44,Winner_2022,50.4,50.3,1,True,0.0,
3HBUdn,66,45,Winner_2022,50.4,51.1,0,True,0.0,
3HBUdn,66,46,Winner_2022,50.8,51.7,1,True,0.0,
3HBUdn,66,47,Winner_2022,50.3,52.4,1,True,0.0,
3HBUdn,66,48,Winner_2022,49.8,53.5,1,True,0.0,
3HBUdn,66,49,Winner_2022,50.3,54.8,0,True,0.0,
3HBUdn,66,50,Winner_2022,50.8,55.8,0,True,0.0,
3HBUdn,66,51,Winner_2022,51.3,56.6,0,True,0.0,
3HBUdn,66,52,Winner_2022,51.8,57.1,0,True,0.0,
3HBUdn,66,53,Winner_2022,52.3,57.2,0,True,0.0,
3HBUdn,66,54,Winner_2022,52.8,57.0,1,True,0.0,
3HBUdn,66,55,Winner_2022,53.3,56.9,0,True,0.0,
3HBUdn,66,56,Winner_2022,53.8,56.5,0,True,0.0,
3HBUdn,66,57,Winner_2022,54.3,55.9,0,True,0.0,
3HBUdn,66,58,Winner_2022,54.8,55.1,1,True,0.0,
3HBUdn,66,59,Winner_2022,55.0,54.5,0,True,0.0,
3HBUdn,66,60,Winner_2022,55.2,53.6,1,True,0.0,
3HBUdn,66,61,Winner_2022,55.7,52.8,1,True,0.0,
3HBUdn,66,62,Winner_2022,56.2,52.1,1,True,0.0,
3HBUdn,66,63,Winner_2022,56.7,51.4,0,True,0.0,
3HBUdn,66,64,Winner_2022,57.2,50.5,2,True,0.0,
3HBUdn,66,65,Winner_2022,57.7,49.8,0,True,0.0,
3HBUdn,66,66,Winner_2022,58.2,48.9,5,True,0.0,
3HBUdn,66,67,Winner_2022,58.7,49.0,2,True,0.0,
3HBUdn,66,68,Winner_2022,59.2,49.2,0,True,0.0,
3HBUdn,66,69,Winner_2022,58.7,49.2,0,True,0.0,
3HBUdn,66,70,Winner_2022,58.2,49.0,1,True,0.0,
3HBUdn,66,71,Winner_2022,57.7,48.7,2,True,0.0,
3HBUdn,66,72,Winner_2022,57.2,48.7,3,True,0.0,
3HBUdn,66,73,Winner_2022,56.7,49.0,4,True,0.0,
3HBUdn,66,74,Winner_2022,56.2,49.8,0,True,0.0,
3HBUdn,66,75,Winner_2022,55.7,50.3,1,True,0.0,
3HBUdn,66,76,Winner_2022,55.2,50.7,0,True,0.0,
3HBUdn,66,77,Winner_2022,54.7,50.9,1,True,0.0,
3HBUdn,66,78,Winner_2022,54.2,50.9,0,True,0.0,
3HBUdn,66,79,Winner_2022,53.7,50.8,0,True,0.0,
3HBUdn,66,80,Winner_2022,53.2,50.4,1,True,0.0,
3HBUdn,66,81,Winner_2022,52.7,49.9,1,True,0.0,
3HBUdn,66,82,Winner_2022,52.2,49.4,0,True,0.0,
3HBUdn,66,83,Winner_2022,51.7,48.7,1,True,0.0,
3HBUdn,66,84,Winner_2022,51.2,48.0,3,True,0.0,
3HBUdn,66,85,Winner_2022,50.7,47.5,0,True,0.0,
3HBUdn,66,86,Winner_2022,50.2,46.9,1,True,0.0,
3HBUdn,66,87,Winner_2022,49.7,46.2,0,True,0.0,
3HBUdn,66,88,Winner_2022,49.2,45.3,1,True,0.0,
3HBUdn,66,89,Winner_2022,48.7,44.4,5,True,0.0,
3HBUdn,66,90,Winner_2022,48.2,44.1,0,True,0.0,
3HBUdn,66,91,Winner_2022,47.7,43.6,0,True,0.0,
3HBUdn,66,92,Winner_2022,47.2,43.0,0,True,0.0,
3HBUdn,66,93,Winner_2022,46.7,42.3,1,True,0.0,
3HBUdn,66,94,Winner_2022,46.2,41.6,3,True,0.0,
3HBUdn,66,95,Winner_2022,45.7,41.2,2,True,0.0,
3HBUdn,66,96,Winner_2022,45.2,40.9,1,True,0.0,
3HBUdn,66,97,Winner_2022,44.7,40.6,3,True,0.0,
3HBUdn,66,98,Winner_2022,44.2,40.6,1,True,0.0,
3HBUdn,66,99,Winner_2022,43.7,40.6,2,True,0.0,
3HBUdn,66,100,Winner_2022,43.2,40.8,0,True,0.0,
3HBUdn,67,1,Winner_2022,60.6,33.0,0,True,0.0,
3HBUdn,67,2,Winner_2022,60.1,26.4,3,True,0.0,
3HBUdn,67,3,Winner_2022,59.6,31.7,1,True,0.0,
3HBUdn,67,4,Winner_2022,59.1,38.0,1,True,0.0,
3HBUdn,67,5,Winner_2022,58.6,45.6,2,True,0.0,
3HBUdn,67,6,Winner_2022,58.1,54.7,0,True,0.0,
3HBUdn,67,7,Winner_2022,57.6,65.7,0,True,0.0,
3HBUdn,67,8,Winner_2022,58.1,78.7,0,True,0.0,
3HBUdn,67,9,Winner_2022,58.6,90.0,0,True,0.0,
3HBUdn,67,10,Winner_2022,59.1,99.8,0,True,0.0,
3HBUdn,67,11,Winner_2022,59.6,100.0,0,True,0.0,
3HBUdn,67,12,Winner_2022,60.1,100.0,0,True,0.0,
3HBUdn,67,13,Winner_2022,60.6,100.0,0,True,0.0,
3HBUdn,67,14,Winner_2022,61.1,100.0,0,True,0.0,
3HBUdn,67,15,Winner_2022,61.6,98.8,0,True,0.0,
3HBUdn,67,16,Winner_2022,62.1,96.1,0,True,0.0,
3HBUdn,67,17,Winner_2022,62.6,92.2,0,True,0.0,
3HBUdn,67,18,Winner_2022,63.1,87.8,0,True,0.0,
3HBUdn,67,19,Winner_2022,63.6,82.9,0,True,0.0,
3HBUdn,67,20,Winner_2022,64.1,77.8,0,True,0.0,
3HBUdn,67,21,Winner_2022,64.6,72.6,0,True,0.0,
3HBUdn,67,22,Winner_2022,65.1,67.3,1,True,0.0,
3HBUdn,67,23,Winner_2022,65.6,63.1,1,True,0.0,
3HBUdn,67,24,Winner_2022,66.1,59.7,0,True,0.0,
3HBUdn,67,25,Winner_2022,66.6,56.1,0,True,0.0,
3HBUdn,67,26,Winner_2022,67.1,52.5,0,True,0.0,
3HBUdn,67,27,Winner_2022,67.6,48.9,2,True,0.0,
3HBUdn,67,28,Winner_2022,68.1,46.5,1,True,0.0,
3HBUdn,67,29,Winner_2022,68.6,44.6,0,True,0.0,
3HBUdn,67,30,Winner_2022,69.1,42.5,0,True,0.0,
3HBUdn,67,31,Winner_2022,69.6,40.2,1,True,0.0,
3HBUdn,67,32,Winner_2022,70.1,38.5,2,True,0.0,
3HBUdn,67,33,Winner_2022,70.6,37.5,0,True,0.0,
3HBUdn,67,34,Winner_2022,71.1,36.4,0,True,0.0,
3HBUdn,67,35,Winner_2022,71.6,35.1,1,True,0.0,
3HBUdn,67,36,Winner_2022,72.1,34.1,2,True,0.0,
3HBUdn,67,37,Winner_2022,72.6,33.6,1,True,0.0,
3HBUdn,67,38,Winner_2022,73.1,33.4,0,True,0.0,
3HBUdn,67,39,Winner_2022,73.6,33.0,2,True,0.0,
3HBUdn,67,40,Winner_2022,74.1,33.1,1,True,0.0,
3HBUdn,67,41,Winner_2022,74.6,33.4,2,True,0.0,
3HBUdn,67,42,Winner_2022,75.1,34.1,2,True,0.0,
3HBUdn,67,43,Winner_2022,75.6,35.3,0,True,0.0,
3HBUdn,67,44,Winner_2022,76.1,36.3,1,True,0.0,
3HBUdn,67,45,Winner_2022,76.6,37.5,1,True,0.0,
3HBUdn,67,46,Winner_2022,77.1,38.9,0,True,0.0,
3HBUdn,67,47,Winner_2022,77.6,40.1,2,True,0.0,
3HBUdn,67,48,Winner_2022,78.1,41.9,1,True,0.0,
3HBUdn,67,49,Winner_2022,78.6,43.9,1,True,0.0,
3HBUdn,67,50,Winner_2022,79.1,46.1,1,True,0.0,
3HBUdn,67,51,Winner_2022,79.6,48.5,0,True,0.0,
3HBUdn,67,52,Winner_2022,80.1,50.7,3,True,0.0,
3HBUdn,67,53,Winner_2022,80.6,53.8,0,True,0.0,
3HBUdn,67,54,Winner_2022,81.1,56.6,1,True,0.0,
3HBUdn,67,55,Winner_2022,81.6,59.6,4,True,0.0,
3HBUdn,67,56,Winner_2022,82.1,63.9,0,True,0.0,
3HBUdn,67,57,Winner_2022,82.6,68.2,0,True,0.0,
3HBUdn,67,58,Winner_2022,83.1,72.6,0,True,0.0,
3HBUdn,67,59,Winner_2022,83.6,76.7,0,True,0.0,
3HBUdn,67,60,Winner_2022,84.1,80.6,0,True,0.0,
3HBUdn,67,61,Winner_2022,84.6,84.2,0,True,0.0,
3HBUdn,67,62,Winner_2022,84.4,87.5,0,True,0.0,
3HBUdn,67,63,Winner_2022,83.9,90.4,0,True,0.0,
3HBUdn,67,64,Winner_2022,83.4,92.8,0,True,0.0,
3HBUdn,67,65,Winner_2022,82.9,94.5,0,True,0.0,
3HBUdn,67,66,Winner_2022,82.4,95.7,0,True,0.0,
3HBUdn,67,67,Winner_2022,81.9,96.3,0,True,0.0,
3HBUdn,67,68,Winner_2022,81.4,96.3,0,True,0.0,
3HBUdn,67,69,Winner_2022,80.9,95.9,0,True,0.0,
3HBUdn,67,70,Winner_2022,80.4,95.0,0,True,0.0,
3HBUdn,67,71,Winner_2022,79.9,93.6,0,True,0.0,
3HBUdn,67,72,Winner_2022,79.4,91.9,0,True,0.0,
3HBUdn,67,73,Winner_2022,78.9,89.7,0,True,0.0,
3HBUdn,67,74,Winner_2022,78.4,87.1,0,True,0.0,
3HBUdn,67,75,Winner_2022,77.9,84.1,0,True,0.0,
3HBUdn,67,76,Winner_2022,77.4,80.8,1,True,0.0,
3HBUdn,67,77,Winner_2022,76.9,77.6,0,True,0.0,
3HBUdn,67,78,Winner_2022,76.5,74.3,0,True,0.0,
3HBUdn,67,79,Winner_2022,76.0,70.8,1,True,0.0,
3HBUdn,67,80,Winner_2022,75.5,67.4,1,True,0.0,
3HBUdn,67,81,Winner_2022,75.0,64.3,0,True,0.0,
3HBUdn,67,82,Winner_2022,74.5,61.0,2,True,0.0,
3HBUdn,67,83,Winner_2022,74.0,58.1,1,True,0.0,
3HBUdn,67,84,Winner_2022,73.5,55.4,2,True,0.0,
3HBUdn,67,85,Winner_2022,73.0,52.9,0,True,0.0,
3HBUdn,67,86,Winner_2022,72.5,50.4,4,True,0.0,
3HBUdn,67,87,Winner_2022,72.0,48.4,1,True,0.0,
3HBUdn,67,88,Winner_2022,71.5,46.5,3,True,0.0,
3HBUdn,67,89,Winner_2022,71.0,44.9,2,True,0.0,
3HBUdn,67,90,Winner_2022,70.5,43.5,2,True,0.0,
3HBUdn,67,91,Winner_2022,70.0,42.3,1,True,0.0,
3HBUdn,67,92,Winner_2022,69.5,41.1,3,True,0.0,
3HBUdn,67,93,Winner_2022,69.0,40.2,4,True,0.0,
3HBUdn,67,94,Winner_2022,68.5,39.7,2,True,0.0,
3HBUdn,67,95,Winner_2022,68.0,39.3,3,True,0.0,
3HBUdn,67,96,Winner_2022,67.5,39.1,0,True,0.0,
3HBUdn,67,97,Winner_2022,67.0,38.9,0,True,0.0,
3HBUdn,67,98,Winner_2022,66.5,38.5,1,True,0.0,
3HBUdn,67,99,Winner_2022,66.0,38.2,2,True,0.0,
3HBUdn,67,100,Winner_2022,65.5,38.1,2,True,0.0,
3HBUdn,68,1,Winner_2022,64.0,39.0,1,True,0.0,
3HBUdn,68,2,Winner_2022,63.5,44.8,1,True,0.0,
3HBUdn,68,3,Winner_2022,63.0,50.8,0,True,0.0,
3HBUdn,68,4,Winner_2022,62.5,53.5,0,True,0.0,
3HBUdn,68,5,Winner_2022,63.0,53.1,1,True,0.0,
3HBUdn,68,6,Winner_2022,63.5,54.3,0,True,0.0,
3HBUdn,68,7,Winner_2022,64.0,54.4,1,True,0.0,
3HBUdn,68,8,Winner_2022,64.5,55.9,1,True,0.0,
3HBUdn,68,9,Winner_2022,65.0,58.4,0,True,0.0,
3HBUdn,68,10,Winner_2022,65.5,59.6,0,True,0.0,
3HBUdn,68,11,Winner_2022,66.0,59.8,0,True,0.0,
3HBUdn,68,12,Winner_2022,66.5,59.0,0,True,0.0,
3HBUdn,68,13,Winner_2022,67.0,56.9,0,True,0.0,
3HBUdn,68,14,Winner_2022,67.5,53.9,1,True,0.0,
3HBUdn,68,15,Winner_2022,68.0,51.8,2,True,0.0,
3HBUdn,68,16,Winner_2022,68.5,51.7,0,True,0.0,
3HBUdn,68,17,Winner_2022,69.0,50.8,0,True,0.0,
3HBUdn,68,18,Winner_2022,68.5,49.4,0,True,0.0,
3HBUdn,68,19,Winner_2022,68.0,47.8,0,True,0.0,
3HBUdn,68,20,Winner_2022,67.5,45.7,0,True,0.0,
3HBUdn,68,21,Winner_2022,67.0,43.5,0,True,0.0,
3HBUdn,68,22,Winner_2022,66.5,41.1,0,True,0.0,
3HBUdn,68,23,Winner_2022,66.0,38.6,1,True,0.0,
3HBUdn,68,24,Winner_2022,65.5,36.5,0,True,0.0,
3HBUdn,68,25,Winner_2022,65.0,34.3,0,True,0.0,
3HBUdn,68,26,Winner_2022,64.5,32.1,0,True,0.0,
3HBUdn,68,27,Winner_2022,64.0,29.9,2,True,0.0,
3HBUdn,68,28,Winner_2022,63.5,28.4,2,True,0.0,
3HBUdn,68,29,Winner_2022,63.0,27.7,3,True,0.0,
3HBUdn,68,30,Winner_2022,62.5,27.8,0,True,0.0,
3HBUdn,68,31,Winner_2022,62.0,27.7,3,True,0.0,
3HBUdn,68,32,Winner_2022,61.5,28.4,0,True,0.0,
3HBUdn,68,33,Winner_2022,61.0,29.0,0,True,0.0,
3HBUdn,68,34,Winner_2022,60.5,29.5,1,True,0.0,
3HBUdn,68,35,Winner_2022,60.0,30.0,3,True,0.0,
3HBUdn,68,36,Winner_2022,59.5,31.4,2,True,0.0,
3HBUdn,68,37,Winner_2022,59.0,33.3,3,True,0.0,
3HBUdn,68,38,Winner_2022,58.5,36.1,2,True,0.0,
3HBUdn,68,39,Winner_2022,58.0,39.6,1,True,0.0,
3HBUdn,68,40,Winner_2022,57.5,43.5,2,True,0.0,
3HBUdn,68,41,Winner_2022,57.0,48.4,1,True,0.0,
3HBUdn,68,42,Winner_2022,56.5,53.9,0,True,0.0,
3HBUdn,68,43,Winner_2022,56.0,59.7,1,True,0.0,
3HBUdn,68,44,Winner_2022,55.5,66.3,0,True,0.0,
3HBUdn,68,45,Winner_2022,55.0,73.0,0,True,0.0,
3HBUdn,68,46,Winner_2022,54.5,80.0,0,True,0.0,
3HBUdn,68,47,Winner_2022,54.0,87.1,0,True,0.0,
3HBUdn,68,48,Winner_2022,53.5,94.6,0,True,0.0,
3HBUdn,68,49,Winner_2022,53.0,100.0,0,True,0.0,
3HBUdn,68,50,Winner_2022,52.5,100.0,0,True,0.0,
3HBUdn,68,51,Winner_2022,52.0,100.0,0,True,0.0,
3HBUdn,68,52,Winner_2022,51.5,100.0,0,True,0.0,
3HBUdn,68,53,Winner_2022,51.0,100.0,0,True,0.0,
3HBUdn,68,54,Winner_2022,50.5,100.0,0,True,0.0,
3HBUdn,68,55,Winner_2022,50.0,100.0,0,True,0.0,
3HBUdn,68,56,Winner_2022,49.5,100.0,0,True,0.0,
3HBUdn,68,57,Winner_2022,49.0,100.0,0,True,0.0,
3HBUdn,68,58,Winner_2022,48.5,100.0,0,True,0.0,
3HBUdn,68,59,Winner_2022,48.0,100.0,0,True,0.0,
3HBUdn,68,60,Winner_2022,47.5,100.0,0,True,0.0,
3HBUdn,68,61,Winner_2022,47.0,100.0,0,True,0.0,
3HBUdn,68,62,Winner_2022,46.5,100.0,0,True,0.0,
3HBUdn,68,63,Winner_2022,46.0,99.9,0,True,0.0,
3HBUdn,68,64,Winner_2022,46.5,99.2,0,True,0.0,
3HBUdn,68,65,Winner_2022,46.0,97.9,0,True,0.0,
3HBUdn,68,66,Winner_2022,45.5,96.1,0,True,0.0,
3HBUdn,68,67,Winner_2022,46.0,93.8,0,True,0.0,
3HBUdn,68,68,Winner_2022,46.5,91.1,0,True,0.0,
3HBUdn,68,69,Winner_2022,47.0,88.1,0,True,0.0,
3HBUdn,68,70,Winner_2022,47.5,84.8,0,True,0.0,
3HBUdn,68,71,Winner_2022,48.0,81.3,0,True,0.0,
3HBUdn,68,72,Winner_2022,48.5,77.6,0,True,0.0,
3HBUdn,68,73,Winner_2022,49.0,73.7,0,True,0.0,
3HBUdn,68,74,Winner_2022,49.5,69.8,0,True,0.0,
3HBUdn,68,75,Winner_2022,50.0,65.6,0,True,0.0,
3HBUdn,68,76,Winner_2022,50.5,61.5,0,True,0.0,
3HBUdn,68,77,Winner_2022,51.0,57.5,0,True,0.0,
3HBUdn,68,78,Winner_2022,51.5,53.5,3,True,0.0,
3HBUdn,68,79,Winner_2022,52.0,50.2,0,True,0.0,
3HBUdn,68,80,Winner_2022,52.5,46.9,0,True,0.0,
3HBUdn,68,81,Winner_2022,53.0,43.7,1,True,0.0,
3HBUdn,68,82,Winner_2022,53.5,40.8,1,True,0.0,
3HBUdn,68,83,Winner_2022,54.0,38.1,3,True,0.0,
3HBUdn,68,84,Winner_2022,54.5,35.8,1,True,0.0,
3HBUdn,68,85,Winner_2022,55.0,33.6,1,True,0.0,
3HBUdn,68,86,Winner_2022,55.5,31.6,1,True,0.0,
3HBUdn,68,87,Winner_2022,55.0,29.6,1,True,0.0,
3HBUdn,68,88,Winner_2022,54.5,27.9,0,True,0.0,
3HBUdn,68,89,Winner_2022,54.0,26.1,1,True,0.0,
3HBUdn,68,90,Winner_2022,53.5,24.5,5,True,0.0,
3HBUdn,68,91,Winner_2022,53.0,23.2,3,True,0.0,
3HBUdn,68,92,Winner_2022,52.5,22.2,1,True,0.0,
3HBUdn,68,93,Winner_2022,52.0,21.2,2,True,0.0,
3HBUdn,68,94,Winner_2022,51.5,20.4,0,True,0.0,
3HBUdn,68,95,Winner_2022,51.0,19.5,1,True,0.0,
3HBUdn,68,96,Winner_2022,50.5,18.7,3,True,0.0,
3HBUdn,68,97,Winner_2022,50.0,18.1,2,True,0.0,
3HBUdn,68,98,Winner_2022,49.5,17.5,3,True,0.0,
3HBUdn,68,99,Winner_2022,49.0,17.0,0,True,0.0,
3HBUdn,68,100,Winner_2022,48.5,16.6,1,True,0.0,
3HBUdn,69,1,Winner_2022,64.1,64.0,0,True,0.0,
3HBUdn,69,2,Winner_2022,64.0,51.2,0,True,0.0,
3HBUdn,69,3,Winner_2022,63.5,41.0,2,True,0.0,
3HBUdn,69,4,Winner_2022,63.0,43.2,1,True,0.0,
3HBUdn,69,5,Winner_2022,62.5,47.0,1,True,0.0,
3HBUdn,69,6,Winner_2022,62.0,51.6,0,True,0.0,
3HBUdn,69,7,Winner_2022,61.5,55.1,1,True,0.0,
3HBUdn,69,8,Winner_2022,61.0,59.7,0,True,0.0,
3HBUdn,69,9,Winner_2022,60.5,62.4,0,True,0.0,
3HBUdn,69,10,Winner_2022,61.0,63.7,0,True,0.0,
3HBUdn,69,11,Winner_2022,61.5,63.9,0,True,0.0,
3HBUdn,69,12,Winner_2022,62.0,63.0,1,True,0.0,
3HBUdn,69,13,Winner_2022,62.5,62.8,0,True,0.0,
3HBUdn,69,14,Winner_2022,62.7,61.5,0,True,0.0,
3HBUdn,69,15,Winner_2022,63.2,59.1,1,True,0.0,
3HBUdn,69,16,Winner_2022,63.7,57.5,1,True,0.0,
3HBUdn,69,17,Winner_2022,64.2,56.4,0,True,0.0,
3HBUdn,69,18,Winner_2022,64.7,54.9,2,True,0.0,
3HBUdn,69,19,Winner_2022,65.2,55.4,0,True,0.001,
3HBUdn,69,20,Winner_2022,65.7,55.2,3,True,0.0,
3HBUdn,69,21,Winner_2022,66.2,57.8,2,True,0.0,
3HBUdn,69,22,Winner_2022,66.7,61.9,0,True,0.0,
3HBUdn,69,23,Winner_2022,67.2,65.6,1,True,0.0,
3HBUdn,69,24,Winner_2022,67.7,69.5,0,True,0.0,
3HBUdn,69,25,Winner_2022,68.2,72.9,0,True,0.0,
3HBUdn,69,26,Winner_2022,68.7,75.9,0,True,0.0,
3HBUdn,69,27,Winner_2022,69.2,78.3,0,True,0.0,
3HBUdn,69,28,Winner_2022,69.7,79.9,0,True,0.0,
3HBUdn,69,29,Winner_2022,70.2,80.9,0,True,0.0,
3HBUdn,69,30,Winner_2022,70.7,81.2,0,True,0.0,
3HBUdn,69,31,Winner_2022,71.2,80.9,1,True,0.0,
3HBUdn,69,32,Winner_2022,71.7,81.2,0,True,0.0,
3HBUdn,69,33,Winner_2022,72.2,81.1,0,True,0.0,
3HBUdn,69,34,Winner_2022,72.7,80.5,0,True,0.0,
3HBUdn,69,35,Winner_2022,73.2,79.3,0,True,0.0,
3HBUdn,69,36,Winner_2022,73.7,77.9,1,True,0.0,
3HBUdn,69,37,Winner_2022,74.2,76.9,1,True,0.0,
3HBUdn,69,38,Winner_2022,74.7,76.3,0,True,0.0,
3HBUdn,69,39,Winner_2022,75.2,75.4,0,True,0.0,
3HBUdn,69,40,Winner_2022,75.3,74.2,1,True,0.0,
3HBUdn,69,41,Winner_2022,75.8,73.4,2,True,0.0,
3HBUdn,69,42,Winner_2022,76.3,73.6,0,True,0.0,
3HBUdn,69,43,Winner_2022,76.8,73.5,0,True,0.0,
3HBUdn,69,44,Winner_2022,77.3,73.1,0,True,0.0,
3HBUdn,69,45,Winner_2022,77.8,72.4,2,True,0.0,
3HBUdn,69,46,Winner_2022,78.3,72.6,0,True,0.0,
3HBUdn,69,47,Winner_2022,78.8,72.4,1,True,0.0,
3HBUdn,69,48,Winner_2022,79.3,72.7,2,True,0.0,
3HBUdn,69,49,Winner_2022,79.8,73.9,0,True,0.0,
3HBUdn,69,50,Winner_2022,80.3,74.7,0,True,0.0,
3HBUdn,69,51,Winner_2022,80.8,75.2,0,True,0.0,
3HBUdn,69,52,Winner_2022,81.3,75.3,0,True,0.0,
3HBUdn,69,53,Winner_2022,81.8,74.9,1,True,0.0,
3HBUdn,69,54,Winner_2022,82.3,74.6,1,True,0.0,
3HBUdn,69,55,Winner_2022,82.8,74.5,0,True,0.0,
3HBUdn,69,56,Winner_2022,83.3,73.9,1,True,0.0,
3HBUdn,69,57,Winner_2022,83.8,73.6,0,True,0.0,
3HBUdn,69,58,Winner_2022,84.3,73.1,0,True,0.0,
3HBUdn,69,59,Winner_2022,84.8,72.2,1,True,0.0,
3HBUdn,69,60,Winner_2022,85.3,71.5,1,True,0.0,
3HBUdn,69,61,Winner_2022,85.8,70.9,1,True,0.0,
3HBUdn,69,62,Winner_2022,86.3,70.3,0,True,0.0,
3HBUdn,69,63,Winner_2022,86.8,69.4,2,True,0.0,
3HBUdn,69,64,Winner_2022,87.3,69.0,0,True,0.0,
3HBUdn,69,65,Winner_2022,87.8,68.0,1,True,0.0,
3HBUdn,69,66,Winner_2022,88.3,67.2,5,True,0.0,
3HBUdn,69,67,Winner_2022,88.8,67.6,4,True,0.0,
3HBUdn,69,68,Winner_2022,89.3,68.9,1,True,0.0,
3HBUdn,69,69,Winner_2022,89.8,70.2,2,True,0.0,
3HBUdn,69,70,Winner_2022,90.3,71.9,2,True,0.0,
3HBUdn,69,71,Winner_2022,90.8,73.8,1,True,0.0,
3HBUdn,69,72,Winner_2022,91.3,75.6,3,True,0.0,
3HBUdn,69,73,Winner_2022,91.8,78.1,1,True,0.0,
3HBUdn,69,74,Winner_2022,92.3,80.4,0,True,0.0,
3HBUdn,69,75,Winner_2022,91.8,82.1,0,True,0.0,
3HBUdn,69,76,Winner_2022,91.3,83.4,0,True,0.0,
3HBUdn,69,77,Winner_2022,90.8,84.3,0,True,0.0,
3HBUdn,69,78,Winner_2022,90.3,84.7,0,True,0.0,
3HBUdn,69,79,Winner_2022,89.8,84.8,0,True,0.0,
3HBUdn,69,80,Winner_2022,89.3,84.4,0,True,0.0,
3HBUdn,69,81,Winner_2022,88.8,83.6,0,True,0.0,
3HBUdn,69,82,Winner_2022,88.3,82.5,0,True,0.0,
3HBUdn,69,83,Winner_2022,87.8,81.1,0,True,0.0,
3HBUdn,69,84,Winner_2022,87.3,79.4,0,True,0.0,
3HBUdn,69,85,Winner_2022,86.8,77.3,1,True,0.0,
3HBUdn,69,86,Winner_2022,86.3,75.3,1,True,0.0,
3HBUdn,69,87,Winner_2022,85.8,73.3,1,True,0.0,
3HBUdn,69,88,Winner_2022,85.3,71.2,2,True,0.0,
3HBUdn,69,89,Winner_2022,84.8,69.4,0,True,0.0,
3HBUdn,69,90,Winner_2022,84.3,67.5,0,True,0.0,
3HBUdn,69,91,Winner_2022,83.8,65.4,1,True,0.0,
3HBUdn,69,92,Winner_2022,83.3,63.4,3,True,0.0,
3HBUdn,69,93,Winner_2022,82.8,61.9,3,True,0.0,
3HBUdn,69,94,Winner_2022,82.3,60.7,1,True,0.0,
3HBUdn,69,95,Winner_2022,81.8,59.6,1,True,0.0,
3HBUdn,69,96,Winner_2022,81.3,58.6,1,True,0.0,
3HBUdn,69,97,Winner_2022,80.8,57.6,2,True,0.0,
3HBUdn,69,98,Winner_2022,80.3,56.8,1,True,0.0,
3HBUdn,69,99,Winner_2022,79.8,56.0,2,True,0.0,
3HBUdn,69,100,Winner_2022,79.3,55.5,0,True,0.0,
3HBUdn,70,1,Winner_2022,66.9,30.0,1,True,0.0,
3HBUdn,70,2,Winner_2022,66.4,34.5,1,True,0.0,
3HBUdn,70,3,Winner_2022,65.9,39.1,0,True,0.0,
3HBUdn,70,4,Winner_2022,65.4,41.2,0,True,0.0,
3HBUdn,70,5,Winner_2022,64.9,40.9,0,True,0.0,
3HBUdn,70,6,Winner_2022,64.4,38.8,2,True,0.0,
3HBUdn,70,7,Winner_2022,63.9,41.4,1,True,0.0,
3HBUdn,70,8,Winner_2022,63.4,44.9,2,True,0.0,
3HBUdn,70,9,Winner_2022,62.9,51.3,0,True,0.0,
3HBUdn,70,10,Winner_2022,62.4,56.9,0,True,0.0,
3HBUdn,70,11,Winner_2022,61.9,61.7,0,True,0.0,
3HBUdn,70,12,Winner_2022,61.8,65.5,0,True,0.0,
3HBUdn,70,13,Winner_2022,61.3,67.4,0,True,0.0,
3HBUdn,70,14,Winner_2022,61.8,68.0,0,True,0.0,
3HBUdn,70,15,Winner_2022,62.3,67.1,0,True,0.0,
3HBUdn,70,16,Winner_2022,62.8,65.3,1,True,0.0,
3HBUdn,70,17,Winner_2022,63.3,64.1,0,True,0.0,
3HBUdn,70,18,Winner_2022,63.7,62.4,0,True,0.0,
3HBUdn,70,19,Winner_2022,64.2,60.3,0,True,0.0,
3HBUdn,70,20,Winner_2022,64.7,57.8,0,True,0.0,
3HBUdn,70,21,Winner_2022,65.2,55.0,1,True,0.0,
3HBUdn,70,22,Winner_2022,65.7,52.9,0,True,0.0,
3HBUdn,70,23,Winner_2022,66.2,50.6,2,True,0.0,
3HBUdn,70,24,Winner_2022,66.7,49.5,1,True,0.0,
3HBUdn,70,25,Winner_2022,67.2,48.9,1,True,0.0,
3HBUdn,70,26,Winner_2022,67.7,48.7,3,True,0.0,
3HBUdn,70,27,Winner_2022,68.2,50.2,0,True,0.0,
3HBUdn,70,28,Winner_2022,68.7,51.2,1,True,0.0,
3HBUdn,70,29,Winner_2022,69.2,52.5,1,True,0.0,
3HBUdn,70,30,Winner_2022,69.7,54.0,2,True,0.0,
3HBUdn,70,31,Winner_2022,70.2,56.5,1,True,0.0,
3HBUdn,70,32,Winner_2022,70.7,59.5,3,True,0.0,
3HBUdn,70,33,Winner_2022,71.2,64.2,3,True,0.0,
3HBUdn,70,34,Winner_2022,70.7,71.0,1,True,0.0,
3HBUdn,70,35,Winner_2022,70.6,78.5,0,True,0.0,
3HBUdn,70,36,Winner_2022,71.1,86.3,0,True,0.0,
3HBUdn,70,37,Winner_2022,71.6,94.2,0,True,0.0,
3HBUdn,70,38,Winner_2022,72.1,100.0,0,True,0.0,
3HBUdn,70,39,Winner_2022,72.6,100.0,0,True,0.0,
3HBUdn,70,40,Winner_2022,73.1,100.0,0,True,0.0,
3HBUdn,70,41,Winner_2022,73.6,100.0,0,True,0.0,
3HBUdn,70,42,Winner_2022,74.1,100.0,0,True,0.0,
3HBUdn,70,43,Winner_2022,74.6,100.0,0,True,0.0,
3HBUdn,70,44,Winner_2022,75.1,100.0,0,True,0.0,
3HBUdn,70,45,Winner_2022,75.6,100.0,0,True,0.0,
3HBUdn,70,46,Winner_2022,76.1,100.0,0,True,0.0,
3HBUdn,70,47,Winner_2022,76.6,100.0,0,True,0.0,
3HBUdn,70,48,Winner_2022,77.1,100.0,0,True,0.0,
3HBUdn,70,49,Winner_2022,77.6,100.0,0,True,0.0,
3HBUdn,70,50,Winner_2022,78.1,100.0,0,True,0.0,
3HBUdn,70,51,Winner_2022,78.6,100.0,0,True,0.0,
3HBUdn,70,52,Winner_2022,79.1,100.0,0,True,0.0,
3HBUdn,70,53,Winner_2022,79.6,100.0,0,True,0.0,
3HBUdn,70,54,Winner_2022,80.1,99.6,0,True,0.0,
3HBUdn,70,55,Winner_2022,80.6,98.7,0,True,0.0,
3HBUdn,70,56,Winner_2022,81.1,97.3,0,True,0.0,
3HBUdn,70,57,Winner_2022,81.6,95.7,0,True,0.0,
3HBUdn,70,58,Winner_2022,82.1,93.8,0,True,0.0,
3HBUdn,70,59,Winner_2022,82.6,91.5,0,True,0.0,
3HBUdn,70,60,Winner_2022,83.1,88.8,0,True,0.0,
3HBUdn,70,61,Winner_2022,83.6,85.9,0,True,0.0,
3HBUdn,70,62,Winner_2022,84.1,82.8,0,True,0.0,
3HBUdn,70,63,Winner_2022,84.6,79.4,1,True,0.0,
3HBUdn,70,64,Winner_2022,85.1,76.2,0,True,0.0,
3HBUdn,70,65,Winner_2022,84.6,72.7,1,True,0.0,
3HBUdn,70,66,Winner_2022,84.1,69.5,0,True,0.002,
3HBUdn,70,67,Winner_2022,83.6,66.1,1,True,0.0,
3HBUdn,70,68,Winner_2022,83.1,62.9,1,True,0.0,
3HBUdn,70,69,Winner_2022,82.6,59.9,0,True,0.0,
3HBUdn,70,70,Winner_2022,82.1,56.9,2,True,0.0,
3HBUdn,70,71,Winner_2022,81.6,54.2,1,True,0.0,
3HBUdn,70,72,Winner_2022,81.1,51.8,1,True,0.0,
3HBUdn,70,73,Winner_2022,80.6,49.4,0,True,0.0,
3HBUdn,70,74,Winner_2022,80.1,47.0,0,True,0.0,
3HBUdn,70,75,Winner_2022,79.6,44.4,1,True,0.0,
3HBUdn,70,76,Winner_2022,79.1,42.0,1,True,0.0,
3HBUdn,70,77,Winner_2022,78.6,39.7,1,True,0.0,
3HBUdn,70,78,Winner_2022,78.1,37.5,0,True,0.0,
3HBUdn,70,79,Winner_2022,77.6,35.3,1,True,0.0,
3HBUdn,70,80,Winner_2022,77.1,33.3,1,True,0.0,
3HBUdn,70,81,Winner_2022,76.6,31.4,0,True,0.0,
3HBUdn,70,82,Winner_2022,76.1,29.5,2,True,0.004,
3HBUdn,70,83,Winner_2022,75.6,27.8,1,True,0.0,
3HBUdn,70,84,Winner_2022,75.1,26.2,0,True,0.0,
3HBUdn,70,85,Winner_2022,74.6,24.6,1,True,0.0,
3HBUdn,70,86,Winner_2022,74.1,23.1,2,True,0.0,
3HBUdn,70,87,Winner_2022,73.6,21.8,1,True,0.0,
3HBUdn,70,88,Winner_2022,73.1,20.5,1,True,0.0,
3HBUdn,70,89,Winner_2022,72.6,19.4,1,True,0.0,
3HBUdn,70,90,Winner_2022,72.1,18.3,1,True,0.0,
3HBUdn,70,91,Winner_2022,71.6,17.2,2,True,0.0,
3HBUdn,70,92,Winner_2022,71.1,16.3,0,True,0.0,
3HBUdn,70,93,Winner_2022,70.6,15.4,2,True,0.0,
3HBUdn,70,94,Winner_2022,70.1,14.7,1,True,0.0,
3HBUdn,70,95,Winner_2022,69.6,13.9,3,True,0.0,
3HBUdn,70,96,Winner_2022,69.1,13.3,4,True,0.0,
3HBUdn,70,97,Winner_2022,68.6,12.8,1,True,0.0,
3HBUdn,70,98,Winner_2022,68.1,12.4,0,True,0.0,
3HBUdn,70,99,Winner_2022,67.6,12.0,2,True,0.0,
3HBUdn,70,100,Winner_2022,67.1,11.6,2,True,0.0,
3HBUdn,71,1,Winner_2022,75.3,65.0,2,True,0.0,
3HBUdn,71,2,Winner_2022,74.8,78.0,0,True,0.0,
3HBUdn,71,3,Winner_2022,75.3,88.4,0,True,0.0,
3HBUdn,71,4,Winner_2022,75.8,93.2,0,True,0.0,
3HBUdn,71,5,Winner_2022,76.3,92.5,0,True,0.0,
3HBUdn,71,6,Winner_2022,76.8,87.7,0,True,0.0,
3HBUdn,71,7,Winner_2022,77.3,81.9,0,True,0.0,
3HBUdn,71,8,Winner_2022,77.8,74.8,1,True,0.0,
3HBUdn,71,9,Winner_2022,78.3,70.9,0,True,0.0,
3HBUdn,71,10,Winner_2022,78.8,66.1,0,True,0.0,
3HBUdn,71,11,Winner_2022,79.3,61.0,1,True,0.0,
3HBUdn,71,12,Winner_2022,79.8,57.8,0,True,0.0,
3HBUdn,71,13,Winner_2022,80.3,53.9,3,True,0.0,
3HBUdn,71,14,Winner_2022,80.8,54.3,1,True,0.0,
3HBUdn,71,15,Winner_2022,81.3,55.1,0,True,0.0,
3HBUdn,71,16,Winner_2022,81.8,55.0,1,True,0.0,
3HBUdn,71,17,Winner_2022,82.3,55.2,1,True,0.0,
3HBUdn,71,18,Winner_2022,82.8,56.2,1,True,0.0,
3HBUdn,71,19,Winner_2022,83.3,57.8,1,True,0.0,
3HBUdn,71,20,Winner_2022,83.8,59.9,2,True,0.0,
3HBUdn,71,21,Winner_2022,84.3,63.8,1,True,0.0,
3HBUdn,71,22,Winner_2022,84.8,68.3,2,True,0.0,
3HBUdn,71,23,Winner_2022,85.3,74.8,0,True,0.0,
3HBUdn,71,24,Winner_2022,85.8,80.5,0,True,0.0,
3HBUdn,71,25,Winner_2022,86.3,85.7,0,True,0.0,
3HBUdn,71,26,Winner_2022,86.6,90.5,0,True,0.0,
3HBUdn,71,27,Winner_2022,87.1,94.6,0,True,0.0,
3HBUdn,71,28,Winner_2022,87.6,97.9,0,True,0.0,
3HBUdn,71,29,Winner_2022,88.1,100.0,0,True,0.0,
3HBUdn,71,30,Winner_2022,88.6,100.0,0,True,0.0,
3HBUdn,71,31,Winner_2022,89.1,100.0,0,True,0.0,
3HBUdn,71,32,Winner_2022,89.6,100.0,0,True,0.0,
3HBUdn,71,33,Winner_2022,90.1,99.8,0,True,0.0,
3HBUdn,71,34,Winner_2022,90.6,99.1,0,True,0.0,
3HBUdn,71,35,Winner_2022,91.1,97.7,0,True,0.0,
3HBUdn,71,36,Winner_2022,91.6,95.9,0,True,0.0,
3HBUdn,71,37,Winner_2022,92.1,93.6,0,True,0.0,
3HBUdn,71,38,Winner_2022,92.6,91.0,0,True,0.0,
3HBUdn,71,39,Winner_2022,93.1,88.1,0,True,0.0,
3HBUdn,71,40,Winner_2022,93.6,85.0,0,True,0.0,
3HBUdn,71,41,Winner_2022,94.1,81.7,0,True,0.0,
3HBUdn,71,42,Winner_2022,94.6,78.2,0,True,0.0,
3HBUdn,71,43,Winner_2022,95.1,74.6,1,True,0.0,
3HBUdn,71,44,Winner_2022,95.6,71.5,1,True,0.0,
3HBUdn,71,45,Winner_2022,96.1,68.9,1,True,0.0,
3HBUdn,71,46,Winner_2022,96.6,66.8,1,True,0.0,
3HBUdn,71,47,Winner_2022,97.1,65.0,1,True,0.0,
3HBUdn,71,48,Winner_2022,97.6,63.7,2,True,0.0,
3HBUdn,71,49,Winner_2022,98.1,63.2,1,True,0.0,
3HBUdn,71,50,Winner_2022,98.6,62.9,1,True,0.0,
3HBUdn,71,51,Winner_2022,99.1,62.8,0,True,0.0,
3HBUdn,71,52,Winner_2022,98.6,62.4,0,True,0.0,
3HBUdn,71,53,Winner_2022,98.1,61.7,3,True,0.0,
3HBUdn,71,54,Winner_2022,97.6,61.9,3,True,0.0,
3HBUdn,71,55,Winner_2022,97.1,63.0,0,True,0.0,
3HBUdn,71,56,Winner_2022,96.6,63.8,0,True,0.0,
3HBUdn,71,57,Winner_2022,96.1,64.4,1,True,0.0,
3HBUdn,71,58,Winner_2022,95.6,65.1,1,True,0.0,
3HBUdn,71,59,Winner_2022,95.1,66.0,1,True,0.0,
3HBUdn,71,60,Winner_2022,94.6,66.9,1,True,0.0,
3HBUdn,71,61,Winner_2022,94.1,67.9,1,True,0.0,
3HBUdn,71,62,Winner_2022,93.6,69.0,1,True,0.0,
3HBUdn,71,63,Winner_2022,93.1,70.1,3,True,0.0,
3HBUdn,71,64,Winner_2022,92.6,71.9,0,True,0.0,
3HBUdn,71,65,Winner_2022,92.1,73.3,1,True,0.0,
3HBUdn,71,66,Winner_2022,91.6,74.6,0,True,0.0,
3HBUdn,71,67,Winner_2022,91.1,75.5,1,True,0.0,
3HBUdn,71,68,Winner_2022,90.6,76.2,0,True,0.0,
3HBUdn,71,69,Winner_2022,90.1,76.6,0,True,0.0,
3HBUdn,71,70,Winner_2022,89.6,76.6,0,True,0.0,
3HBUdn,71,71,Winner_2022,89.1,76.2,1,True,0.0,
3HBUdn,71,72,Winner_2022,88.6,75.8,0,True,0.0,
3HBUdn,71,73,Winner_2022,88.1,74.9,0,True,0.0,
3HBUdn,71,74,Winner_2022,87.6,73.7,1,True,0.0,
3HBUdn,71,75,Winner_2022,87.1,72.3,1,True,0.0,
3HBUdn,71,76,Winner_2022,86.6,70.9,1,True,0.0,
3HBUdn,71,77,Winner_2022,86.1,69.5,1,True,0.0,
3HBUdn,71,78,Winner_2022,85.6,68.1,0,True,0.0,
3HBUdn,71,79,Winner_2022,85.1,66.3,1,True,0.0,
3HBUdn,71,80,Winner_2022,84.6,64.6,1,True,0.0,
3HBUdn,71,81,Winner_2022,84.1,62.9,2,True,0.0,
3HBUdn,71,82,Winner_2022,83.6,61.5,2,True,0.0,
3HBUdn,71,83,Winner_2022,83.1,60.2,3,True,0.0,
3HBUdn,71,84,Winner_2022,82.6,59.3,2,True,0.0,
3HBUdn,71,85,Winner_2022,82.1,58.5,2,True,0.0,
3HBUdn,71,86,Winner_2022,81.6,57.9,2,True,0.0,
3HBUdn,71,87,Winner_2022,81.1,57.4,3,True,0.0,
3HBUdn,71,88,Winner_2022,80.6,57.1,2,True,0.0,
3HBUdn,71,89,Winner_2022,80.1,57.0,1,True,0.0,
3HBUdn,71,90,Winner_2022,79.6,56.9,1,True,0.0,
3HBUdn,71,91,Winner_2022,79.1,56.8,2,True,0.0,
3HBUdn,71,92,Winner_2022,78.6,56.8,3,True,0.0,
3HBUdn,71,93,Winner_2022,78.1,57.1,0,True,0.0,
3HBUdn,71,94,Winner_2022,77.6,57.3,0,True,0.0,
3HBUdn,71,95,Winner_2022,77.1,57.3,2,True,0.0,
3HBUdn,71,96,Winner_2022,76.6,57.5,0,True,0.0,
3HBUdn,71,97,Winner_2022,76.1,57.6,1,True,0.0,
3HBUdn,71,98,Winner_2022,75.6,57.7,1,True,0.0,
3HBUdn,71,99,Winner_2022,75.1,57.8,1,True,0.0,
3HBUdn,71,100,Winner_2022,74.6,58.1,0,True,0.0,
3HBUdn,72,1,Winner_2022,79.8,45.0,2,True,0.0,
3HBUdn,72,2,Winner_2022,79.3,54.0,3,True,0.0,
3HBUdn,72,3,Winner_2022,78.8,64.8,1,True,0.0,
3HBUdn,72,4,Winner_2022,78.3,77.8,0,True,0.0,
3HBUdn,72,5,Winner_2022,78.0,93.3,0,True,0.0,
3HBUdn,72,6,Winner_2022,77.5,100.0,0,True,0.0,
3HBUdn,72,7,Winner_2022,77.0,100.0,0,True,0.0,
3HBUdn,72,8,Winner_2022,77.5,100.0,0,True,0.0,
3HBUdn,72,9,Winner_2022,78.0,100.0,0,True,0.0,
3HBUdn,72,10,Winner_2022,78.5,100.0,0,True,0.0,
3HBUdn,72,11,Winner_2022,79.0,100.0,0,True,0.0,
3HBUdn,72,12,Winner_2022,79.5,100.0,0,True,0.0,
3HBUdn,72,13,Winner_2022,80.0,99.7,0,True,0.0,
3HBUdn,72,14,Winner_2022,80.5,97.5,0,True,0.0,
3HBUdn,72,15,Winner_2022,81.0,93.7,0,True,0.0,
3HBUdn,72,16,Winner_2022,81.5,88.9,0,True,0.0,
3HBUdn,72,17,Winner_2022,82.0,83.2,0,True,0.0,
3HBUdn,72,18,Winner_2022,82.5,77.4,0,True,0.0,
3HBUdn,72,19,Winner_2022,83.0,71.6,1,True,0.0,
3HBUdn,72,20,Winner_2022,83.5,67.1,0,True,0.0,
3HBUdn,72,21,Winner_2022,84.0,62.6,1,True,0.0,
3HBUdn,72,22,Winner_2022,84.5,59.1,0,True,0.0,
3HBUdn,72,23,Winner_2022,85.0,55.5,2,True,0.0,
3HBUdn,72,24,Winner_2022,85.5,53.4,1,True,0.0,
3HBUdn,72,25,Winner_2022,86.0,51.9,0,True,0.0,
3HBUdn,72,26,Winner_2022,86.5,50.1,2,True,0.0,
3HBUdn,72,27,Winner_2022,87.0,49.5,1,True,0.0,
3HBUdn,72,28,Winner_2022,87.5,49.2,3,True,0.0,
3HBUdn,72,29,Winner_2022,88.0,50.4,0,True,0.0,
3HBUdn,72,30,Winner_2022,88.5,51.2,0,True,0.0,
3HBUdn,72,31,Winner_2022,89.0,51.7,3,True,0.0,
3HBUdn,72,32,Winner_2022,89.5,53.8,2,True,0.0,
3HBUdn,72,33,Winner_2022,90.0,56.8,2,True,0.0,
3HBUdn,72,34,Winner_2022,90.5,60.9,0,True,0.0,
3HBUdn,72,35,Winner_2022,91.0,64.7,1,True,0.0,
3HBUdn,72,36,Winner_2022,91.5,69.0,1,True,0.0,
3HBUdn,72,37,Winner_2022,92.0,73.9,0,True,0.0,
3HBUdn,72,38,Winner_2022,92.5,78.5,0,True,0.0,
3HBUdn,72,39,Winner_2022,93.0,83.0,0,True,0.0,
3HBUdn,72,40,Winner_2022,93.5,87.4,0,True,0.0,
3HBUdn,72,41,Winner_2022,94.0,91.4,0,True,0.0,
3HBUdn,72,42,Winner_2022,94.5,95.0,0,True,0.0,
3HBUdn,72,43,Winner_2022,94.8,98.4,0,True,0.0,
3HBUdn,72,44,Winner_2022,95.3,100.0,0,True,0.0,
3HBUdn,72,45,Winner_2022,95.8,100.0,0,True,0.0,
3HBUdn,72,46,Winner_2022,96.3,100.0,0,True,0.0,
3HBUdn,72,47,Winner_2022,96.8,100.0,0,True,0.0,
3HBUdn,72,48,Winner_2022,97.3,100.0,0,True,0.0,
3HBUdn,72,49,Winner_2022,97.8,100.0,0,True,0.0,
3HBUdn,72,50,Winner_2022,97.3,100.0,0,True,0.0,
3HBUdn,72,51,Winner_2022,96.8,99.9,0,True,0.0,
3HBUdn,72,52,Winner_2022,96.3,99.3,0,True,0.0,
3HBUdn,72,53,Winner_2022,95.8,98.1,0,True,0.0,
3HBUdn,72,54,Winner_2022,95.3,96.3,0,True,0.0,
3HBUdn,72,55,Winner_2022,94.8,94.1,0,True,0.0,
3HBUdn,72,56,Winner_2022,94.5,91.6,0,True,0.0,
3HBUdn,72,57,Winner_2022,94.0,88.8,0,True,0.0,
3HBUdn,72,58,Winner_2022,93.5,85.9,0,True,0.0,
3HBUdn,72,59,Winner_2022,93.0,82.7,0,True,0.0,
3HBUdn,72,60,Winner_2022,92.5,79.3,0,True,0.0,
3HBUdn,72,61,Winner_2022,92.0,75.8,0,True,0.0,
3HBUdn,72,62,Winner_2022,91.5,72.1,1,True,0.0,
3HBUdn,72,63,Winner_2022,91.0,68.8,0,True,0.0,
3HBUdn,72,64,Winner_2022,90.5,65.3,0,True,0.0,
3HBUdn,72,65,Winner_2022,90.0,61.6,0,True,0.0,
3HBUdn,72,66,Winner_2022,89.5,57.9,1,True,0.0,
3HBUdn,72,67,Winner_2022,89.0,54.5,0,True,0.0,
3HBUdn,72,68,Winner_2022,88.5,51.0,1,True,0.0,
3HBUdn,72,69,Winner_2022,88.0,47.9,2,True,0.0,
3HBUdn,72,70,Winner_2022,87.5,45.2,2,True,0.0,
3HBUdn,72,71,Winner_2022,87.0,42.9,1,True,0.0,
3HBUdn,72,72,Winner_2022,86.5,40.8,1,True,0.0,
3HBUdn,72,73,Winner_2022,86.0,38.8,2,True,0.0,
3HBUdn,72,74,Winner_2022,85.5,37.0,0,True,0.0,
3HBUdn,72,75,Winner_2022,85.0,35.1,1,True,0.0,
3HBUdn,72,76,Winner_2022,84.5,33.3,2,True,0.0,
3HBUdn,72,77,Winner_2022,84.0,31.8,2,True,0.0,
3HBUdn,72,78,Winner_2022,83.5,30.4,1,True,0.0,
3HBUdn,72,79,Winner_2022,83.0,29.1,0,True,0.0,
3HBUdn,72,80,Winner_2022,82.5,27.7,0,True,0.0,
3HBUdn,72,81,Winner_2022,82.0,26.3,2,True,0.0,
3HBUdn,72,82,Winner_2022,81.5,25.1,0,True,0.0,
3HBUdn,72,83,Winner_2022,81.0,23.8,1,True,0.0,
3HBUdn,72,84,Winner_2022,80.5,22.6,4,True,0.0,
3HBUdn,72,85,Winner_2022,80.0,21.7,2,True,0.0,
3HBUdn,72,86,Winner_2022,79.5,20.8,0,True,0.0,
3HBUdn,72,87,Winner_2022,79.0,19.9,2,True,0.0,
3HBUdn,72,88,Winner_2022,78.5,19.1,1,True,0.0,
3HBUdn,72,89,Winner_2022,78.0,18.4,0,True,0.0,
3HBUdn,72,90,Winner_2022,77.5,17.6,1,True,0.0,
3HBUdn,72,91,Winner_2022,77.0,16.9,0,True,0.0,
3HBUdn,72,92,Winner_2022,76.5,16.1,4,True,0.0,
3HBUdn,72,93,Winner_2022,76.0,15.5,2,True,0.0,
3HBUdn,72,94,Winner_2022,75.5,15.0,1,True,0.0,
3HBUdn,72,95,Winner_2022,75.0,14.6,3,True,0.0,
3HBUdn,72,96,Winner_2022,74.5,14.2,0,True,0.0,
3HBUdn,72,97,Winner_2022,74.0,13.8,3,True,0.0,
3HBUdn,72,98,Winner_2022,73.5,13.5,0,True,0.0,
3HBUdn,72,99,Winner_2022,73.0,13.2,0,True,0.001,
3HBUdn,72,100,Winner_2022,72.5,12.9,4,True,0.0,
3HBUdn,73,1,Winner_2022,86.2,58.0,0,True,0.0,
3HBUdn,73,2,Winner_2022,85.7,46.4,0,True,0.0,
3HBUdn,73,3,Winner_2022,85.2,37.1,0,True,0.0,
3HBUdn,73,4,Winner_2022,84.7,29.7,4,True,0.0,
3HBUdn,73,5,Winner_2022,84.2,35.2,1,True,0.0,
3HBUdn,73,6,Winner_2022,83.7,41.2,1,True,0.0,
3HBUdn,73,7,Winner_2022,83.2,49.4,1,True,0.0,
3HBUdn,73,8,Winner_2022,82.7,59.2,1,True,0.0,
3HBUdn,73,9,Winner_2022,82.2,70.7,0,True,0.0,
3HBUdn,73,10,Winner_2022,81.7,81.5,0,True,0.0,
3HBUdn,73,11,Winner_2022,81.6,91.7,0,True,0.0,
3HBUdn,73,12,Winner_2022,81.1,100.0,0,True,0.0,
3HBUdn,73,13,Winner_2022,80.6,100.0,0,True,0.0,
3HBUdn,73,14,Winner_2022,80.1,100.0,0,True,0.0,
3HBUdn,73,15,Winner_2022,79.6,100.0,0,True,0.0,
3HBUdn,73,16,Winner_2022,80.1,99.8,0,True,0.0,
3HBUdn,73,17,Winner_2022,80.6,98.0,0,True,0.0,
3HBUdn,73,18,Winner_2022,80.1,95.4,0,True,0.0,
3HBUdn,73,19,Winner_2022,80.6,92.1,0,True,0.0,
3HBUdn,73,20,Winner_2022,81.1,88.2,0,True,0.0,
3HBUdn,73,21,Winner_2022,81.6,84.0,0,True,0.0,
3HBUdn,73,22,Winner_2022,82.1,79.3,1,True,0.0,
3HBUdn,73,23,Winner_2022,82.6,75.9,1,True,0.0,
3HBUdn,73,24,Winner_2022,83.1,73.0,0,True,0.0,
3HBUdn,73,25,Winner_2022,83.6,69.8,1,True,0.0,
3HBUdn,73,26,Winner_2022,84.1,67.4,0,True,0.0,
3HBUdn,73,27,Winner_2022,83.6,64.6,0,True,0.0,
3HBUdn,73,28,Winner_2022,83.1,61.5,0,True,0.0,
3HBUdn,73,29,Winner_2022,82.6,58.2,0,True,0.0,
3HBUdn,73,30,Winner_2022,82.1,54.7,0,True,0.0,
3HBUdn,73,31,Winner_2022,81.6,51.1,0,True,0.0,
3HBUdn,73,32,Winner_2022,81.1,47.6,2,True,0.0,
3HBUdn,73,33,Winner_2022,80.6,45.3,0,True,0.0,
3HBUdn,73,34,Winner_2022,80.1,42.9,1,True,0.0,
3HBUdn,73,35,Winner_2022,79.6,40.9,1,True,0.0,
3HBUdn,73,36,Winner_2022,79.1,39.3,1,True,0.0,
3HBUdn,73,37,Winner_2022,78.6,38.0,1,True,0.0,
3HBUdn,73,38,Winner_2022,78.1,36.9,0,True,0.0,
3HBUdn,73,39,Winner_2022,77.6,35.7,2,True,0.0,
3HBUdn,73,40,Winner_2022,77.1,35.2,1,True,0.0,
3HBUdn,73,41,Winner_2022,76.6,34.8,1,True,0.0,
3HBUdn,73,42,Winner_2022,76.1,34.6,1,True,0.0,
3HBUdn,73,43,Winner_2022,75.6,34.5,0,True,0.0,
3HBUdn,73,44,Winner_2022,75.1,34.4,1,True,0.0,
3HBUdn,73,45,Winner_2022,74.6,34.3,1,True,0.0,
3HBUdn,73,46,Winner_2022,74.1,34.4,0,True,0.0,
3HBUdn,73,47,Winner_2022,73.6,34.3,1,True,0.0,
3HBUdn,73,48,Winner_2022,73.1,34.5,1,True,0.0,
3HBUdn,73,49,Winner_2022,72.6,34.8,2,True,0.0,
3HBUdn,73,50,Winner_2022,72.1,35.4,1,True,0.0,
3HBUdn,73,51,Winner_2022,71.6,36.2,1,True,0.0,
3HBUdn,73,52,Winner_2022,71.1,37.0,0,True,0.0,
3HBUdn,73,53,Winner_2022,70.6,37.7,0,True,0.0,
3HBUdn,73,54,Winner_2022,70.1,38.0,0,True,0.0,
3HBUdn,73,55,Winner_2022,69.6,38.2,0,True,0.0,
3HBUdn,73,56,Winner_2022,69.1,38.2,1,True,0.0,
3HBUdn,73,57,Winner_2022,68.6,38.3,2,True,0.0,
3HBUdn,73,58,Winner_2022,68.1,38.7,3,True,0.0,
3HBUdn,73,59,Winner_2022,67.6,39.7,2,True,0.0,
3HBUdn,73,60,Winner_2022,67.1,41.0,2,True,0.0,
3HBUdn,73,61,Winner_2022,66.6,42.6,3,True,0.0,
3HBUdn,73,62,Winner_2022,66.1,44.8,0,True,0.0,
3HBUdn,73,63,Winner_2022,65.6,46.8,0,True,0.0,
3HBUdn,73,64,Winner_2022,65.1,48.5,1,True,0.0,
3HBUdn,73,65,Winner_2022,64.6,50.2,1,True,0.0,
3HBUdn,73,66,Winner_2022,64.1,51.9,2,True,0.0,
3HBUdn,73,67,Winner_2022,63.6,53.8,1,True,0.0,
3HBUdn,73,68,Winner_2022,63.1,55.6,0,True,0.0,
3HBUdn,73,69,Winner_2022,62.6,57.2,0,True,0.0,
3HBUdn,73,70,Winner_2022,62.1,58.6,1,True,0.0,
3HBUdn,73,71,Winner_2022,61.6,59.9,0,True,0.0,
3HBUdn,73,72,Winner_2022,61.1,60.8,0,True,0.0,
3HBUdn,73,73,Winner_2022,61.0,61.5,2,True,0.0,
3HBUdn,73,74,Winner_2022,60.7,62.3,0,True,0.0,
3HBUdn,73,75,Winner_2022,60.2,62.6,1,True,0.0,
3HBUdn,73,76,Winner_2022,59.7,62.9,0,True,0.0,
3HBUdn,73,77,Winner_2022,59.2,62.8,1,True,0.0,
3HBUdn,73,78,Winner_2022,58.7,62.7,0,True,0.0,
3HBUdn,73,79,Winner_2022,58.2,62.2,0,True,0.0,
3HBUdn,73,80,Winner_2022,57.7,61.5,1,True,0.0,
3HBUdn,73,81,Winner_2022,57.2,60.8,0,True,0.0,
3HBUdn,73,82,Winner_2022,56.7,59.8,0,True,0.0,
3HBUdn,73,83,Winner_2022,56.2,58.5,1,True,0.0,
3HBUdn,73,84,Winner_2022,55.7,57.3,0,True,0.0,
3HBUdn,73,85,Winner_2022,55.2,55.8,2,True,0.0,
3HBUdn,73,86,Winner_2022,54.9,54.5,0,True,0.0,
3HBUdn,73,87,Winner_2022,54.7,53.0,1,True,0.0,
3HBUdn,73,88,Winner_2022,54.2,51.5,1,True,0.0,
3HBUdn,73,89,Winner_2022,53.7,50.1,0,True,0.0,
3HBUdn,73,90,Winner_2022,53.2,48.5,1,True,0.0,
3HBUdn,73,91,Winner_2022,52.7,47.1,0,True,0.0,
3HBUdn,73,92,Winner_2022,52.2,45.5,1,True,0.0,
3HBUdn,73,93,Winner_2022,51.7,44.0,1,True,0.0,
3HBUdn,73,94,Winner_2022,51.2,42.6,1,True,0.0,
3HBUdn,73,95,Winner_2022,50.7,41.3,0,True,0.0,
3HBUdn,73,96,Winner_2022,50.2,39.9,3,True,0.0,
3HBUdn,73,97,Winner_2022,49.7,38.8,3,True,0.0,
3HBUdn,73,98,Winner_2022,49.2,37.9,3,True,0.0,
3HBUdn,73,99,Winner_2022,48.7,37.4,2,True,0.0,
3HBUdn,73,100,Winner_2022,48.2,36.9,1,True,0.0,
3HBUdn,74,1,Winner_2022,77.8,74.0,0,True,0.0,
3HBUdn,74,2,Winner_2022,77.3,59.2,0,True,0.0,
3HBUdn,74,3,Winner_2022,76.8,47.4,0,True,0.0,
3HBUdn,74,4,Winner_2022,76.3,37.9,2,True,0.0,
3HBUdn,74,5,Winner_2022,75.8,37.6,0,True,0.0,
3HBUdn,74,6,Winner_2022,75.3,35.7,0,True,0.0,
3HBUdn,74,7,Winner_2022,74.8,33.3,0,True,0.0,
3HBUdn,74,8,Winner_2022,74.3,30.4,0,True,0.0,
3HBUdn,74,9,Winner_2022,73.8,27.3,1,True,0.0,
3HBUdn,74,10,Winner_2022,73.3,25.5,0,True,0.0,
3HBUdn,74,11,Winner_2022,72.8,23.5,0,True,0.0,
3HBUdn,74,12,Winner_2022,72.3,21.4,1,True,0.0,
3HBUdn,74,13,Winner_2022,71.8,19.9,1,True,0.0,
3HBUdn,74,14,Winner_2022,71.3,18.9,3,True,0.0,
3HBUdn,74,15,Winner_2022,70.8,19.2,1,True,0.0,
3HBUdn,74,16,Winner_2022,70.3,19.6,0,True,0.0,
3HBUdn,74,17,Winner_2022,69.8,19.7,1,True,0.0,
3HBUdn,74,18,Winner_2022,69.3,20.1,0,True,0.0,
3HBUdn,74,19,Winner_2022,68.8,20.2,1,True,0.0,
3HBUdn,74,20,Winner_2022,68.3,20.5,1,True,0.0,
3HBUdn,74,21,Winner_2022,67.8,21.1,0,True,0.0,
3HBUdn,74,22,Winner_2022,67.3,21.5,0,True,0.0,
3HBUdn,74,23,Winner_2022,66.8,21.7,1,True,0.0,
3HBUdn,74,24,Winner_2022,66.3,21.9,1,True,0.0,
3HBUdn,74,25,Winner_2022,65.8,22.3,1,True,0.0,
3HBUdn,74,26,Winner_2022,65.3,22.9,2,True,0.0,
3HBUdn,74,27,Winner_2022,64.8,23.9,2,True,0.0,
3HBUdn,74,28,Winner_2022,64.3,25.4,2,True,0.0,
3HBUdn,74,29,Winner_2022,63.8,27.4,0,True,0.0,
3HBUdn,74,30,Winner_2022,63.3,29.2,1,True,0.0,
3HBUdn,74,31,Winner_2022,62.8,31.3,1,True,0.0,
3HBUdn,74,32,Winner_2022,62.3,33.7,1,True,0.0,
3HBUdn,74,33,Winner_2022,61.8,36.3,1,True,0.0,
3HBUdn,74,34,Winner_2022,61.3,39.4,0,True,0.0,
3HBUdn,74,35,Winner_2022,60.8,42.2,0,True,0.0,
3HBUdn,74,36,Winner_2022,60.3,45.1,1,True,0.0,
3HBUdn,74,37,Winner_2022,59.8,48.2,0,True,0.0,
3HBUdn,74,38,Winner_2022,59.3,51.3,2,True,0.0,
3HBUdn,74,39,Winner_2022,58.8,55.2,0,True,0.0,
3HBUdn,74,40,Winner_2022,58.3,59.2,1,True,0.0,
3HBUdn,74,41,Winner_2022,57.9,63.6,0,True,0.0,
3HBUdn,74,42,Winner_2022,57.4,67.9,0,True,0.0,
3HBUdn,74,43,Winner_2022,56.9,72.1,0,True,0.0,
3HBUdn,74,44,Winner_2022,56.4,76.2,0,True,0.0,
3HBUdn,74,45,Winner_2022,55.9,80.0,0,True,0.0,
3HBUdn,74,46,Winner_2022,55.4,83.6,0,True,0.0,
3HBUdn,74,47,Winner_2022,54.9,86.9,0,True,0.0,
3HBUdn,74,48,Winner_2022,55.4,90.1,0,True,0.0,
3HBUdn,74,49,Winner_2022,55.9,93.0,0,True,0.0,
3HBUdn,74,50,Winner_2022,56.4,95.4,0,True,0.0,
3HBUdn,74,51,Winner_2022,56.9,97.5,0,True,0.0,
3HBUdn,74,52,Winner_2022,57.4,99.1,0,True,0.0,
3HBUdn,74,53,Winner_2022,57.9,100.0,0,True,0.0,
3HBUdn,74,54,Winner_2022,58.4,100.0,0,True,0.0,
3HBUdn,74,55,Winner_2022,58.9,99.8,0,True,0.0,
3HBUdn,74,56,Winner_2022,59.4,99.1,0,True,0.0,
3HBUdn,74,57,Winner_2022,59.9,98.0,0,True,0.0,
3HBUdn,74,58,Winner_2022,60.4,96.7,0,True,0.0,
3HBUdn,74,59,Winner_2022,60.9,94.9,0,True,0.0,
3HBUdn,74,60,Winner_2022,61.4,92.8,0,True,0.0,
3HBUdn,74,61,Winner_2022,61.9,90.3,0,True,0.0,
3HBUdn,74,62,Winner_2022,62.4,87.5,0,True,0.0,
3HBUdn,74,63,Winner_2022,62.9,84.4,0,True,0.0,
3HBUdn,74,64,Winner_2022,63.4,81.0,0,True,0.0,
3HBUdn,74,65,Winner_2022,63.9,77.4,0,True,0.0,
3HBUdn,74,66,Winner_2022,64.4,73.5,0,True,0.0,
3HBUdn,74,67,Winner_2022,64.9,69.6,1,True,0.0,
3HBUdn,74,68,Winner_2022,65.4,65.8,0,True,0.0,
3HBUdn,74,69,Winner_2022,65.6,62.1,0,True,0.0,
3HBUdn,74,70,Winner_2022,66.1,58.3,0,True,0.0,
3HBUdn,74,71,Winner_2022,66.6,54.6,1,True,0.0,
3HBUdn,74,72,Winner_2022,67.1,51.2,1,True,0.0,
3HBUdn,74,73,Winner_2022,67.6,48.0,4,True,0.0,
3HBUdn,74,74,Winner_2022,68.1,45.6,1,True,0.0,
3HBUdn,74,75,Winner_2022,68.6,43.2,3,True,0.0,
3HBUdn,74,76,Winner_2022,69.1,41.4,3,True,0.0,
3HBUdn,74,77,Winner_2022,69.6,39.9,1,True,0.0,
3HBUdn,74,78,Winner_2022,70.1,38.5,1,True,0.0,
3HBUdn,74,79,Winner_2022,70.6,37.1,2,True,0.0,
3HBUdn,74,80,Winner_2022,71.1,35.9,3,True,0.0,
3HBUdn,74,81,Winner_2022,70.6,34.9,2,True,0.0,
3HBUdn,74,82,Winner_2022,70.1,34.1,3,True,0.0,
3HBUdn,74,83,Winner_2022,69.6,33.5,0,True,0.0,
3HBUdn,74,84,Winner_2022,69.1,32.8,0,True,0.0,
3HBUdn,74,85,Winner_2022,68.6,32.0,1,True,0.0,
3HBUdn,74,86,Winner_2022,68.1,31.1,2,True,0.0,
3HBUdn,74,87,Winner_2022,67.6,30.4,6,True,0.0,
3HBUdn,74,88,Winner_2022,67.1,30.1,0,True,0.0,
3HBUdn,74,89,Winner_2022,66.6,29.7,3,True,0.0,
3HBUdn,74,90,Winner_2022,66.1,29.4,0,True,0.0,
3HBUdn,74,91,Winner_2022,65.6,29.1,2,True,0.0,
3HBUdn,74,92,Winner_2022,65.1,28.9,1,True,0.0,
3HBUdn,74,93,Winner_2022,64.6,28.6,0,True,0.0,
3HBUdn,74,94,Winner_2022,64.1,28.3,0,True,0.0,
3HBUdn,74,95,Winner_2022,63.6,28.0,2,True,0.0,
3HBUdn,74,96,Winner_2022,63.1,27.7,2,True,0.0,
3HBUdn,74,97,Winner_2022,62.6,27.5,2,True,0.0,
3HBUdn,74,98,Winner_2022,62.1,27.4,4,True,0.0,
3HBUdn,74,99,Winner_2022,61.6,27.6,0,True,0.0,
3HBUdn,74,100,Winner_2022,61.1,27.7,0,True,0.0,
3HBUdn,75,1,Winner_2022,67.6,65.0,0,True,0.0,
3HBUdn,75,2,Winner_2022,67.1,52.0,0,True,0.0,
3HBUdn,75,3,Winner_2022,66.6,41.6,1,True,0.0,
3HBUdn,75,4,Winner_2022,66.1,38.6,1,True,0.0,
3HBUdn,75,5,Winner_2022,65.6,38.3,0,True,0.0,
3HBUdn,75,6,Winner_2022,65.1,36.3,1,True,0.0,
3HBUdn,75,7,Winner_2022,64.6,36.3,1,True,0.0,
3HBUdn,75,8,Winner_2022,64.1,37.3,0,True,0.0,
3HBUdn,75,9,Winner_2022,63.6,37.2,0,True,0.0,
3HBUdn,75,10,Winner_2022,63.1,36.3,0,True,0.0,
3HBUdn,75,11,Winner_2022,62.6,35.0,0,True,0.0,
3HBUdn,75,12,Winner_2022,62.1,33.2,2,True,0.0,
3HBUdn,75,13,Winner_2022,61.6,33.1,0,True,0.0,
3HBUdn,75,14,Winner_2022,61.1,32.4,0,True,0.0,
3HBUdn,75,15,Winner_2022,60.6,31.1,3,True,0.0,
3HBUdn,75,16,Winner_2022,60.1,31.8,0,True,0.0,
3HBUdn,75,17,Winner_2022,59.6,31.9,2,True,0.0,
3HBUdn,75,18,Winner_2022,59.1,33.2,0,True,0.0,
3HBUdn,75,19,Winner_2022,58.6,34.1,1,True,0.0,
3HBUdn,75,20,Winner_2022,58.1,35.4,1,True,0.0,
3HBUdn,75,21,Winner_2022,57.6,37.0,1,True,0.0,
3HBUdn,75,22,Winner_2022,57.1,39.0,3,True,0.0,
3HBUdn,75,23,Winner_2022,56.6,42.7,0,True,0.0,
3HBUdn,75,24,Winner_2022,56.1,45.9,0,True,0.0,
3HBUdn,75,25,Winner_2022,55.6,48.9,0,True,0.0,
3HBUdn,75,26,Winner_2022,55.1,51.6,0,True,0.0,
3HBUdn,75,27,Winner_2022,54.6,54.0,0,True,0.0,
3HBUdn,75,28,Winner_2022,54.3,55.8,0,True,0.0,
3HBUdn,75,29,Winner_2022,53.8,57.3,0,True,0.0,
3HBUdn,75,30,Winner_2022,53.3,58.2,0,True,0.0,
3HBUdn,75,31,Winner_2022,53.8,58.7,0,True,0.0,
3HBUdn,75,32,Winner_2022,54.3,58.9,0,True,0.0,
3HBUdn,75,33,Winner_2022,54.8,58.8,0,True,0.0,
3HBUdn,75,34,Winner_2022,55.3,58.4,1,True,0.0,
3HBUdn,75,35,Winner_2022,55.8,58.2,0,True,0.0,
3HBUdn,75,36,Winner_2022,56.3,57.8,0,True,0.0,
3HBUdn,75,37,Winner_2022,56.8,57.0,0,True,0.0,
3HBUdn,75,38,Winner_2022,56.9,56.0,0,True,0.0,
3HBUdn,75,39,Winner_2022,57.4,54.8,0,True,0.0,
3HBUdn,75,40,Winner_2022,57.9,53.4,1,True,0.0,
3HBUdn,75,41,Winner_2022,58.4,52.3,1,True,0.0,
3HBUdn,75,42,Winner_2022,58.9,51.5,0,True,0.0,
3HBUdn,75,43,Winner_2022,59.4,50.5,1,True,0.0,
3HBUdn,75,44,Winner_2022,59.9,49.8,0,True,0.0,
3HBUdn,75,45,Winner_2022,60.4,48.8,1,True,0.0,
3HBUdn,75,46,Winner_2022,60.9,48.1,4,True,0.0,
3HBUdn,75,47,Winner_2022,61.4,48.9,3,True,0.0,
3HBUdn,75,48,Winner_2022,61.9,50.6,2,True,0.0,
3HBUdn,75,49,Winner_2022,62.4,53.1,2,True,0.0,
3HBUdn,75,50,Winner_2022,62.9,56.1,0,True,0.0,
3HBUdn,75,51,Winner_2022,63.4,59.1,1,True,0.0,
3HBUdn,75,52,Winner_2022,63.9,62.2,2,True,0.0,
3HBUdn,75,53,Winner_2022,64.4,66.0,1,True,0.0,
3HBUdn,75,54,Winner_2022,64.9,69.9,1,True,0.0,
3HBUdn,75,55,Winner_2022,65.4,74.0,0,True,0.0,
3HBUdn,75,56,Winner_2022,65.9,77.9,0,True,0.0,
3HBUdn,75,57,Winner_2022,66.4,81.7,0,True,0.0,
3HBUdn,75,58,Winner_2022,66.9,85.3,0,True,0.0,
3HBUdn,75,59,Winner_2022,67.4,88.6,0,True,0.0,
3HBUdn,75,60,Winner_2022,67.9,91.5,0,True,0.0,
3HBUdn,75,61,Winner_2022,68.4,93.9,0,True,0.0,
3HBUdn,75,62,Winner_2022,68.9,95.9,0,True,0.0,
3HBUdn,75,63,Winner_2022,69.4,97.5,0,True,0.0,
3HBUdn,75,64,Winner_2022,68.9,98.4,0,True,0.0,
3HBUdn,75,65,Winner_2022,68.4,98.7,0,True,0.0,
3HBUdn,75,66,Winner_2022,67.9,98.4,0,True,0.0,
3HBUdn,75,67,Winner_2022,67.4,97.6,0,True,0.0,
3HBUdn,75,68,Winner_2022,66.9,96.2,0,True,0.0,
3HBUdn,75,69,Winner_2022,66.4,94.3,0,True,0.0,
3HBUdn,75,70,Winner_2022,65.9,92.1,0,True,0.0,
3HBUdn,75,71,Winner_2022,65.4,89.6,0,True,0.0,
3HBUdn,75,72,Winner_2022,64.9,86.7,0,True,0.0,
3HBUdn,75,73,Winner_2022,64.4,83.5,0,True,0.0,
3HBUdn,75,74,Winner_2022,64.9,80.1,0,True,0.0,
3HBUdn,75,75,Winner_2022,65.4,76.3,0,True,0.0,
3HBUdn,75,76,Winner_2022,65.9,72.4,0,True,0.0,
3HBUdn,75,77,Winner_2022,66.4,68.5,0,True,0.0,
3HBUdn,75,78,Winner_2022,66.9,64.5,0,True,0.0,
3HBUdn,75,79,Winner_2022,67.4,60.5,0,True,0.0,
3HBUdn,75,80,Winner_2022,67.9,56.6,3,True,0.0,
3HBUdn,75,81,Winner_2022,68.4,53.3,1,True,0.0,
3HBUdn,75,82,Winner_2022,67.9,50.3,0,True,0.0,
3HBUdn,75,83,Winner_2022,67.4,47.2,2,True,0.0,
3HBUdn,75,84,Winner_2022,66.9,44.5,0,True,0.0,
3HBUdn,75,85,Winner_2022,66.4,41.8,1,True,0.0,
3HBUdn,75,86,Winner_2022,65.9,39.3,2,True,0.0,
3HBUdn,75,87,Winner_2022,65.4,37.1,4,True,0.0,
3HBUdn,75,88,Winner_2022,64.9,35.3,0,True,0.0,
3HBUdn,75,89,Winner_2022,64.4,33.4,2,True,0.0,
3HBUdn,75,90,Winner_2022,63.9,31.8,5,True,0.0,
3HBUdn,75,91,Winner_2022,63.4,30.7,2,True,0.0,
3HBUdn,75,92,Winner_2022,62.9,29.7,4,True,0.0,
3HBUdn,75,93,Winner_2022,62.4,28.9,1,True,0.0,
3HBUdn,75,94,Winner_2022,61.9,28.2,2,True,0.0,
3HBUdn,75,95,Winner_2022,61.4,27.6,0,True,0.0,
3HBUdn,75,96,Winner_2022,60.9,27.0,1,True,0.0,
3HBUdn,75,97,Winner_2022,60.4,26.4,5,True,0.0,
3HBUdn,75,98,Winner_2022,59.9,26.1,3,True,0.0,
3HBUdn,75,99,Winner_2022,59.4,26.0,2,True,0.0,
3HBUdn,75,100,Winner_2022,58.9,26.0,0,True,0.0,
3HBUdn,76,1,Winner_2022,63.8,85.0,0,True,0.0,
3HBUdn,76,2,Winner_2022,63.3,68.0,1,True,0.0,
3HBUdn,76,3,Winner_2022,62.8,65.7,0,True,0.0,
3HBUdn,76,4,Winner_2022,63.3,60.9,0,True,0.0,
3HBUdn,76,5,Winner_2022,63.8,54.6,0,True,0.0,
3HBUdn,76,6,Winner_2022,64.3,47.7,0,True,0.0,
3HBUdn,76,7,Winner_2022,64.8,41.4,0,True,0.0,
3HBUdn,76,8,Winner_2022,65.3,35.5,1,True,0.0,
3HBUdn,76,9,Winner_2022,65.8,31.9,3,True,0.0,
3HBUdn,76,10,Winner_2022,66.3,32.5,1,True,0.0,
3HBUdn,76,11,Winner_2022,66.8,33.9,0,True,0.0,
3HBUdn,76,12,Winner_2022,67.3,34.7,4,True,0.0,
3HBUdn,76,13,Winner_2022,67.8,39.2,0,True,0.0,
3HBUdn,76,14,Winner_2022,68.3,43.0,2,True,0.0,
3HBUdn,76,15,Winner_2022,68.8,48.2,0,True,0.0,
3HBUdn,76,16,Winner_2022,69.3,52.9,1,True,0.0,
3HBUdn,76,17,Winner_2022,69.8,58.0,1,True,0.0,
3HBUdn,76,18,Winner_2022,69.3,64.0,2,True,0.0,
3HBUdn,76,19,Winner_2022,69.8,72.4,0,True,0.0,
3HBUdn,76,20,Winner_2022,70.3,80.8,0,True,0.0,
3HBUdn,76,21,Winner_2022,70.8,89.2,0,True,0.0,
3HBUdn,76,22,Winner_2022,71.3,97.1,0,True,0.0,
3HBUdn,76,23,Winner_2022,71.8,100.0,0,True,0.0,
3HBUdn,76,24,Winner_2022,72.3,100.0,0,True,0.0,
3HBUdn,76,25,Winner_2022,72.8,100.0,0,True,0.0,
3HBUdn,76,26,Winner_2022,73.3,100.0,0,True,0.0,
3HBUdn,76,27,Winner_2022,73.8,100.0,0,True,0.0,
3HBUdn,76,28,Winner_2022,74.3,100.0,0,True,0.0,
3HBUdn,76,29,Winner_2022,74.8,100.0,0,True,0.0,
3HBUdn,76,30,Winner_2022,75.3,100.0,0,True,0.0,
3HBUdn,76,31,Winner_2022,75.8,99.6,0,True,0.0,
3HBUdn,76,32,Winner_2022,76.3,98.9,0,True,0.0,
3HBUdn,76,33,Winner_2022,76.8,97.5,0,True,0.0,
3HBUdn,76,34,Winner_2022,77.3,95.7,0,True,0.0,
3HBUdn,76,35,Winner_2022,77.8,93.3,0,True,0.0,
3HBUdn,76,36,Winner_2022,78.3,90.6,0,True,0.0,
3HBUdn,76,37,Winner_2022,78.8,87.5,0,True,0.0,
3HBUdn,76,38,Winner_2022,79.3,84.2,0,True,0.0,
3HBUdn,76,39,Winner_2022,79.8,80.7,0,True,0.0,
3HBUdn,76,40,Winner_2022,80.3,77.1,0,True,0.0,
3HBUdn,76,41,Winner_2022,80.8,73.4,0,True,0.0,
3HBUdn,76,42,Winner_2022,81.3,69.5,1,True,0.0,
3HBUdn,76,43,Winner_2022,81.8,66.3,0,True,0.0,
3HBUdn,76,44,Winner_2022,82.3,63.0,0,True,0.0,
3HBUdn,76,45,Winner_2022,82.8,59.6,0,True,0.0,
3HBUdn,76,46,Winner_2022,83.3,56.2,2,True,0.0,
3HBUdn,76,47,Winner_2022,83.8,53.8,0,True,0.0,
3HBUdn,76,48,Winner_2022,84.3,51.4,4,True,0.0,
3HBUdn,76,49,Winner_2022,84.8,50.6,2,True,0.0,
3HBUdn,76,50,Winner_2022,85.3,50.3,0,True,0.0,
3HBUdn,76,51,Winner_2022,85.8,49.9,1,True,0.0,
3HBUdn,76,52,Winner_2022,86.3,49.6,4,True,0.0,
3HBUdn,76,53,Winner_2022,86.8,50.4,0,True,0.0,
3HBUdn,76,54,Winner_2022,87.3,51.0,2,True,0.0,
3HBUdn,76,55,Winner_2022,87.8,51.9,1,True,0.0,
3HBUdn,76,56,Winner_2022,88.3,52.9,1,True,0.0,
3HBUdn,76,57,Winner_2022,88.8,54.1,2,True,0.0,
3HBUdn,76,58,Winner_2022,89.3,55.8,1,True,0.0,
3HBUdn,76,59,Winner_2022,89.8,57.5,1,True,0.0,
3HBUdn,76,60,Winner_2022,90.3,59.4,3,True,0.0,
3HBUdn,76,61,Winner_2022,90.8,62.1,2,True,0.0,
3HBUdn,76,62,Winner_2022,91.3,65.2,3,True,0.0,
3HBUdn,76,63,Winner_2022,91.8,69.2,2,True,0.0,
3HBUdn,76,64,Winner_2022,92.3,73.7,0,True,0.0,
3HBUdn,76,65,Winner_2022,91.8,77.8,1,True,0.0,
3HBUdn,76,66,Winner_2022,91.3,82.1,0,True,0.0,
3HBUdn,76,67,Winner_2022,90.8,85.9,1,True,0.0,
3HBUdn,76,68,Winner_2022,90.3,89.7,0,True,0.0,
3HBUdn,76,69,Winner_2022,90.0,93.1,0,True,0.0,
3HBUdn,76,70,Winner_2022,89.5,96.2,0,True,0.0,
3HBUdn,76,71,Winner_2022,89.0,98.7,0,True,0.0,
3HBUdn,76,72,Winner_2022,88.5,100.0,0,True,0.0,
3HBUdn,76,73,Winner_2022,88.0,100.0,0,True,0.0,
3HBUdn,76,74,Winner_2022,87.5,100.0,0,True,0.0,
3HBUdn,76,75,Winner_2022,87.0,100.0,0,True,0.0,
3HBUdn,76,76,Winner_2022,86.5,99.6,0,True,0.0,
3HBUdn,76,77,Winner_2022,86.0,98.8,0,True,0.0,
3HBUdn,76,78,Winner_2022,85.5,97.5,0,True,0.0,
3HBUdn,76,79,Winner_2022,85.0,95.7,0,True,0.0,
3HBUdn,76,80,Winner_2022,84.5,93.6,0,True,0.0,
3HBUdn,76,81,Winner_2022,84.0,91.1,0,True,0.0,
3HBUdn,76,82,Winner_2022,83.5,88.4,0,True,0.0,
3HBUdn,76,83,Winner_2022,83.0,85.4,0,True,0.0,
3HBUdn,76,84,Winner_2022,82.5,82.2,0,True,0.0,
3HBUdn,76,85,Winner_2022,82.3,78.8,0,True,0.0,
3HBUdn,76,86,Winner_2022,81.8,75.2,2,True,0.0,
3HBUdn,76,87,Winner_2022,81.3,72.0,3,True,0.0,
3HBUdn,76,88,Winner_2022,80.8,69.4,0,True,0.0,
3HBUdn,76,89,Winner_2022,80.3,66.6,3,True,0.0,
3HBUdn,76,90,Winner_2022,79.8,64.4,4,True,0.0,
3HBUdn,76,91,Winner_2022,79.3,62.8,3,True,0.0,
3HBUdn,76,92,Winner_2022,78.8,61.6,5,True,0.0,
3HBUdn,76,93,Winner_2022,78.3,61.1,5,True,0.0,
3HBUdn,76,94,Winner_2022,77.8,61.2,1,True,0.0,
3HBUdn,76,95,Winner_2022,77.3,61.5,0,True,0.0,
3HBUdn,76,96,Winner_2022,76.8,61.5,0,True,0.0,
3HBUdn,76,97,Winner_2022,76.3,61.4,2,True,0.0,
3HBUdn,76,98,Winner_2022,75.8,61.5,1,True,0.0,
3HBUdn,76,99,Winner_2022,75.3,61.7,1,True,0.0,
3HBUdn,76,100,Winner_2022,74.8,61.9,0,True,0.0,
3HBUdn,77,1,Winner_2022,70.8,54.0,0,True,0.0,
3HBUdn,77,2,Winner_2022,70.3,43.2,2,True,0.0,
3HBUdn,77,3,Winner_2022,69.8,49.0,1,True,0.0,
3HBUdn,77,4,Winner_2022,69.3,57.8,1,True,0.0,
3HBUdn,77,5,Winner_2022,68.8,68.5,0,True,0.0,
3HBUdn,77,6,Winner_2022,68.7,75.2,0,True,0.0,
3HBUdn,77,7,Winner_2022,68.2,80.3,0,True,0.0,
3HBUdn,77,8,Winner_2022,68.7,82.5,0,True,0.0,
3HBUdn,77,9,Winner_2022,69.2,82.2,0,True,0.0,
3HBUdn,77,10,Winner_2022,69.7,80.3,0,True,0.0,
3HBUdn,77,11,Winner_2022,70.2,77.2,0,True,0.0,
3HBUdn,77,12,Winner_2022,70.7,73.3,0,True,0.0,
3HBUdn,77,13,Winner_2022,71.2,68.2,0,True,0.0,
3HBUdn,77,14,Winner_2022,71.7,62.7,1,True,0.0,
3HBUdn,77,15,Winner_2022,72.2,58.6,2,True,0.0,
3HBUdn,77,16,Winner_2022,72.7,57.0,2,True,0.0,
3HBUdn,77,17,Winner_2022,73.2,57.3,2,True,0.0,
3HBUdn,77,18,Winner_2022,73.7,59.5,1,True,0.0,
3HBUdn,77,19,Winner_2022,74.2,62.4,0,True,0.0,
3HBUdn,77,20,Winner_2022,74.7,64.7,0,True,0.0,
3HBUdn,77,21,Winner_2022,75.2,66.5,0,True,0.0,
3HBUdn,77,22,Winner_2022,75.7,67.6,1,True,0.0,
3HBUdn,77,23,Winner_2022,76.2,69.3,1,True,0.0,
3HBUdn,77,24,Winner_2022,76.7,71.2,0,True,0.0,
3HBUdn,77,25,Winner_2022,77.2,72.5,2,True,0.0,
3HBUdn,77,26,Winner_2022,77.7,75.5,2,True,0.0,
3HBUdn,77,27,Winner_2022,78.2,80.0,0,True,0.0,
3HBUdn,77,28,Winner_2022,78.7,83.9,0,True,0.0,
3HBUdn,77,29,Winner_2022,79.2,87.1,0,True,0.0,
3HBUdn,77,30,Winner_2022,79.7,89.6,0,True,0.0,
3HBUdn,77,31,Winner_2022,80.2,91.5,0,True,0.0,
3HBUdn,77,32,Winner_2022,80.7,93.0,0,True,0.0,
3HBUdn,77,33,Winner_2022,81.2,93.9,0,True,0.0,
3HBUdn,77,34,Winner_2022,81.7,94.3,0,True,0.0,
3HBUdn,77,35,Winner_2022,82.2,94.0,0,True,0.0,
3HBUdn,77,36,Winner_2022,82.7,93.2,0,True,0.0,
3HBUdn,77,37,Winner_2022,83.2,92.0,0,True,0.0,
3HBUdn,77,38,Winner_2022,83.7,90.4,0,True,0.0,
3HBUdn,77,39,Winner_2022,84.2,88.4,0,True,0.0,
3HBUdn,77,40,Winner_2022,84.7,86.2,0,True,0.0,
3HBUdn,77,41,Winner_2022,85.2,83.6,0,True,0.0,
3HBUdn,77,42,Winner_2022,85.7,80.8,0,True,0.0,
3HBUdn,77,43,Winner_2022,86.2,77.8,1,True,0.0,
3HBUdn,77,44,Winner_2022,86.7,75.3,1,True,0.0,
3HBUdn,77,45,Winner_2022,87.2,73.2,2,True,0.0,
3HBUdn,77,46,Winner_2022,87.7,72.2,2,True,0.0,
3HBUdn,77,47,Winner_2022,88.2,72.1,2,True,0.0,
3HBUdn,77,48,Winner_2022,88.7,72.9,1,True,0.0,
3HBUdn,77,49,Winner_2022,89.2,74.1,0,True,0.0,
3HBUdn,77,50,Winner_2022,89.7,74.9,2,True,0.0,
3HBUdn,77,51,Winner_2022,90.2,76.5,1,True,0.0,
3HBUdn,77,52,Winner_2022,90.7,78.3,0,True,0.0,
3HBUdn,77,53,Winner_2022,91.2,79.7,0,True,0.0,
3HBUdn,77,54,Winner_2022,91.7,80.5,0,True,0.0,
3HBUdn,77,55,Winner_2022,92.2,80.9,0,True,0.0,
3HBUdn,77,56,Winner_2022,92.7,80.8,1,True,0.0,
3HBUdn,77,57,Winner_2022,92.2,81.0,0,True,0.0,
3HBUdn,77,58,Winner_2022,91.7,81.0,1,True,0.0,
3HBUdn,77,59,Winner_2022,91.2,81.0,0,True,0.0,
3HBUdn,77,60,Winner_2022,90.7,80.7,0,True,0.0,
3HBUdn,77,61,Winner_2022,90.2,79.9,0,True,0.0,
3HBUdn,77,62,Winner_2022,89.7,78.9,0,True,0.0,
3HBUdn,77,63,Winner_2022,89.2,77.4,1,True,0.0,
3HBUdn,77,64,Winner_2022,88.7,76.0,2,True,0.0,
3HBUdn,77,65,Winner_2022,88.2,75.0,1,True,0.0,
3HBUdn,77,66,Winner_2022,87.7,74.1,1,True,0.0,
3HBUdn,77,67,Winner_2022,87.2,73.0,0,True,0.0,
3HBUdn,77,68,Winner_2022,86.7,71.6,3,True,0.0,
3HBUdn,77,69,Winner_2022,86.2,70.9,2,True,0.0,
3HBUdn,77,70,Winner_2022,85.7,70.6,0,True,0.0,
3HBUdn,77,71,Winner_2022,85.2,69.9,1,True,0.0,
3HBUdn,77,72,Winner_2022,84.7,69.2,0,True,0.0,
3HBUdn,77,73,Winner_2022,84.2,68.2,0,True,0.0,
3HBUdn,77,74,Winner_2022,83.7,66.8,1,True,0.0,
3HBUdn,77,75,Winner_2022,83.2,65.3,1,True,0.0,
3HBUdn,77,76,Winner_2022,82.7,63.7,3,True,0.0,
3HBUdn,77,77,Winner_2022,82.2,62.7,1,True,0.0,
3HBUdn,77,78,Winner_2022,81.7,61.6,1,True,0.0,
3HBUdn,77,79,Winner_2022,81.2,60.5,3,True,0.0,
3HBUdn,77,80,Winner_2022,80.7,59.8,1,True,0.0,
3HBUdn,77,81,Winner_2022,80.2,59.1,4,True,0.0,
3HBUdn,77,82,Winner_2022,79.7,58.9,1,True,0.0,
3HBUdn,77,83,Winner_2022,79.2,58.7,2,True,0.0,
3HBUdn,77,84,Winner_2022,78.7,58.6,3,True,0.0,
3HBUdn,77,85,Winner_2022,78.2,58.7,0,True,0.0,
3HBUdn,77,86,Winner_2022,77.7,58.7,5,True,0.0,
3HBUdn,77,87,Winner_2022,77.2,59.2,4,True,0.0,
3HBUdn,77,88,Winner_2022,76.7,60.2,1,True,0.0,
3HBUdn,77,89,Winner_2022,76.2,61.1,3,True,0.0,
3HBUdn,77,90,Winner_2022,75.7,62.4,0,True,0.0,
3HBUdn,77,91,Winner_2022,75.2,63.4,1,True,0.0,
3HBUdn,77,92,Winner_2022,74.7,64.5,2,True,0.0,
3HBUdn,77,93,Winner_2022,74.2,65.8,0,True,0.0,
3HBUdn,77,94,Winner_2022,73.7,66.9,0,True,0.0,
3HBUdn,77,95,Winner_2022,73.2,67.8,0,True,0.0,
3HBUdn,77,96,Winner_2022,72.7,68.6,0,True,0.0,
3HBUdn,77,97,Winner_2022,72.2,69.2,0,True,0.0,
3HBUdn,77,98,Winner_2022,71.7,69.7,0,True,0.0,
3HBUdn,77,99,Winner_2022,71.2,70.0,0,True,0.0,
3HBUdn,77,100,Winner_2022,70.7,70.3,0,True,0.0,
3HBUdn,78,1,Winner_2022,79.7,46.0,0,True,0.0,
3HBUdn,78,2,Winner_2022,79.2,36.8,0,True,0.0,
3HBUdn,78,3,Winner_2022,78.7,29.4,2,True,0.0,
3HBUdn,78,4,Winner_2022,78.2,31.0,1,True,0.0,
3HBUdn,78,5,Winner_2022,77.7,33.8,1,True,0.0,
3HBUdn,78,6,Winner_2022,77.2,37.1,0,True,0.0,
3HBUdn,78,7,Winner_2022,76.7,39.6,2,True,0.002,
3HBUdn,78,8,Winner_2022,76.2,45.2,1,True,0.0,
3HBUdn,78,9,Winner_2022,75.7,51.7,1,True,0.0,
3HBUdn,78,10,Winner_2022,75.2,59.6,3,True,0.0,
3HBUdn,78,11,Winner_2022,74.7,71.5,0,True,0.0,
3HBUdn,78,12,Winner_2022,74.2,85.8,0,True,0.0,
3HBUdn,78,13,Winner_2022,73.7,99.5,0,True,0.0,
3HBUdn,78,14,Winner_2022,73.2,100.0,0,True,0.0,
3HBUdn,78,15,Winner_2022,72.7,100.0,0,True,0.0,
3HBUdn,78,16,Winner_2022,72.2,100.0,0,True,0.0,
3HBUdn,78,17,Winner_2022,72.7,100.0,0,True,0.0,
3HBUdn,78,18,Winner_2022,73.2,100.0,0,True,0.0,
3HBUdn,78,19,Winner_2022,73.7,100.0,0,True,0.0,
3HBUdn,78,20,Winner_2022,74.2,100.0,0,True,0.0,
3HBUdn,78,21,Winner_2022,74.7,100.0,0,True,0.0,
3HBUdn,78,22,Winner_2022,75.2,99.9,0,True,0.0,
3HBUdn,78,23,Winner_2022,75.7,99.0,0,True,0.001,
3HBUdn,78,24,Winner_2022,76.2,96.8,0,True,0.0,
3HBUdn,78,25,Winner_2022,76.7,94.0,0,True,0.0,
3HBUdn,78,26,Winner_2022,77.2,90.8,0,True,0.0,
3HBUdn,78,27,Winner_2022,77.7,87.1,0,True,0.0,
3HBUdn,78,28,Winner_2022,78.2,82.9,0,True,0.0,
3HBUdn,78,29,Winner_2022,78.7,78.4,0,True,0.0,
3HBUdn,78,30,Winner_2022,78.9,73.7,0,True,0.0,
3HBUdn,78,31,Winner_2022,79.4,68.9,1,True,0.0,
3HBUdn,78,32,Winner_2022,79.9,65.0,0,True,0.0,
3HBUdn,78,33,Winner_2022,80.4,61.1,0,True,0.0,
3HBUdn,78,34,Winner_2022,80.9,57.2,0,True,0.0,
3HBUdn,78,35,Winner_2022,81.4,53.3,0,True,0.0,
3HBUdn,78,36,Winner_2022,81.9,49.5,0,True,0.0,
3HBUdn,78,37,Winner_2022,82.4,45.7,0,True,0.0,
3HBUdn,78,38,Winner_2022,82.9,42.1,0,True,0.0,
3HBUdn,78,39,Winner_2022,83.4,38.7,2,True,0.0,
3HBUdn,78,40,Winner_2022,83.9,36.2,0,True,0.0,
3HBUdn,78,41,Winner_2022,84.4,33.8,1,True,0.0,
3HBUdn,78,42,Winner_2022,84.9,31.7,2,True,0.0,
3HBUdn,78,43,Winner_2022,85.4,30.2,0,True,0.0,
3HBUdn,78,44,Winner_2022,85.9,28.7,0,True,0.0,
3HBUdn,78,45,Winner_2022,86.4,27.2,2,True,0.0,
3HBUdn,78,46,Winner_2022,86.9,26.1,1,True,0.0,
3HBUdn,78,47,Winner_2022,87.4,25.2,2,True,0.0,
3HBUdn,78,48,Winner_2022,87.9,24.7,0,True,0.0,
3HBUdn,78,49,Winner_2022,88.4,24.1,2,True,0.0,
3HBUdn,78,50,Winner_2022,88.9,23.8,6,True,0.0,
3HBUdn,78,51,Winner_2022,89.4,24.5,3,True,0.0,
3HBUdn,78,52,Winner_2022,89.9,25.6,1,True,0.0,
3HBUdn,78,53,Winner_2022,90.4,26.8,3,True,0.0,
3HBUdn,78,54,Winner_2022,90.9,28.4,3,True,0.0,
3HBUdn,78,55,Winner_2022,91.4,30.5,1,True,0.0,
3HBUdn,78,56,Winner_2022,91.9,32.7,1,True,0.0,
3HBUdn,78,57,Winner_2022,92.4,35.1,2,True,0.0,
3HBUdn,78,58,Winner_2022,92.9,38.0,2,True,0.0,
3HBUdn,78,59,Winner_2022,93.4,41.4,1,True,0.0,
3HBUdn,78,60,Winner_2022,93.9,45.0,2,True,0.0,
3HBUdn,78,61,Winner_2022,94.4,49.2,0,True,0.0,
3HBUdn,78,62,Winner_2022,94.9,53.4,1,True,0.0,
3HBUdn,78,63,Winner_2022,95.4,57.9,1,True,0.0,
3HBUdn,78,64,Winner_2022,94.9,62.6,2,True,0.0,
3HBUdn,78,65,Winner_2022,94.4,67.7,1,True,0.0,
3HBUdn,78,66,Winner_2022,93.9,73.2,1,True,0.0,
3HBUdn,78,67,Winner_2022,93.4,78.8,0,True,0.0,
3HBUdn,78,68,Winner_2022,92.9,84.2,0,True,0.0,
3HBUdn,78,69,Winner_2022,92.4,89.4,0,True,0.0,
3HBUdn,78,70,Winner_2022,91.9,94.4,0,True,0.0,
3HBUdn,78,71,Winner_2022,91.4,99.1,0,True,0.0,
3HBUdn,78,72,Winner_2022,90.9,100.0,0,True,0.0,
3HBUdn,78,73,Winner_2022,90.4,100.0,0,True,0.0,
3HBUdn,78,74,Winner_2022,89.9,100.0,0,True,0.0,
3HBUdn,78,75,Winner_2022,89.4,100.0,0,True,0.0,
3HBUdn,78,76,Winner_2022,88.9,100.0,0,True,0.0,
3HBUdn,78,77,Winner_2022,88.4,100.0,0,True,0.0,
3HBUdn,78,78,Winner_2022,87.9,100.0,0,True,0.0,
3HBUdn,78,79,Winner_2022,87.4,100.0,0,True,0.0,
3HBUdn,78,80,Winner_2022,86.9,99.6,0,True,0.0,
3HBUdn,78,81,Winner_2022,86.4,98.7,0,True,0.0,
3HBUdn,78,82,Winner_2022,85.9,97.4,0,True,0.0,
3HBUdn,78,83,Winner_2022,85.4,95.7,0,True,0.0,
3HBUdn,78,84,Winner_2022,84.9,93.7,0,True,0.0,
3HBUdn,78,85,Winner_2022,84.4,91.3,0,True,0.0,
3HBUdn,78,86,Winner_2022,83.9,88.6,0,True,0.0,
3HBUdn,78,87,Winner_2022,83.4,85.6,0,True,0.0,
3HBUdn,78,88,Winner_2022,82.9,82.5,0,True,0.0,
3HBUdn,78,89,Winner_2022,82.7,79.2,1,True,0.0,
3HBUdn,78,90,Winner_2022,82.2,76.1,0,True,0.0,
3HBUdn,78,91,Winner_2022,81.7,72.9,2,True,0.0,
3HBUdn,78,92,Winner_2022,81.2,70.1,0,True,0.0,
3HBUdn,78,93,Winner_2022,80.7,67.2,3,True,0.0,
3HBUdn,78,94,Winner_2022,80.2,64.8,1,True,0.0,
3HBUdn,78,95,Winner_2022,79.7,62.6,1,True,0.0,
3HBUdn,78,96,Winner_2022,79.2,60.5,1,True,0.0,
3HBUdn,78,97,Winner_2022,78.7,58.6,4,True,0.0,
3HBUdn,78,98,Winner_2022,78.2,57.1,0,True,0.0,
3HBUdn,78,99,Winner_2022,77.7,55.7,2,True,0.0,
3HBUdn,78,100,Winner_2022,77.2,54.5,0,True,0.0,
3HBUdn,79,1,Winner_2022,81.8,44.0,1,True,0.0,
3HBUdn,79,2,Winner_2022,81.3,50.5,1,True,0.0,
3HBUdn,79,3,Winner_2022,80.8,57.3,0,True,0.0,
3HBUdn,79,4,Winner_2022,80.3,60.4,0,True,0.0,
3HBUdn,79,5,Winner_2022,79.8,59.9,0,True,0.0,
3HBUdn,79,6,Winner_2022,79.3,56.8,0,True,0.0,
3HBUdn,79,7,Winner_2022,78.8,53.1,2,True,0.0,
3HBUdn,79,8,Winner_2022,78.3,54.5,1,True,0.0,
3HBUdn,79,9,Winner_2022,77.8,57.0,1,True,0.0,
3HBUdn,79,10,Winner_2022,77.3,60.7,0,True,0.0,
3HBUdn,79,11,Winner_2022,76.8,63.4,1,True,0.0,
3HBUdn,79,12,Winner_2022,76.3,67.2,0,True,0.0,
3HBUdn,79,13,Winner_2022,75.8,69.2,0,True,0.0,
3HBUdn,79,14,Winner_2022,75.3,69.8,0,True,0.0,
3HBUdn,79,15,Winner_2022,75.8,68.9,1,True,0.0,
3HBUdn,79,16,Winner_2022,76.3,68.8,0,True,0.0,
3HBUdn,79,17,Winner_2022,76.8,67.5,0,True,0.0,
3HBUdn,79,18,Winner_2022,76.3,65.7,2,True,0.0,
3HBUdn,79,19,Winner_2022,75.8,66.2,0,True,0.0,
3HBUdn,79,20,Winner_2022,75.3,66.0,1,True,0.0,
3HBUdn,79,21,Winner_2022,74.8,66.6,0,True,0.0,
3HBUdn,79,22,Winner_2022,74.3,66.6,1,True,0.0,
3HBUdn,79,23,Winner_2022,73.8,67.1,0,True,0.0,
3HBUdn,79,24,Winner_2022,73.3,66.7,0,True,0.0,
3HBUdn,79,25,Winner_2022,72.8,65.9,1,True,0.0,
3HBUdn,79,26,Winner_2022,72.3,65.6,1,True,0.0,
3HBUdn,79,27,Winner_2022,71.8,65.7,2,True,0.0,
3HBUdn,79,28,Winner_2022,71.3,67.1,2,True,0.0,
3HBUdn,79,29,Winner_2022,70.8,69.7,1,True,0.0,
3HBUdn,79,30,Winner_2022,70.3,72.6,1,True,0.0,
3HBUdn,79,31,Winner_2022,69.8,75.9,0,True,0.0,
3HBUdn,79,32,Winner_2022,69.3,79.0,1,True,0.0,
3HBUdn,79,33,Winner_2022,69.8,82.5,0,True,0.0,
3HBUdn,79,34,Winner_2022,70.3,85.6,0,True,0.0,
3HBUdn,79,35,Winner_2022,70.8,88.2,0,True,0.0,
3HBUdn,79,36,Winner_2022,71.3,90.3,0,True,0.0,
3HBUdn,79,37,Winner_2022,71.8,92.0,0,True,0.0,
3HBUdn,79,38,Winner_2022,72.3,93.1,0,True,0.0,
3HBUdn,79,39,Winner_2022,72.8,93.8,0,True,0.0,
3HBUdn,79,40,Winner_2022,73.3,94.2,0,True,0.0,
3HBUdn,79,41,Winner_2022,73.8,94.1,0,True,0.0,
3HBUdn,79,42,Winner_2022,74.3,93.5,0,True,0.0,
3HBUdn,79,43,Winner_2022,74.8,92.5,0,True,0.0,
3HBUdn,79,44,Winner_2022,75.3,91.2,0,True,0.0,
3HBUdn,79,45,Winner_2022,75.8,89.5,0,True,0.0,
3HBUdn,79,46,Winner_2022,76.3,87.4,0,True,0.0,
3HBUdn,79,47,Winner_2022,76.8,85.1,0,True,0.0,
3HBUdn,79,48,Winner_2022,77.3,82.7,0,True,0.0,
3HBUdn,79,49,Winner_2022,77.8,80.1,0,True,0.0,
3HBUdn,79,50,Winner_2022,78.3,77.2,0,True,0.0,
3HBUdn,79,51,Winner_2022,78.8,74.1,0,True,0.0,
3HBUdn,79,52,Winner_2022,79.3,70.9,1,True,0.0,
3HBUdn,79,53,Winner_2022,79.8,68.0,2,True,0.0,
3HBUdn,79,54,Winner_2022,80.3,65.8,2,True,0.0,
3HBUdn,79,55,Winner_2022,80.8,64.3,0,True,0.0,
3HBUdn,79,56,Winner_2022,81.3,62.6,2,True,0.0,
3HBUdn,79,57,Winner_2022,81.8,61.5,0,True,0.0,
3HBUdn,79,58,Winner_2022,82.3,60.3,0,True,0.0,
3HBUdn,79,59,Winner_2022,82.8,58.8,2,True,0.0,
3HBUdn,79,60,Winner_2022,83.3,57.9,0,True,0.0,
3HBUdn,79,61,Winner_2022,83.8,56.7,1,True,0.0,
3HBUdn,79,62,Winner_2022,83.3,55.5,2,True,0.0,
3HBUdn,79,63,Winner_2022,82.8,54.9,0,True,0.0,
3HBUdn,79,64,Winner_2022,82.3,53.9,1,True,0.0,
3HBUdn,79,65,Winner_2022,81.8,52.9,5,True,0.0,
3HBUdn,79,66,Winner_2022,81.3,53.0,1,True,0.0,
3HBUdn,79,67,Winner_2022,80.8,53.1,2,True,0.0,
3HBUdn,79,68,Winner_2022,80.3,53.4,2,True,0.0,
3HBUdn,79,69,Winner_2022,79.8,53.9,2,True,0.0,
3HBUdn,79,70,Winner_2022,79.3,54.6,4,True,0.0,
3HBUdn,79,71,Winner_2022,78.8,56.1,1,True,0.0,
3HBUdn,79,72,Winner_2022,78.3,57.5,1,True,0.0,
3HBUdn,79,73,Winner_2022,77.8,58.8,3,True,0.0,
3HBUdn,79,74,Winner_2022,77.3,60.6,0,True,0.0,
3HBUdn,79,75,Winner_2022,76.8,61.9,1,True,0.0,
3HBUdn,79,76,Winner_2022,76.3,63.1,0,True,0.0,
3HBUdn,79,77,Winner_2022,75.8,64.0,2,True,0.0,
3HBUdn,79,78,Winner_2022,75.3,65.1,1,True,0.0,
3HBUdn,79,79,Winner_2022,74.8,66.0,3,True,0.0,
3HBUdn,79,80,Winner_2022,74.3,67.4,0,True,0.0,
3HBUdn,79,81,Winner_2022,73.8,68.4,1,True,0.0,
3HBUdn,79,82,Winner_2022,73.3,69.4,1,True,0.0,
3HBUdn,79,83,Winner_2022,72.8,70.3,0,True,0.0,
3HBUdn,79,84,Winner_2022,72.3,70.8,0,True,0.0,
3HBUdn,79,85,Winner_2022,71.8,71.0,0,True,0.0,
3HBUdn,79,86,Winner_2022,71.4,70.9,1,True,0.0,
3HBUdn,79,87,Winner_2022,71.2,70.7,0,True,0.0,
3HBUdn,79,88,Winner_2022,70.9,70.2,0,True,0.0,
3HBUdn,79,89,Winner_2022,70.6,69.5,2,True,0.0,
3HBUdn,79,90,Winner_2022,70.1,68.9,1,True,0.0,
3HBUdn,79,91,Winner_2022,69.6,68.3,4,True,0.0,
3HBUdn,79,92,Winner_2022,69.1,68.4,2,True,0.0,
3HBUdn,79,93,Winner_2022,68.7,68.5,0,True,0.0,
3HBUdn,79,94,Winner_2022,68.6,68.6,1,True,0.0,
3HBUdn,79,95,Winner_2022,68.6,68.6,2,True,0.0,
3HBUdn,79,96,Winner_2022,68.6,68.9,2,True,0.0,
3HBUdn,79,97,Winner_2022,68.4,69.3,0,True,0.0,
3HBUdn,79,98,Winner_2022,68.0,69.6,0,True,0.0,
3HBUdn,79,99,Winner_2022,67.5,69.8,0,True,0.0,
3HBUdn,79,100,Winner_2022,67.0,69.9,0,True,0.0,
3HBUdn,80,1,Winner_2022,79.5,37.0,1,True,0.0,
3HBUdn,80,2,Winner_2022,79.0,42.5,0,True,0.0,
3HBUdn,80,3,Winner_2022,78.5,41.1,0,True,0.0,
3HBUdn,80,4,Winner_2022,78.0,38.1,0,True,0.0,
3HBUdn,80,5,Winner_2022,77.5,34.1,1,True,0.0,
3HBUdn,80,6,Winner_2022,77.0,32.4,1,True,0.0,
3HBUdn,80,7,Winner_2022,76.5,32.4,0,True,0.0,
3HBUdn,80,8,Winner_2022,76.0,31.5,0,True,0.0,
3HBUdn,80,9,Winner_2022,75.5,29.8,1,True,0.0,
3HBUdn,80,10,Winner_2022,75.0,29.1,0,True,0.0,
3HBUdn,80,11,Winner_2022,74.5,28.0,0,True,0.0,
3HBUdn,80,12,Winner_2022,74.0,26.6,0,True,0.0,
3HBUdn,80,13,Winner_2022,73.5,24.7,0,True,0.0,
3HBUdn,80,14,Winner_2022,73.0,22.7,1,True,0.0,
3HBUdn,80,15,Winner_2022,72.5,21.2,1,True,0.0,
3HBUdn,80,16,Winner_2022,72.0,20.1,0,True,0.0,
3HBUdn,80,17,Winner_2022,71.5,18.9,0,True,0.0,
3HBUdn,80,18,Winner_2022,71.0,17.5,1,True,0.0,
3HBUdn,80,19,Winner_2022,70.5,16.6,1,True,0.0,
3HBUdn,80,20,Winner_2022,70.0,15.9,1,True,0.0,
3HBUdn,80,21,Winner_2022,69.5,15.4,2,True,0.0,
3HBUdn,80,22,Winner_2022,69.0,15.4,3,True,0.0,
3HBUdn,80,23,Winner_2022,68.5,16.1,1,True,0.0,
3HBUdn,80,24,Winner_2022,68.0,16.8,1,True,0.0,
3HBUdn,80,25,Winner_2022,67.5,17.6,3,True,0.0,
3HBUdn,80,26,Winner_2022,67.0,19.1,2,True,0.0,
3HBUdn,80,27,Winner_2022,66.5,21.1,1,True,0.0,
3HBUdn,80,28,Winner_2022,66.0,23.3,0,True,0.0,
3HBUdn,80,29,Winner_2022,65.5,25.4,0,True,0.0,
3HBUdn,80,30,Winner_2022,65.0,27.4,1,True,0.0,
3HBUdn,80,31,Winner_2022,64.5,29.7,2,True,0.0,
3HBUdn,80,32,Winner_2022,64.0,32.7,4,True,0.0,
3HBUdn,80,33,Winner_2022,63.5,37.2,0,True,0.0,
3HBUdn,80,34,Winner_2022,63.0,41.9,1,True,0.0,
3HBUdn,80,35,Winner_2022,62.5,47.3,3,True,0.0,
3HBUdn,80,36,Winner_2022,62.0,54.5,1,True,0.0,
3HBUdn,80,37,Winner_2022,61.5,62.9,0,True,0.0,
3HBUdn,80,38,Winner_2022,61.0,72.0,0,True,0.0,
3HBUdn,80,39,Winner_2022,60.5,81.8,0,True,0.0,
3HBUdn,80,40,Winner_2022,60.0,92.4,0,True,0.0,
3HBUdn,80,41,Winner_2022,59.5,100.0,0,True,0.0,
3HBUdn,80,42,Winner_2022,59.0,100.0,0,True,0.0,
3HBUdn,80,43,Winner_2022,58.5,100.0,0,True,0.0,
3HBUdn,80,44,Winner_2022,59.0,100.0,0,True,0.0,
3HBUdn,80,45,Winner_2022,59.5,100.0,0,True,0.0,
3HBUdn,80,46,Winner_2022,60.0,100.0,0,True,0.0,
3HBUdn,80,47,Winner_2022,60.5,100.0,0,True,0.0,
3HBUdn,80,48,Winner_2022,61.0,100.0,0,True,0.0,
3HBUdn,80,49,Winner_2022,61.5,100.0,0,True,0.0,
3HBUdn,80,50,Winner_2022,62.0,100.0,0,True,0.0,
3HBUdn,80,51,Winner_2022,62.5,100.0,0,True,0.0,
3HBUdn,80,52,Winner_2022,63.0,100.0,0,True,0.0,
3HBUdn,80,53,Winner_2022,63.5,100.0,0,True,0.0,
3HBUdn,80,54,Winner_2022,64.0,100.0,0,True,0.0,
3HBUdn,80,55,Winner_2022,64.5,100.0,0,True,0.0,
3HBUdn,80,56,Winner_2022,65.0,100.0,0,True,0.0,
3HBUdn,80,57,Winner_2022,65.5,100.0,0,True,0.0,
3HBUdn,80,58,Winner_2022,66.0,100.0,0,True,0.0,
3HBUdn,80,59,Winner_2022,66.5,100.0,0,True,0.0,
3HBUdn,80,60,Winner_2022,67.0,100.0,0,True,0.0,
3HBUdn,80,61,Winner_2022,67.5,100.0,0,True,0.0,
3HBUdn,80,62,Winner_2022,68.0,99.8,0,True,0.0,
3HBUdn,80,63,Winner_2022,68.5,99.1,0,True,0.0,
3HBUdn,80,64,Winner_2022,69.0,97.9,0,True,0.0,
3HBUdn,80,65,Winner_2022,69.5,96.1,0,True,0.0,
3HBUdn,80,66,Winner_2022,70.0,93.8,0,True,0.0,
3HBUdn,80,67,Winner_2022,70.5,91.1,0,True,0.0,
3HBUdn,80,68,Winner_2022,71.0,88.0,0,True,0.0,
3HBUdn,80,69,Winner_2022,71.5,84.7,0,True,0.0,
3HBUdn,80,70,Winner_2022,72.0,81.1,0,True,0.0,
3HBUdn,80,71,Winner_2022,72.5,77.4,1,True,0.0,
3HBUdn,80,72,Winner_2022,73.0,73.9,1,True,0.0,
3HBUdn,80,73,Winner_2022,73.4,70.5,1,True,0.0,
3HBUdn,80,74,Winner_2022,73.9,67.3,0,True,0.0,
3HBUdn,80,75,Winner_2022,74.4,63.9,1,True,0.0,
3HBUdn,80,76,Winner_2022,74.9,60.6,1,True,0.0,
3HBUdn,80,77,Winner_2022,75.4,57.6,2,True,0.0,
3HBUdn,80,78,Winner_2022,75.9,54.9,2,True,0.0,
3HBUdn,80,79,Winner_2022,76.4,52.5,1,True,0.0,
3HBUdn,80,80,Winner_2022,76.9,50.2,3,True,0.0,
3HBUdn,80,81,Winner_2022,77.4,48.4,2,True,0.0,
3HBUdn,80,82,Winner_2022,76.9,46.7,2,True,0.0,
3HBUdn,80,83,Winner_2022,76.4,45.3,2,True,0.0,
3HBUdn,80,84,Winner_2022,75.9,44.1,0,True,0.0,
3HBUdn,80,85,Winner_2022,75.4,42.6,1,True,0.0,
3HBUdn,80,86,Winner_2022,74.9,41.3,1,True,0.0,
3HBUdn,80,87,Winner_2022,74.4,39.9,5,True,0.0,
3HBUdn,80,88,Winner_2022,73.9,39.0,1,True,0.0,
3HBUdn,80,89,Winner_2022,73.4,38.1,0,True,0.0,
3HBUdn,80,90,Winner_2022,72.9,37.2,0,True,0.0,
3HBUdn,80,91,Winner_2022,72.4,36.1,0,True,0.0,
3HBUdn,80,92,Winner_2022,71.9,35.0,0,True,0.0,
3HBUdn,80,93,Winner_2022,71.4,33.9,0,True,0.0,
3HBUdn,80,94,Winner_2022,70.9,32.7,0,True,0.0,
3HBUdn,80,95,Winner_2022,70.4,31.5,3,True,0.0,
3HBUdn,80,96,Winner_2022,69.9,30.5,2,True,0.0,
3HBUdn,80,97,Winner_2022,69.4,29.7,3,True,0.0,
3HBUdn,80,98,Winner_2022,68.9,29.1,0,True,0.0,
3HBUdn,80,99,Winner_2022,68.4,28.4,2,True,0.0,
3HBUdn,80,100,Winner_2022,67.9,27.8,1,True,0.0,
3HBUdn,81,1,Winner_2022,72.4,45.0,3,True,0.0,
3HBUdn,81,2,Winner_2022,71.9,54.0,0,True,0.0,
3HBUdn,81,3,Winner_2022,71.4,64.8,1,True,0.0,
3HBUdn,81,4,Winner_2022,70.9,77.8,0,True,0.0,
3HBUdn,81,5,Winner_2022,71.4,92.1,0,True,0.0,
3HBUdn,81,6,Winner_2022,71.9,100.0,0,True,0.0,
3HBUdn,81,7,Winner_2022,72.4,100.0,0,True,0.0,
3HBUdn,81,8,Winner_2022,72.9,100.0,0,True,0.0,
3HBUdn,81,9,Winner_2022,73.4,99.7,0,True,0.0,
3HBUdn,81,10,Winner_2022,73.9,97.3,0,True,0.0,
3HBUdn,81,11,Winner_2022,74.4,93.7,0,True,0.0,
3HBUdn,81,12,Winner_2022,74.9,88.9,0,True,0.0,
3HBUdn,81,13,Winner_2022,75.4,82.8,0,True,0.0,
3HBUdn,81,14,Winner_2022,75.9,76.1,0,True,0.0,
3HBUdn,81,15,Winner_2022,76.0,69.0,0,True,0.0,
3HBUdn,81,16,Winner_2022,76.5,62.0,0,True,0.0,
3HBUdn,81,17,Winner_2022,77.0,55.3,2,True,0.0,
3HBUdn,81,18,Winner_2022,77.5,51.4,0,True,0.0,
3HBUdn,81,19,Winner_2022,78.0,47.5,1,True,0.0,
3HBUdn,81,20,Winner_2022,78.5,44.6,0,True,0.0,
3HBUdn,81,21,Winner_2022,79.0,41.6,0,True,0.0,
3HBUdn,81,22,Winner_2022,79.5,38.5,2,True,0.0,
3HBUdn,81,23,Winner_2022,80.0,36.8,1,True,0.0,
3HBUdn,81,24,Winner_2022,80.5,35.4,0,True,0.0,
3HBUdn,81,25,Winner_2022,81.0,33.9,1,True,0.0,
3HBUdn,81,26,Winner_2022,81.5,32.7,1,True,0.0,
3HBUdn,81,27,Winner_2022,82.0,31.8,0,True,0.0,
3HBUdn,81,28,Winner_2022,82.5,30.8,2,True,0.0,
3HBUdn,81,29,Winner_2022,83.0,30.3,2,True,0.0,
3HBUdn,81,30,Winner_2022,83.5,30.4,2,True,0.0,
3HBUdn,81,31,Winner_2022,84.0,31.1,2,True,0.0,
3HBUdn,81,32,Winner_2022,84.5,32.3,2,True,0.0,
3HBUdn,81,33,Winner_2022,85.0,34.1,2,True,0.0,
3HBUdn,81,34,Winner_2022,85.5,36.6,3,True,0.0,
3HBUdn,81,35,Winner_2022,86.0,40.1,0,True,0.0,
3HBUdn,81,36,Winner_2022,86.5,43.6,1,True,0.0,
3HBUdn,81,37,Winner_2022,87.0,47.6,3,True,0.0,
3HBUdn,81,38,Winner_2022,87.5,53.0,0,True,0.0,
3HBUdn,81,39,Winner_2022,88.0,58.6,0,True,0.0,
3HBUdn,81,40,Winner_2022,88.5,64.6,2,True,0.0,
3HBUdn,81,41,Winner_2022,89.0,71.8,0,True,0.0,
3HBUdn,81,42,Winner_2022,89.5,79.3,0,True,0.0,
3HBUdn,81,43,Winner_2022,90.0,87.1,0,True,0.0,
3HBUdn,81,44,Winner_2022,90.5,95.1,0,True,0.0,
3HBUdn,81,45,Winner_2022,91.0,100.0,0,True,0.0,
3HBUdn,81,46,Winner_2022,91.5,100.0,0,True,0.0,
3HBUdn,81,47,Winner_2022,92.0,100.0,0,True,0.0,
3HBUdn,81,48,Winner_2022,92.5,100.0,0,True,0.0,
3HBUdn,81,49,Winner_2022,93.0,100.0,0,True,0.0,
3HBUdn,81,50,Winner_2022,93.5,100.0,0,True,0.0,
3HBUdn,81,51,Winner_2022,94.0,100.0,0,True,0.0,
3HBUdn,81,52,Winner_2022,94.5,100.0,0,True,0.0,
3HBUdn,81,53,Winner_2022,95.0,100.0,0,True,0.0,
3HBUdn,81,54,Winner_2022,95.5,100.0,0,True,0.0,
3HBUdn,81,55,Winner_2022,95.0,100.0,0,True,0.0,
3HBUdn,81,56,Winner_2022,94.5,100.0,0,True,0.0,
3HBUdn,81,57,Winner_2022,94.0,100.0,0,True,0.0,
3HBUdn,81,58,Winner_2022,93.5,100.0,0,True,0.0,
3HBUdn,81,59,Winner_2022,93.0,100.0,0,True,0.0,
3HBUdn,81,60,Winner_2022,92.5,100.0,0,True,0.0,
3HBUdn,81,61,Winner_2022,92.0,99.7,0,True,0.0,
3HBUdn,81,62,Winner_2022,91.5,98.9,0,True,0.0,
3HBUdn,81,63,Winner_2022,91.0,97.7,0,True,0.0,
3HBUdn,81,64,Winner_2022,90.5,95.9,0,True,0.0,
3HBUdn,81,65,Winner_2022,90.0,93.6,0,True,0.0,
3HBUdn,81,66,Winner_2022,89.5,91.0,0,True,0.0,
3HBUdn,81,67,Winner_2022,89.0,87.9,0,True,0.0,
3HBUdn,81,68,Winner_2022,88.5,84.5,0,True,0.0,
3HBUdn,81,69,Winner_2022,88.0,80.9,0,True,0.0,
3HBUdn,81,70,Winner_2022,87.5,77.1,0,True,0.0,
3HBUdn,81,71,Winner_2022,87.0,73.2,0,True,0.0,
3HBUdn,81,72,Winner_2022,86.5,69.2,2,True,0.0,
3HBUdn,81,73,Winner_2022,86.0,65.8,1,True,0.0,
3HBUdn,81,74,Winner_2022,85.5,62.5,0,True,0.0,
3HBUdn,81,75,Winner_2022,85.0,59.1,1,True,0.0,
3HBUdn,81,76,Winner_2022,84.5,55.9,1,True,0.0,
3HBUdn,81,77,Winner_2022,84.0,52.8,1,True,0.0,
3HBUdn,81,78,Winner_2022,83.5,49.9,3,True,0.0,
3HBUdn,81,79,Winner_2022,83.0,47.6,1,True,0.0,
3HBUdn,81,80,Winner_2022,82.5,45.3,0,True,0.0,
3HBUdn,81,81,Winner_2022,82.0,43.0,1,True,0.0,
3HBUdn,81,82,Winner_2022,81.5,40.9,2,True,0.0,
3HBUdn,81,83,Winner_2022,81.0,38.9,1,True,0.0,
3HBUdn,81,84,Winner_2022,80.5,37.1,2,True,0.0,
3HBUdn,81,85,Winner_2022,80.0,35.4,2,True,0.0,
3HBUdn,81,86,Winner_2022,79.5,34.0,0,True,0.0,
3HBUdn,81,87,Winner_2022,79.0,32.4,0,True,0.0,
3HBUdn,81,88,Winner_2022,78.5,30.8,1,True,0.0,
3HBUdn,81,89,Winner_2022,78.0,29.4,1,True,0.0,
3HBUdn,81,90,Winner_2022,77.5,27.9,0,True,0.0,
3HBUdn,81,91,Winner_2022,77.0,26.5,1,True,0.0,
3HBUdn,81,92,Winner_2022,76.5,25.2,1,True,0.0,
3HBUdn,81,93,Winner_2022,76.0,24.0,1,True,0.0,
3HBUdn,81,94,Winner_2022,75.5,22.8,0,True,0.0,
3HBUdn,81,95,Winner_2022,75.0,21.7,1,True,0.0,
3HBUdn,81,96,Winner_2022,74.5,20.6,0,True,0.0,
3HBUdn,81,97,Winner_2022,74.0,19.5,1,True,0.0,
3HBUdn,81,98,Winner_2022,73.5,18.6,1,True,0.0,
3HBUdn,81,99,Winner_2022,73.0,17.7,4,True,0.0,
3HBUdn,81,100,Winner_2022,72.5,17.0,2,True,0.0,
3HBUdn,82,1,Winner_2022,76.2,38.0,0,True,0.0,
3HBUdn,82,2,Winner_2022,75.7,30.4,0,True,0.0,
3HBUdn,82,3,Winner_2022,75.2,24.3,0,True,0.0,
3HBUdn,82,4,Winner_2022,74.7,19.5,0,True,0.0,
3HBUdn,82,5,Winner_2022,74.2,15.6,0,True,0.0,
3HBUdn,82,6,Winner_2022,73.7,12.5,1,True,0.0,
3HBUdn,82,7,Winner_2022,73.2,10.8,1,True,0.0,
3HBUdn,82,8,Winner_2022,72.7,9.9,0,True,0.0,
3HBUdn,82,9,Winner_2022,72.2,8.9,1,True,0.0,
3HBUdn,82,10,Winner_2022,71.7,8.3,2,True,0.0,
3HBUdn,82,11,Winner_2022,71.2,8.3,2,True,0.0,
3HBUdn,82,12,Winner_2022,70.7,8.8,0,True,0.0,
3HBUdn,82,13,Winner_2022,70.2,9.0,1,True,0.0,
3HBUdn,82,14,Winner_2022,69.7,9.4,0,True,0.0,
3HBUdn,82,15,Winner_2022,69.2,9.5,0,True,0.0,
3HBUdn,82,16,Winner_2022,68.7,9.5,0,True,0.0,
3HBUdn,82,17,Winner_2022,68.2,9.3,0,True,0.0,
3HBUdn,82,18,Winner_2022,67.7,9.1,2,True,0.0,
3HBUdn,82,19,Winner_2022,67.2,9.2,0,True,0.0,
3HBUdn,82,20,Winner_2022,66.7,9.1,1,True,0.0,
3HBUdn,82,21,Winner_2022,66.2,9.2,0,True,0.0,
3HBUdn,82,22,Winner_2022,65.7,9.2,2,True,0.0,
3HBUdn,82,23,Winner_2022,65.2,9.4,2,True,0.0,
3HBUdn,82,24,Winner_2022,64.7,9.8,1,True,0.0,
3HBUdn,82,25,Winner_2022,64.2,10.3,1,True,0.0,
3HBUdn,82,26,Winner_2022,63.7,10.9,2,True,0.0,
3HBUdn,82,27,Winner_2022,63.2,11.7,2,True,0.0,
3HBUdn,82,28,Winner_2022,62.7,12.8,1,True,0.0,
3HBUdn,82,29,Winner_2022,62.2,13.9,0,True,0.0,
3HBUdn,82,30,Winner_2022,61.7,15.1,2,True,0.0,
3HBUdn,82,31,Winner_2022,61.2,16.5,3,True,0.0,
3HBUdn,82,32,Winner_2022,60.7,18.5,1,True,0.0,
3HBUdn,82,33,Winner_2022,60.2,20.9,2,True,0.0,
3HBUdn,82,34,Winner_2022,59.7,23.8,0,True,0.0,
3HBUdn,82,35,Winner_2022,59.2,26.8,1,True,0.0,
3HBUdn,82,36,Winner_2022,58.7,30.4,3,True,0.0,
3HBUdn,82,37,Winner_2022,58.2,35.0,0,True,0.0,
3HBUdn,82,38,Winner_2022,57.7,40.1,2,True,0.0,
3HBUdn,82,39,Winner_2022,57.2,46.3,1,True,0.0,
3HBUdn,82,40,Winner_2022,56.7,53.7,0,True,0.0,
3HBUdn,82,41,Winner_2022,56.2,61.8,0,True,0.0,
3HBUdn,82,42,Winner_2022,55.7,70.5,0,True,0.0,
3HBUdn,82,43,Winner_2022,55.2,79.9,0,True,0.0,
3HBUdn,82,44,Winner_2022,54.7,90.1,0,True,0.0,
3HBUdn,82,45,Winner_2022,54.2,100.0,0,True,0.0,
3HBUdn,82,46,Winner_2022,53.7,100.0,0,True,0.0,
3HBUdn,82,47,Winner_2022,53.2,100.0,0,True,0.0,
3HBUdn,82,48,Winner_2022,53.7,100.0,0,True,0.0,
3HBUdn,82,49,Winner_2022,54.2,100.0,0,True,0.0,
3HBUdn,82,50,Winner_2022,54.7,100.0,0,True,0.0,
3HBUdn,82,51,Winner_2022,55.2,100.0,0,True,0.0,
3HBUdn,82,52,Winner_2022,55.7,100.0,0,True,0.0,
3HBUdn,82,53,Winner_2022,56.2,100.0,0,True,0.0,
3HBUdn,82,54,Winner_2022,56.7,100.0,0,True,0.0,
3HBUdn,82,55,Winner_2022,57.2,100.0,0,True,0.0,
3HBUdn,82,56,Winner_2022,57.7,100.0,0,True,0.0,
3HBUdn,82,57,Winner_2022,58.2,100.0,0,True,0.0,
3HBUdn,82,58,Winner_2022,58.7,100.0,0,True,0.0,
3HBUdn,82,59,Winner_2022,59.2,100.0,0,True,0.0,
3HBUdn,82,60,Winner_2022,59.7,100.0,0,True,0.0,
3HBUdn,82,61,Winner_2022,60.2,100.0,0,True,0.0,
3HBUdn,82,62,Winner_2022,60.7,100.0,0,True,0.0,
3HBUdn,82,63,Winner_2022,61.2,100.0,0,True,0.0,
3HBUdn,82,64,Winner_2022,61.7,100.0,0,True,0.0,
3HBUdn,82,65,Winner_2022,62.2,99.7,0,True,0.0,
3HBUdn,82,66,Winner_2022,62.7,99.0,0,True,0.0,
3HBUdn,82,67,Winner_2022,63.2,97.6,0,True,0.0,
3HBUdn,82,68,Winner_2022,63.7,95.7,0,True,0.0,
3HBUdn,82,69,Winner_2022,64.2,93.4,0,True,0.0,
3HBUdn,82,70,Winner_2022,64.7,90.8,0,True,0.0,
3HBUdn,82,71,Winner_2022,65.2,87.9,0,True,0.0,
3HBUdn,82,72,Winner_2022,65.7,84.7,0,True,0.0,
3HBUdn,82,73,Winner_2022,66.2,81.2,0,True,0.0,
3HBUdn,82,74,Winner_2022,66.7,77.5,0,True,0.0,
3HBUdn,82,75,Winner_2022,67.2,73.6,0,True,0.0,
3HBUdn,82,76,Winner_2022,67.7,69.5,1,True,0.0,
3HBUdn,82,77,Winner_2022,68.2,65.8,0,True,0.0,
3HBUdn,82,78,Winner_2022,68.7,61.9,0,True,0.0,
3HBUdn,82,79,Winner_2022,69.2,58.1,2,True,0.0,
3HBUdn,82,80,Winner_2022,69.7,54.7,2,True,0.0,
3HBUdn,82,81,Winner_2022,70.2,51.8,3,True,0.0,
3HBUdn,82,82,Winner_2022,70.7,49.3,1,True,0.0,
3HBUdn,82,83,Winner_2022,71.2,47.0,0,True,0.0,
3HBUdn,82,84,Winner_2022,71.7,44.6,2,True,0.0,
3HBUdn,82,85,Winner_2022,72.2,42.5,1,True,0.0,
3HBUdn,82,86,Winner_2022,72.7,40.5,3,True,0.0,
3HBUdn,82,87,Winner_2022,73.2,38.7,1,True,0.0,
3HBUdn,82,88,Winner_2022,72.7,37.1,0,True,0.0,
3HBUdn,82,89,Winner_2022,72.2,35.4,1,True,0.0,
3HBUdn,82,90,Winner_2022,71.7,33.8,2,True,0.0,
3HBUdn,82,91,Winner_2022,71.2,32.4,1,True,0.0,
3HBUdn,82,92,Winner_2022,70.7,31.0,2,True,0.0,
3HBUdn,82,93,Winner_2022,70.2,29.8,3,True,0.0,
3HBUdn,82,94,Winner_2022,69.7,28.9,1,True,0.0,
3HBUdn,82,95,Winner_2022,69.2,28.0,4,True,0.0,
3HBUdn,82,96,Winner_2022,68.7,27.3,1,True,0.0,
3HBUdn,82,97,Winner_2022,68.2,26.7,1,True,0.0,
3HBUdn,82,98,Winner_2022,67.7,26.2,1,True,0.0,
3HBUdn,82,99,Winner_2022,67.2,25.6,3,True,0.0,
3HBUdn,82,100,Winner_2022,66.7,25.3,2,True,0.0,
3HBUdn,83,1,Winner_2022,73.9,63.0,1,True,0.0,
3HBUdn,83,2,Winner_2022,73.4,72.4,0,True,0.0,
3HBUdn,83,3,Winner_2022,72.9,70.0,0,True,0.0,
3HBUdn,83,4,Winner_2022,72.4,64.9,0,True,0.0,
3HBUdn,83,5,Winner_2022,71.9,58.1,0,True,0.0,
3HBUdn,83,6,Winner_2022,71.4,50.8,0,True,0.0,
3HBUdn,83,7,Winner_2022,70.9,44.1,0,True,0.0,
3HBUdn,83,8,Winner_2022,70.4,37.8,1,True,0.0,
3HBUdn,83,9,Winner_2022,69.9,33.9,2,True,0.0,
3HBUdn,83,10,Winner_2022,69.4,33.1,0,True,0.0,
3HBUdn,83,11,Winner_2022,68.9,31.9,0,True,0.0,
3HBUdn,83,12,Winner_2022,68.4,30.2,2,True,0.0,
3HBUdn,83,13,Winner_2022,67.9,30.1,0,True,0.0,
3HBUdn,83,14,Winner_2022,67.4,29.5,1,True,0.0,
3HBUdn,83,15,Winner_2022,66.9,29.1,1,True,0.0,
3HBUdn,83,16,Winner_2022,66.4,29.1,2,True,0.0,
3HBUdn,83,17,Winner_2022,65.9,29.9,1,True,0.0,
3HBUdn,83,18,Winner_2022,65.4,31.0,1,True,0.0,
3HBUdn,83,19,Winner_2022,64.9,32.5,0,True,0.0,
3HBUdn,83,20,Winner_2022,64.4,33.7,1,True,0.0,
3HBUdn,83,21,Winner_2022,63.9,35.3,1,True,0.0,
3HBUdn,83,22,Winner_2022,63.4,37.2,0,True,0.0,
3HBUdn,83,23,Winner_2022,62.9,38.8,0,True,0.0,
3HBUdn,83,24,Winner_2022,62.4,39.8,0,True,0.0,
3HBUdn,83,25,Winner_2022,61.9,40.5,2,True,0.0,
3HBUdn,83,26,Winner_2022,61.4,42.2,0,True,0.0,
3HBUdn,83,27,Winner_2022,60.9,43.5,1,True,0.0,
3HBUdn,83,28,Winner_2022,60.4,45.0,1,True,0.0,
3HBUdn,83,29,Winner_2022,59.9,46.8,3,True,0.0,
3HBUdn,83,30,Winner_2022,59.4,49.9,3,True,0.0,
3HBUdn,83,31,Winner_2022,58.9,54.6,1,True,0.0,
3HBUdn,83,32,Winner_2022,58.4,60.1,1,True,0.0,
3HBUdn,83,33,Winner_2022,58.9,66.3,0,True,0.0,
3HBUdn,83,34,Winner_2022,58.4,72.6,0,True,0.0,
3HBUdn,83,35,Winner_2022,58.9,78.7,0,True,0.0,
3HBUdn,83,36,Winner_2022,59.4,84.8,0,True,0.0,
3HBUdn,83,37,Winner_2022,59.9,90.8,0,True,0.0,
3HBUdn,83,38,Winner_2022,60.4,96.5,0,True,0.0,
3HBUdn,83,39,Winner_2022,60.9,100.0,0,True,0.0,
3HBUdn,83,40,Winner_2022,61.4,100.0,0,True,0.0,
3HBUdn,83,41,Winner_2022,61.9,100.0,0,True,0.0,
3HBUdn,83,42,Winner_2022,62.4,100.0,0,True,0.0,
3HBUdn,83,43,Winner_2022,62.9,100.0,0,True,0.0,
3HBUdn,83,44,Winner_2022,63.4,100.0,0,True,0.0,
3HBUdn,83,45,Winner_2022,63.9,100.0,0,True,0.0,
3HBUdn,83,46,Winner_2022,64.4,100.0,0,True,0.0,
3HBUdn,83,47,Winner_2022,64.9,100.0,0,True,0.0,
3HBUdn,83,48,Winner_2022,65.4,100.0,0,True,0.0,
3HBUdn,83,49,Winner_2022,65.9,100.0,0,True,0.0,
3HBUdn,83,50,Winner_2022,66.4,100.0,0,True,0.0,
3HBUdn,83,51,Winner_2022,66.9,99.9,0,True,0.0,
3HBUdn,83,52,Winner_2022,67.4,99.3,0,True,0.0,
3HBUdn,83,53,Winner_2022,67.9,98.1,0,True,0.0,
3HBUdn,83,54,Winner_2022,68.4,96.3,0,True,0.0,
3HBUdn,83,55,Winner_2022,68.9,94.1,0,True,0.0,
3HBUdn,83,56,Winner_2022,69.4,91.6,0,True,0.0,
3HBUdn,83,57,Winner_2022,69.9,88.8,0,True,0.0,
3HBUdn,83,58,Winner_2022,70.4,85.9,0,True,0.0,
3HBUdn,83,59,Winner_2022,70.9,82.7,0,True,0.0,
3HBUdn,83,60,Winner_2022,71.4,79.3,1,True,0.0,
3HBUdn,83,61,Winner_2022,71.9,76.3,0,True,0.0,
3HBUdn,83,62,Winner_2022,72.4,73.0,0,True,0.0,
3HBUdn,83,63,Winner_2022,72.7,69.6,0,True,0.0,
3HBUdn,83,64,Winner_2022,73.2,66.1,0,True,0.0,
3HBUdn,83,65,Winner_2022,73.7,62.4,0,True,0.0,
3HBUdn,83,66,Winner_2022,74.2,58.6,1,True,0.0,
3HBUdn,83,67,Winner_2022,74.7,55.2,1,True,0.0,
3HBUdn,83,68,Winner_2022,75.2,52.0,1,True,0.0,
3HBUdn,83,69,Winner_2022,75.7,49.0,0,True,0.0,
3HBUdn,83,70,Winner_2022,76.2,46.0,2,True,0.0,
3HBUdn,83,71,Winner_2022,76.7,43.5,1,True,0.0,
3HBUdn,83,72,Winner_2022,77.2,41.1,1,True,0.0,
3HBUdn,83,73,Winner_2022,77.7,38.9,1,True,0.0,
3HBUdn,83,74,Winner_2022,78.2,36.8,1,True,0.0,
3HBUdn,83,75,Winner_2022,78.7,34.8,1,True,0.0,
3HBUdn,83,76,Winner_2022,79.2,32.9,1,True,0.0,
3HBUdn,83,77,Winner_2022,79.7,31.1,4,True,0.0,
3HBUdn,83,78,Winner_2022,80.2,29.8,1,True,0.0,
3HBUdn,83,79,Winner_2022,80.7,28.5,2,True,0.0,
3HBUdn,83,80,Winner_2022,81.2,27.3,2,True,0.0,
3HBUdn,83,81,Winner_2022,81.7,26.3,1,True,0.0,
3HBUdn,83,82,Winner_2022,82.2,25.3,0,True,0.0,
3HBUdn,83,83,Winner_2022,81.7,24.3,0,True,0.0,
3HBUdn,83,84,Winner_2022,81.2,23.2,1,True,0.0,
3HBUdn,83,85,Winner_2022,80.7,22.2,2,True,0.0,
3HBUdn,83,86,Winner_2022,80.2,21.3,1,True,0.0,
3HBUdn,83,87,Winner_2022,79.7,20.4,2,True,0.0,
3HBUdn,83,88,Winner_2022,79.2,19.6,2,True,0.0,
3HBUdn,83,89,Winner_2022,78.7,18.9,2,True,0.0,
3HBUdn,83,90,Winner_2022,78.2,18.2,0,True,0.0,
3HBUdn,83,91,Winner_2022,77.7,17.5,2,True,0.0,
3HBUdn,83,92,Winner_2022,77.2,17.0,0,True,0.0,
3HBUdn,83,93,Winner_2022,76.7,16.4,2,True,0.0,
3HBUdn,83,94,Winner_2022,76.2,15.8,0,True,0.0,
3HBUdn,83,95,Winner_2022,75.7,15.3,1,True,0.0,
3HBUdn,83,96,Winner_2022,75.2,14.8,0,True,0.0,
3HBUdn,83,97,Winner_2022,74.7,14.3,4,True,0.0,
3HBUdn,83,98,Winner_2022,74.2,13.9,3,True,0.0,
3HBUdn,83,99,Winner_2022,73.7,13.6,0,True,0.0,
3HBUdn,83,100,Winner_2022,73.2,13.3,3,True,0.0,
3HBUdn,84,1,Winner_2022,67.5,51.0,1,True,0.0,
3HBUdn,84,2,Winner_2022,67.0,58.6,0,True,0.0,
3HBUdn,84,3,Winner_2022,66.5,56.6,0,True,0.0,
3HBUdn,84,4,Winner_2022,66.0,52.5,0,True,0.0,
3HBUdn,84,5,Winner_2022,65.5,47.1,2,True,0.0,
3HBUdn,84,6,Winner_2022,65.0,48.1,1,True,0.0,
3HBUdn,84,7,Winner_2022,64.5,51.4,0,True,0.0,
3HBUdn,84,8,Winner_2022,64.0,52.8,2,True,0.0,
3HBUdn,84,9,Winner_2022,63.5,57.8,0,True,0.0,
3HBUdn,84,10,Winner_2022,63.0,61.6,0,True,0.0,
3HBUdn,84,11,Winner_2022,62.5,64.3,0,True,0.0,
3HBUdn,84,12,Winner_2022,63.0,65.8,1,True,0.0,
3HBUdn,84,13,Winner_2022,63.5,67.7,2,True,0.0,
3HBUdn,84,14,Winner_2022,64.0,72.3,0,True,0.0,
3HBUdn,84,15,Winner_2022,64.5,75.3,0,True,0.0,
3HBUdn,84,16,Winner_2022,65.0,77.0,0,True,0.0,
3HBUdn,84,17,Winner_2022,65.5,77.3,0,True,0.0,
3HBUdn,84,18,Winner_2022,66.0,77.0,0,True,0.0,
3HBUdn,84,19,Winner_2022,66.5,75.9,0,True,0.0,
3HBUdn,84,20,Winner_2022,67.0,74.2,0,True,0.0,
3HBUdn,84,21,Winner_2022,67.5,72.1,0,True,0.0,
3HBUdn,84,22,Winner_2022,68.0,69.4,1,True,0.0,
3HBUdn,84,23,Winner_2022,68.5,67.5,0,True,0.0,
3HBUdn,84,24,Winner_2022,69.0,65.0,1,True,0.0,
3HBUdn,84,25,Winner_2022,69.5,63.1,0,True,0.0,
3HBUdn,84,26,Winner_2022,70.0,60.9,0,True,0.0,
3HBUdn,84,27,Winner_2022,70.5,58.4,1,True,0.0,
3HBUdn,84,28,Winner_2022,71.0,56.4,0,True,0.0,
3HBUdn,84,29,Winner_2022,71.5,54.1,0,True,0.0,
3HBUdn,84,30,Winner_2022,72.0,51.6,2,True,0.0,
3HBUdn,84,31,Winner_2022,72.5,50.1,1,True,0.0,
3HBUdn,84,32,Winner_2022,73.0,49.1,0,True,0.0,
3HBUdn,84,33,Winner_2022,73.5,47.9,0,True,0.0,
3HBUdn,84,34,Winner_2022,74.0,46.4,1,True,0.0,
3HBUdn,84,35,Winner_2022,74.5,45.3,3,True,0.0,
3HBUdn,84,36,Winner_2022,75.0,45.4,2,True,0.0,
3HBUdn,84,37,Winner_2022,75.5,46.2,0,True,0.0,
3HBUdn,84,38,Winner_2022,76.0,46.8,1,True,0.0,
3HBUdn,84,39,Winner_2022,76.5,47.7,2,True,0.0,
3HBUdn,84,40,Winner_2022,77.0,49.2,1,True,0.0,
3HBUdn,84,41,Winner_2022,77.5,51.0,1,True,0.0,
3HBUdn,84,42,Winner_2022,78.0,53.1,0,True,0.0,
3HBUdn,84,43,Winner_2022,78.5,54.9,3,True,0.0,
3HBUdn,84,44,Winner_2022,79.0,58.0,1,True,0.0,
3HBUdn,84,45,Winner_2022,79.5,61.4,1,True,0.0,
3HBUdn,84,46,Winner_2022,80.0,65.2,1,True,0.0,
3HBUdn,84,47,Winner_2022,80.5,69.4,1,True,0.0,
3HBUdn,84,48,Winner_2022,81.0,74.2,0,True,0.0,
3HBUdn,84,49,Winner_2022,81.5,79.0,0,True,0.0,
3HBUdn,84,50,Winner_2022,82.0,83.5,0,True,0.0,
3HBUdn,84,51,Winner_2022,82.5,87.9,0,True,0.0,
3HBUdn,84,52,Winner_2022,82.0,91.9,0,True,0.0,
3HBUdn,84,53,Winner_2022,81.5,95.5,0,True,0.0,
3HBUdn,84,54,Winner_2022,81.0,98.5,0,True,0.0,
3HBUdn,84,55,Winner_2022,80.5,100.0,0,True,0.0,
3HBUdn,84,56,Winner_2022,80.0,100.0,0,True,0.0,
3HBUdn,84,57,Winner_2022,79.5,100.0,0,True,0.0,
3HBUdn,84,58,Winner_2022,79.0,100.0,0,True,0.0,
3HBUdn,84,59,Winner_2022,78.5,100.0,0,True,0.0,
3HBUdn,84,60,Winner_2022,78.0,100.0,0,True,0.0,
3HBUdn,84,61,Winner_2022,77.5,99.7,0,True,0.0,
3HBUdn,84,62,Winner_2022,77.0,98.9,0,True,0.0,
3HBUdn,84,63,Winner_2022,76.5,97.7,0,True,0.0,
3HBUdn,84,64,Winner_2022,76.0,95.9,0,True,0.0,
3HBUdn,84,65,Winner_2022,75.5,93.6,0,True,0.0,
3HBUdn,84,66,Winner_2022,75.0,91.0,0,True,0.0,
3HBUdn,84,67,Winner_2022,74.5,87.9,0,True,0.0,
3HBUdn,84,68,Winner_2022,74.0,84.5,0,True,0.0,
3HBUdn,84,69,Winner_2022,73.5,80.9,0,True,0.0,
3HBUdn,84,70,Winner_2022,73.0,77.1,0,True,0.0,
3HBUdn,84,71,Winner_2022,72.5,73.2,1,True,0.0,
3HBUdn,84,72,Winner_2022,72.1,69.6,2,True,0.0,
3HBUdn,84,73,Winner_2022,71.6,66.4,1,True,0.0,
3HBUdn,84,74,Winner_2022,71.1,63.4,0,True,0.0,
3HBUdn,84,75,Winner_2022,70.6,60.2,1,True,0.0,
3HBUdn,84,76,Winner_2022,70.1,57.1,2,True,0.0,
3HBUdn,84,77,Winner_2022,69.6,54.4,2,True,0.0,
3HBUdn,84,78,Winner_2022,69.1,52.1,0,True,0.0,
3HBUdn,84,79,Winner_2022,68.6,49.6,0,True,0.0,
3HBUdn,84,80,Winner_2022,68.1,47.1,1,True,0.0,
3HBUdn,84,81,Winner_2022,67.6,44.7,0,True,0.0,
3HBUdn,84,82,Winner_2022,67.1,42.3,3,True,0.0,
3HBUdn,84,83,Winner_2022,66.6,40.3,0,True,0.0,
3HBUdn,84,84,Winner_2022,66.1,38.3,2,True,0.0,
3HBUdn,84,85,Winner_2022,65.6,36.4,1,True,0.0,
3HBUdn,84,86,Winner_2022,65.1,34.7,1,True,0.0,
3HBUdn,84,87,Winner_2022,64.6,33.0,1,True,0.0,
3HBUdn,84,88,Winner_2022,64.1,31.4,2,True,0.0,
3HBUdn,84,89,Winner_2022,63.6,30.0,2,True,0.0,
3HBUdn,84,90,Winner_2022,63.1,28.7,3,True,0.0,
3HBUdn,84,91,Winner_2022,62.6,27.7,1,True,0.0,
3HBUdn,84,92,Winner_2022,62.1,26.7,3,True,0.0,
3HBUdn,84,93,Winner_2022,61.6,25.9,1,True,0.0,
3HBUdn,84,94,Winner_2022,61.1,25.1,1,True,0.0,
3HBUdn,84,95,Winner_2022,60.6,24.4,2,True,0.0,
3HBUdn,84,96,Winner_2022,60.1,23.8,1,True,0.0,
3HBUdn,84,97,Winner_2022,59.6,23.2,2,True,0.0,
3HBUdn,84,98,Winner_2022,59.1,22.7,0,True,0.0,
3HBUdn,84,99,Winner_2022,58.6,22.1,0,True,0.0,
3HBUdn,84,100,Winner_2022,58.1,21.6,0,True,0.0,
3HBUdn,85,1,Winner_2022,70.4,83.0,0,True,0.0,
3HBUdn,85,2,Winner_2022,70.9,66.4,0,True,0.0,
3HBUdn,85,3,Winner_2022,71.4,53.1,1,True,0.0,
3HBUdn,85,4,Winner_2022,71.9,49.2,0,True,0.0,
3HBUdn,85,5,Winner_2022,72.4,44.1,1,True,0.0,
3HBUdn,85,6,Winner_2022,72.9,41.9,1,True,0.0,
3HBUdn,85,7,Winner_2022,73.4,41.9,1,True,0.0,
3HBUdn,85,8,Winner_2022,73.9,43.0,0,True,0.0,
3HBUdn,85,9,Winner_2022,74.4,42.9,0,True,0.0,
3HBUdn,85,10,Winner_2022,74.9,41.9,0,True,0.0,
3HBUdn,85,11,Winner_2022,75.4,40.3,0,True,0.0,
3HBUdn,85,12,Winner_2022,75.9,38.3,0,True,0.0,
3HBUdn,85,13,Winner_2022,76.4,35.6,1,True,0.0,
3HBUdn,85,14,Winner_2022,76.9,33.8,2,True,0.0,
3HBUdn,85,15,Winner_2022,77.4,33.4,1,True,0.0,
3HBUdn,85,16,Winner_2022,77.9,33.3,1,True,0.0,
3HBUdn,85,17,Winner_2022,78.4,33.5,0,True,0.0,
3HBUdn,85,18,Winner_2022,78.9,33.3,0,True,0.0,
3HBUdn,85,19,Winner_2022,79.4,32.9,1,True,0.0,
3HBUdn,85,20,Winner_2022,79.9,32.8,1,True,0.0,
3HBUdn,85,21,Winner_2022,80.4,33.1,2,True,0.0,
3HBUdn,85,22,Winner_2022,80.9,34.2,1,True,0.0,
3HBUdn,85,23,Winner_2022,81.4,35.7,1,True,0.0,
3HBUdn,85,24,Winner_2022,81.9,37.2,0,True,0.0,
3HBUdn,85,25,Winner_2022,82.4,38.5,1,True,0.0,
3HBUdn,85,26,Winner_2022,82.9,40.1,1,True,0.0,
3HBUdn,85,27,Winner_2022,82.4,41.9,1,True,0.0,
3HBUdn,85,28,Winner_2022,81.9,43.9,1,True,0.0,
3HBUdn,85,29,Winner_2022,81.4,46.2,0,True,0.0,
3HBUdn,85,30,Winner_2022,80.9,48.1,1,True,0.0,
3HBUdn,85,31,Winner_2022,80.4,50.3,1,True,0.0,
3HBUdn,85,32,Winner_2022,79.9,52.9,2,True,0.0,
3HBUdn,85,33,Winner_2022,79.4,56.5,2,True,0.0,
3HBUdn,85,34,Winner_2022,78.9,61.2,2,True,0.0,
3HBUdn,85,35,Winner_2022,78.4,67.1,0,True,0.0,
3HBUdn,85,36,Winner_2022,77.9,73.0,0,True,0.0,
3HBUdn,85,37,Winner_2022,77.4,78.9,0,True,0.0,
3HBUdn,85,38,Winner_2022,76.9,84.7,0,True,0.0,
3HBUdn,85,39,Winner_2022,76.4,90.4,0,True,0.0,
3HBUdn,85,40,Winner_2022,75.9,96.0,0,True,0.0,
3HBUdn,85,41,Winner_2022,75.4,100.0,0,True,0.0,
3HBUdn,85,42,Winner_2022,75.9,100.0,0,True,0.0,
3HBUdn,85,43,Winner_2022,75.4,100.0,0,True,0.0,
3HBUdn,85,44,Winner_2022,75.9,100.0,0,True,0.0,
3HBUdn,85,45,Winner_2022,76.4,100.0,0,True,0.0,
3HBUdn,85,46,Winner_2022,76.9,100.0,0,True,0.0,
3HBUdn,85,47,Winner_2022,77.4,100.0,0,True,0.0,
3HBUdn,85,48,Winner_2022,77.9,100.0,0,True,0.0,
3HBUdn,85,49,Winner_2022,78.4,100.0,0,True,0.0,
3HBUdn,85,50,Winner_2022,78.9,100.0,0,True,0.0,
3HBUdn,85,51,Winner_2022,79.4,100.0,0,True,0.0,
3HBUdn,85,52,Winner_2022,79.9,100.0,0,True,0.0,
3HBUdn,85,53,Winner_2022,80.4,99.6,0,True,0.0,
3HBUdn,85,54,Winner_2022,80.9,98.5,0,True,0.0,
3HBUdn,85,55,Winner_2022,81.4,96.9,0,True,0.0,
3HBUdn,85,56,Winner_2022,81.9,94.9,0,True,0.0,
3HBUdn,85,57,Winner_2022,82.4,92.7,0,True,0.0,
3HBUdn,85,58,Winner_2022,82.9,90.2,0,True,0.0,
3HBUdn,85,59,Winner_2022,83.4,87.4,0,True,0.0,
3HBUdn,85,60,Winner_2022,83.9,84.4,0,True,0.0,
3HBUdn,85,61,Winner_2022,84.2,81.1,2,True,0.0,
3HBUdn,85,62,Winner_2022,84.7,78.6,1,True,0.0,
3HBUdn,85,63,Winner_2022,85.2,76.3,0,True,0.0,
3HBUdn,85,64,Winner_2022,85.7,73.7,2,True,0.0,
3HBUdn,85,65,Winner_2022,85.2,71.5,0,True,0.0,
3HBUdn,85,66,Winner_2022,84.7,69.1,1,True,0.0,
3HBUdn,85,67,Winner_2022,84.2,66.8,1,True,0.0,
3HBUdn,85,68,Winner_2022,83.7,64.5,2,True,0.0,
3HBUdn,85,69,Winner_2022,83.2,62.6,1,True,0.0,
3HBUdn,85,70,Winner_2022,82.7,60.9,1,True,0.0,
3HBUdn,85,71,Winner_2022,82.2,59.2,0,True,0.0,
3HBUdn,85,72,Winner_2022,81.7,57.3,0,True,0.0,
3HBUdn,85,73,Winner_2022,81.2,55.2,0,True,0.0,
3HBUdn,85,74,Winner_2022,80.7,52.9,2,True,0.0,
3HBUdn,85,75,Winner_2022,80.2,50.9,1,True,0.0,
3HBUdn,85,76,Winner_2022,79.7,48.9,2,True,0.0,
3HBUdn,85,77,Winner_2022,79.2,47.2,1,True,0.0,
3HBUdn,85,78,Winner_2022,78.7,45.5,0,True,0.0,
3HBUdn,85,79,Winner_2022,78.2,43.6,0,True,0.0,
3HBUdn,85,80,Winner_2022,77.7,41.8,0,True,0.0,
3HBUdn,85,81,Winner_2022,77.2,39.8,3,True,0.0,
3HBUdn,85,82,Winner_2022,76.7,38.2,0,True,0.0,
3HBUdn,85,83,Winner_2022,76.2,36.5,2,True,0.0,
3HBUdn,85,84,Winner_2022,75.7,35.0,0,True,0.0,
3HBUdn,85,85,Winner_2022,75.2,33.4,2,True,0.0,
3HBUdn,85,86,Winner_2022,74.7,32.1,0,True,0.0,
3HBUdn,85,87,Winner_2022,74.2,30.6,1,True,0.0,
3HBUdn,85,88,Winner_2022,73.7,29.2,2,True,0.0,
3HBUdn,85,89,Winner_2022,73.2,28.0,1,True,0.0,
3HBUdn,85,90,Winner_2022,72.7,26.8,2,True,0.0,
3HBUdn,85,91,Winner_2022,72.2,25.7,0,True,0.0,
3HBUdn,85,92,Winner_2022,71.7,24.7,0,True,0.0,
3HBUdn,85,93,Winner_2022,71.2,23.6,1,True,0.0,
3HBUdn,85,94,Winner_2022,70.7,22.6,3,True,0.0,
3HBUdn,85,95,Winner_2022,70.2,21.7,2,True,0.0,
3HBUdn,85,96,Winner_2022,69.7,21.0,5,True,0.0,
3HBUdn,85,97,Winner_2022,69.2,20.5,2,True,0.0,
3HBUdn,85,98,Winner_2022,68.7,20.1,2,True,0.0,
3HBUdn,85,99,Winner_2022,68.2,19.8,0,True,0.0,
3HBUdn,85,100,Winner_2022,67.7,19.5,4,True,0.0,
3HBUdn,86,1,Winner_2022,74.2,63.0,1,True,0.0,
3HBUdn,86,2,Winner_2022,73.7,72.4,0,True,0.0,
3HBUdn,86,3,Winner_2022,73.2,70.0,0,True,0.0,
3HBUdn,86,4,Winner_2022,72.7,64.9,0,True,0.0,
3HBUdn,86,5,Winner_2022,72.2,58.1,2,True,0.0,
3HBUdn,86,6,Winner_2022,71.7,59.5,2,True,0.0,
3HBUdn,86,7,Winner_2022,71.2,67.5,1,True,0.0,
3HBUdn,86,8,Winner_2022,71.7,77.0,0,True,0.0,
3HBUdn,86,9,Winner_2022,72.2,84.3,0,True,0.0,
3HBUdn,86,10,Winner_2022,72.7,89.7,0,True,0.0,
3HBUdn,86,11,Winner_2022,73.2,93.7,0,True,0.0,
3HBUdn,86,12,Winner_2022,73.7,95.9,0,True,0.0,
3HBUdn,86,13,Winner_2022,74.2,95.5,0,True,0.0,
3HBUdn,86,14,Winner_2022,74.7,93.5,0,True,0.0,
3HBUdn,86,15,Winner_2022,75.2,89.8,0,True,0.0,
3HBUdn,86,16,Winner_2022,75.7,85.2,0,True,0.0,
3HBUdn,86,17,Winner_2022,76.2,79.8,0,True,0.0,
3HBUdn,86,18,Winner_2022,76.7,74.2,0,True,0.0,
3HBUdn,86,19,Winner_2022,77.2,68.6,1,True,0.0,
3HBUdn,86,20,Winner_2022,77.7,64.4,0,True,0.0,
3HBUdn,86,21,Winner_2022,78.2,60.0,1,True,0.0,
3HBUdn,86,22,Winner_2022,78.7,56.7,1,True,0.0,
3HBUdn,86,23,Winner_2022,79.2,54.2,2,True,0.0,
3HBUdn,86,24,Winner_2022,79.7,53.0,0,True,0.0,
3HBUdn,86,25,Winner_2022,80.2,51.5,2,True,0.0,
3HBUdn,86,26,Winner_2022,80.7,51.3,1,True,0.0,
3HBUdn,86,27,Winner_2022,80.2,51.4,1,True,0.0,
3HBUdn,86,28,Winner_2022,79.7,51.8,1,True,0.0,
3HBUdn,86,29,Winner_2022,79.2,52.4,0,True,0.0,
3HBUdn,86,30,Winner_2022,78.7,52.6,0,True,0.0,
3HBUdn,86,31,Winner_2022,78.2,52.4,1,True,0.0,
3HBUdn,86,32,Winner_2022,77.7,52.6,2,True,0.0,
3HBUdn,86,33,Winner_2022,77.2,53.8,0,True,0.0,
3HBUdn,86,34,Winner_2022,76.7,54.6,2,True,0.0,
3HBUdn,86,35,Winner_2022,76.2,56.2,2,True,0.0,
3HBUdn,86,36,Winner_2022,75.7,58.8,1,True,0.0,
3HBUdn,86,37,Winner_2022,75.2,61.7,2,True,0.0,
3HBUdn,86,38,Winner_2022,74.7,65.6,0,True,0.0,
3HBUdn,86,39,Winner_2022,74.2,69.3,0,True,0.0,
3HBUdn,86,40,Winner_2022,73.7,72.9,1,True,0.0,
3HBUdn,86,41,Winner_2022,73.3,77.0,0,True,0.0,
3HBUdn,86,42,Winner_2022,72.8,80.8,0,True,0.0,
3HBUdn,86,43,Winner_2022,72.3,84.3,0,True,0.0,
3HBUdn,86,44,Winner_2022,71.8,87.6,0,True,0.0,
3HBUdn,86,45,Winner_2022,71.3,90.5,0,True,0.0,
3HBUdn,86,46,Winner_2022,71.8,93.0,0,True,0.0,
3HBUdn,86,47,Winner_2022,72.3,95.2,0,True,0.0,
3HBUdn,86,48,Winner_2022,72.8,97.1,0,True,0.001,
3HBUdn,86,49,Winner_2022,73.3,98.7,0,True,0.0,
3HBUdn,86,50,Winner_2022,73.8,99.7,0,True,0.0,
3HBUdn,86,51,Winner_2022,74.3,100.0,0,True,0.0,
3HBUdn,86,52,Winner_2022,74.8,100.0,0,True,0.0,
3HBUdn,86,53,Winner_2022,75.3,99.6,0,True,0.0,
3HBUdn,86,54,Winner_2022,75.8,98.5,0,True,0.0,
3HBUdn,86,55,Winner_2022,76.3,96.9,0,True,0.0,
3HBUdn,86,56,Winner_2022,76.8,94.9,0,True,0.0,
3HBUdn,86,57,Winner_2022,77.3,92.7,0,True,0.0,
3HBUdn,86,58,Winner_2022,77.8,90.2,0,True,0.0,
3HBUdn,86,59,Winner_2022,78.3,87.4,0,True,0.0,
3HBUdn,86,60,Winner_2022,78.8,84.4,0,True,0.0,
3HBUdn,86,61,Winner_2022,79.3,81.1,0,True,0.0,
3HBUdn,86,62,Winner_2022,79.8,77.7,0,True,0.0,
3HBUdn,86,63,Winner_2022,80.3,74.1,2,True,0.0,
3HBUdn,86,64,Winner_2022,80.8,71.1,0,True,0.0,
3HBUdn,86,65,Winner_2022,81.3,67.9,0,True,0.0,
3HBUdn,86,66,Winner_2022,81.8,64.5,0,True,0.0,
3HBUdn,86,67,Winner_2022,82.3,61.0,0,True,0.0,
3HBUdn,86,68,Winner_2022,82.8,57.5,0,True,0.0,
3HBUdn,86,69,Winner_2022,83.3,53.9,0,True,0.0,
3HBUdn,86,70,Winner_2022,83.8,50.4,1,True,0.0,
3HBUdn,86,71,Winner_2022,84.3,47.2,0,True,0.0,
3HBUdn,86,72,Winner_2022,83.8,44.0,0,True,0.0,
3HBUdn,86,73,Winner_2022,83.3,40.9,0,True,0.0,
3HBUdn,86,74,Winner_2022,82.8,37.8,1,True,0.0,
3HBUdn,86,75,Winner_2022,82.3,35.0,3,True,0.0,
3HBUdn,86,76,Winner_2022,81.8,32.6,1,True,0.0,
3HBUdn,86,77,Winner_2022,81.3,30.5,1,True,0.0,
3HBUdn,86,78,Winner_2022,80.8,28.5,1,True,0.0,
3HBUdn,86,79,Winner_2022,80.3,26.6,0,True,0.0,
3HBUdn,86,80,Winner_2022,79.8,24.8,0,True,0.0,
3HBUdn,86,81,Winner_2022,79.3,23.0,2,True,0.0,
3HBUdn,86,82,Winner_2022,78.8,21.5,1,True,0.0,
3HBUdn,86,83,Winner_2022,78.3,20.0,1,True,0.0,
3HBUdn,86,84,Winner_2022,77.8,18.7,0,True,0.0,
3HBUdn,86,85,Winner_2022,77.3,17.4,0,True,0.0,
3HBUdn,86,86,Winner_2022,76.8,16.1,0,True,0.0,
3HBUdn,86,87,Winner_2022,76.3,14.9,4,True,0.0,
3HBUdn,86,88,Winner_2022,75.8,13.9,2,True,0.0,
3HBUdn,86,89,Winner_2022,75.3,13.0,0,True,0.0,
3HBUdn,86,90,Winner_2022,74.8,12.2,2,True,0.0,
3HBUdn,86,91,Winner_2022,74.3,11.4,0,True,0.0,
3HBUdn,86,92,Winner_2022,73.8,10.7,3,True,0.0,
3HBUdn,86,93,Winner_2022,73.3,10.1,1,True,0.0,
3HBUdn,86,94,Winner_2022,72.8,9.5,0,True,0.0,
3HBUdn,86,95,Winner_2022,72.3,9.0,1,True,0.0,
3HBUdn,86,96,Winner_2022,71.8,8.5,0,True,0.0,
3HBUdn,86,97,Winner_2022,71.3,8.0,5,True,0.0,
3HBUdn,86,98,Winner_2022,70.8,7.6,4,True,0.0,
3HBUdn,86,99,Winner_2022,70.3,7.3,1,True,0.0,
3HBUdn,86,100,Winner_2022,69.8,7.0,1,True,0.0,
3HBUdn,87,1,Winner_2022,77.1,48.0,0,True,0.0,
3HBUdn,87,2,Winner_2022,76.6,38.4,0,True,0.0,
3HBUdn,87,3,Winner_2022,76.1,30.7,0,True,0.0,
3HBUdn,87,4,Winner_2022,75.6,24.6,1,True,0.0,
3HBUdn,87,5,Winner_2022,75.1,22.0,2,True,0.0,
3HBUdn,87,6,Winner_2022,74.6,22.5,1,True,0.0,
3HBUdn,87,7,Winner_2022,74.1,24.1,1,True,0.0,
3HBUdn,87,8,Winner_2022,73.6,26.1,0,True,0.0,
3HBUdn,87,9,Winner_2022,73.1,27.3,0,True,0.0,
3HBUdn,87,10,Winner_2022,72.6,27.8,1,True,0.0,
3HBUdn,87,11,Winner_2022,72.1,29.1,1,True,0.0,
3HBUdn,87,12,Winner_2022,71.6,30.8,0,True,0.0,
3HBUdn,87,13,Winner_2022,71.1,31.7,2,True,0.0,
3HBUdn,87,14,Winner_2022,70.6,33.9,0,True,0.0,
3HBUdn,87,15,Winner_2022,70.1,35.3,1,True,0.0,
3HBUdn,87,16,Winner_2022,69.6,36.9,0,True,0.0,
3HBUdn,87,17,Winner_2022,69.1,38.0,1,True,0.0,
3HBUdn,87,18,Winner_2022,68.6,39.4,1,True,0.0,
3HBUdn,87,19,Winner_2022,68.1,41.3,0,True,0.0,
3HBUdn,87,20,Winner_2022,67.6,42.9,2,True,0.0,
3HBUdn,87,21,Winner_2022,67.1,45.7,0,True,0.0,
3HBUdn,87,22,Winner_2022,66.6,48.1,1,True,0.0,
3HBUdn,87,23,Winner_2022,66.1,51.0,3,True,0.0,
3HBUdn,87,24,Winner_2022,65.6,55.7,0,True,0.0,
3HBUdn,87,25,Winner_2022,65.1,60.2,1,True,0.0,
3HBUdn,87,26,Winner_2022,64.6,65.3,1,True,0.0,
3HBUdn,87,27,Winner_2022,64.3,71.2,0,True,0.0,
3HBUdn,87,28,Winner_2022,63.8,76.6,0,True,0.0,
3HBUdn,87,29,Winner_2022,64.3,81.6,0,True,0.0,
3HBUdn,87,30,Winner_2022,64.8,86.0,0,True,0.0,
3HBUdn,87,31,Winner_2022,65.3,89.9,0,True,0.0,
3HBUdn,87,32,Winner_2022,65.8,93.5,0,True,0.0,
3HBUdn,87,33,Winner_2022,66.3,96.6,0,True,0.0,
3HBUdn,87,34,Winner_2022,66.8,99.2,0,True,0.0,
3HBUdn,87,35,Winner_2022,67.3,100.0,0,True,0.0,
3HBUdn,87,36,Winner_2022,67.8,100.0,0,True,0.0,
3HBUdn,87,37,Winner_2022,68.3,100.0,0,True,0.0,
3HBUdn,87,38,Winner_2022,68.8,100.0,0,True,0.0,
3HBUdn,87,39,Winner_2022,69.3,99.8,0,True,0.0,
3HBUdn,87,40,Winner_2022,69.8,99.2,0,True,0.0,
3HBUdn,87,41,Winner_2022,70.3,98.2,0,True,0.0,
3HBUdn,87,42,Winner_2022,70.8,96.6,0,True,0.0,
3HBUdn,87,43,Winner_2022,71.3,94.8,0,True,0.0,
3HBUdn,87,44,Winner_2022,71.8,92.6,0,True,0.0,
3HBUdn,87,45,Winner_2022,72.3,90.0,0,True,0.0,
3HBUdn,87,46,Winner_2022,72.8,87.2,0,True,0.0,
3HBUdn,87,47,Winner_2022,73.3,84.2,0,True,0.0,
3HBUdn,87,48,Winner_2022,73.8,81.1,0,True,0.0,
3HBUdn,87,49,Winner_2022,74.3,77.9,0,True,0.0,
3HBUdn,87,50,Winner_2022,74.8,74.4,0,True,0.0,
3HBUdn,87,51,Winner_2022,75.0,70.9,1,True,0.0,
3HBUdn,87,52,Winner_2022,75.5,67.8,1,True,0.0,
3HBUdn,87,53,Winner_2022,76.0,65.1,0,True,0.0,
3HBUdn,87,54,Winner_2022,76.5,62.1,0,True,0.0,
3HBUdn,87,55,Winner_2022,77.0,59.0,0,True,0.0,
3HBUdn,87,56,Winner_2022,77.5,55.8,2,True,0.0,
3HBUdn,87,57,Winner_2022,78.0,53.4,0,True,0.0,
3HBUdn,87,58,Winner_2022,78.5,51.0,3,True,0.0,
3HBUdn,87,59,Winner_2022,79.0,49.4,0,True,0.0,
3HBUdn,87,60,Winner_2022,79.5,47.7,0,True,0.0,
3HBUdn,87,61,Winner_2022,80.0,45.8,2,True,0.0,
3HBUdn,87,62,Winner_2022,80.5,44.4,3,True,0.0,
3HBUdn,87,63,Winner_2022,81.0,43.6,1,True,0.0,
3HBUdn,87,64,Winner_2022,81.5,42.8,1,True,0.0,
3HBUdn,87,65,Winner_2022,82.0,42.0,0,True,0.0,
3HBUdn,87,66,Winner_2022,82.5,41.0,3,True,0.0,
3HBUdn,87,67,Winner_2022,83.0,40.5,1,True,0.0,
3HBUdn,87,68,Winner_2022,83.5,39.9,1,True,0.0,
3HBUdn,87,69,Winner_2022,84.0,39.3,0,True,0.0,
3HBUdn,87,70,Winner_2022,84.5,38.6,3,True,0.0,
3HBUdn,87,71,Winner_2022,85.0,38.2,1,True,0.0,
3HBUdn,87,72,Winner_2022,84.5,37.8,2,True,0.0,
3HBUdn,87,73,Winner_2022,84.0,37.6,1,True,0.0,
3HBUdn,87,74,Winner_2022,83.5,37.3,2,True,0.0,
3HBUdn,87,75,Winner_2022,83.0,37.0,2,True,0.0,
3HBUdn,87,76,Winner_2022,82.5,36.9,0,True,0.0,
3HBUdn,87,77,Winner_2022,82.0,36.6,0,True,0.0,
3HBUdn,87,78,Winner_2022,81.5,36.1,0,True,0.0,
3HBUdn,87,79,Winner_2022,81.0,35.4,0,True,0.0,
3HBUdn,87,80,Winner_2022,80.5,34.7,1,True,0.0,
3HBUdn,87,81,Winner_2022,80.0,33.9,0,True,0.0,
3HBUdn,87,82,Winner_2022,79.5,33.0,3,True,0.0,
3HBUdn,87,83,Winner_2022,79.0,32.3,2,True,0.0,
3HBUdn,87,84,Winner_2022,78.5,31.7,0,True,0.0,
3HBUdn,87,85,Winner_2022,78.0,31.0,0,True,0.0,
3HBUdn,87,86,Winner_2022,77.5,30.2,2,True,0.0,
3HBUdn,87,87,Winner_2022,77.0,29.4,0,True,0.0,
3HBUdn,87,88,Winner_2022,76.5,28.6,0,True,0.0,
3HBUdn,87,89,Winner_2022,76.0,27.7,1,True,0.0,
3HBUdn,87,90,Winner_2022,75.5,26.9,1,True,0.0,
3HBUdn,87,91,Winner_2022,75.0,26.1,1,True,0.0,
3HBUdn,87,92,Winner_2022,74.5,25.3,1,True,0.0,
3HBUdn,87,93,Winner_2022,74.0,24.5,2,True,0.0,
3HBUdn,87,94,Winner_2022,73.5,23.8,3,True,0.0,
3HBUdn,87,95,Winner_2022,73.0,23.4,4,True,0.0,
3HBUdn,87,96,Winner_2022,72.5,23.1,0,True,0.0,
3HBUdn,87,97,Winner_2022,72.0,22.7,1,True,0.0,
3HBUdn,87,98,Winner_2022,71.5,22.4,2,True,0.0,
3HBUdn,87,99,Winner_2022,71.0,22.2,3,True,0.0,
3HBUdn,87,100,Winner_2022,70.5,22.1,2,True,0.0,
3HBUdn,88,1,Winner_2022,75.4,82.0,0,True,0.0,
3HBUdn,88,2,Winner_2022,74.9,65.6,1,True,0.0,
3HBUdn,88,3,Winner_2022,74.4,63.4,2,True,0.0,
3HBUdn,88,4,Winner_2022,73.9,74.9,0,True,0.0,
3HBUdn,88,5,Winner_2022,74.4,81.5,0,True,0.0,
3HBUdn,88,6,Winner_2022,74.9,83.4,0,True,0.0,
3HBUdn,88,7,Winner_2022,75.4,83.5,0,True,0.0,
3HBUdn,88,8,Winner_2022,75.9,81.0,0,True,0.0,
3HBUdn,88,9,Winner_2022,76.4,76.8,0,True,0.0,
3HBUdn,88,10,Winner_2022,76.6,71.6,1,True,0.0,
3HBUdn,88,11,Winner_2022,77.1,68.9,0,True,0.0,
3HBUdn,88,12,Winner_2022,77.6,65.4,0,True,0.0,
3HBUdn,88,13,Winner_2022,78.1,60.9,0,True,0.0,
3HBUdn,88,14,Winner_2022,78.6,55.9,0,True,0.0,
3HBUdn,88,15,Winner_2022,79.1,50.7,1,True,0.0,
3HBUdn,88,16,Winner_2022,79.6,46.9,0,True,0.0,
3HBUdn,88,17,Winner_2022,80.1,42.8,0,True,0.0,
3HBUdn,88,18,Winner_2022,80.6,38.9,1,True,0.0,
3HBUdn,88,19,Winner_2022,81.1,36.0,0,True,0.0,
3HBUdn,88,20,Winner_2022,81.6,33.0,1,True,0.0,
3HBUdn,88,21,Winner_2022,82.1,30.8,2,True,0.0,
3HBUdn,88,22,Winner_2022,82.6,29.7,0,True,0.0,
3HBUdn,88,23,Winner_2022,83.1,28.4,2,True,0.0,
3HBUdn,88,24,Winner_2022,83.6,27.7,1,True,0.0,
3HBUdn,88,25,Winner_2022,84.1,27.4,2,True,0.0,
3HBUdn,88,26,Winner_2022,84.6,27.7,0,True,0.0,
3HBUdn,88,27,Winner_2022,85.1,27.7,0,True,0.0,
3HBUdn,88,28,Winner_2022,85.6,27.6,0,True,0.0,
3HBUdn,88,29,Winner_2022,86.1,27.2,0,True,0.0,
3HBUdn,88,30,Winner_2022,86.6,26.6,0,True,0.0,
3HBUdn,88,31,Winner_2022,87.1,25.8,1,True,0.0,
3HBUdn,88,32,Winner_2022,87.6,25.3,0,True,0.0,
3HBUdn,88,33,Winner_2022,88.1,24.7,0,True,0.0,
3HBUdn,88,34,Winner_2022,87.6,23.9,0,True,0.0,
3HBUdn,88,35,Winner_2022,87.1,23.1,0,True,0.0,
3HBUdn,88,36,Winner_2022,86.6,22.1,1,True,0.0,
3HBUdn,88,37,Winner_2022,86.1,21.4,1,True,0.0,
3HBUdn,88,38,Winner_2022,85.6,20.8,0,True,0.0,
3HBUdn,88,39,Winner_2022,85.1,20.1,1,True,0.0,
3HBUdn,88,40,Winner_2022,84.6,19.6,2,True,0.0,
3HBUdn,88,41,Winner_2022,84.1,19.4,1,True,0.0,
3HBUdn,88,42,Winner_2022,83.6,19.3,0,True,0.0,
3HBUdn,88,43,Winner_2022,83.1,19.1,1,True,0.0,
3HBUdn,88,44,Winner_2022,82.6,19.0,0,True,0.0,
3HBUdn,88,45,Winner_2022,82.1,18.8,0,True,0.0,
3HBUdn,88,46,Winner_2022,81.6,18.5,2,True,0.0,
3HBUdn,88,47,Winner_2022,81.1,18.5,0,True,0.0,
3HBUdn,88,48,Winner_2022,80.6,18.4,0,True,0.0,
3HBUdn,88,49,Winner_2022,80.1,18.3,2,True,0.0,
3HBUdn,88,50,Winner_2022,79.6,18.3,2,True,0.0,
3HBUdn,88,51,Winner_2022,79.1,18.6,3,True,0.0,
3HBUdn,88,52,Winner_2022,78.6,19.2,2,True,0.0,
3HBUdn,88,53,Winner_2022,78.1,19.9,3,True,0.0,
3HBUdn,88,54,Winner_2022,77.6,21.0,0,True,0.0,
3HBUdn,88,55,Winner_2022,77.1,21.9,0,True,0.0,
3HBUdn,88,56,Winner_2022,76.6,22.8,0,True,0.0,
3HBUdn,88,57,Winner_2022,76.1,23.6,1,True,0.0,
3HBUdn,88,58,Winner_2022,75.6,24.5,1,True,0.0,
3HBUdn,88,59,Winner_2022,75.1,25.4,5,True,0.0,
3HBUdn,88,60,Winner_2022,74.6,27.0,1,True,0.0,
3HBUdn,88,61,Winner_2022,74.1,28.7,2,True,0.0,
3HBUdn,88,62,Winner_2022,73.6,30.6,1,True,0.0,
3HBUdn,88,63,Winner_2022,73.1,32.7,1,True,0.0,
3HBUdn,88,64,Winner_2022,72.6,34.8,2,True,0.0,
3HBUdn,88,65,Winner_2022,72.1,37.1,0,True,0.0,
3HBUdn,88,66,Winner_2022,71.6,39.4,2,True,0.0,
3HBUdn,88,67,Winner_2022,71.1,41.8,3,True,0.0,
3HBUdn,88,68,Winner_2022,70.6,44.7,2,True,0.0,
3HBUdn,88,69,Winner_2022,70.1,47.9,1,True,0.0,
3HBUdn,88,70,Winner_2022,69.6,51.2,1,True,0.0,
3HBUdn,88,71,Winner_2022,69.1,54.6,3,True,0.0,
3HBUdn,88,72,Winner_2022,68.6,58.7,1,True,0.0,
3HBUdn,88,73,Winner_2022,68.1,62.8,1,True,0.0,
3HBUdn,88,74,Winner_2022,67.6,67.0,0,True,0.0,
3HBUdn,88,75,Winner_2022,67.3,70.9,2,True,0.0,
3HBUdn,88,76,Winner_2022,66.8,75.1,1,True,0.0,
3HBUdn,88,77,Winner_2022,66.3,79.4,0,True,0.0,
3HBUdn,88,78,Winner_2022,65.8,83.3,0,True,0.0,
3HBUdn,88,79,Winner_2022,65.3,87.0,0,True,0.0,
3HBUdn,88,80,Winner_2022,64.8,90.3,0,True,0.0,
3HBUdn,88,81,Winner_2022,64.3,93.3,0,True,0.0,
3HBUdn,88,82,Winner_2022,63.8,95.9,0,True,0.0,
3HBUdn,88,83,Winner_2022,63.3,98.0,0,True,0.0,
3HBUdn,88,84,Winner_2022,62.8,99.8,0,True,0.0,
3HBUdn,88,85,Winner_2022,62.3,100.0,0,True,0.0,
3HBUdn,88,86,Winner_2022,61.8,100.0,0,True,0.0,
3HBUdn,88,87,Winner_2022,61.3,100.0,0,True,0.0,
3HBUdn,88,88,Winner_2022,60.8,99.9,0,True,0.0,
3HBUdn,88,89,Winner_2022,60.3,99.4,0,True,0.0,
3HBUdn,88,90,Winner_2022,59.8,98.6,0,True,0.0,
3HBUdn,88,91,Winner_2022,59.3,97.5,0,True,0.0,
3HBUdn,88,92,Winner_2022,58.8,96.2,0,True,0.0,
3HBUdn,88,93,Winner_2022,58.3,94.6,0,True,0.0,
3HBUdn,88,94,Winner_2022,57.8,92.9,0,True,0.0,
3HBUdn,88,95,Winner_2022,57.3,91.0,0,True,0.0,
3HBUdn,88,96,Winner_2022,56.8,88.9,0,True,0.0,
3HBUdn,88,97,Winner_2022,56.3,86.7,0,True,0.0,
3HBUdn,88,98,Winner_2022,55.8,84.3,0,True,0.0,
3HBUdn,88,99,Winner_2022,55.3,82.0,0,True,0.0,
3HBUdn,88,100,Winner_2022,54.8,79.6,0,True,0.0,
3HBUdn,89,1,Winner_2022,74.2,80.0,1,True,0.0,
3HBUdn,89,2,Winner_2022,74.7,91.9,0,True,0.0,
3HBUdn,89,3,Winner_2022,75.2,88.8,0,True,0.0,
3HBUdn,89,4,Winner_2022,75.7,82.4,0,True,0.0,
3HBUdn,89,5,Winner_2022,76.2,73.8,0,True,0.0,
3HBUdn,89,6,Winner_2022,76.7,64.5,1,True,0.0,
3HBUdn,89,7,Winner_2022,77.2,60.3,1,True,0.0,
3HBUdn,89,8,Winner_2022,77.7,58.5,0,True,0.0,
3HBUdn,89,9,Winner_2022,78.2,55.4,2,True,0.0,
3HBUdn,89,10,Winner_2022,78.7,56.6,0,True,0.0,
3HBUdn,89,11,Winner_2022,79.2,56.7,0,True,0.0,
3HBUdn,89,12,Winner_2022,79.7,56.0,0,True,0.0,
3HBUdn,89,13,Winner_2022,80.2,53.9,1,True,0.0,
3HBUdn,89,14,Winner_2022,80.7,52.8,1,True,0.0,
3HBUdn,89,15,Winner_2022,81.2,52.1,0,True,0.0,
3HBUdn,89,16,Winner_2022,81.7,50.7,1,True,0.0,
3HBUdn,89,17,Winner_2022,82.2,49.8,1,True,0.0,
3HBUdn,89,18,Winner_2022,82.7,49.6,0,True,0.0,
3HBUdn,89,19,Winner_2022,83.2,48.9,0,True,0.0,
3HBUdn,89,20,Winner_2022,83.7,47.8,1,True,0.0,
3HBUdn,89,21,Winner_2022,84.2,47.3,1,True,0.0,
3HBUdn,89,22,Winner_2022,84.7,47.3,1,True,0.0,
3HBUdn,89,23,Winner_2022,85.2,47.7,1,True,0.0,
3HBUdn,89,24,Winner_2022,85.7,48.2,0,True,0.0,
3HBUdn,89,25,Winner_2022,86.2,48.3,0,True,0.0,
3HBUdn,89,26,Winner_2022,86.7,48.1,0,True,0.0,
3HBUdn,89,27,Winner_2022,87.2,47.5,1,True,0.0,
3HBUdn,89,28,Winner_2022,87.7,47.2,1,True,0.0,
3HBUdn,89,29,Winner_2022,88.2,47.1,2,True,0.0,
3HBUdn,89,30,Winner_2022,88.7,47.9,3,True,0.0,
3HBUdn,89,31,Winner_2022,89.2,50.1,2,True,0.0,
3HBUdn,89,32,Winner_2022,89.7,53.3,2,True,0.0,
3HBUdn,89,33,Winner_2022,90.2,57.5,0,True,0.0,
3HBUdn,89,34,Winner_2022,90.7,61.7,0,True,0.0,
3HBUdn,89,35,Winner_2022,91.2,65.5,0,True,0.0,
3HBUdn,89,36,Winner_2022,91.7,69.2,0,True,0.0,
3HBUdn,89,37,Winner_2022,92.2,72.6,1,True,0.0,
3HBUdn,89,38,Winner_2022,92.7,76.5,0,True,0.0,
3HBUdn,89,39,Winner_2022,92.2,80.1,0,True,0.0,
3HBUdn,89,40,Winner_2022,91.7,83.5,0,True,0.0,
3HBUdn,89,41,Winner_2022,91.2,86.6,0,True,0.0,
3HBUdn,89,42,Winner_2022,90.7,89.2,0,True,0.0,
3HBUdn,89,43,Winner_2022,90.2,91.6,0,True,0.0,
3HBUdn,89,44,Winner_2022,89.7,93.5,0,True,0.0,
3HBUdn,89,45,Winner_2022,89.2,94.9,0,True,0.0,
3HBUdn,89,46,Winner_2022,88.7,96.0,0,True,0.0,
3HBUdn,89,47,Winner_2022,88.2,96.6,0,True,0.0,
3HBUdn,89,48,Winner_2022,87.7,97.0,0,True,0.0,
3HBUdn,89,49,Winner_2022,87.2,97.1,0,True,0.0,
3HBUdn,89,50,Winner_2022,86.7,96.5,0,True,0.0,
3HBUdn,89,51,Winner_2022,86.2,95.7,0,True,0.0,
3HBUdn,89,52,Winner_2022,85.7,94.4,0,True,0.0,
3HBUdn,89,53,Winner_2022,85.2,92.6,0,True,0.0,
3HBUdn,89,54,Winner_2022,84.7,90.3,0,True,0.0,
3HBUdn,89,55,Winner_2022,84.2,87.6,0,True,0.0,
3HBUdn,89,56,Winner_2022,83.7,84.7,0,True,0.0,
3HBUdn,89,57,Winner_2022,83.3,81.6,0,True,0.0,
3HBUdn,89,58,Winner_2022,82.8,78.3,0,True,0.0,
3HBUdn,89,59,Winner_2022,82.3,74.9,1,True,0.0,
3HBUdn,89,60,Winner_2022,81.8,71.9,0,True,0.0,
3HBUdn,89,61,Winner_2022,81.3,68.7,0,True,0.0,
3HBUdn,89,62,Winner_2022,80.8,65.3,1,True,0.0,
3HBUdn,89,63,Winner_2022,80.3,62.3,0,True,0.0,
3HBUdn,89,64,Winner_2022,79.8,59.1,1,True,0.0,
3HBUdn,89,65,Winner_2022,79.3,56.1,3,True,0.0,
3HBUdn,89,66,Winner_2022,78.8,53.9,1,True,0.0,
3HBUdn,89,67,Winner_2022,78.3,51.8,3,True,0.0,
3HBUdn,89,68,Winner_2022,77.8,50.3,1,True,0.0,
3HBUdn,89,69,Winner_2022,77.3,48.9,3,True,0.0,
3HBUdn,89,70,Winner_2022,76.8,48.0,1,True,0.0,
3HBUdn,89,71,Winner_2022,76.3,47.1,0,True,0.0,
3HBUdn,89,72,Winner_2022,75.8,46.0,0,True,0.0,
3HBUdn,89,73,Winner_2022,75.3,44.7,1,True,0.0,
3HBUdn,89,74,Winner_2022,74.8,43.4,0,True,0.0,
3HBUdn,89,75,Winner_2022,74.3,41.9,1,True,0.0,
3HBUdn,89,76,Winner_2022,73.8,40.4,1,True,0.0,
3HBUdn,89,77,Winner_2022,73.3,39.0,2,True,0.0,
3HBUdn,89,78,Winner_2022,72.8,37.7,1,True,0.0,
3HBUdn,89,79,Winner_2022,72.3,36.5,1,True,0.0,
3HBUdn,89,80,Winner_2022,71.8,35.3,1,True,0.0,
3HBUdn,89,81,Winner_2022,71.3,34.1,1,True,0.0,
3HBUdn,89,82,Winner_2022,70.8,33.0,4,True,0.0,
3HBUdn,89,83,Winner_2022,70.3,32.2,2,True,0.0,
3HBUdn,89,84,Winner_2022,69.8,31.5,1,True,0.0,
3HBUdn,89,85,Winner_2022,69.3,30.8,2,True,0.0,
3HBUdn,89,86,Winner_2022,68.8,30.2,0,True,0.0,
3HBUdn,89,87,Winner_2022,68.3,29.5,0,True,0.0,
3HBUdn,89,88,Winner_2022,67.8,28.6,0,True,0.0,
3HBUdn,89,89,Winner_2022,67.3,27.8,1,True,0.0,
3HBUdn,89,90,Winner_2022,66.8,26.9,1,True,0.0,
3HBUdn,89,91,Winner_2022,66.3,26.1,1,True,0.0,
3HBUdn,89,92,Winner_2022,65.8,25.3,0,True,0.0,
3HBUdn,89,93,Winner_2022,65.3,24.4,2,True,0.0,
3HBUdn,89,94,Winner_2022,64.8,23.7,2,True,0.0,
3HBUdn,89,95,Winner_2022,64.3,23.1,2,True,0.0,
3HBUdn,89,96,Winner_2022,63.8,22.6,1,True,0.0,
3HBUdn,89,97,Winner_2022,63.3,22.1,1,True,0.0,
3HBUdn,89,98,Winner_2022,62.8,21.6,2,True,0.0,
3HBUdn,89,99,Winner_2022,62.3,21.2,1,True,0.0,
3HBUdn,89,100,Winner_2022,61.8,20.9,4,True,0.0,
3HBUdn,90,1,Winner_2022,76.8,72.0,1,True,0.0,
3HBUdn,90,2,Winner_2022,76.3,82.7,0,True,0.0,
3HBUdn,90,3,Winner_2022,75.8,80.0,0,True,0.0,
3HBUdn,90,4,Winner_2022,76.3,74.1,0,True,0.0,
3HBUdn,90,5,Winner_2022,76.8,66.4,1,True,0.0,
3HBUdn,90,6,Winner_2022,77.3,63.0,1,True,0.0,
3HBUdn,90,7,Winner_2022,77.8,63.1,0,True,0.0,
3HBUdn,90,8,Winner_2022,78.3,61.2,0,True,0.0,
3HBUdn,90,9,Winner_2022,78.8,58.0,1,True,0.0,
3HBUdn,90,10,Winner_2022,79.3,56.6,0,True,0.0,
3HBUdn,90,11,Winner_2022,79.8,54.5,1,True,0.0,
3HBUdn,90,12,Winner_2022,80.3,53.8,0,True,0.0,
3HBUdn,90,13,Winner_2022,80.8,51.8,0,True,0.0,
3HBUdn,90,14,Winner_2022,81.3,49.2,1,True,0.0,
3HBUdn,90,15,Winner_2022,81.8,47.2,2,True,0.0,
3HBUdn,90,16,Winner_2022,82.3,47.1,1,True,0.0,
3HBUdn,90,17,Winner_2022,82.8,47.4,2,True,0.0,
3HBUdn,90,18,Winner_2022,83.3,49.2,1,True,0.0,
3HBUdn,90,19,Winner_2022,83.8,51.6,1,True,0.0,
3HBUdn,90,20,Winner_2022,84.3,54.5,1,True,0.0,
3HBUdn,90,21,Winner_2022,84.8,58.1,1,True,0.0,
3HBUdn,90,22,Winner_2022,85.3,62.2,2,True,0.0,
3HBUdn,90,23,Winner_2022,85.8,68.1,1,True,0.0,
3HBUdn,90,24,Winner_2022,86.3,74.4,1,True,0.0,
3HBUdn,90,25,Winner_2022,86.8,81.5,0,True,0.0,
3HBUdn,90,26,Winner_2022,87.3,88.5,0,True,0.0,
3HBUdn,90,27,Winner_2022,86.8,95.1,0,True,0.0,
3HBUdn,90,28,Winner_2022,86.3,100.0,0,True,0.0,
3HBUdn,90,29,Winner_2022,85.8,100.0,0,True,0.0,
3HBUdn,90,30,Winner_2022,85.3,100.0,0,True,0.0,
3HBUdn,90,31,Winner_2022,84.8,100.0,0,True,0.0,
3HBUdn,90,32,Winner_2022,84.3,100.0,0,True,0.0,
3HBUdn,90,33,Winner_2022,83.8,100.0,0,True,0.0,
3HBUdn,90,34,Winner_2022,83.3,100.0,0,True,0.0,
3HBUdn,90,35,Winner_2022,82.8,100.0,0,True,0.0,
3HBUdn,90,36,Winner_2022,82.3,100.0,0,True,0.0,
3HBUdn,90,37,Winner_2022,81.8,99.8,0,True,0.0,
3HBUdn,90,38,Winner_2022,81.3,99.0,0,True,0.0,
3HBUdn,90,39,Winner_2022,80.8,97.8,0,True,0.0,
3HBUdn,90,40,Winner_2022,80.3,96.3,0,True,0.0,
3HBUdn,90,41,Winner_2022,79.8,94.3,0,True,0.0,
3HBUdn,90,42,Winner_2022,79.3,92.0,0,True,0.0,
3HBUdn,90,43,Winner_2022,78.8,89.4,0,True,0.0,
3HBUdn,90,44,Winner_2022,78.3,86.5,0,True,0.0,
3HBUdn,90,45,Winner_2022,77.8,83.4,0,True,0.0,
3HBUdn,90,46,Winner_2022,77.3,80.1,1,True,0.0,
3HBUdn,90,47,Winner_2022,76.8,77.3,1,True,0.0,
3HBUdn,90,48,Winner_2022,76.6,75.1,0,True,0.0,
3HBUdn,90,49,Winner_2022,76.1,72.7,2,True,0.0,
3HBUdn,90,50,Winner_2022,75.6,71.2,2,True,0.0,
3HBUdn,90,51,Winner_2022,75.1,70.6,1,True,0.0,
3HBUdn,90,52,Winner_2022,74.6,70.1,1,True,0.0,
3HBUdn,90,53,Winner_2022,74.1,69.8,1,True,0.0,
3HBUdn,90,54,Winner_2022,73.6,69.6,1,True,0.0,
3HBUdn,90,55,Winner_2022,73.1,69.4,2,True,0.0,
3HBUdn,90,56,Winner_2022,72.6,69.8,0,True,0.0,
3HBUdn,90,57,Winner_2022,72.1,70.0,1,True,0.0,
3HBUdn,90,58,Winner_2022,71.6,70.4,0,True,0.0,
3HBUdn,90,59,Winner_2022,71.1,70.4,2,True,0.0,
3HBUdn,90,60,Winner_2022,70.8,71.0,0,True,0.0,
3HBUdn,90,61,Winner_2022,70.6,71.2,0,True,0.0,
3HBUdn,90,62,Winner_2022,70.3,71.1,0,True,0.0,
3HBUdn,90,63,Winner_2022,70.0,70.6,0,True,0.0,
3HBUdn,90,64,Winner_2022,69.6,69.7,1,True,0.0,
3HBUdn,90,65,Winner_2022,69.6,68.8,0,True,0.0,
3HBUdn,90,66,Winner_2022,69.2,67.6,0,True,0.0,
3HBUdn,90,67,Winner_2022,68.7,65.9,1,True,0.0,
3HBUdn,90,68,Winner_2022,68.2,64.3,3,True,0.0,
3HBUdn,90,69,Winner_2022,67.7,63.4,0,True,0.0,
3HBUdn,90,70,Winner_2022,67.2,62.3,1,True,0.0,
3HBUdn,90,71,Winner_2022,66.7,61.1,0,True,0.0,
3HBUdn,90,72,Winner_2022,66.2,59.7,0,True,0.0,
3HBUdn,90,73,Winner_2022,65.7,58.0,0,True,0.0,
3HBUdn,90,74,Winner_2022,65.2,56.1,1,True,0.0,
3HBUdn,90,75,Winner_2022,64.7,54.1,2,True,0.0,
3HBUdn,90,76,Winner_2022,64.2,52.4,2,True,0.0,
3HBUdn,90,77,Winner_2022,63.7,51.0,0,True,0.0,
3HBUdn,90,78,Winner_2022,63.2,49.3,2,True,0.0,
3HBUdn,90,79,Winner_2022,62.7,47.9,2,True,0.0,
3HBUdn,90,80,Winner_2022,62.2,46.7,1,True,0.0,
3HBUdn,90,81,Winner_2022,61.7,45.5,1,True,0.0,
3HBUdn,90,82,Winner_2022,61.2,44.2,2,True,0.0,
3HBUdn,90,83,Winner_2022,60.7,43.2,0,True,0.0,
3HBUdn,90,84,Winner_2022,60.2,42.0,1,True,0.0,
3HBUdn,90,85,Winner_2022,59.7,40.8,0,True,0.0,
3HBUdn,90,86,Winner_2022,59.2,39.4,0,True,0.0,
3HBUdn,90,87,Winner_2022,58.7,38.0,2,True,0.0,
3HBUdn,90,88,Winner_2022,58.2,36.7,2,True,0.0,
3HBUdn,90,89,Winner_2022,57.7,35.6,2,True,0.0,
3HBUdn,90,90,Winner_2022,57.2,34.6,2,True,0.0,
3HBUdn,90,91,Winner_2022,56.7,33.7,0,True,0.0,
3HBUdn,90,92,Winner_2022,56.2,32.8,2,True,0.0,
3HBUdn,90,93,Winner_2022,55.7,32.0,4,True,0.0,
3HBUdn,90,94,Winner_2022,55.2,31.5,1,True,0.0,
3HBUdn,90,95,Winner_2022,54.7,31.0,3,True,0.0,
3HBUdn,90,96,Winner_2022,54.2,30.7,2,True,0.0,
3HBUdn,90,97,Winner_2022,53.7,30.5,0,True,0.0,
3HBUdn,90,98,Winner_2022,53.2,30.2,2,True,0.0,
3HBUdn,90,99,Winner_2022,52.7,30.1,1,True,0.0,
3HBUdn,90,100,Winner_2022,52.2,30.0,0,True,0.0,
3HBUdn,91,1,Winner_2022,76.0,35.0,0,True,0.0,
3HBUdn,91,2,Winner_2022,75.5,28.0,0,True,0.0,
3HBUdn,91,3,Winner_2022,75.0,22.4,1,True,0.0,
3HBUdn,91,4,Winner_2022,74.5,20.8,0,True,0.0,
3HBUdn,91,5,Winner_2022,74.0,18.6,0,True,0.0,
3HBUdn,91,6,Winner_2022,73.5,16.3,2,True,0.0,
3HBUdn,91,7,Winner_2022,73.0,16.3,2,True,0.0,
3HBUdn,91,8,Winner_2022,72.5,17.7,0,True,0.0,
3HBUdn,91,9,Winner_2022,72.0,18.5,2,True,0.0,
3HBUdn,91,10,Winner_2022,71.5,20.5,3,True,0.0,
3HBUdn,91,11,Winner_2022,71.0,24.6,0,True,0.0,
3HBUdn,91,12,Winner_2022,70.5,28.8,1,True,0.0,
3HBUdn,91,13,Winner_2022,70.0,33.4,1,True,0.0,
3HBUdn,91,14,Winner_2022,69.5,38.7,0,True,0.0,
3HBUdn,91,15,Winner_2022,69.0,43.4,0,True,0.0,
3HBUdn,91,16,Winner_2022,68.5,47.6,0,True,0.0,
3HBUdn,91,17,Winner_2022,68.0,51.1,1,True,0.0,
3HBUdn,91,18,Winner_2022,67.5,55.2,0,True,0.0,
3HBUdn,91,19,Winner_2022,67.0,59.1,0,True,0.0,
3HBUdn,91,20,Winner_2022,66.5,62.4,1,True,0.0,
3HBUdn,91,21,Winner_2022,66.0,66.5,2,True,0.0,
3HBUdn,91,22,Winner_2022,65.8,72.4,0,True,0.0,
3HBUdn,91,23,Winner_2022,65.3,78.1,0,True,0.0,
3HBUdn,91,24,Winner_2022,65.8,82.7,0,True,0.0,
3HBUdn,91,25,Winner_2022,66.3,86.8,0,True,0.0,
3HBUdn,91,26,Winner_2022,66.8,90.3,0,True,0.0,
3HBUdn,91,27,Winner_2022,67.3,93.1,0,True,0.0,
3HBUdn,91,28,Winner_2022,67.8,95.1,0,True,0.0,
3HBUdn,91,29,Winner_2022,68.3,96.2,0,True,0.0,
3HBUdn,91,30,Winner_2022,68.8,96.6,0,True,0.0,
3HBUdn,91,31,Winner_2022,69.3,96.2,0,True,0.0,
3HBUdn,91,32,Winner_2022,69.8,95.5,0,True,0.0,
3HBUdn,91,33,Winner_2022,70.3,94.2,0,True,0.0,
3HBUdn,91,34,Winner_2022,70.8,92.4,0,True,0.0,
3HBUdn,91,35,Winner_2022,71.3,90.1,0,True,0.0,
3HBUdn,91,36,Winner_2022,71.8,87.5,0,True,0.0,
3HBUdn,91,37,Winner_2022,72.3,84.5,0,True,0.0,
3HBUdn,91,38,Winner_2022,72.8,81.3,0,True,0.0,
3HBUdn,91,39,Winner_2022,73.3,77.9,1,True,0.0,
3HBUdn,91,40,Winner_2022,73.8,75.2,0,True,0.0,
3HBUdn,91,41,Winner_2022,74.3,72.3,0,True,0.0,
3HBUdn,91,42,Winner_2022,74.8,69.1,3,True,0.0,
3HBUdn,91,43,Winner_2022,75.3,67.8,1,True,0.0,
3HBUdn,91,44,Winner_2022,75.8,66.8,0,True,0.0,
3HBUdn,91,45,Winner_2022,76.3,65.6,0,True,0.0,
3HBUdn,91,46,Winner_2022,76.8,64.1,1,True,0.0,
3HBUdn,91,47,Winner_2022,77.3,62.9,1,True,0.0,
3HBUdn,91,48,Winner_2022,77.8,62.1,4,True,0.0,
3HBUdn,91,49,Winner_2022,78.3,63.2,0,True,0.0,
3HBUdn,91,50,Winner_2022,78.8,63.8,2,True,0.0,
3HBUdn,91,51,Winner_2022,79.3,65.2,0,True,0.0,
3HBUdn,91,52,Winner_2022,79.8,66.3,1,True,0.0,
3HBUdn,91,53,Winner_2022,80.3,67.4,1,True,0.0,
3HBUdn,91,54,Winner_2022,80.8,68.6,2,True,0.0,
3HBUdn,91,55,Winner_2022,81.3,70.3,0,True,0.0,
3HBUdn,91,56,Winner_2022,81.8,71.6,0,True,0.0,
3HBUdn,91,57,Winner_2022,82.3,72.8,1,True,0.0,
3HBUdn,91,58,Winner_2022,82.8,74.1,1,True,0.0,
3HBUdn,91,59,Winner_2022,83.3,75.5,1,True,0.0,
3HBUdn,91,60,Winner_2022,83.8,77.1,2,True,0.0,
3HBUdn,91,61,Winner_2022,84.3,79.2,0,True,0.0,
3HBUdn,91,62,Winner_2022,84.8,80.8,1,True,0.0,
3HBUdn,91,63,Winner_2022,85.3,82.6,0,True,0.0,
3HBUdn,91,64,Winner_2022,85.8,83.8,0,True,0.0,
3HBUdn,91,65,Winner_2022,86.3,84.5,0,True,0.0,
3HBUdn,91,66,Winner_2022,86.8,84.7,0,True,0.0,
3HBUdn,91,67,Winner_2022,87.3,84.4,0,True,0.0,
3HBUdn,91,68,Winner_2022,87.8,83.6,0,True,0.0,
3HBUdn,91,69,Winner_2022,88.3,82.4,0,True,0.0,
3HBUdn,91,70,Winner_2022,88.8,80.9,0,True,0.0,
3HBUdn,91,71,Winner_2022,89.3,79.0,0,True,0.0,
3HBUdn,91,72,Winner_2022,88.8,76.8,1,True,0.0,
3HBUdn,91,73,Winner_2022,88.3,74.7,0,True,0.0,
3HBUdn,91,74,Winner_2022,87.8,72.2,0,True,0.0,
3HBUdn,91,75,Winner_2022,87.3,69.4,1,True,0.0,
3HBUdn,91,76,Winner_2022,86.8,66.7,0,True,0.0,
3HBUdn,91,77,Winner_2022,86.3,63.8,3,True,0.0,
3HBUdn,91,78,Winner_2022,85.8,61.5,1,True,0.0,
3HBUdn,91,79,Winner_2022,85.3,59.3,0,True,0.0,
3HBUdn,91,80,Winner_2022,84.8,56.9,3,True,0.0,
3HBUdn,91,81,Winner_2022,84.3,55.0,1,True,0.0,
3HBUdn,91,82,Winner_2022,83.8,53.2,0,True,0.0,
3HBUdn,91,83,Winner_2022,83.3,51.2,0,True,0.0,
3HBUdn,91,84,Winner_2022,82.8,49.1,1,True,0.0,
3HBUdn,91,85,Winner_2022,82.3,47.1,3,True,0.0,
3HBUdn,91,86,Winner_2022,81.8,45.4,1,True,0.0,
3HBUdn,91,87,Winner_2022,81.3,43.8,3,True,0.0,
3HBUdn,91,88,Winner_2022,80.8,42.4,0,True,0.006,
3HBUdn,91,89,Winner_2022,80.3,41.0,1,True,0.0,
3HBUdn,91,90,Winner_2022,79.8,39.6,0,True,0.0,
3HBUdn,91,91,Winner_2022,79.3,38.1,2,True,0.0,
3HBUdn,91,92,Winner_2022,78.8,36.9,2,True,0.0,
3HBUdn,91,93,Winner_2022,78.3,35.8,2,True,0.0,
3HBUdn,91,94,Winner_2022,77.8,34.8,4,True,0.0,
3HBUdn,91,95,Winner_2022,77.3,34.2,0,True,0.0,
3HBUdn,91,96,Winner_2022,76.8,33.5,0,True,0.0,
3HBUdn,91,97,Winner_2022,76.3,32.8,2,True,0.0,
3HBUdn,91,98,Winner_2022,75.8,32.1,1,True,0.0,
3HBUdn,91,99,Winner_2022,75.3,31.6,1,True,0.0,
3HBUdn,91,100,Winner_2022,74.8,31.0,3,True,0.0,
3HBUdn,92,1,Winner_2022,74.9,72.0,0,True,0.0,
3HBUdn,92,2,Winner_2022,74.4,57.6,1,True,0.0,
3HBUdn,92,3,Winner_2022,73.9,55.7,1,True,0.0,
3HBUdn,92,4,Winner_2022,73.4,58.7,0,True,0.0,
3HBUdn,92,5,Winner_2022,72.9,58.2,1,True,0.0,
3HBUdn,92,6,Winner_2022,72.4,59.6,2,True,0.0,
3HBUdn,92,7,Winner_2022,71.9,67.6,1,True,0.0,
3HBUdn,92,8,Winner_2022,71.4,77.1,0,True,0.0,
3HBUdn,92,9,Winner_2022,70.9,84.5,0,True,0.0,
3HBUdn,92,10,Winner_2022,71.4,89.9,0,True,0.0,
3HBUdn,92,11,Winner_2022,71.9,93.9,0,True,0.0,
3HBUdn,92,12,Winner_2022,72.4,96.1,0,True,0.0,
3HBUdn,92,13,Winner_2022,72.9,95.7,0,True,0.0,
3HBUdn,92,14,Winner_2022,73.4,93.7,0,True,0.0,
3HBUdn,92,15,Winner_2022,73.9,90.0,0,True,0.0,
3HBUdn,92,16,Winner_2022,74.4,85.4,0,True,0.0,
3HBUdn,92,17,Winner_2022,74.9,80.0,0,True,0.0,
3HBUdn,92,18,Winner_2022,75.4,74.4,1,True,0.0,
3HBUdn,92,19,Winner_2022,75.9,70.3,0,True,0.0,
3HBUdn,92,20,Winner_2022,76.4,65.9,0,True,0.0,
3HBUdn,92,21,Winner_2022,76.9,61.5,3,True,0.0,
3HBUdn,92,22,Winner_2022,77.4,60.3,1,True,0.0,
3HBUdn,92,23,Winner_2022,77.9,59.8,0,True,0.0,
3HBUdn,92,24,Winner_2022,78.4,58.5,4,True,0.0,
3HBUdn,92,25,Winner_2022,78.9,60.4,1,True,0.0,
3HBUdn,92,26,Winner_2022,79.4,62.9,2,True,0.0,
3HBUdn,92,27,Winner_2022,79.9,66.7,0,True,0.0,
3HBUdn,92,28,Winner_2022,80.4,69.9,2,True,0.0,
3HBUdn,92,29,Winner_2022,80.9,74.5,0,True,0.0,
3HBUdn,92,30,Winner_2022,81.4,78.5,0,True,0.0,
3HBUdn,92,31,Winner_2022,81.9,82.1,0,True,0.0,
3HBUdn,92,32,Winner_2022,82.0,85.4,0,True,0.0,
3HBUdn,92,33,Winner_2022,82.5,88.2,0,True,0.0,
3HBUdn,92,34,Winner_2022,83.0,90.6,0,True,0.0,
3HBUdn,92,35,Winner_2022,83.5,92.3,0,True,0.0,
3HBUdn,92,36,Winner_2022,84.0,93.5,0,True,0.0,
3HBUdn,92,37,Winner_2022,84.5,94.3,0,True,0.0,
3HBUdn,92,38,Winner_2022,85.0,94.5,0,True,0.0,
3HBUdn,92,39,Winner_2022,85.5,94.3,0,True,0.0,
3HBUdn,92,40,Winner_2022,86.0,93.8,0,True,0.0,
3HBUdn,92,41,Winner_2022,86.5,92.8,0,True,0.0,
3HBUdn,92,42,Winner_2022,87.0,91.3,0,True,0.0,
3HBUdn,92,43,Winner_2022,87.5,89.6,0,True,0.0,
3HBUdn,92,44,Winner_2022,88.0,87.5,0,True,0.0,
3HBUdn,92,45,Winner_2022,88.3,85.1,0,True,0.0,
3HBUdn,92,46,Winner_2022,88.8,82.4,0,True,0.0,
3HBUdn,92,47,Winner_2022,89.3,79.6,0,True,0.0,
3HBUdn,92,48,Winner_2022,89.8,76.6,0,True,0.0,
3HBUdn,92,49,Winner_2022,90.3,73.6,3,True,0.0,
3HBUdn,92,50,Winner_2022,90.8,72.1,3,True,0.0,
3HBUdn,92,51,Winner_2022,91.3,72.0,0,True,0.0,
3HBUdn,92,52,Winner_2022,91.8,71.5,1,True,0.0,
3HBUdn,92,53,Winner_2022,92.3,71.2,2,True,0.0,
3HBUdn,92,54,Winner_2022,92.8,71.4,1,True,0.0,
3HBUdn,92,55,Winner_2022,92.3,71.8,0,True,0.0,
3HBUdn,92,56,Winner_2022,91.8,71.7,2,True,0.0,
3HBUdn,92,57,Winner_2022,91.3,72.4,0,True,0.0,
3HBUdn,92,58,Winner_2022,90.8,72.8,1,True,0.0,
3HBUdn,92,59,Winner_2022,90.3,73.3,0,True,0.0,
3HBUdn,92,60,Winner_2022,89.8,73.4,2,True,0.0,
3HBUdn,92,61,Winner_2022,89.3,74.1,0,True,0.0,
3HBUdn,92,62,Winner_2022,88.8,74.4,0,True,0.0,
3HBUdn,92,63,Winner_2022,88.3,74.3,3,True,0.0,
3HBUdn,92,64,Winner_2022,87.8,75.0,1,True,0.0,
3HBUdn,92,65,Winner_2022,87.3,75.6,0,True,0.0,
3HBUdn,92,66,Winner_2022,86.8,75.8,0,True,0.0,
3HBUdn,92,67,Winner_2022,86.3,75.5,0,True,0.0,
3HBUdn,92,68,Winner_2022,85.8,74.8,0,True,0.0,
3HBUdn,92,69,Winner_2022,85.3,73.7,1,True,0.0,
3HBUdn,92,70,Winner_2022,84.8,72.7,1,True,0.0,
3HBUdn,92,71,Winner_2022,84.3,71.7,2,True,0.0,
3HBUdn,92,72,Winner_2022,83.8,71.0,1,True,0.0,
3HBUdn,92,73,Winner_2022,83.3,70.2,0,True,0.0,
3HBUdn,92,74,Winner_2022,82.8,69.0,0,True,0.0,
3HBUdn,92,75,Winner_2022,82.3,67.5,0,True,0.0,
3HBUdn,92,76,Winner_2022,81.8,65.6,3,True,0.0,
3HBUdn,92,77,Winner_2022,81.3,64.3,0,True,0.0,
3HBUdn,92,78,Winner_2022,80.8,62.7,1,True,0.0,
3HBUdn,92,79,Winner_2022,80.3,61.1,1,True,0.0,
3HBUdn,92,80,Winner_2022,79.8,59.6,1,True,0.0,
3HBUdn,92,81,Winner_2022,79.3,58.0,2,True,0.0,
3HBUdn,92,82,Winner_2022,78.8,56.7,0,True,0.0,
3HBUdn,92,83,Winner_2022,78.3,55.1,1,True,0.0,
3HBUdn,92,84,Winner_2022,77.8,53.6,0,True,0.0,
3HBUdn,92,85,Winner_2022,77.3,51.9,3,True,0.0,
3HBUdn,92,86,Winner_2022,76.8,50.5,2,True,0.0,
3HBUdn,92,87,Winner_2022,76.3,49.3,1,True,0.0,
3HBUdn,92,88,Winner_2022,75.8,48.0,2,True,0.0,
3HBUdn,92,89,Winner_2022,75.3,47.0,3,True,0.0,
3HBUdn,92,90,Winner_2022,74.8,46.2,1,True,0.0,
3HBUdn,92,91,Winner_2022,74.3,45.4,1,True,0.0,
3HBUdn,92,92,Winner_2022,73.8,44.7,1,True,0.0,
3HBUdn,92,93,Winner_2022,73.3,43.9,0,True,0.0,
3HBUdn,92,94,Winner_2022,72.8,43.1,3,True,0.0,
3HBUdn,92,95,Winner_2022,72.3,42.6,1,True,0.0,
3HBUdn,92,96,Winner_2022,71.8,42.1,1,True,0.0,
3HBUdn,92,97,Winner_2022,71.3,41.6,1,True,0.0,
3HBUdn,92,98,Winner_2022,70.8,41.1,1,True,0.0,
3HBUdn,92,99,Winner_2022,70.3,40.7,2,True,0.0,
3HBUdn,92,100,Winner_2022,69.8,40.4,1,True,0.0,
3HBUdn,93,1,Winner_2022,79.0,68.0,4,True,0.0,
3HBUdn,93,2,Winner_2022,78.5,81.6,0,True,0.0,
3HBUdn,93,3,Winner_2022,79.0,97.9,0,True,0.0,
3HBUdn,93,4,Winner_2022,79.5,100.0,0,True,0.0,
3HBUdn,93,5,Winner_2022,80.0,100.0,0,True,0.0,
3HBUdn,93,6,Winner_2022,80.5,100.0,0,True,0.0,
3HBUdn,93,7,Winner_2022,81.0,100.0,0,True,0.0,
3HBUdn,93,8,Winner_2022,81.5,100.0,0,True,0.0,
3HBUdn,93,9,Winner_2022,82.0,99.7,0,True,0.0,
3HBUdn,93,10,Winner_2022,82.5,97.3,0,True,0.0,
3HBUdn,93,11,Winner_2022,83.0,93.7,0,True,0.0,
3HBUdn,93,12,Winner_2022,83.5,88.9,0,True,0.0,
3HBUdn,93,13,Winner_2022,84.0,82.8,0,True,0.0,
3HBUdn,93,14,Winner_2022,84.5,76.1,1,True,0.0,
3HBUdn,93,15,Winner_2022,85.0,71.1,0,True,0.0,
3HBUdn,93,16,Winner_2022,85.5,65.6,2,True,0.0,
3HBUdn,93,17,Winner_2022,86.0,63.0,1,True,0.0,
3HBUdn,93,18,Winner_2022,86.5,61.3,1,True,0.0,
3HBUdn,93,19,Winner_2022,87.0,60.5,0,True,0.0,
3HBUdn,93,20,Winner_2022,87.5,59.1,2,True,0.0,
3HBUdn,93,21,Winner_2022,88.0,59.6,1,True,0.0,
3HBUdn,93,22,Winner_2022,88.5,60.6,5,True,0.0,
3HBUdn,93,23,Winner_2022,89.0,66.4,3,True,0.0,
3HBUdn,93,24,Winner_2022,89.5,74.6,0,True,0.0,
3HBUdn,93,25,Winner_2022,90.0,83.0,0,True,0.0,
3HBUdn,93,26,Winner_2022,90.5,91.4,0,True,0.0,
3HBUdn,93,27,Winner_2022,90.0,99.5,0,True,0.0,
3HBUdn,93,28,Winner_2022,89.5,100.0,0,True,0.0,
3HBUdn,93,29,Winner_2022,89.0,100.0,0,True,0.0,
3HBUdn,93,30,Winner_2022,88.5,100.0,0,True,0.0,
3HBUdn,93,31,Winner_2022,88.0,100.0,0,True,0.0,
3HBUdn,93,32,Winner_2022,87.5,100.0,0,True,0.0,
3HBUdn,93,33,Winner_2022,87.0,100.0,0,True,0.0,
3HBUdn,93,34,Winner_2022,86.5,100.0,0,True,0.0,
3HBUdn,93,35,Winner_2022,86.0,100.0,0,True,0.0,
3HBUdn,93,36,Winner_2022,85.5,100.0,0,True,0.0,
3HBUdn,93,37,Winner_2022,85.0,100.0,0,True,0.0,
3HBUdn,93,38,Winner_2022,84.5,100.0,0,True,0.0,
3HBUdn,93,39,Winner_2022,84.0,99.8,0,True,0.0,
3HBUdn,93,40,Winner_2022,83.5,99.2,0,True,0.0,
3HBUdn,93,41,Winner_2022,83.0,98.2,0,True,0.0,
3HBUdn,93,42,Winner_2022,82.5,96.6,0,True,0.0,
3HBUdn,93,43,Winner_2022,82.0,94.8,0,True,0.0,
3HBUdn,93,44,Winner_2022,81.5,92.6,0,True,0.0,
3HBUdn,93,45,Winner_2022,81.0,90.0,0,True,0.0,
3HBUdn,93,46,Winner_2022,80.5,87.2,0,True,0.0,
3HBUdn,93,47,Winner_2022,80.0,84.2,0,True,0.0,
3HBUdn,93,48,Winner_2022,79.5,81.1,1,True,0.0,
3HBUdn,93,49,Winner_2022,79.0,78.5,0,True,0.0,
3HBUdn,93,50,Winner_2022,78.8,75.7,0,True,0.0,
3HBUdn,93,51,Winner_2022,78.3,72.7,0,True,0.0,
3HBUdn,93,52,Winner_2022,77.8,69.5,0,True,0.0,
3HBUdn,93,53,Winner_2022,77.3,66.2,3,True,0.0,
3HBUdn,93,54,Winner_2022,76.8,64.1,0,True,0.0,
3HBUdn,93,55,Winner_2022,76.3,61.7,2,True,0.0,
3HBUdn,93,56,Winner_2022,75.8,60.1,2,True,0.0,
3HBUdn,93,57,Winner_2022,75.3,59.0,0,True,0.0,
3HBUdn,93,58,Winner_2022,74.8,57.9,0,True,0.0,
3HBUdn,93,59,Winner_2022,74.3,56.4,2,True,0.0,
3HBUdn,93,60,Winner_2022,73.8,55.5,1,True,0.0,
3HBUdn,93,61,Winner_2022,73.3,54.7,3,True,0.0,
3HBUdn,93,62,Winner_2022,72.8,54.6,0,True,0.0,
3HBUdn,93,63,Winner_2022,72.3,54.2,0,True,0.0,
3HBUdn,93,64,Winner_2022,71.8,53.5,1,True,0.0,
3HBUdn,93,65,Winner_2022,71.3,52.8,0,True,0.0,
3HBUdn,93,66,Winner_2022,70.8,51.9,0,True,0.0,
3HBUdn,93,67,Winner_2022,70.3,50.6,0,True,0.0,
3HBUdn,93,68,Winner_2022,69.8,49.2,0,True,0.0,
3HBUdn,93,69,Winner_2022,69.3,47.5,2,True,0.0,
3HBUdn,93,70,Winner_2022,68.8,46.2,1,True,0.0,
3HBUdn,93,71,Winner_2022,68.3,44.9,0,True,0.0,
3HBUdn,93,72,Winner_2022,67.8,43.5,4,True,0.0,
3HBUdn,93,73,Winner_2022,67.3,42.6,0,True,0.0,
3HBUdn,93,74,Winner_2022,66.8,41.6,2,True,0.0,
3HBUdn,93,75,Winner_2022,66.3,40.6,0,True,0.0,
3HBUdn,93,76,Winner_2022,65.8,39.5,1,True,0.0,
3HBUdn,93,77,Winner_2022,65.3,38.4,1,True,0.0,
3HBUdn,93,78,Winner_2022,64.8,37.3,2,True,0.0,
3HBUdn,93,79,Winner_2022,64.3,36.4,1,True,0.0,
3HBUdn,93,80,Winner_2022,63.8,35.5,3,True,0.0,
3HBUdn,93,81,Winner_2022,63.3,34.8,1,True,0.0,
3HBUdn,93,82,Winner_2022,62.8,34.1,1,True,0.0,
3HBUdn,93,83,Winner_2022,62.3,33.4,1,True,0.0,
3HBUdn,93,84,Winner_2022,61.8,32.7,2,True,0.0,
3HBUdn,93,85,Winner_2022,61.3,32.0,2,True,0.0,
3HBUdn,93,86,Winner_2022,60.8,31.5,0,True,0.0,
3HBUdn,93,87,Winner_2022,60.3,30.8,1,True,0.0,
3HBUdn,93,88,Winner_2022,59.8,30.1,0,True,0.0,
3HBUdn,93,89,Winner_2022,59.3,29.4,2,True,0.0,
3HBUdn,93,90,Winner_2022,58.8,28.7,1,True,0.0,
3HBUdn,93,91,Winner_2022,58.3,28.1,4,True,0.0,
3HBUdn,93,92,Winner_2022,57.8,27.7,1,True,0.0,
3HBUdn,93,93,Winner_2022,57.3,27.3,2,True,0.0,
3HBUdn,93,94,Winner_2022,56.8,27.0,2,True,0.0,
3HBUdn,93,95,Winner_2022,56.3,26.8,0,True,0.0,
3HBUdn,93,96,Winner_2022,55.8,26.6,1,True,0.0,
3HBUdn,93,97,Winner_2022,55.3,26.3,0,True,0.0,
3HBUdn,93,98,Winner_2022,54.8,26.0,2,True,0.0,
3HBUdn,93,99,Winner_2022,54.3,25.8,0,True,0.0,
3HBUdn,93,100,Winner_2022,53.8,25.6,2,True,0.0,
3HBUdn,94,1,Winner_2022,78.0,81.0,0,True,0.0,
3HBUdn,94,2,Winner_2022,77.5,64.8,1,True,0.0,
3HBUdn,94,3,Winner_2022,77.0,62.6,1,True,0.0,
3HBUdn,94,4,Winner_2022,76.5,66.0,0,True,0.0,
3HBUdn,94,5,Winner_2022,77.0,65.5,2,True,0.0,
3HBUdn,94,6,Winner_2022,77.5,71.9,1,True,0.0,
3HBUdn,94,7,Winner_2022,78.0,81.6,0,True,0.0,
3HBUdn,94,8,Winner_2022,78.5,88.4,0,True,0.0,
3HBUdn,94,9,Winner_2022,79.0,92.5,0,True,0.0,
3HBUdn,94,10,Winner_2022,79.5,94.4,0,True,0.0,
3HBUdn,94,11,Winner_2022,80.0,94.7,0,True,0.0,
3HBUdn,94,12,Winner_2022,80.5,93.4,0,True,0.0,
3HBUdn,94,13,Winner_2022,81.0,90.0,0,True,0.0,
3HBUdn,94,14,Winner_2022,81.5,85.4,0,True,0.0,
3HBUdn,94,15,Winner_2022,82.0,79.8,1,True,0.0,
3HBUdn,94,16,Winner_2022,82.5,75.7,0,True,0.0,
3HBUdn,94,17,Winner_2022,83.0,70.9,1,True,0.0,
3HBUdn,94,18,Winner_2022,83.5,67.4,0,True,0.0,
3HBUdn,94,19,Winner_2022,84.0,63.7,0,True,0.0,
3HBUdn,94,20,Winner_2022,84.5,59.8,2,True,0.0,
3HBUdn,94,21,Winner_2022,85.0,58.1,1,True,0.0,
3HBUdn,94,22,Winner_2022,85.5,56.9,1,True,0.0,
3HBUdn,94,23,Winner_2022,86.0,56.4,4,True,0.0,
3HBUdn,94,24,Winner_2022,86.5,58.8,2,True,0.0,
3HBUdn,94,25,Winner_2022,87.0,62.7,0,True,0.0,
3HBUdn,94,26,Winner_2022,87.5,66.2,1,True,0.0,
3HBUdn,94,27,Winner_2022,88.0,70.1,0,True,0.0,
3HBUdn,94,28,Winner_2022,88.5,73.5,2,True,0.0,
3HBUdn,94,29,Winner_2022,89.0,78.3,0,True,0.0,
3HBUdn,94,30,Winner_2022,89.5,82.6,0,True,0.0,
3HBUdn,94,31,Winner_2022,90.0,86.4,0,True,0.0,
3HBUdn,94,32,Winner_2022,90.5,89.8,0,True,0.0,
3HBUdn,94,33,Winner_2022,90.8,92.8,0,True,0.0,
3HBUdn,94,34,Winner_2022,91.3,95.3,0,True,0.0,
3HBUdn,94,35,Winner_2022,91.8,97.0,0,True,0.0,
3HBUdn,94,36,Winner_2022,92.3,98.4,0,True,0.0,
3HBUdn,94,37,Winner_2022,92.8,99.1,0,True,0.0,
3HBUdn,94,38,Winner_2022,93.3,99.4,0,True,0.0,
3HBUdn,94,39,Winner_2022,92.8,99.2,0,True,0.0,
3HBUdn,94,40,Winner_2022,92.3,98.6,0,True,0.0,
3HBUdn,94,41,Winner_2022,91.8,97.6,0,True,0.0,
3HBUdn,94,42,Winner_2022,91.3,96.0,0,True,0.0,
3HBUdn,94,43,Winner_2022,90.8,94.2,0,True,0.0,
3HBUdn,94,44,Winner_2022,90.3,92.0,0,True,0.0,
3HBUdn,94,45,Winner_2022,89.8,89.4,0,True,0.0,
3HBUdn,94,46,Winner_2022,89.6,86.7,0,True,0.0,
3HBUdn,94,47,Winner_2022,89.1,83.7,1,True,0.0,
3HBUdn,94,48,Winner_2022,88.6,81.3,0,True,0.0,
3HBUdn,94,49,Winner_2022,88.1,78.7,0,True,0.0,
3HBUdn,94,50,Winner_2022,87.6,75.8,0,True,0.0,
3HBUdn,94,51,Winner_2022,87.1,72.8,0,True,0.0,
3HBUdn,94,52,Winner_2022,86.6,69.7,1,True,0.0,
3HBUdn,94,53,Winner_2022,86.1,66.8,1,True,0.0,
3HBUdn,94,54,Winner_2022,85.6,64.2,2,True,0.0,
3HBUdn,94,55,Winner_2022,85.1,62.3,0,True,0.0,
3HBUdn,94,56,Winner_2022,84.6,60.2,0,True,0.0,
3HBUdn,94,57,Winner_2022,84.1,58.0,1,True,0.0,
3HBUdn,94,58,Winner_2022,83.6,56.1,2,True,0.0,
3HBUdn,94,59,Winner_2022,83.1,54.7,1,True,0.0,
3HBUdn,94,60,Winner_2022,82.6,53.5,2,True,0.0,
3HBUdn,94,61,Winner_2022,82.1,52.7,1,True,0.0,
3HBUdn,94,62,Winner_2022,81.6,52.0,2,True,0.0,
3HBUdn,94,63,Winner_2022,81.1,51.7,2,True,0.0,
3HBUdn,94,64,Winner_2022,80.6,51.6,2,True,0.0,
3HBUdn,94,65,Winner_2022,80.1,51.7,1,True,0.0,
3HBUdn,94,66,Winner_2022,79.6,51.9,0,True,0.0,
3HBUdn,94,67,Winner_2022,79.1,51.7,3,True,0.0,
3HBUdn,94,68,Winner_2022,78.6,51.9,0,True,0.0,
3HBUdn,94,69,Winner_2022,78.1,51.9,2,True,0.0,
3HBUdn,94,70,Winner_2022,77.6,52.2,3,True,0.0,
3HBUdn,94,71,Winner_2022,77.1,52.8,4,True,0.0,
3HBUdn,94,72,Winner_2022,76.6,54.2,1,True,0.0,
3HBUdn,94,73,Winner_2022,76.1,55.4,0,True,0.0,
3HBUdn,94,74,Winner_2022,75.6,56.4,2,True,0.0,
3HBUdn,94,75,Winner_2022,75.1,57.4,1,True,0.0,
3HBUdn,94,76,Winner_2022,74.6,58.3,2,True,0.0,
3HBUdn,94,77,Winner_2022,74.1,59.4,1,True,0.0,
3HBUdn,94,78,Winner_2022,73.6,60.3,1,True,0.0,
3HBUdn,94,79,Winner_2022,73.1,61.2,1,True,0.0,
3HBUdn,94,80,Winner_2022,72.6,62.1,3,True,0.0,
3HBUdn,94,81,Winner_2022,72.1,63.2,1,True,0.0,
3HBUdn,94,82,Winner_2022,71.6,64.3,2,True,0.0,
3HBUdn,94,83,Winner_2022,71.1,65.6,1,True,0.0,
3HBUdn,94,84,Winner_2022,70.6,66.7,1,True,0.0,
3HBUdn,94,85,Winner_2022,70.1,67.8,1,True,0.0,
3HBUdn,94,86,Winner_2022,69.6,68.7,1,True,0.0,
3HBUdn,94,87,Winner_2022,69.2,69.5,1,True,0.0,
3HBUdn,94,88,Winner_2022,69.0,70.3,0,True,0.0,
3HBUdn,94,89,Winner_2022,68.5,70.8,0,True,0.0,
3HBUdn,94,90,Winner_2022,68.0,71.0,0,True,0.0,
3HBUdn,94,91,Winner_2022,67.5,71.0,0,True,0.0,
3HBUdn,94,92,Winner_2022,67.0,70.9,0,True,0.0,
3HBUdn,94,93,Winner_2022,66.5,70.5,0,True,0.0,
3HBUdn,94,94,Winner_2022,66.0,69.9,0,True,0.0,
3HBUdn,94,95,Winner_2022,65.5,69.2,0,True,0.0,
3HBUdn,94,96,Winner_2022,65.0,68.4,0,True,0.0,
3HBUdn,94,97,Winner_2022,64.5,67.4,2,True,0.0,
3HBUdn,94,98,Winner_2022,64.0,66.6,0,True,0.0,
3HBUdn,94,99,Winner_2022,63.5,65.8,2,True,0.0,
3HBUdn,94,100,Winner_2022,63.0,65.2,1,True,0.0,
3HBUdn,95,1,Winner_2022,77.8,46.0,0,True,0.0,
3HBUdn,95,2,Winner_2022,77.3,36.8,1,True,0.0,
3HBUdn,95,3,Winner_2022,76.8,35.6,1,True,0.0,
3HBUdn,95,4,Winner_2022,76.3,37.5,0,True,0.0,
3HBUdn,95,5,Winner_2022,75.8,37.2,0,True,0.0,
3HBUdn,95,6,Winner_2022,75.3,35.3,0,True,0.0,
3HBUdn,95,7,Winner_2022,74.8,33.0,0,True,0.0,
3HBUdn,95,8,Winner_2022,74.3,30.1,1,True,0.0,
3HBUdn,95,9,Winner_2022,73.8,28.5,0,True,0.0,
3HBUdn,95,10,Winner_2022,73.3,26.6,3,True,0.0,
3HBUdn,95,11,Winner_2022,72.8,27.8,1,True,0.0,
3HBUdn,95,12,Winner_2022,72.3,29.5,2,True,0.0,
3HBUdn,95,13,Winner_2022,71.8,32.2,1,True,0.0,
3HBUdn,95,14,Winner_2022,71.3,35.4,2,True,0.0,
3HBUdn,95,15,Winner_2022,70.8,39.7,0,True,0.0,
3HBUdn,95,16,Winner_2022,70.3,43.6,1,True,0.0,
3HBUdn,95,17,Winner_2022,69.8,47.7,0,True,0.0,
3HBUdn,95,18,Winner_2022,69.3,51.6,2,True,0.0,
3HBUdn,95,19,Winner_2022,68.8,57.4,0,True,0.0,
3HBUdn,95,20,Winner_2022,68.3,62.9,0,True,0.0,
3HBUdn,95,21,Winner_2022,67.8,68.2,0,True,0.0,
3HBUdn,95,22,Winner_2022,67.5,73.0,1,True,0.0,
3HBUdn,95,23,Winner_2022,67.0,78.7,0,True,0.0,
3HBUdn,95,24,Winner_2022,66.5,83.4,0,True,0.0,
3HBUdn,95,25,Winner_2022,67.0,87.5,0,True,0.0,
3HBUdn,95,26,Winner_2022,67.5,91.1,0,True,0.0,
3HBUdn,95,27,Winner_2022,68.0,93.9,0,True,0.0,
3HBUdn,95,28,Winner_2022,68.5,95.9,0,True,0.0,
3HBUdn,95,29,Winner_2022,69.0,97.0,0,True,0.0,
3HBUdn,95,30,Winner_2022,69.5,97.4,0,True,0.0,
3HBUdn,95,31,Winner_2022,70.0,97.0,0,True,0.0,
3HBUdn,95,32,Winner_2022,70.5,96.3,0,True,0.0,
3HBUdn,95,33,Winner_2022,71.0,95.0,0,True,0.0,
3HBUdn,95,34,Winner_2022,71.5,93.2,0,True,0.0,
3HBUdn,95,35,Winner_2022,72.0,90.9,0,True,0.0,
3HBUdn,95,36,Winner_2022,72.5,88.2,0,True,0.0,
3HBUdn,95,37,Winner_2022,73.0,85.2,0,True,0.0,
3HBUdn,95,38,Winner_2022,73.5,82.0,0,True,0.0,
3HBUdn,95,39,Winner_2022,74.0,78.6,0,True,0.0,
3HBUdn,95,40,Winner_2022,74.5,75.1,0,True,0.0,
3HBUdn,95,41,Winner_2022,74.8,71.4,1,True,0.0,
3HBUdn,95,42,Winner_2022,75.3,68.3,1,True,0.0,
3HBUdn,95,43,Winner_2022,75.8,65.8,0,True,0.0,
3HBUdn,95,44,Winner_2022,76.3,63.1,3,True,0.0,
3HBUdn,95,45,Winner_2022,76.8,61.9,2,True,0.0,
3HBUdn,95,46,Winner_2022,77.3,61.5,3,True,0.0,
3HBUdn,95,47,Winner_2022,77.8,62.5,0,True,0.0,
3HBUdn,95,48,Winner_2022,78.3,63.2,1,True,0.0,
3HBUdn,95,49,Winner_2022,78.8,64.3,0,True,0.0,
3HBUdn,95,50,Winner_2022,79.3,64.9,0,True,0.0,
3HBUdn,95,51,Winner_2022,79.8,65.3,1,True,0.0,
3HBUdn,95,52,Winner_2022,80.3,65.9,0,True,0.0,
3HBUdn,95,53,Winner_2022,80.8,66.1,0,True,0.0,
3HBUdn,95,54,Winner_2022,81.3,65.8,1,True,0.0,
3HBUdn,95,55,Winner_2022,81.8,65.7,3,True,0.0,
3HBUdn,95,56,Winner_2022,82.3,66.5,1,True,0.0,
3HBUdn,95,57,Winner_2022,82.8,67.6,0,True,0.0,
3HBUdn,95,58,Winner_2022,83.3,68.4,0,True,0.0,
3HBUdn,95,59,Winner_2022,82.8,68.8,3,True,0.0,
3HBUdn,95,60,Winner_2022,82.3,70.3,0,True,0.0,
3HBUdn,95,61,Winner_2022,81.8,71.3,2,True,0.0,
3HBUdn,95,62,Winner_2022,81.3,72.8,1,True,0.0,
3HBUdn,95,63,Winner_2022,80.8,74.4,2,True,0.0,
3HBUdn,95,64,Winner_2022,80.3,76.4,0,True,0.0,
3HBUdn,95,65,Winner_2022,79.8,77.8,0,True,0.0,
3HBUdn,95,66,Winner_2022,79.3,78.8,0,True,0.0,
3HBUdn,95,67,Winner_2022,79.0,79.3,0,True,0.0,
3HBUdn,95,68,Winner_2022,78.9,79.3,0,True,0.0,
3HBUdn,95,69,Winner_2022,78.7,78.9,1,True,0.0,
3HBUdn,95,70,Winner_2022,78.6,78.6,0,True,0.0,
3HBUdn,95,71,Winner_2022,78.6,77.8,0,True,0.0,
3HBUdn,95,72,Winner_2022,78.2,76.7,1,True,0.0,
3HBUdn,95,73,Winner_2022,77.7,75.5,1,True,0.0,
3HBUdn,95,74,Winner_2022,77.2,74.3,0,True,0.0,
3HBUdn,95,75,Winner_2022,76.7,72.6,1,True,0.0,
3HBUdn,95,76,Winner_2022,76.2,70.9,2,True,0.0,
3HBUdn,95,77,Winner_2022,75.7,69.5,1,True,0.0,
3HBUdn,95,78,Winner_2022,75.2,68.0,1,True,0.0,
3HBUdn,95,79,Winner_2022,74.7,66.6,0,True,0.0,
3HBUdn,95,80,Winner_2022,74.2,64.9,1,True,0.0,
3HBUdn,95,81,Winner_2022,73.7,63.1,2,True,0.0,
3HBUdn,95,82,Winner_2022,73.2,61.7,0,True,0.0,
3HBUdn,95,83,Winner_2022,72.7,60.0,1,True,0.0,
3HBUdn,95,84,Winner_2022,72.2,58.3,3,True,0.0,
3HBUdn,95,85,Winner_2022,71.7,57.0,1,True,0.0,
3HBUdn,95,86,Winner_2022,71.2,55.7,1,True,0.0,
3HBUdn,95,87,Winner_2022,70.7,54.3,1,True,0.0,
3HBUdn,95,88,Winner_2022,70.2,53.0,3,True,0.0,
3HBUdn,95,89,Winner_2022,69.7,52.0,1,True,0.0,
3HBUdn,95,90,Winner_2022,69.2,50.9,2,True,0.0,
3HBUdn,95,91,Winner_2022,68.7,50.1,2,True,0.0,
3HBUdn,95,92,Winner_2022,68.2,49.4,1,True,0.0,
3HBUdn,95,93,Winner_2022,67.7,48.7,2,True,0.0,
3HBUdn,95,94,Winner_2022,67.2,48.2,1,True,0.0,
3HBUdn,95,95,Winner_2022,66.7,47.8,4,True,0.0,
3HBUdn,95,96,Winner_2022,66.2,47.7,2,True,0.0,
3HBUdn,95,97,Winner_2022,65.7,47.7,2,True,0.0,
3HBUdn,95,98,Winner_2022,65.2,47.9,0,True,0.0,
3HBUdn,95,99,Winner_2022,64.7,48.1,0,True,0.0,
3HBUdn,95,100,Winner_2022,64.2,48.1,1,True,0.0,
3HBUdn,96,1,Winner_2022,77.1,36.0,3,True,0.0,
3HBUdn,96,2,Winner_2022,76.6,43.2,0,True,0.0,
3HBUdn,96,3,Winner_2022,76.1,51.8,0,True,0.0,
3HBUdn,96,4,Winner_2022,75.6,61.2,1,True,0.0,
3HBUdn,96,5,Winner_2022,75.1,72.5,0,True,0.0,
3HBUdn,96,6,Winner_2022,74.6,79.6,0,True,0.0,
3HBUdn,96,7,Winner_2022,74.1,85.0,0,True,0.0,
3HBUdn,96,8,Winner_2022,73.6,87.3,0,True,0.0,
3HBUdn,96,9,Winner_2022,74.1,87.0,0,True,0.0,
3HBUdn,96,10,Winner_2022,74.6,85.0,0,True,0.0,
3HBUdn,96,11,Winner_2022,75.1,81.8,0,True,0.0,
3HBUdn,96,12,Winner_2022,75.6,77.6,0,True,0.0,
3HBUdn,96,13,Winner_2022,76.1,72.3,0,True,0.0,
3HBUdn,96,14,Winner_2022,76.6,66.4,0,True,0.0,
3HBUdn,96,15,Winner_2022,77.1,60.3,0,True,0.0,
3HBUdn,96,16,Winner_2022,77.6,54.2,0,True,0.0,
3HBUdn,96,17,Winner_2022,78.1,48.3,0,True,0.0,
3HBUdn,96,18,Winner_2022,78.6,42.8,1,True,0.0,
3HBUdn,96,19,Winner_2022,79.1,38.7,0,True,0.0,
3HBUdn,96,20,Winner_2022,79.6,34.7,3,True,0.0,
3HBUdn,96,21,Winner_2022,80.1,33.1,1,True,0.0,
3HBUdn,96,22,Winner_2022,80.6,31.8,0,True,0.0,
3HBUdn,96,23,Winner_2022,81.1,30.4,0,True,0.0,
3HBUdn,96,24,Winner_2022,81.6,28.8,0,True,0.0,
3HBUdn,96,25,Winner_2022,82.1,27.1,2,True,0.0,
3HBUdn,96,26,Winner_2022,82.6,26.1,0,True,0.0,
3HBUdn,96,27,Winner_2022,83.1,25.1,1,True,0.0,
3HBUdn,96,28,Winner_2022,83.6,24.2,1,True,0.0,
3HBUdn,96,29,Winner_2022,84.1,23.5,1,True,0.0,
3HBUdn,96,30,Winner_2022,84.6,23.0,1,True,0.0,
3HBUdn,96,31,Winner_2022,85.1,22.7,1,True,0.0,
3HBUdn,96,32,Winner_2022,85.6,22.5,1,True,0.0,
3HBUdn,96,33,Winner_2022,86.1,22.4,1,True,0.0,
3HBUdn,96,34,Winner_2022,86.6,22.5,2,True,0.0,
3HBUdn,96,35,Winner_2022,87.1,23.0,1,True,0.0,
3HBUdn,96,36,Winner_2022,87.6,23.5,2,True,0.0,
3HBUdn,96,37,Winner_2022,88.1,24.4,2,True,0.0,
3HBUdn,96,38,Winner_2022,88.6,25.7,0,True,0.0,
3HBUdn,96,39,Winner_2022,89.1,26.9,2,True,0.0,
3HBUdn,96,40,Winner_2022,89.6,28.6,2,True,0.0,
3HBUdn,96,41,Winner_2022,90.1,30.8,1,True,0.0,
3HBUdn,96,42,Winner_2022,90.6,33.1,1,True,0.0,
3HBUdn,96,43,Winner_2022,90.1,35.8,0,True,0.0,
3HBUdn,96,44,Winner_2022,89.6,38.4,0,True,0.0,
3HBUdn,96,45,Winner_2022,89.1,41.0,0,True,0.0,
3HBUdn,96,46,Winner_2022,88.6,43.5,0,True,0.0,
3HBUdn,96,47,Winner_2022,88.1,46.0,1,True,0.0,
3HBUdn,96,48,Winner_2022,87.6,48.8,0,True,0.0,
3HBUdn,96,49,Winner_2022,87.1,51.6,2,True,0.0,
3HBUdn,96,50,Winner_2022,86.6,54.9,0,True,0.0,
3HBUdn,96,51,Winner_2022,86.1,58.2,2,True,0.0,
3HBUdn,96,52,Winner_2022,85.6,62.1,1,True,0.0,
3HBUdn,96,53,Winner_2022,85.1,66.4,1,True,0.0,
3HBUdn,96,54,Winner_2022,84.6,70.8,1,True,0.0,
3HBUdn,96,55,Winner_2022,84.1,75.4,1,True,0.0,
3HBUdn,96,56,Winner_2022,83.6,80.4,0,True,0.0,
3HBUdn,96,57,Winner_2022,83.1,85.3,0,True,0.0,
3HBUdn,96,58,Winner_2022,82.6,90.2,0,True,0.0,
3HBUdn,96,59,Winner_2022,82.1,94.8,0,True,0.0,
3HBUdn,96,60,Winner_2022,81.6,99.0,0,True,0.0,
3HBUdn,96,61,Winner_2022,81.1,100.0,0,True,0.0,
3HBUdn,96,62,Winner_2022,80.6,100.0,0,True,0.0,
3HBUdn,96,63,Winner_2022,80.1,100.0,0,True,0.0,
3HBUdn,96,64,Winner_2022,79.6,100.0,0,True,0.0,
3HBUdn,96,65,Winner_2022,79.1,100.0,0,True,0.0,
3HBUdn,96,66,Winner_2022,78.6,100.0,0,True,0.0,
3HBUdn,96,67,Winner_2022,78.1,100.0,0,True,0.0,
3HBUdn,96,68,Winner_2022,77.6,99.5,0,True,0.0,
3HBUdn,96,69,Winner_2022,77.1,98.6,0,True,0.0,
3HBUdn,96,70,Winner_2022,76.6,97.2,0,True,0.0,
3HBUdn,96,71,Winner_2022,76.1,95.4,0,True,0.0,
3HBUdn,96,72,Winner_2022,75.6,93.2,0,True,0.0,
3HBUdn,96,73,Winner_2022,75.1,90.5,0,True,0.0,
3HBUdn,96,74,Winner_2022,74.6,87.5,1,True,0.0,
3HBUdn,96,75,Winner_2022,74.1,84.5,0,True,0.0,
3HBUdn,96,76,Winner_2022,73.6,81.2,0,True,0.0,
3HBUdn,96,77,Winner_2022,73.1,77.7,0,True,0.0,
3HBUdn,96,78,Winner_2022,72.6,74.1,2,True,0.0,
3HBUdn,96,79,Winner_2022,72.1,70.8,0,True,0.0,
3HBUdn,96,80,Winner_2022,71.6,67.5,0,True,0.0,
3HBUdn,96,81,Winner_2022,71.1,64.1,1,True,0.0,
3HBUdn,96,82,Winner_2022,70.6,60.9,1,True,0.0,
3HBUdn,96,83,Winner_2022,70.1,57.8,4,True,0.0,
3HBUdn,96,84,Winner_2022,69.6,55.4,0,True,0.0,
3HBUdn,96,85,Winner_2022,69.1,52.9,2,True,0.0,
3HBUdn,96,86,Winner_2022,68.6,50.7,1,True,0.0,
3HBUdn,96,87,Winner_2022,68.1,48.6,2,True,0.0,
3HBUdn,96,88,Winner_2022,67.6,46.7,1,True,0.0,
3HBUdn,96,89,Winner_2022,67.1,44.8,3,True,0.0,
3HBUdn,96,90,Winner_2022,66.6,43.3,1,True,0.0,
3HBUdn,96,91,Winner_2022,66.1,41.8,1,True,0.0,
3HBUdn,96,92,Winner_2022,65.6,40.4,4,True,0.0,
3HBUdn,96,93,Winner_2022,65.1,39.4,0,True,0.0,
3HBUdn,96,94,Winner_2022,64.6,38.4,1,True,0.0,
3HBUdn,96,95,Winner_2022,64.1,37.4,0,True,0.0,
3HBUdn,96,96,Winner_2022,63.6,36.3,1,True,0.0,
3HBUdn,96,97,Winner_2022,63.1,35.3,4,True,0.0,
3HBUdn,96,98,Winner_2022,62.6,34.7,1,True,0.0,
3HBUdn,96,99,Winner_2022,62.1,34.1,2,True,0.0,
3HBUdn,96,100,Winner_2022,61.6,33.6,0,True,0.0,
3HBUdn,97,1,Winner_2022,76.0,36.0,0,True,0.0,
3HBUdn,97,2,Winner_2022,75.5,28.8,1,True,0.0,
3HBUdn,97,3,Winner_2022,75.0,27.8,1,True,0.0,
3HBUdn,97,4,Winner_2022,74.5,29.3,0,True,0.0,
3HBUdn,97,5,Winner_2022,74.0,29.1,1,True,0.0,
3HBUdn,97,6,Winner_2022,73.5,29.8,0,True,0.0,
3HBUdn,97,7,Winner_2022,73.0,29.8,0,True,0.0,
3HBUdn,97,8,Winner_2022,72.5,28.9,2,True,0.0,
3HBUdn,97,9,Winner_2022,72.0,30.3,0,True,0.0,
3HBUdn,97,10,Winner_2022,71.5,30.9,3,True,0.0,
3HBUdn,97,11,Winner_2022,71.0,34.8,1,True,0.0,
3HBUdn,97,12,Winner_2022,70.5,39.4,1,True,0.0,
3HBUdn,97,13,Winner_2022,70.0,44.5,0,True,0.0,
3HBUdn,97,14,Winner_2022,69.5,48.8,2,True,0.0,
3HBUdn,97,15,Winner_2022,69.0,54.8,0,True,0.0,
3HBUdn,97,16,Winner_2022,68.5,60.1,0,True,0.0,
3HBUdn,97,17,Winner_2022,68.0,64.4,1,True,0.0,
3HBUdn,97,18,Winner_2022,67.5,69.7,0,True,0.0,
3HBUdn,97,19,Winner_2022,67.0,74.6,1,True,0.0,
3HBUdn,97,20,Winner_2022,66.5,80.2,0,True,0.0,
3HBUdn,97,21,Winner_2022,67.0,85.6,0,True,0.0,
3HBUdn,97,22,Winner_2022,67.5,90.1,0,True,0.0,
3HBUdn,97,23,Winner_2022,68.0,93.9,0,True,0.0,
3HBUdn,97,24,Winner_2022,68.5,96.5,0,True,0.0,
3HBUdn,97,25,Winner_2022,69.0,98.2,0,True,0.0,
3HBUdn,97,26,Winner_2022,69.5,99.3,0,True,0.0,
3HBUdn,97,27,Winner_2022,70.0,99.5,0,True,0.0,
3HBUdn,97,28,Winner_2022,70.5,98.8,0,True,0.0,
3HBUdn,97,29,Winner_2022,71.0,97.4,0,True,0.0,
3HBUdn,97,30,Winner_2022,71.5,95.3,0,True,0.0,
3HBUdn,97,31,Winner_2022,72.0,92.6,0,True,0.0,
3HBUdn,97,32,Winner_2022,72.5,89.6,0,True,0.0,
3HBUdn,97,33,Winner_2022,73.0,86.3,0,True,0.0,
3HBUdn,97,34,Winner_2022,73.5,82.8,0,True,0.0,
3HBUdn,97,35,Winner_2022,74.0,78.9,0,True,0.0,
3HBUdn,97,36,Winner_2022,74.5,74.9,0,True,0.0,
3HBUdn,97,37,Winner_2022,74.7,70.8,0,True,0.0,
3HBUdn,97,38,Winner_2022,75.2,66.7,1,True,0.0,
3HBUdn,97,39,Winner_2022,75.7,63.3,0,True,0.0,
3HBUdn,97,40,Winner_2022,76.2,59.8,1,True,0.0,
3HBUdn,97,41,Winner_2022,76.7,56.9,1,True,0.0,
3HBUdn,97,42,Winner_2022,77.2,54.5,2,True,0.0,
3HBUdn,97,43,Winner_2022,77.7,52.9,0,True,0.0,
3HBUdn,97,44,Winner_2022,78.2,51.2,0,True,0.0,
3HBUdn,97,45,Winner_2022,78.7,49.4,1,True,0.0,
3HBUdn,97,46,Winner_2022,79.2,47.8,3,True,0.0,
3HBUdn,97,47,Winner_2022,79.7,47.4,0,True,0.0,
3HBUdn,97,48,Winner_2022,80.2,46.8,0,True,0.0,
3HBUdn,97,49,Winner_2022,80.7,46.0,0,True,0.0,
3HBUdn,97,50,Winner_2022,81.2,45.1,1,True,0.0,
3HBUdn,97,51,Winner_2022,81.7,44.3,3,True,0.0,
3HBUdn,97,52,Winner_2022,82.2,44.4,1,True,0.0,
3HBUdn,97,53,Winner_2022,82.7,44.5,0,True,0.0,
3HBUdn,97,54,Winner_2022,83.2,44.3,1,True,0.0,
3HBUdn,97,55,Winner_2022,82.7,44.2,0,True,0.0,
3HBUdn,97,56,Winner_2022,82.2,43.9,2,True,0.0,
3HBUdn,97,57,Winner_2022,81.7,44.0,2,True,0.0,
3HBUdn,97,58,Winner_2022,81.2,44.6,1,True,0.0,
3HBUdn,97,59,Winner_2022,80.7,45.1,0,True,0.0,
3HBUdn,97,60,Winner_2022,80.2,45.5,2,True,0.0,
3HBUdn,97,61,Winner_2022,79.7,46.2,1,True,0.0,
3HBUdn,97,62,Winner_2022,79.2,46.9,0,True,0.0,
3HBUdn,97,63,Winner_2022,78.7,47.4,2,True,0.0,
3HBUdn,97,64,Winner_2022,78.2,48.1,2,True,0.0,
3HBUdn,97,65,Winner_2022,77.7,49.0,2,True,0.0,
3HBUdn,97,66,Winner_2022,77.2,50.2,1,True,0.0,
3HBUdn,97,67,Winner_2022,76.7,51.2,0,True,0.0,
3HBUdn,97,68,Winner_2022,76.2,52.0,2,True,0.0,
3HBUdn,97,69,Winner_2022,75.7,53.0,1,True,0.0,
3HBUdn,97,70,Winner_2022,75.2,54.0,1,True,0.0,
3HBUdn,97,71,Winner_2022,74.7,54.9,2,True,0.0,
3HBUdn,97,72,Winner_2022,74.2,56.1,0,True,0.0,
3HBUdn,97,73,Winner_2022,73.7,56.9,1,True,0.0,
3HBUdn,97,74,Winner_2022,73.2,57.6,1,True,0.0,
3HBUdn,97,75,Winner_2022,72.7,58.2,2,True,0.0,
3HBUdn,97,76,Winner_2022,72.2,58.9,0,True,0.0,
3HBUdn,97,77,Winner_2022,71.7,59.3,1,True,0.0,
3HBUdn,97,78,Winner_2022,71.2,59.6,1,True,0.0,
3HBUdn,97,79,Winner_2022,70.7,59.8,2,True,0.0,
3HBUdn,97,80,Winner_2022,70.2,60.2,0,True,0.0,
3HBUdn,97,81,Winner_2022,69.7,60.3,1,True,0.0,
3HBUdn,97,82,Winner_2022,69.2,60.3,2,True,0.0,
3HBUdn,97,83,Winner_2022,68.7,60.5,1,True,0.0,
3HBUdn,97,84,Winner_2022,68.2,60.6,1,True,0.0,
3HBUdn,97,85,Winner_2022,67.7,60.5,2,True,0.0,
3HBUdn,97,86,Winner_2022,67.2,60.6,1,True,0.0,
3HBUdn,97,87,Winner_2022,66.7,60.6,0,True,0.0,
3HBUdn,97,88,Winner_2022,66.2,60.4,0,True,0.0,
3HBUdn,97,89,Winner_2022,65.7,59.9,2,True,0.0,
3HBUdn,97,90,Winner_2022,65.2,59.6,2,True,0.0,
3HBUdn,97,91,Winner_2022,64.7,59.5,0,True,0.0,
3HBUdn,97,92,Winner_2022,64.2,59.2,1,True,0.0,
3HBUdn,97,93,Winner_2022,63.7,58.8,1,True,0.0,
3HBUdn,97,94,Winner_2022,63.2,58.5,2,True,0.0,
3HBUdn,97,95,Winner_2022,62.7,58.4,0,True,0.0,
3HBUdn,97,96,Winner_2022,62.2,58.2,0,True,0.0,
3HBUdn,97,97,Winner_2022,61.7,57.8,0,True,0.0,
3HBUdn,97,98,Winner_2022,61.2,57.3,1,True,0.0,
3HBUdn,97,99,Winner_2022,60.7,56.8,1,True,0.0,
3HBUdn,97,100,Winner_2022,60.2,56.5,2,True,0.0,
3HBUdn,98,1,Winner_2022,75.3,54.0,4,True,0.0,
3HBUdn,98,2,Winner_2022,74.8,64.8,0,True,0.0,
3HBUdn,98,3,Winner_2022,74.3,77.8,1,True,0.0,
3HBUdn,98,4,Winner_2022,73.8,93.3,0,True,0.0,
3HBUdn,98,5,Winner_2022,73.3,100.0,0,True,0.0,
3HBUdn,98,6,Winner_2022,73.8,100.0,0,True,0.0,
3HBUdn,98,7,Winner_2022,74.3,100.0,0,True,0.0,
3HBUdn,98,8,Winner_2022,74.8,100.0,0,True,0.0,
3HBUdn,98,9,Winner_2022,75.3,100.0,0,True,0.0,
3HBUdn,98,10,Winner_2022,75.8,100.0,0,True,0.0,
3HBUdn,98,11,Winner_2022,76.3,100.0,0,True,0.0,
3HBUdn,98,12,Winner_2022,76.8,98.6,0,True,0.0,
3HBUdn,98,13,Winner_2022,77.3,95.0,0,True,0.0,
3HBUdn,98,14,Winner_2022,77.8,90.2,0,True,0.0,
3HBUdn,98,15,Winner_2022,78.3,84.2,0,True,0.0,
3HBUdn,98,16,Winner_2022,78.8,77.8,0,True,0.0,
3HBUdn,98,17,Winner_2022,79.3,71.1,1,True,0.0,
3HBUdn,98,18,Winner_2022,79.8,66.1,4,True,0.0,
3HBUdn,98,19,Winner_2022,80.3,66.6,0,True,0.0,
3HBUdn,98,20,Winner_2022,80.8,66.4,1,True,0.0,
3HBUdn,98,21,Winner_2022,81.3,67.0,1,True,0.0,
3HBUdn,98,22,Winner_2022,81.8,68.1,3,True,0.0,
3HBUdn,98,23,Winner_2022,82.3,72.3,2,True,0.0,
3HBUdn,98,24,Winner_2022,82.8,77.7,0,True,0.0,
3HBUdn,98,25,Winner_2022,83.3,82.7,0,True,0.0,
3HBUdn,98,26,Winner_2022,83.6,87.4,0,True,0.0,
3HBUdn,98,27,Winner_2022,84.1,91.4,0,True,0.0,
3HBUdn,98,28,Winner_2022,84.6,94.5,0,True,0.0,
3HBUdn,98,29,Winner_2022,85.1,96.9,0,True,0.0,
3HBUdn,98,30,Winner_2022,85.6,98.5,0,True,0.0,
3HBUdn,98,31,Winner_2022,86.1,99.4,0,True,0.0,
3HBUdn,98,32,Winner_2022,86.6,99.8,0,True,0.0,
3HBUdn,98,33,Winner_2022,87.1,99.6,0,True,0.0,
3HBUdn,98,34,Winner_2022,87.6,98.9,0,True,0.0,
3HBUdn,98,35,Winner_2022,88.1,97.5,0,True,0.0,
3HBUdn,98,36,Winner_2022,88.6,95.7,0,True,0.0,
3HBUdn,98,37,Winner_2022,89.1,93.4,0,True,0.0,
3HBUdn,98,38,Winner_2022,89.6,90.8,0,True,0.0,
3HBUdn,98,39,Winner_2022,90.1,87.9,0,True,0.0,
3HBUdn,98,40,Winner_2022,90.6,84.9,0,True,0.0,
3HBUdn,98,41,Winner_2022,91.1,81.6,0,True,0.0,
3HBUdn,98,42,Winner_2022,91.6,78.0,0,True,0.0,
3HBUdn,98,43,Winner_2022,92.1,74.4,1,True,0.0,
3HBUdn,98,44,Winner_2022,92.6,71.4,3,True,0.0,
3HBUdn,98,45,Winner_2022,93.1,70.0,0,True,0.0,
3HBUdn,98,46,Winner_2022,93.6,68.4,1,True,0.0,
3HBUdn,98,47,Winner_2022,93.1,67.2,0,True,0.0,
3HBUdn,98,48,Winner_2022,92.6,65.8,0,True,0.0,
3HBUdn,98,49,Winner_2022,92.1,64.3,0,True,0.0,
3HBUdn,98,50,Winner_2022,91.6,62.4,2,True,0.0,
3HBUdn,98,51,Winner_2022,91.1,61.4,1,True,0.0,
3HBUdn,98,52,Winner_2022,90.6,60.5,2,True,0.0,
3HBUdn,98,53,Winner_2022,90.1,60.3,3,True,0.0,
3HBUdn,98,54,Winner_2022,89.6,60.9,0,True,0.0,
3HBUdn,98,55,Winner_2022,89.1,61.2,2,True,0.0,
3HBUdn,98,56,Winner_2022,88.6,61.9,1,True,0.0,
3HBUdn,98,57,Winner_2022,88.1,62.9,0,True,0.0,
3HBUdn,98,58,Winner_2022,87.6,63.7,0,True,0.0,
3HBUdn,98,59,Winner_2022,87.1,64.1,2,True,0.0,
3HBUdn,98,60,Winner_2022,86.6,65.0,0,True,0.0,
3HBUdn,98,61,Winner_2022,86.1,65.6,3,True,0.0,
3HBUdn,98,62,Winner_2022,85.6,67.0,1,True,0.0,
3HBUdn,98,63,Winner_2022,85.1,68.5,2,True,0.0,
3HBUdn,98,64,Winner_2022,84.6,70.3,1,True,0.0,
3HBUdn,98,65,Winner_2022,84.1,71.9,0,True,0.0,
3HBUdn,98,66,Winner_2022,83.6,73.2,1,True,0.0,
3HBUdn,98,67,Winner_2022,83.1,74.5,1,True,0.0,
3HBUdn,98,68,Winner_2022,82.6,75.6,2,True,0.0,
3HBUdn,98,69,Winner_2022,82.1,77.0,1,True,0.0,
3HBUdn,98,70,Winner_2022,81.6,78.4,0,True,0.0,
3HBUdn,98,71,Winner_2022,81.1,79.5,0,True,0.0,
3HBUdn,98,72,Winner_2022,80.6,80.1,0,True,0.0,
3HBUdn,98,73,Winner_2022,80.4,80.2,1,True,0.0,
3HBUdn,98,74,Winner_2022,80.3,80.2,1,True,0.0,
3HBUdn,98,75,Winner_2022,80.3,80.0,0,True,0.0,
3HBUdn,98,76,Winner_2022,80.1,79.4,1,True,0.0,
3HBUdn,98,77,Winner_2022,79.8,78.8,0,True,0.0,
3HBUdn,98,78,Winner_2022,79.3,77.7,0,True,0.0,
3HBUdn,98,79,Winner_2022,78.8,76.3,0,True,0.0,
3HBUdn,98,80,Winner_2022,78.3,74.6,0,True,0.0,
3HBUdn,98,81,Winner_2022,77.8,72.6,0,True,0.0,
3HBUdn,98,82,Winner_2022,77.3,70.5,3,True,0.0,
3HBUdn,98,83,Winner_2022,76.8,68.8,0,True,0.0,
3HBUdn,98,84,Winner_2022,76.3,66.9,3,True,0.0,
3HBUdn,98,85,Winner_2022,75.8,65.4,1,True,0.0,
3HBUdn,98,86,Winner_2022,75.3,63.8,3,True,0.0,
3HBUdn,98,87,Winner_2022,74.8,62.7,2,True,0.0,
3HBUdn,98,88,Winner_2022,74.3,61.7,3,True,0.0,
3HBUdn,98,89,Winner_2022,73.8,61.0,1,True,0.0,
3HBUdn,98,90,Winner_2022,73.3,60.4,1,True,0.0,
3HBUdn,98,91,Winner_2022,72.8,59.7,0,True,0.0,
3HBUdn,98,92,Winner_2022,72.3,58.9,0,True,0.0,
3HBUdn,98,93,Winner_2022,71.8,57.9,3,True,0.0,
3HBUdn,98,94,Winner_2022,71.3,57.3,0,True,0.0,
3HBUdn,98,95,Winner_2022,70.8,56.6,1,True,0.0,
3HBUdn,98,96,Winner_2022,70.3,55.9,3,True,0.0,
3HBUdn,98,97,Winner_2022,69.8,55.5,4,True,0.0,
3HBUdn,98,98,Winner_2022,69.3,55.6,2,True,0.0,
3HBUdn,98,99,Winner_2022,68.8,55.9,0,True,0.0,
3HBUdn,98,100,Winner_2022,68.3,56.1,0,True,0.0,
3HBUdn,99,1,Winner_2022,77.1,34.0,0,True,0.0,
3HBUdn,99,2,Winner_2022,76.6,27.2,0,True,0.0,
3HBUdn,99,3,Winner_2022,76.1,21.8,0,True,0.0,
3HBUdn,99,4,Winner_2022,75.6,17.4,1,True,0.0,
3HBUdn,99,5,Winner_2022,75.1,15.6,0,True,0.0,
3HBUdn,99,6,Winner_2022,74.6,13.6,2,True,0.0,
3HBUdn,99,7,Winner_2022,74.1,13.7,0,True,0.0,
3HBUdn,99,8,Winner_2022,73.6,13.2,2,True,0.0,
3HBUdn,99,9,Winner_2022,73.1,13.9,1,True,0.0,
3HBUdn,99,10,Winner_2022,72.6,14.8,1,True,0.0,
3HBUdn,99,11,Winner_2022,72.1,16.0,0,True,0.0,
3HBUdn,99,12,Winner_2022,71.6,17.0,0,True,0.0,
3HBUdn,99,13,Winner_2022,71.1,17.5,1,True,0.0,
3HBUdn,99,14,Winner_2022,70.6,18.1,1,True,0.0,
3HBUdn,99,15,Winner_2022,70.1,18.9,0,True,0.0,
3HBUdn,99,16,Winner_2022,69.6,19.3,0,True,0.0,
3HBUdn,99,17,Winner_2022,69.1,19.4,2,True,0.0,
3HBUdn,99,18,Winner_2022,68.6,20.1,1,True,0.0,
3HBUdn,99,19,Winner_2022,68.1,21.1,0,True,0.0,
3HBUdn,99,20,Winner_2022,67.6,21.9,1,True,0.0,
3HBUdn,99,21,Winner_2022,67.1,22.9,3,True,0.0,
3HBUdn,99,22,Winner_2022,66.6,25.0,0,True,0.0,
3HBUdn,99,23,Winner_2022,66.1,26.9,3,True,0.0,
3HBUdn,99,24,Winner_2022,65.6,29.8,1,True,0.0,
3HBUdn,99,25,Winner_2022,65.1,33.1,0,True,0.0,
3HBUdn,99,26,Winner_2022,64.6,36.5,2,True,0.0,
3HBUdn,99,27,Winner_2022,64.1,40.8,1,True,0.0,
3HBUdn,99,28,Winner_2022,63.6,45.6,0,True,0.0,
3HBUdn,99,29,Winner_2022,63.1,50.4,1,True,0.0,
3HBUdn,99,30,Winner_2022,62.6,55.7,0,True,0.0,
3HBUdn,99,31,Winner_2022,62.1,61.0,0,True,0.0,
3HBUdn,99,32,Winner_2022,61.6,66.3,1,True,0.0,
3HBUdn,99,33,Winner_2022,62.1,72.4,0,True,0.0,
3HBUdn,99,34,Winner_2022,62.6,78.4,0,True,0.0,
3HBUdn,99,35,Winner_2022,63.1,84.2,0,True,0.0,
3HBUdn,99,36,Winner_2022,63.6,89.8,0,True,0.0,
3HBUdn,99,37,Winner_2022,64.1,95.2,0,True,0.0,
3HBUdn,99,38,Winner_2022,64.6,100.0,0,True,0.0,
3HBUdn,99,39,Winner_2022,65.1,100.0,0,True,0.0,
3HBUdn,99,40,Winner_2022,65.6,100.0,0,True,0.0,
3HBUdn,99,41,Winner_2022,66.1,100.0,0,True,0.0,
3HBUdn,99,42,Winner_2022,66.6,100.0,0,True,0.0,
3HBUdn,99,43,Winner_2022,67.1,100.0,0,True,0.0,
3HBUdn,99,44,Winner_2022,67.6,100.0,0,True,0.0,
3HBUdn,99,45,Winner_2022,68.1,100.0,0,True,0.0,
3HBUdn,99,46,Winner_2022,68.6,100.0,0,True,0.0,
3HBUdn,99,47,Winner_2022,69.1,100.0,0,True,0.0,
3HBUdn,99,48,Winner_2022,69.6,100.0,0,True,0.0,
3HBUdn,99,49,Winner_2022,70.1,100.0,0,True,0.0,
3HBUdn,99,50,Winner_2022,70.6,99.5,0,True,0.0,
3HBUdn,99,51,Winner_2022,71.1,98.6,0,True,0.0,
3HBUdn,99,52,Winner_2022,71.6,97.2,0,True,0.0,
3HBUdn,99,53,Winner_2022,72.1,95.4,0,True,0.0,
3HBUdn,99,54,Winner_2022,72.6,93.0,0,True,0.0,
3HBUdn,99,55,Winner_2022,73.1,90.3,0,True,0.0,
3HBUdn,99,56,Winner_2022,73.6,87.2,0,True,0.0,
3HBUdn,99,57,Winner_2022,74.1,84.0,0,True,0.0,
3HBUdn,99,58,Winner_2022,74.6,80.7,1,True,0.0,
3HBUdn,99,59,Winner_2022,75.1,77.7,0,True,0.0,
3HBUdn,99,60,Winner_2022,75.6,74.5,0,True,0.0,
3HBUdn,99,61,Winner_2022,76.1,71.2,0,True,0.0,
3HBUdn,99,62,Winner_2022,76.6,67.8,3,True,0.0,
3HBUdn,99,63,Winner_2022,77.1,65.4,1,True,0.0,
3HBUdn,99,64,Winner_2022,77.6,63.1,3,True,0.0,
3HBUdn,99,65,Winner_2022,78.1,61.6,3,True,0.0,
3HBUdn,99,66,Winner_2022,78.6,60.8,4,True,0.0,
3HBUdn,99,67,Winner_2022,79.1,60.9,3,True,0.0,
3HBUdn,99,68,Winner_2022,79.6,61.5,4,True,0.0,
3HBUdn,99,69,Winner_2022,80.1,63.0,0,True,0.0,
3HBUdn,99,70,Winner_2022,80.6,64.1,1,True,0.0,
3HBUdn,99,71,Winner_2022,81.1,65.3,2,True,0.0,
3HBUdn,99,72,Winner_2022,81.6,66.6,2,True,0.0,
3HBUdn,99,73,Winner_2022,82.1,68.2,1,True,0.0,
3HBUdn,99,74,Winner_2022,82.6,69.6,2,True,0.0,
3HBUdn,99,75,Winner_2022,83.1,71.1,1,True,0.0,
3HBUdn,99,76,Winner_2022,83.6,72.5,1,True,0.0,
3HBUdn,99,77,Winner_2022,84.1,73.9,0,True,0.0,
3HBUdn,99,78,Winner_2022,84.6,74.8,1,True,0.0,
3HBUdn,99,79,Winner_2022,85.1,75.6,1,True,0.0,
3HBUdn,99,80,Winner_2022,84.6,76.4,1,True,0.0,
3HBUdn,99,81,Winner_2022,84.1,77.0,0,True,0.0,
3HBUdn,99,82,Winner_2022,83.6,77.3,1,True,0.0,
3HBUdn,99,83,Winner_2022,83.1,77.5,1,True,0.0,
3HBUdn,99,84,Winner_2022,82.6,77.6,1,True,0.0,
3HBUdn,99,85,Winner_2022,82.1,77.6,1,True,0.0,
3HBUdn,99,86,Winner_2022,81.6,77.5,0,True,0.0,
3HBUdn,99,87,Winner_2022,81.1,77.0,0,True,0.0,
3HBUdn,99,88,Winner_2022,80.6,76.3,1,True,0.0,
3HBUdn,99,89,Winner_2022,80.1,75.5,0,True,0.0,
3HBUdn,99,90,Winner_2022,79.6,74.4,2,True,0.0,
3HBUdn,99,91,Winner_2022,79.1,73.6,0,True,0.0,
3HBUdn,99,92,Winner_2022,78.6,72.6,2,True,0.0,
3HBUdn,99,93,Winner_2022,78.1,71.8,1,True,0.0,
3HBUdn,99,94,Winner_2022,77.6,71.0,0,True,0.0,
3HBUdn,99,95,Winner_2022,77.1,70.1,1,True,0.0,
3HBUdn,99,96,Winner_2022,76.6,69.3,0,True,0.0,
3HBUdn,99,97,Winner_2022,76.1,68.3,2,True,0.0,
3HBUdn,99,98,Winner_2022,75.6,67.5,1,True,0.0,
3HBUdn,99,99,Winner_2022,75.1,66.8,6,True,0.0,
3HBUdn,99,100,Winner_2022,74.6,67.1,0,True,0.0,
3HBUdn,100,1,Winner_2022,77.6,89.0,0,True,0.0,
3HBUdn,100,2,Winner_2022,77.1,71.2,1,True,0.0,
3HBUdn,100,3,Winner_2022,76.6,68.8,0,True,0.0,
3HBUdn,100,4,Winner_2022,77.1,63.8,0,True,0.0,
3HBUdn,100,5,Winner_2022,77.6,57.2,0,True,0.0,
3HBUdn,100,6,Winner_2022,78.1,50.0,0,True,0.0,
3HBUdn,100,7,Winner_2022,78.6,43.3,0,True,0.0,
3HBUdn,100,8,Winner_2022,79.1,37.1,1,True,0.0,
3HBUdn,100,9,Winner_2022,79.6,33.4,0,True,0.0,
3HBUdn,100,10,Winner_2022,80.1,29.6,1,True,0.0,
3HBUdn,100,11,Winner_2022,80.6,27.3,1,True,0.0,
3HBUdn,100,12,Winner_2022,81.1,25.9,3,True,0.0,
3HBUdn,100,13,Winner_2022,81.6,26.7,0,True,0.0,
3HBUdn,100,14,Winner_2022,82.1,26.9,1,True,0.0,
3HBUdn,100,15,Winner_2022,82.6,27.3,1,True,0.0,
3HBUdn,100,16,Winner_2022,83.1,27.9,0,True,0.0,
3HBUdn,100,17,Winner_2022,83.6,28.0,1,True,0.0,
3HBUdn,100,18,Winner_2022,83.1,28.5,0,True,0.0,
3HBUdn,100,19,Winner_2022,82.6,28.7,0,True,0.0,
3HBUdn,100,20,Winner_2022,82.1,28.6,2,True,0.0,
3HBUdn,100,21,Winner_2022,81.6,29.5,2,True,0.0,
3HBUdn,100,22,Winner_2022,81.1,31.0,1,True,0.0,
3HBUdn,100,23,Winner_2022,80.6,32.9,1,True,0.0,
3HBUdn,100,24,Winner_2022,80.1,34.8,1,True,0.0,
3HBUdn,100,25,Winner_2022,79.6,37.1,2,True,0.0,
3HBUdn,100,26,Winner_2022,79.1,40.3,0,True,0.0,
3HBUdn,100,27,Winner_2022,78.6,43.3,0,True,0.0,
3HBUdn,100,28,Winner_2022,78.1,46.0,0,True,0.0,
3HBUdn,100,29,Winner_2022,77.6,48.4,2,True,0.0,
3HBUdn,100,30,Winner_2022,77.1,51.6,0,True,0.0,
3HBUdn,100,31,Winner_2022,76.6,54.6,2,True,0.0,
3HBUdn,100,32,Winner_2022,76.1,58.8,1,True,0.0,
3HBUdn,100,33,Winner_2022,75.6,63.4,0,True,0.0,
3HBUdn,100,34,Winner_2022,75.1,68.0,0,True,0.0,
3HBUdn,100,35,Winner_2022,74.6,72.2,1,True,0.0,
3HBUdn,100,36,Winner_2022,74.1,77.1,1,True,0.0,
3HBUdn,100,37,Winner_2022,73.6,82.5,0,True,0.0,
3HBUdn,100,38,Winner_2022,73.1,87.7,0,True,0.0,
3HBUdn,100,39,Winner_2022,72.6,92.7,0,True,0.0,
3HBUdn,100,40,Winner_2022,72.1,97.6,0,True,0.0,
3HBUdn,100,41,Winner_2022,71.6,100.0,0,True,0.0,
3HBUdn,100,42,Winner_2022,72.1,100.0,0,True,0.0,
3HBUdn,100,43,Winner_2022,72.6,100.0,0,True,0.0,
3HBUdn,100,44,Winner_2022,73.1,100.0,0,True,0.0,
3HBUdn,100,45,Winner_2022,73.6,100.0,0,True,0.0,
3HBUdn,100,46,Winner_2022,74.1,100.0,0,True,0.0,
3HBUdn,100,47,Winner_2022,74.6,100.0,0,True,0.0,
3HBUdn,100,48,Winner_2022,75.1,100.0,0,True,0.0,
3HBUdn,100,49,Winner_2022,75.6,100.0,0,True,0.0,
3HBUdn,100,50,Winner_2022,76.1,100.0,0,True,0.0,
3HBUdn,100,51,Winner_2022,76.6,99.9,0,True,0.0,
3HBUdn,100,52,Winner_2022,77.1,99.3,0,True,0.0,
3HBUdn,100,53,Winner_2022,77.6,98.1,0,True,0.0,
3HBUdn,100,54,Winner_2022,78.1,96.3,0,True,0.0,
3HBUdn,100,55,Winner_2022,78.6,94.1,0,True,0.0,
3HBUdn,100,56,Winner_2022,79.1,91.6,0,True,0.0,
3HBUdn,100,57,Winner_2022,79.6,88.8,0,True,0.0,
3HBUdn,100,58,Winner_2022,80.1,85.9,0,True,0.0,
3HBUdn,100,59,Winner_2022,80.6,82.7,0,True,0.0,
3HBUdn,100,60,Winner_2022,81.1,79.3,0,True,0.0,
3HBUdn,100,61,Winner_2022,81.6,75.8,1,True,0.0,
3HBUdn,100,62,Winner_2022,82.1,72.6,3,True,0.0,
3HBUdn,100,63,Winner_2022,82.6,70.4,1,True,0.0,
3HBUdn,100,64,Winner_2022,82.1,68.4,0,True,0.0,
3HBUdn,100,65,Winner_2022,81.6,66.0,0,True,0.0,
3HBUdn,100,66,Winner_2022,81.1,63.4,5,True,0.0,
3HBUdn,100,67,Winner_2022,80.6,62.3,1,True,0.0,
3HBUdn,100,68,Winner_2022,80.1,61.0,0,True,0.0,
3HBUdn,100,69,Winner_2022,79.6,59.6,3,True,0.0,
3HBUdn,100,70,Winner_2022,79.1,58.8,1,True,0.0,
3HBUdn,100,71,Winner_2022,78.6,57.9,2,True,0.0,
3HBUdn,100,72,Winner_2022,78.1,57.3,0,True,0.0,
3HBUdn,100,73,Winner_2022,77.6,56.5,2,True,0.0,
3HBUdn,100,74,Winner_2022,77.1,55.8,0,True,0.0,
3HBUdn,100,75,Winner_2022,76.6,54.7,2,True,0.0,
3HBUdn,100,76,Winner_2022,76.1,53.9,2,True,0.0,
3HBUdn,100,77,Winner_2022,75.6,53.2,0,True,0.0,
3HBUdn,100,78,Winner_2022,75.1,52.3,1,True,0.0,
3HBUdn,100,79,Winner_2022,74.6,51.4,0,True,0.0,
3HBUdn,100,80,Winner_2022,74.1,50.2,1,True,0.0,
3HBUdn,100,81,Winner_2022,73.6,49.1,0,True,0.0,
3HBUdn,100,82,Winner_2022,73.1,47.8,2,True,0.0,
3HBUdn,100,83,Winner_2022,72.6,46.6,1,True,0.0,
3HBUdn,100,84,Winner_2022,72.1,45.5,0,True,0.0,
3HBUdn,100,85,Winner_2022,71.6,44.2,3,True,0.0,
3HBUdn,100,86,Winner_2022,71.1,43.2,2,True,0.0,
3HBUdn,100,87,Winner_2022,70.6,42.2,1,True,0.0,
3HBUdn,100,88,Winner_2022,70.1,41.3,1,True,0.0,
3HBUdn,100,89,Winner_2022,69.6,40.4,2,True,0.0,
3HBUdn,100,90,Winner_2022,69.1,39.6,1,True,0.0,
3HBUdn,100,91,Winner_2022,68.6,38.8,1,True,0.0,
3HBUdn,100,92,Winner_2022,68.1,38.1,1,True,0.0,
3HBUdn,100,93,Winner_2022,67.6,37.4,1,True,0.0,
3HBUdn,100,94,Winner_2022,67.1,36.7,0,True,0.0,
3HBUdn,100,95,Winner_2022,66.6,35.9,0,True,0.0,
3HBUdn,100,96,Winner_2022,66.1,35.1,4,True,0.0,
3HBUdn,100,97,Winner_2022,65.6,34.6,0,True,0.0,
3HBUdn,100,98,Winner_2022,65.1,34.0,2,True,0.0,
3HBUdn,100,99,Winner_2022,64.6,33.6,2,True,0.0,
3HBUdn,100,100,Winner_2022,64.1,33.3,3,True,0.0,
4VozWQ,1,1,Winner_2022,49.5,88.0,0,True,0.0,
4VozWQ,1,2,Winner_2022,50.0,70.4,0,True,0.001,
4VozWQ,1,3,Winner_2022,50.5,56.3,0,True,0.0,
4VozWQ,1,4,Winner_2022,51.0,45.1,1,True,0.0,
4VozWQ,1,5,Winner_2022,51.5,40.4,2,True,0.0,
4VozWQ,1,6,Winner_2022,52.0,41.3,1,True,0.0,
4VozWQ,1,7,Winner_2022,52.5,44.1,0,True,0.0,
4VozWQ,1,8,Winner_2022,53.0,45.3,0,True,0.0,
4VozWQ,1,9,Winner_2022,53.5,45.2,1,True,0.0,
4VozWQ,1,10,Winner_2022,54.0,46.1,1,True,0.0,
4VozWQ,1,11,Winner_2022,54.5,48.1,1,True,0.0,
4VozWQ,1,12,Winner_2022,55.0,51.0,0,True,0.0,
4VozWQ,1,13,Winner_2022,55.5,52.5,0,True,0.0,
4VozWQ,1,14,Winner_2022,56.0,52.9,0,True,0.0,
4VozWQ,1,15,Winner_2022,56.5,52.3,0,True,0.0,
4VozWQ,1,16,Winner_2022,57.0,50.9,1,True,0.0,
4VozWQ,1,17,Winner_2022,57.5,50.0,0,True,0.0,
4VozWQ,1,18,Winner_2022,58.0,48.7,1,True,0.0,
4VozWQ,1,19,Winner_2022,58.5,48.0,0,True,0.0,
4VozWQ,1,20,Winner_2022,58.0,46.9,0,True,0.0,
4VozWQ,1,21,Winner_2022,57.5,45.6,0,True,0.0,
4VozWQ,1,22,Winner_2022,57.0,43.9,1,True,0.0,
4VozWQ,1,23,Winner_2022,56.5,42.7,1,True,0.0,
4VozWQ,1,24,Winner_2022,57.0,41.8,0,True,0.0,
4VozWQ,1,25,Winner_2022,57.5,40.6,0,True,0.0,
4VozWQ,1,26,Winner_2022,57.0,39.2,3,True,0.0,
4VozWQ,1,27,Winner_2022,56.5,39.3,0,True,0.0,
4VozWQ,1,28,Winner_2022,56.0,39.0,1,True,0.0,
4VozWQ,1,29,Winner_2022,55.5,39.0,2,True,0.0,
4VozWQ,1,30,Winner_2022,55.0,39.6,1,True,0.0,
4VozWQ,1,31,Winner_2022,54.5,40.4,2,True,0.0,
4VozWQ,1,32,Winner_2022,54.0,42.1,2,True,0.0,
4VozWQ,1,33,Winner_2022,53.5,44.4,0,True,0.0,
4VozWQ,1,34,Winner_2022,53.0,46.6,0,True,0.0,
4VozWQ,1,35,Winner_2022,52.5,48.5,0,True,0.0,
4VozWQ,1,36,Winner_2022,52.0,50.2,2,True,0.0,
4VozWQ,1,37,Winner_2022,51.5,52.7,2,True,0.0,
4VozWQ,1,38,Winner_2022,51.0,56.0,0,True,0.0,
4VozWQ,1,39,Winner_2022,50.5,59.2,0,True,0.0,
4VozWQ,1,40,Winner_2022,50.0,62.3,0,True,0.0,
4VozWQ,1,41,Winner_2022,49.5,65.2,0,True,0.0,
4VozWQ,1,42,Winner_2022,49.0,67.8,0,True,0.0,
4VozWQ,1,43,Winner_2022,49.5,70.1,0,True,0.0,
4VozWQ,1,44,Winner_2022,49.0,72.2,0,True,0.0,
4VozWQ,1,45,Winner_2022,49.5,74.0,0,True,0.0,
4VozWQ,1,46,Winner_2022,50.0,75.4,0,True,0.0,
4VozWQ,1,47,Winner_2022,50.5,76.6,0,True,0.0,
4VozWQ,1,48,Winner_2022,51.0,77.5,0,True,0.0,
4VozWQ,1,49,Winner_2022,51.5,78.2,0,True,0.0,
4VozWQ,1,50,Winner_2022,52.0,78.3,0,True,0.0,
4VozWQ,1,51,Winner_2022,52.5,78.2,0,True,0.0,
4VozWQ,1,52,Winner_2022,53.0,77.8,0,True,0.0,
4VozWQ,1,53,Winner_2022,53.5,76.9,0,True,0.0,
4VozWQ,1,54,Winner_2022,54.0,75.5,0,True,0.0,
4VozWQ,1,55,Winner_2022,54.5,73.8,0,True,0.0,
4VozWQ,1,56,Winner_2022,55.0,71.8,0,True,0.0,
4VozWQ,1,57,Winner_2022,55.5,69.6,0,True,0.0,
4VozWQ,1,58,Winner_2022,56.0,67.3,0,True,0.0,
4VozWQ,1,59,Winner_2022,56.5,64.8,0,True,0.0,
4VozWQ,1,60,Winner_2022,57.0,62.2,0,True,0.0,
4VozWQ,1,61,Winner_2022,57.5,59.4,1,True,0.0,
4VozWQ,1,62,Winner_2022,58.0,56.8,0,True,0.0,
4VozWQ,1,63,Winner_2022,58.5,54.2,0,True,0.0,
4VozWQ,1,64,Winner_2022,58.0,51.4,0,True,0.0,
4VozWQ,1,65,Winner_2022,57.5,48.6,0,True,0.0,
4VozWQ,1,66,Winner_2022,57.0,45.7,1,True,0.0,
4VozWQ,1,67,Winner_2022,56.5,43.0,2,True,0.0,
4VozWQ,1,68,Winner_2022,56.0,40.7,1,True,0.0,
4VozWQ,1,69,Winner_2022,55.5,38.5,0,True,0.0,
4VozWQ,1,70,Winner_2022,55.0,36.4,0,True,0.0,
4VozWQ,1,71,Winner_2022,54.5,34.2,1,True,0.0,
4VozWQ,1,72,Winner_2022,54.0,32.2,2,True,0.0,
4VozWQ,1,73,Winner_2022,53.5,30.5,0,True,0.0,
4VozWQ,1,74,Winner_2022,53.0,28.7,1,True,0.0,
4VozWQ,1,75,Winner_2022,52.5,27.0,0,True,0.0,
4VozWQ,1,76,Winner_2022,52.0,25.3,0,True,0.0,
4VozWQ,1,77,Winner_2022,51.5,23.7,3,True,0.0,
4VozWQ,1,78,Winner_2022,51.0,22.3,1,True,0.0,
4VozWQ,1,79,Winner_2022,50.5,21.0,1,True,0.0,
4VozWQ,1,80,Winner_2022,50.0,19.8,1,True,0.0,
4VozWQ,1,81,Winner_2022,49.5,18.6,1,True,0.0,
4VozWQ,1,82,Winner_2022,49.0,17.6,3,True,0.0,
4VozWQ,1,83,Winner_2022,48.5,16.7,3,True,0.0,
4VozWQ,1,84,Winner_2022,48.0,15.9,0,True,0.0,
4VozWQ,1,85,Winner_2022,47.5,15.2,1,True,0.0,
4VozWQ,1,86,Winner_2022,47.0,14.5,1,True,0.0,
4VozWQ,1,87,Winner_2022,46.5,13.7,1,True,0.0,
4VozWQ,1,88,Winner_2022,46.0,13.1,2,True,0.0,
4VozWQ,1,89,Winner_2022,45.5,12.5,1,True,0.0,
4VozWQ,1,90,Winner_2022,45.0,11.9,1,True,0.0,
4VozWQ,1,91,Winner_2022,44.5,11.4,2,True,0.0,
4VozWQ,1,92,Winner_2022,44.0,10.9,2,True,0.0,
4VozWQ,1,93,Winner_2022,43.5,10.5,1,True,0.0,
4VozWQ,1,94,Winner_2022,43.0,10.1,4,True,0.0,
4VozWQ,1,95,Winner_2022,42.5,9.8,1,True,0.0,
4VozWQ,1,96,Winner_2022,42.0,9.5,1,True,0.0,
4VozWQ,1,97,Winner_2022,41.5,9.3,2,True,0.0,
4VozWQ,1,98,Winner_2022,41.0,9.0,1,True,0.0,
4VozWQ,1,99,Winner_2022,40.5,8.8,0,True,0.0,
4VozWQ,1,100,Winner_2022,40.0,8.6,0,True,0.0,
4VozWQ,2,1,Winner_2022,52.1,44.0,0,True,0.0,
4VozWQ,2,2,Winner_2022,51.6,35.2,1,True,0.0,
4VozWQ,2,3,Winner_2022,51.1,34.0,0,True,0.0,
4VozWQ,2,4,Winner_2022,50.6,31.5,0,True,0.0,
4VozWQ,2,5,Winner_2022,50.1,28.3,2,True,0.0,
4VozWQ,2,6,Winner_2022,49.6,28.9,0,True,0.0,
4VozWQ,2,7,Winner_2022,49.1,28.9,3,True,0.0,
4VozWQ,2,8,Winner_2022,48.6,33.0,2,True,0.0,
4VozWQ,2,9,Winner_2022,48.1,39.4,0,True,0.0,
4VozWQ,2,10,Winner_2022,47.6,45.4,1,True,0.0,
4VozWQ,2,11,Winner_2022,47.1,53.0,0,True,0.0,
4VozWQ,2,12,Winner_2022,46.6,60.1,0,True,0.0,
4VozWQ,2,13,Winner_2022,46.1,65.8,0,True,0.0,
4VozWQ,2,14,Winner_2022,45.6,70.3,0,True,0.0,
4VozWQ,2,15,Winner_2022,45.1,73.2,0,True,0.0,
4VozWQ,2,16,Winner_2022,44.6,74.8,0,True,0.0,
4VozWQ,2,17,Winner_2022,44.1,75.2,0,True,0.0,
4VozWQ,2,18,Winner_2022,43.6,74.8,0,True,0.0,
4VozWQ,2,19,Winner_2022,43.1,73.8,0,True,0.0,
4VozWQ,2,20,Winner_2022,42.6,72.2,0,True,0.0,
4VozWQ,2,21,Winner_2022,42.1,70.1,0,True,0.0,
4VozWQ,2,22,Winner_2022,41.6,67.5,0,True,0.0,
4VozWQ,2,23,Winner_2022,41.1,64.5,0,True,0.0,
4VozWQ,2,24,Winner_2022,40.6,61.0,0,True,0.0,
4VozWQ,2,25,Winner_2022,40.1,57.4,0,True,0.0,
4VozWQ,2,26,Winner_2022,39.6,53.7,0,True,0.0,
4VozWQ,2,27,Winner_2022,39.1,49.9,0,True,0.0,
4VozWQ,2,28,Winner_2022,38.6,46.1,0,True,0.0,
4VozWQ,2,29,Winner_2022,38.1,42.4,0,True,0.0,
4VozWQ,2,30,Winner_2022,37.6,38.8,0,True,0.0,
4VozWQ,2,31,Winner_2022,37.1,35.3,0,True,0.0,
4VozWQ,2,32,Winner_2022,36.6,32.1,2,True,0.0,
4VozWQ,2,33,Winner_2022,36.1,29.8,2,True,0.0,
4VozWQ,2,34,Winner_2022,35.6,28.2,0,True,0.0,
4VozWQ,2,35,Winner_2022,35.1,26.6,1,True,0.0,
4VozWQ,2,36,Winner_2022,34.6,25.2,2,True,0.0,
4VozWQ,2,37,Winner_2022,34.1,24.4,1,True,0.0,
4VozWQ,2,38,Winner_2022,33.6,23.7,2,True,0.0,
4VozWQ,2,39,Winner_2022,33.1,23.4,0,True,0.0,
4VozWQ,2,40,Winner_2022,32.6,23.0,1,True,0.0,
4VozWQ,2,41,Winner_2022,32.1,22.8,0,True,0.0,
4VozWQ,2,42,Winner_2022,31.6,22.4,0,True,0.0,
4VozWQ,2,43,Winner_2022,31.1,22.0,1,True,0.0,
4VozWQ,2,44,Winner_2022,30.6,21.7,0,True,0.0,
4VozWQ,2,45,Winner_2022,30.1,21.3,1,True,0.0,
4VozWQ,2,46,Winner_2022,29.6,21.0,0,True,0.0,
4VozWQ,2,47,Winner_2022,29.1,20.6,1,True,0.0,
4VozWQ,2,48,Winner_2022,28.6,20.3,0,True,0.0,
4VozWQ,2,49,Winner_2022,28.1,20.0,0,True,0.0,
4VozWQ,2,50,Winner_2022,27.6,19.6,0,True,0.0,
4VozWQ,2,51,Winner_2022,27.1,19.1,2,True,0.0,
4VozWQ,2,52,Winner_2022,26.6,18.9,0,True,0.0,
4VozWQ,2,53,Winner_2022,26.1,18.5,3,True,0.0,
4VozWQ,2,54,Winner_2022,25.6,18.4,1,True,0.0,
4VozWQ,2,55,Winner_2022,25.1,18.4,1,True,0.0,
4VozWQ,2,56,Winner_2022,24.6,18.4,2,True,0.0,
4VozWQ,2,57,Winner_2022,24.1,18.6,0,True,0.0,
4VozWQ,2,58,Winner_2022,23.6,18.7,0,True,0.0,
4VozWQ,2,59,Winner_2022,23.1,18.7,0,True,0.0,
4VozWQ,2,60,Winner_2022,22.6,18.6,0,True,0.0,
4VozWQ,2,61,Winner_2022,22.1,18.4,2,True,0.0,
4VozWQ,2,62,Winner_2022,21.6,18.4,1,True,0.0,
4VozWQ,2,63,Winner_2022,21.1,18.4,0,True,0.0,
4VozWQ,2,64,Winner_2022,20.6,18.3,0,True,0.0,
4VozWQ,2,65,Winner_2022,20.1,18.0,0,True,0.0,
4VozWQ,2,66,Winner_2022,19.6,17.7,2,True,0.0,
4VozWQ,2,67,Winner_2022,19.1,17.4,1,True,0.0,
4VozWQ,2,68,Winner_2022,18.6,17.2,1,True,0.0,
4VozWQ,2,69,Winner_2022,18.1,16.9,1,True,0.0,
4VozWQ,2,70,Winner_2022,17.6,16.7,2,True,0.0,
4VozWQ,2,71,Winner_2022,17.1,16.5,0,True,0.0,
4VozWQ,2,72,Winner_2022,16.8,16.3,1,True,0.0,
4VozWQ,2,73,Winner_2022,16.6,16.1,0,True,0.0,
4VozWQ,2,74,Winner_2022,16.3,15.7,0,True,0.0,
4VozWQ,2,75,Winner_2022,16.0,15.3,0,True,0.0,
4VozWQ,2,76,Winner_2022,15.7,14.8,0,True,0.0,
4VozWQ,2,77,Winner_2022,15.2,14.3,1,True,0.0,
4VozWQ,2,78,Winner_2022,14.8,13.8,1,True,0.0,
4VozWQ,2,79,Winner_2022,14.3,13.3,0,True,0.0,
4VozWQ,2,80,Winner_2022,13.8,12.8,0,True,0.0,
4VozWQ,2,81,Winner_2022,13.3,12.2,0,True,0.0,
4VozWQ,2,82,Winner_2022,12.8,11.6,0,True,0.0,
4VozWQ,2,83,Winner_2022,12.3,11.0,2,True,0.0,
4VozWQ,2,84,Winner_2022,11.8,10.5,0,True,0.0,
4VozWQ,2,85,Winner_2022,11.3,10.0,3,True,0.0,
4VozWQ,2,86,Winner_2022,10.8,9.5,2,True,0.0,
4VozWQ,2,87,Winner_2022,10.3,9.1,1,True,0.0,
4VozWQ,2,88,Winner_2022,9.8,8.7,0,True,0.0,
4VozWQ,2,89,Winner_2022,9.3,8.3,2,True,0.0,
4VozWQ,2,90,Winner_2022,8.8,8.0,1,True,0.0,
4VozWQ,2,91,Winner_2022,8.4,7.7,0,True,0.0,
4VozWQ,2,92,Winner_2022,8.0,7.3,0,True,0.0,
4VozWQ,2,93,Winner_2022,7.7,7.0,1,True,0.0,
4VozWQ,2,94,Winner_2022,7.3,6.7,0,True,0.0,
4VozWQ,2,95,Winner_2022,7.0,6.3,0,True,0.0,
4VozWQ,2,96,Winner_2022,6.7,6.0,1,True,0.0,
4VozWQ,2,97,Winner_2022,6.3,5.7,1,True,0.0,
4VozWQ,2,98,Winner_2022,6.0,5.5,0,True,0.0,
4VozWQ,2,99,Winner_2022,5.8,5.2,2,True,0.0,
4VozWQ,2,100,Winner_2022,5.5,5.0,1,True,0.0,
4VozWQ,3,1,Winner_2022,39.9,80.0,0,True,0.0,
4VozWQ,3,2,Winner_2022,39.4,64.0,0,True,0.0,
4VozWQ,3,3,Winner_2022,38.9,51.2,0,True,0.0,
4VozWQ,3,4,Winner_2022,38.4,41.0,0,True,0.0,
4VozWQ,3,5,Winner_2022,37.9,32.8,3,True,0.0,
4VozWQ,3,6,Winner_2022,37.4,33.5,1,True,0.0,
4VozWQ,3,7,Winner_2022,36.9,35.8,1,True,0.0,
4VozWQ,3,8,Winner_2022,36.4,38.8,0,True,0.0,
4VozWQ,3,9,Winner_2022,35.9,40.6,0,True,0.0,
4VozWQ,3,10,Winner_2022,35.4,41.4,0,True,0.0,
4VozWQ,3,11,Winner_2022,34.9,41.5,0,True,0.0,
4VozWQ,3,12,Winner_2022,34.4,41.0,0,True,0.0,
4VozWQ,3,13,Winner_2022,33.9,39.5,0,True,0.0,
4VozWQ,3,14,Winner_2022,33.4,37.5,1,True,0.0,
4VozWQ,3,15,Winner_2022,32.9,36.0,0,True,0.0,
4VozWQ,3,16,Winner_2022,32.4,34.1,0,True,0.0,
4VozWQ,3,17,Winner_2022,31.9,32.0,2,True,0.0,
4VozWQ,3,18,Winner_2022,31.9,31.1,1,True,0.0,
4VozWQ,3,19,Winner_2022,31.5,30.7,0,True,0.0,
4VozWQ,3,20,Winner_2022,31.1,30.0,0,True,0.0,
4VozWQ,3,21,Winner_2022,30.6,29.2,0,True,0.0,
4VozWQ,3,22,Winner_2022,30.1,28.1,1,True,0.0,
4VozWQ,3,23,Winner_2022,29.6,27.3,0,True,0.0,
4VozWQ,3,24,Winner_2022,29.1,26.3,1,True,0.0,
4VozWQ,3,25,Winner_2022,28.6,25.5,0,True,0.0,
4VozWQ,3,26,Winner_2022,28.1,24.6,0,True,0.0,
4VozWQ,3,27,Winner_2022,27.6,23.6,0,True,0.0,
4VozWQ,3,28,Winner_2022,27.1,22.5,1,True,0.0,
4VozWQ,3,29,Winner_2022,26.6,21.6,0,True,0.0,
4VozWQ,3,30,Winner_2022,26.1,20.6,1,True,0.0,
4VozWQ,3,31,Winner_2022,25.6,19.7,0,True,0.0,
4VozWQ,3,32,Winner_2022,25.1,18.9,1,True,0.0,
4VozWQ,3,33,Winner_2022,24.6,18.2,0,True,0.0,
4VozWQ,3,34,Winner_2022,24.1,17.4,1,True,0.0,
4VozWQ,3,35,Winner_2022,23.6,16.8,0,True,0.0,
4VozWQ,3,36,Winner_2022,23.1,16.1,2,True,0.0,
4VozWQ,3,37,Winner_2022,22.6,15.7,0,True,0.0,
4VozWQ,3,38,Winner_2022,22.1,15.3,0,True,0.0,
4VozWQ,3,39,Winner_2022,21.6,14.8,0,True,0.0,
4VozWQ,3,40,Winner_2022,21.1,14.3,0,True,0.0,
4VozWQ,3,41,Winner_2022,20.6,13.7,0,True,0.0,
4VozWQ,3,42,Winner_2022,20.1,13.1,1,True,0.0,
4VozWQ,3,43,Winner_2022,19.6,12.7,0,True,0.0,
4VozWQ,3,44,Winner_2022,19.1,12.1,1,True,0.0,
4VozWQ,3,45,Winner_2022,18.6,11.7,0,True,0.0,
4VozWQ,3,46,Winner_2022,18.1,11.2,2,True,0.0,
4VozWQ,3,47,Winner_2022,17.6,10.9,1,True,0.0,
4VozWQ,3,48,Winner_2022,17.1,10.7,0,True,0.0,
4VozWQ,3,49,Winner_2022,16.6,10.5,2,True,0.0,
4VozWQ,3,50,Winner_2022,16.1,10.3,0,True,0.0,
4VozWQ,3,51,Winner_2022,15.6,10.2,0,True,0.0,
4VozWQ,3,52,Winner_2022,15.1,9.9,0,True,0.0,
4VozWQ,3,53,Winner_2022,14.6,9.7,0,True,0.0,
4VozWQ,3,54,Winner_2022,14.1,9.4,0,True,0.0,
4VozWQ,3,55,Winner_2022,13.6,9.0,0,True,0.0,
4VozWQ,3,56,Winner_2022,13.1,8.7,1,True,0.0,
4VozWQ,3,57,Winner_2022,12.6,8.3,0,True,0.0,
4VozWQ,3,58,Winner_2022,12.1,8.0,0,True,0.0,
4VozWQ,3,59,Winner_2022,11.6,7.7,1,True,0.0,
4VozWQ,3,60,Winner_2022,11.1,7.4,0,True,0.0,
4VozWQ,3,61,Winner_2022,10.6,7.0,3,True,0.0,
4VozWQ,3,62,Winner_2022,10.1,6.8,1,True,0.0,
4VozWQ,3,63,Winner_2022,9.6,6.6,1,True,0.0,
4VozWQ,3,64,Winner_2022,9.1,6.4,0,True,0.0,
4VozWQ,3,65,Winner_2022,8.6,6.2,1,True,0.0,
4VozWQ,3,66,Winner_2022,8.1,6.0,1,True,0.0,
4VozWQ,3,67,Winner_2022,7.6,5.8,1,True,0.0,
4VozWQ,3,68,Winner_2022,7.1,5.6,1,True,0.0,
4VozWQ,3,69,Winner_2022,6.6,5.4,0,True,0.0,
4VozWQ,3,70,Winner_2022,6.1,5.2,0,True,0.0,
4VozWQ,3,71,Winner_2022,5.7,5.0,1,True,0.0,
4VozWQ,3,72,Winner_2022,5.3,5.0,0,True,0.0,
4VozWQ,3,73,Winner_2022,5.2,5.0,0,True,0.0,
4VozWQ,3,74,Winner_2022,5.1,5.0,1,True,0.0,
4VozWQ,3,75,Winner_2022,5.0,5.0,0,True,0.0,
4VozWQ,3,76,Winner_2022,5.0,5.0,1,True,0.0,
4VozWQ,3,77,Winner_2022,5.0,5.0,0,True,0.0,
4VozWQ,3,78,Winner_2022,5.0,5.0,0,True,0.0,
4VozWQ,3,79,Winner_2022,5.0,5.0,0,True,0.0,
4VozWQ,3,80,Winner_2022,5.0,5.0,1,True,0.0,
4VozWQ,3,81,Winner_2022,5.0,5.0,2,True,0.0,
4VozWQ,3,82,Winner_2022,5.0,5.0,0,True,0.0,
4VozWQ,3,83,Winner_2022,5.0,5.0,0,True,0.0,
4VozWQ,3,84,Winner_2022,5.0,5.0,0,True,0.0,
4VozWQ,3,85,Winner_2022,5.0,5.0,0,True,0.0,
4VozWQ,3,86,Winner_2022,5.0,5.0,0,True,0.0,
4VozWQ,3,87,Winner_2022,5.0,5.0,1,True,0.0,
4VozWQ,3,88,Winner_2022,5.0,5.0,2,True,0.0,
4VozWQ,3,89,Winner_2022,5.0,5.0,2,True,0.0,
4VozWQ,3,90,Winner_2022,5.0,5.0,1,True,0.0,
4VozWQ,3,91,Winner_2022,5.0,5.0,0,True,0.0,
4VozWQ,3,92,Winner_2022,5.0,5.0,0,True,0.0,
4VozWQ,3,93,Winner_2022,5.0,5.0,2,True,0.0,
4VozWQ,3,94,Winner_2022,5.0,5.0,1,True,0.0,
4VozWQ,3,95,Winner_2022,5.0,5.0,3,True,0.0,
4VozWQ,3,96,Winner_2022,5.0,5.0,1,True,0.0,
4VozWQ,3,97,Winner_2022,5.0,5.0,1,True,0.0,
4VozWQ,3,98,Winner_2022,5.0,5.0,0,True,0.0,
4VozWQ,3,99,Winner_2022,5.0,5.0,1,True,0.0,
4VozWQ,3,100,Winner_2022,5.0,5.0,3,True,0.0,
4VozWQ,4,1,Winner_2022,22.7,36.0,0,True,0.0,
4VozWQ,4,2,Winner_2022,22.2,28.8,1,True,0.0,
4VozWQ,4,3,Winner_2022,21.7,27.8,0,True,0.0,
4VozWQ,4,4,Winner_2022,21.2,25.8,0,True,0.0,
4VozWQ,4,5,Winner_2022,20.7,23.1,0,True,0.0,
4VozWQ,4,6,Winner_2022,20.2,20.2,0,True,0.0,
4VozWQ,4,7,Winner_2022,20.2,17.5,0,True,0.0,
4VozWQ,4,8,Winner_2022,19.7,15.0,0,True,0.0,
4VozWQ,4,9,Winner_2022,19.2,12.8,0,True,0.0,
4VozWQ,4,10,Winner_2022,18.7,10.8,1,True,0.0,
4VozWQ,4,11,Winner_2022,18.2,9.5,0,True,0.0,
4VozWQ,4,12,Winner_2022,17.7,8.3,1,True,0.0,
4VozWQ,4,13,Winner_2022,17.2,7.5,0,True,0.0,
4VozWQ,4,14,Winner_2022,16.7,6.6,0,True,0.0,
4VozWQ,4,15,Winner_2022,16.2,5.8,1,True,0.0,
4VozWQ,4,16,Winner_2022,15.7,5.2,2,True,0.0,
4VozWQ,4,17,Winner_2022,15.2,5.0,0,True,0.0,
4VozWQ,4,18,Winner_2022,14.7,5.0,1,True,0.0,
4VozWQ,4,19,Winner_2022,14.2,5.0,2,True,0.0,
4VozWQ,4,20,Winner_2022,13.7,5.0,1,True,0.0,
4VozWQ,4,21,Winner_2022,13.2,5.0,0,True,0.0,
4VozWQ,4,22,Winner_2022,12.7,5.0,0,True,0.0,
4VozWQ,4,23,Winner_2022,12.2,5.0,3,True,0.0,
4VozWQ,4,24,Winner_2022,11.7,5.1,0,True,0.0,
4VozWQ,4,25,Winner_2022,11.2,5.1,1,True,0.0,
4VozWQ,4,26,Winner_2022,10.7,5.1,1,True,0.0,
4VozWQ,4,27,Winner_2022,10.2,5.2,3,True,0.0,
4VozWQ,4,28,Winner_2022,9.7,5.5,0,True,0.0,
4VozWQ,4,29,Winner_2022,9.2,5.7,0,True,0.0,
4VozWQ,4,30,Winner_2022,8.7,5.8,1,True,0.0,
4VozWQ,4,31,Winner_2022,8.2,6.0,1,True,0.0,
4VozWQ,4,32,Winner_2022,7.7,6.3,1,True,0.0,
4VozWQ,4,33,Winner_2022,7.2,6.6,0,True,0.0,
4VozWQ,4,34,Winner_2022,6.9,6.8,0,True,0.0,
4VozWQ,4,35,Winner_2022,6.8,7.0,0,True,0.0,
4VozWQ,4,36,Winner_2022,6.8,7.2,1,True,0.0,
4VozWQ,4,37,Winner_2022,6.6,7.4,0,True,0.0,
4VozWQ,4,38,Winner_2022,6.2,7.5,0,True,0.0,
4VozWQ,4,39,Winner_2022,5.7,7.7,1,True,0.0,
4VozWQ,4,40,Winner_2022,5.2,7.9,0,True,0.0,
4VozWQ,4,41,Winner_2022,4.7,8.0,0,True,0.0,
4VozWQ,4,42,Winner_2022,4.2,8.1,0,True,0.0,
4VozWQ,4,43,Winner_2022,3.7,8.2,0,True,0.0,
4VozWQ,4,44,Winner_2022,3.2,8.2,0,True,0.0,
4VozWQ,4,45,Winner_2022,2.7,8.2,1,True,0.0,
4VozWQ,4,46,Winner_2022,2.2,8.2,0,True,0.0,
4VozWQ,4,47,Winner_2022,1.7,8.2,0,True,0.0,
4VozWQ,4,48,Winner_2022,1.2,8.1,0,True,0.0,
4VozWQ,4,49,Winner_2022,0.7,8.1,0,True,0.0,
4VozWQ,4,50,Winner_2022,0.2,8.0,0,True,0.0,
4VozWQ,4,51,Winner_2022,0.1,7.8,0,True,0.0,
4VozWQ,4,52,Winner_2022,0.1,7.7,0,True,0.0,
4VozWQ,4,53,Winner_2022,0.1,7.5,1,True,0.0,
4VozWQ,4,54,Winner_2022,0.1,7.3,0,True,0.0,
4VozWQ,4,55,Winner_2022,0.1,7.1,2,True,0.0,
4VozWQ,4,56,Winner_2022,0.1,6.9,0,True,0.0,
4VozWQ,4,57,Winner_2022,0.1,6.8,0,True,0.0,
4VozWQ,4,58,Winner_2022,0.1,6.6,0,True,0.0,
4VozWQ,4,59,Winner_2022,0.1,6.4,0,True,0.0,
4VozWQ,4,60,Winner_2022,0.1,6.2,0,True,0.0,
4VozWQ,4,61,Winner_2022,0.1,5.9,0,True,0.0,
4VozWQ,4,62,Winner_2022,0.1,5.7,0,True,0.0,
4VozWQ,4,63,Winner_2022,0.1,5.4,0,True,0.0,
4VozWQ,4,64,Winner_2022,0.1,5.1,1,True,0.0,
4VozWQ,4,65,Winner_2022,0.1,5.0,2,True,0.0,
4VozWQ,4,66,Winner_2022,0.1,5.0,1,True,0.0,
4VozWQ,4,67,Winner_2022,0.1,5.0,1,True,0.0,
4VozWQ,4,68,Winner_2022,0.1,5.0,0,True,0.0,
4VozWQ,4,69,Winner_2022,0.1,5.0,0,True,0.0,
4VozWQ,4,70,Winner_2022,0.1,5.0,1,True,0.0,
4VozWQ,4,71,Winner_2022,0.1,5.0,0,True,0.0,
4VozWQ,4,72,Winner_2022,0.1,5.0,0,True,0.0,
4VozWQ,4,73,Winner_2022,0.1,5.0,1,True,0.0,
4VozWQ,4,74,Winner_2022,0.1,5.0,0,True,0.0,
4VozWQ,4,75,Winner_2022,0.1,5.0,2,True,0.0,
4VozWQ,4,76,Winner_2022,0.1,5.0,2,True,0.0,
4VozWQ,4,77,Winner_2022,0.1,5.0,1,True,0.0,
4VozWQ,4,78,Winner_2022,0.1,5.0,0,True,0.0,
4VozWQ,4,79,Winner_2022,0.1,5.0,0,True,0.0,
4VozWQ,4,80,Winner_2022,0.1,5.0,1,True,0.0,
4VozWQ,4,81,Winner_2022,0.1,5.0,1,True,0.0,
4VozWQ,4,82,Winner_2022,0.1,5.0,0,True,0.0,
4VozWQ,4,83,Winner_2022,0.1,5.0,0,True,0.0,
4VozWQ,4,84,Winner_2022,0.1,5.0,0,True,0.0,
4VozWQ,4,85,Winner_2022,0.1,5.0,1,True,0.0,
4VozWQ,4,86,Winner_2022,0.1,5.0,0,True,0.0,
4VozWQ,4,87,Winner_2022,0.1,5.0,0,True,0.0,
4VozWQ,4,88,Winner_2022,0.1,5.0,1,True,0.0,
4VozWQ,4,89,Winner_2022,0.1,5.0,1,True,0.0,
4VozWQ,4,90,Winner_2022,0.1,5.0,1,True,0.0,
4VozWQ,4,91,Winner_2022,0.1,5.0,1,True,0.0,
4VozWQ,4,92,Winner_2022,0.1,5.0,0,True,0.0,
4VozWQ,4,93,Winner_2022,0.1,5.0,1,True,0.0,
4VozWQ,4,94,Winner_2022,0.1,5.0,1,True,0.0,
4VozWQ,4,95,Winner_2022,0.1,5.0,3,True,0.0,
4VozWQ,4,96,Winner_2022,0.1,5.0,0,True,0.0,
4VozWQ,4,97,Winner_2022,0.1,5.0,0,True,0.0,
4VozWQ,4,98,Winner_2022,0.1,5.0,0,True,0.0,
4VozWQ,4,99,Winner_2022,0.1,5.0,0,True,0.0,
4VozWQ,4,100,Winner_2022,0.1,5.0,1,True,0.0,
4VozWQ,5,1,Winner_2022,11.7,85.0,0,True,0.0,
4VozWQ,5,2,Winner_2022,11.2,68.0,0,True,0.0,
4VozWQ,5,3,Winner_2022,10.7,54.4,0,True,0.0,
4VozWQ,5,4,Winner_2022,10.2,43.5,0,True,0.0,
4VozWQ,5,5,Winner_2022,9.7,34.8,0,True,0.0,
4VozWQ,5,6,Winner_2022,9.2,27.9,0,True,0.0,
4VozWQ,5,7,Winner_2022,8.7,22.3,0,True,0.0,
4VozWQ,5,8,Winner_2022,8.2,17.8,0,True,0.0,
4VozWQ,5,9,Winner_2022,7.7,14.3,0,True,0.0,
4VozWQ,5,10,Winner_2022,7.2,11.4,1,True,0.0,
4VozWQ,5,11,Winner_2022,6.7,9.6,1,True,0.0,
4VozWQ,5,12,Winner_2022,6.2,8.4,1,True,0.0,
4VozWQ,5,13,Winner_2022,5.7,7.5,1,True,0.0,
4VozWQ,5,14,Winner_2022,5.2,6.9,0,True,0.0,
4VozWQ,5,15,Winner_2022,4.7,6.3,2,True,0.0,
4VozWQ,5,16,Winner_2022,4.2,6.0,0,True,0.0,
4VozWQ,5,17,Winner_2022,3.7,5.6,0,True,0.0,
4VozWQ,5,18,Winner_2022,3.2,5.2,2,True,0.0,
4VozWQ,5,19,Winner_2022,2.7,5.0,1,True,0.0,
4VozWQ,5,20,Winner_2022,2.2,5.0,0,True,0.0,
4VozWQ,5,21,Winner_2022,1.7,5.0,0,True,0.0,
4VozWQ,5,22,Winner_2022,1.2,5.0,0,True,0.0,
4VozWQ,5,23,Winner_2022,0.7,5.0,0,True,0.0,
4VozWQ,5,24,Winner_2022,0.2,5.0,0,True,0.0,
4VozWQ,5,25,Winner_2022,0.1,5.0,2,True,0.0,
4VozWQ,5,26,Winner_2022,0.1,5.0,0,True,0.0,
4VozWQ,5,27,Winner_2022,0.1,5.0,1,True,0.0,
4VozWQ,5,28,Winner_2022,0.1,5.0,0,True,0.0,
4VozWQ,5,29,Winner_2022,0.1,5.0,0,True,0.0,
4VozWQ,5,30,Winner_2022,0.1,5.0,0,True,0.0,
4VozWQ,5,31,Winner_2022,0.1,5.0,0,True,0.0,
4VozWQ,5,32,Winner_2022,0.1,5.0,0,True,0.0,
4VozWQ,5,33,Winner_2022,0.1,5.0,0,True,0.0,
4VozWQ,5,34,Winner_2022,0.1,5.0,0,True,0.0,
4VozWQ,5,35,Winner_2022,0.1,5.0,0,True,0.0,
4VozWQ,5,36,Winner_2022,0.1,5.0,0,True,0.0,
4VozWQ,5,37,Winner_2022,0.1,5.0,0,True,0.0,
4VozWQ,5,38,Winner_2022,0.1,5.0,1,True,0.0,
4VozWQ,5,39,Winner_2022,0.1,5.0,0,True,0.0,
4VozWQ,5,40,Winner_2022,0.1,5.0,0,True,0.0,
4VozWQ,5,41,Winner_2022,0.1,5.0,1,True,0.0,
4VozWQ,5,42,Winner_2022,0.1,5.0,0,True,0.0,
4VozWQ,5,43,Winner_2022,0.1,5.0,0,True,0.0,
4VozWQ,5,44,Winner_2022,0.1,5.0,1,True,0.0,
4VozWQ,5,45,Winner_2022,0.1,5.0,1,True,0.0,
4VozWQ,5,46,Winner_2022,0.1,5.0,2,True,0.0,
4VozWQ,5,47,Winner_2022,0.1,5.0,0,True,0.0,
4VozWQ,5,48,Winner_2022,0.1,5.0,0,True,0.0,
4VozWQ,5,49,Winner_2022,0.1,5.0,0,True,0.0,
4VozWQ,5,50,Winner_2022,0.1,5.0,2,True,0.0,
4VozWQ,5,51,Winner_2022,0.1,5.0,0,True,0.0,
4VozWQ,5,52,Winner_2022,0.1,5.0,0,True,0.0,
4VozWQ,5,53,Winner_2022,0.1,5.0,0,True,0.0,
4VozWQ,5,54,Winner_2022,0.1,5.0,0,True,0.0,
4VozWQ,5,55,Winner_2022,0.1,5.0,0,True,0.0,
4VozWQ,5,56,Winner_2022,0.1,5.0,0,True,0.0,
4VozWQ,5,57,Winner_2022,0.1,5.0,0,True,0.0,
4VozWQ,5,58,Winner_2022,0.1,5.0,1,True,0.0,
4VozWQ,5,59,Winner_2022,0.1,5.0,0,True,0.0,
4VozWQ,5,60,Winner_2022,0.1,5.0,1,True,0.0,
4VozWQ,5,61,Winner_2022,0.1,5.0,1,True,0.0,
4VozWQ,5,62,Winner_2022,0.1,5.0,1,True,0.0,
4VozWQ,5,63,Winner_2022,0.1,5.0,0,True,0.0,
4VozWQ,5,64,Winner_2022,0.1,5.0,0,True,0.0,
4VozWQ,5,65,Winner_2022,0.1,5.0,0,True,0.0,
4VozWQ,5,66,Winner_2022,0.1,5.0,1,True,0.0,
4VozWQ,5,67,Winner_2022,0.1,5.0,0,True,0.0,
4VozWQ,5,68,Winner_2022,0.1,5.0,0,True,0.0,
4VozWQ,5,69,Winner_2022,0.1,5.0,0,True,0.0,
4VozWQ,5,70,Winner_2022,0.1,5.0,0,True,0.0,
4VozWQ,5,71,Winner_2022,0.1,5.0,1,True,0.0,
4VozWQ,5,72,Winner_2022,0.1,5.0,0,True,0.0,
4VozWQ,5,73,Winner_2022,0.1,5.0,1,True,0.0,
4VozWQ,5,74,Winner_2022,0.1,5.0,0,True,0.0,
4VozWQ,5,75,Winner_2022,0.1,5.0,0,True,0.0,
4VozWQ,5,76,Winner_2022,0.1,5.0,0,True,0.0,
4VozWQ,5,77,Winner_2022,0.1,5.0,0,True,0.0,
4VozWQ,5,78,Winner_2022,0.1,5.0,0,True,0.0,
4VozWQ,5,79,Winner_2022,0.1,5.0,0,True,0.0,
4VozWQ,5,80,Winner_2022,0.1,5.0,1,True,0.0,
4VozWQ,5,81,Winner_2022,0.1,5.0,0,True,0.0,
4VozWQ,5,82,Winner_2022,0.1,5.0,1,True,0.0,
4VozWQ,5,83,Winner_2022,0.1,5.0,2,True,0.0,
4VozWQ,5,84,Winner_2022,0.1,5.0,0,True,0.0,
4VozWQ,5,85,Winner_2022,0.1,5.0,1,True,0.0,
4VozWQ,5,86,Winner_2022,0.1,5.0,2,True,0.0,
4VozWQ,5,87,Winner_2022,0.1,5.0,1,True,0.0,
4VozWQ,5,88,Winner_2022,0.1,5.0,0,True,0.0,
4VozWQ,5,89,Winner_2022,0.1,5.0,0,True,0.0,
4VozWQ,5,90,Winner_2022,0.1,5.0,1,True,0.0,
4VozWQ,5,91,Winner_2022,0.1,5.0,0,True,0.0,
4VozWQ,5,92,Winner_2022,0.1,5.0,0,True,0.0,
4VozWQ,5,93,Winner_2022,0.1,5.0,0,True,0.0,
4VozWQ,5,94,Winner_2022,0.1,5.0,1,True,0.0,
4VozWQ,5,95,Winner_2022,0.1,5.0,1,True,0.0,
4VozWQ,5,96,Winner_2022,0.1,5.0,1,True,0.0,
4VozWQ,5,97,Winner_2022,0.1,5.0,2,True,0.0,
4VozWQ,5,98,Winner_2022,0.1,5.0,0,True,0.0,
4VozWQ,5,99,Winner_2022,0.1,5.0,0,True,0.0,
4VozWQ,5,100,Winner_2022,0.1,5.0,2,True,0.0,
4VozWQ,6,1,Winner_2022,3.6,79.0,0,True,0.0,
4VozWQ,6,2,Winner_2022,3.1,63.2,0,True,0.0,
4VozWQ,6,3,Winner_2022,3.6,50.6,0,True,0.0,
4VozWQ,6,4,Winner_2022,4.1,40.4,0,True,0.0,
4VozWQ,6,5,Winner_2022,3.6,32.4,0,True,0.0,
4VozWQ,6,6,Winner_2022,4.1,25.9,0,True,0.0,
4VozWQ,6,7,Winner_2022,4.6,20.7,0,True,0.0,
4VozWQ,6,8,Winner_2022,5.1,16.6,0,True,0.0,
4VozWQ,6,9,Winner_2022,5.6,13.3,0,True,0.0,
4VozWQ,6,10,Winner_2022,6.1,10.6,1,True,0.0,
4VozWQ,6,11,Winner_2022,6.6,8.9,0,True,0.0,
4VozWQ,6,12,Winner_2022,7.1,7.5,0,True,0.0,
4VozWQ,6,13,Winner_2022,7.3,6.2,1,True,0.0,
4VozWQ,6,14,Winner_2022,7.8,5.3,0,True,0.0,
4VozWQ,6,15,Winner_2022,8.3,5.0,0,True,0.0,
4VozWQ,6,16,Winner_2022,8.8,5.0,0,True,0.0,
4VozWQ,6,17,Winner_2022,9.3,5.0,0,True,0.0,
4VozWQ,6,18,Winner_2022,9.8,5.0,1,True,0.0,
4VozWQ,6,19,Winner_2022,9.3,5.0,0,True,0.0,
4VozWQ,6,20,Winner_2022,8.8,5.0,0,True,0.0,
4VozWQ,6,21,Winner_2022,8.3,5.0,1,True,0.0,
4VozWQ,6,22,Winner_2022,7.8,5.0,3,True,0.0,
4VozWQ,6,23,Winner_2022,7.3,5.0,1,True,0.0,
4VozWQ,6,24,Winner_2022,6.8,5.0,0,True,0.0,
4VozWQ,6,25,Winner_2022,6.3,5.0,1,True,0.0,
4VozWQ,6,26,Winner_2022,5.8,5.0,1,True,0.0,
4VozWQ,6,27,Winner_2022,5.4,5.0,1,True,0.0,
4VozWQ,6,28,Winner_2022,5.2,5.0,0,True,0.0,
4VozWQ,6,29,Winner_2022,5.1,5.0,0,True,0.0,
4VozWQ,6,30,Winner_2022,5.0,5.0,0,True,0.0,
4VozWQ,6,31,Winner_2022,5.0,5.0,0,True,0.0,
4VozWQ,6,32,Winner_2022,5.0,5.0,0,True,0.0,
4VozWQ,6,33,Winner_2022,5.0,5.0,0,True,0.0,
4VozWQ,6,34,Winner_2022,5.0,5.0,1,True,0.0,
4VozWQ,6,35,Winner_2022,5.0,5.0,0,True,0.0,
4VozWQ,6,36,Winner_2022,5.0,5.0,1,True,0.0,
4VozWQ,6,37,Winner_2022,5.0,5.0,0,True,0.0,
4VozWQ,6,38,Winner_2022,5.0,5.0,1,True,0.0,
4VozWQ,6,39,Winner_2022,5.0,5.0,0,True,0.0,
4VozWQ,6,40,Winner_2022,5.0,5.0,1,True,0.0,
4VozWQ,6,41,Winner_2022,5.0,5.0,0,True,0.0,
4VozWQ,6,42,Winner_2022,5.0,5.0,1,True,0.0,
4VozWQ,6,43,Winner_2022,5.0,5.0,0,True,0.0,
4VozWQ,6,44,Winner_2022,5.0,5.0,1,True,0.0,
4VozWQ,6,45,Winner_2022,5.0,5.0,0,True,0.0,
4VozWQ,6,46,Winner_2022,5.0,5.0,0,True,0.0,
4VozWQ,6,47,Winner_2022,5.0,5.0,0,True,0.0,
4VozWQ,6,48,Winner_2022,5.0,5.0,1,True,0.0,
4VozWQ,6,49,Winner_2022,5.0,5.0,1,True,0.0,
4VozWQ,6,50,Winner_2022,5.0,5.0,0,True,0.0,
4VozWQ,6,51,Winner_2022,5.0,5.0,2,True,0.0,
4VozWQ,6,52,Winner_2022,5.0,5.0,0,True,0.0,
4VozWQ,6,53,Winner_2022,5.0,5.0,0,True,0.0,
4VozWQ,6,54,Winner_2022,5.0,5.0,1,True,0.0,
4VozWQ,6,55,Winner_2022,5.0,5.0,0,True,0.0,
4VozWQ,6,56,Winner_2022,5.0,5.0,1,True,0.0,
4VozWQ,6,57,Winner_2022,5.0,5.0,0,True,0.0,
4VozWQ,6,58,Winner_2022,5.0,5.0,1,True,0.0,
4VozWQ,6,59,Winner_2022,5.0,5.0,0,True,0.0,
4VozWQ,6,60,Winner_2022,5.0,5.0,0,True,0.0,
4VozWQ,6,61,Winner_2022,5.0,5.0,0,True,0.0,
4VozWQ,6,62,Winner_2022,5.0,5.0,0,True,0.0,
4VozWQ,6,63,Winner_2022,5.0,5.0,0,True,0.0,
4VozWQ,6,64,Winner_2022,5.0,5.0,0,True,0.0,
4VozWQ,6,65,Winner_2022,5.0,5.0,1,True,0.0,
4VozWQ,6,66,Winner_2022,5.0,5.0,0,True,0.0,
4VozWQ,6,67,Winner_2022,5.0,5.0,1,True,0.0,
4VozWQ,6,68,Winner_2022,5.0,5.0,0,True,0.0,
4VozWQ,6,69,Winner_2022,5.0,5.0,0,True,0.0,
4VozWQ,6,70,Winner_2022,5.0,5.0,0,True,0.0,
4VozWQ,6,71,Winner_2022,5.0,5.0,0,True,0.0,
4VozWQ,6,72,Winner_2022,5.0,5.0,1,True,0.0,
4VozWQ,6,73,Winner_2022,5.0,5.0,0,True,0.0,
4VozWQ,6,74,Winner_2022,5.0,5.0,3,True,0.0,
4VozWQ,6,75,Winner_2022,5.0,5.0,0,True,0.0,
4VozWQ,6,76,Winner_2022,5.0,5.0,1,True,0.0,
4VozWQ,6,77,Winner_2022,5.0,5.0,0,True,0.0,
4VozWQ,6,78,Winner_2022,5.0,5.0,0,True,0.0,
4VozWQ,6,79,Winner_2022,5.0,5.0,0,True,0.0,
4VozWQ,6,80,Winner_2022,5.0,5.0,1,True,0.0,
4VozWQ,6,81,Winner_2022,5.0,5.0,1,True,0.0,
4VozWQ,6,82,Winner_2022,5.0,5.0,1,True,0.0,
4VozWQ,6,83,Winner_2022,5.0,5.0,1,True,0.0,
4VozWQ,6,84,Winner_2022,5.0,5.0,1,True,0.0,
4VozWQ,6,85,Winner_2022,5.0,5.0,1,True,0.0,
4VozWQ,6,86,Winner_2022,5.0,5.0,0,True,0.0,
4VozWQ,6,87,Winner_2022,5.0,5.0,0,True,0.0,
4VozWQ,6,88,Winner_2022,5.0,5.0,0,True,0.0,
4VozWQ,6,89,Winner_2022,5.0,5.0,0,True,0.0,
4VozWQ,6,90,Winner_2022,5.0,5.0,0,True,0.0,
4VozWQ,6,91,Winner_2022,5.0,5.0,0,True,0.0,
4VozWQ,6,92,Winner_2022,5.0,5.0,1,True,0.0,
4VozWQ,6,93,Winner_2022,5.0,5.0,2,True,0.0,
4VozWQ,6,94,Winner_2022,5.0,5.0,1,True,0.0,
4VozWQ,6,95,Winner_2022,5.0,5.0,0,True,0.0,
4VozWQ,6,96,Winner_2022,5.0,5.0,0,True,0.0,
4VozWQ,6,97,Winner_2022,5.0,5.0,0,True,0.0,
4VozWQ,6,98,Winner_2022,5.0,5.0,0,True,0.0,
4VozWQ,6,99,Winner_2022,5.0,5.0,1,True,0.0,
4VozWQ,6,100,Winner_2022,5.0,5.0,0,True,0.0,
4VozWQ,7,1,Winner_2022,3.5,72.0,0,True,0.0,
4VozWQ,7,2,Winner_2022,4.0,57.6,0,True,0.0,
4VozWQ,7,3,Winner_2022,3.5,46.1,0,True,0.0,
4VozWQ,7,4,Winner_2022,3.0,36.9,0,True,0.0,
4VozWQ,7,5,Winner_2022,2.5,29.5,0,True,0.0,
4VozWQ,7,6,Winner_2022,2.0,23.6,0,True,0.0,
4VozWQ,7,7,Winner_2022,1.5,18.9,0,True,0.0,
4VozWQ,7,8,Winner_2022,1.0,15.1,0,True,0.0,
4VozWQ,7,9,Winner_2022,0.5,12.1,0,True,0.0,
4VozWQ,7,10,Winner_2022,0.1,9.7,0,True,0.0,
4VozWQ,7,11,Winner_2022,0.1,7.7,0,True,0.0,
4VozWQ,7,12,Winner_2022,0.1,6.2,0,True,0.0,
4VozWQ,7,13,Winner_2022,0.1,5.0,1,True,0.0,
4VozWQ,7,14,Winner_2022,0.1,5.0,1,True,0.0,
4VozWQ,7,15,Winner_2022,0.1,5.0,3,True,0.0,
4VozWQ,7,16,Winner_2022,0.1,5.0,1,True,0.0,
4VozWQ,7,17,Winner_2022,0.1,5.0,0,True,0.0,
4VozWQ,7,18,Winner_2022,0.1,5.0,0,True,0.0,
4VozWQ,7,19,Winner_2022,0.1,5.0,0,True,0.0,
4VozWQ,7,20,Winner_2022,0.1,5.0,0,True,0.0,
4VozWQ,7,21,Winner_2022,0.1,5.0,0,True,0.0,
4VozWQ,7,22,Winner_2022,0.1,5.0,0,True,0.0,
4VozWQ,7,23,Winner_2022,0.1,5.0,1,True,0.0,
4VozWQ,7,24,Winner_2022,0.1,5.0,1,True,0.0,
4VozWQ,7,25,Winner_2022,0.1,5.0,0,True,0.0,
4VozWQ,7,26,Winner_2022,0.1,5.0,0,True,0.0,
4VozWQ,7,27,Winner_2022,0.1,5.0,0,True,0.0,
4VozWQ,7,28,Winner_2022,0.1,5.0,0,True,0.0,
4VozWQ,7,29,Winner_2022,0.1,5.0,0,True,0.0,
4VozWQ,7,30,Winner_2022,0.1,5.0,1,True,0.0,
4VozWQ,7,31,Winner_2022,0.1,5.0,0,True,0.0,
4VozWQ,7,32,Winner_2022,0.1,5.0,0,True,0.0,
4VozWQ,7,33,Winner_2022,0.1,5.0,0,True,0.0,
4VozWQ,7,34,Winner_2022,0.1,5.0,0,True,0.0,
4VozWQ,7,35,Winner_2022,0.1,5.0,0,True,0.0,
4VozWQ,7,36,Winner_2022,0.1,5.0,0,True,0.0,
4VozWQ,7,37,Winner_2022,0.1,5.0,1,True,0.0,
4VozWQ,7,38,Winner_2022,0.1,5.0,0,True,0.0,
4VozWQ,7,39,Winner_2022,0.1,5.0,0,True,0.0,
4VozWQ,7,40,Winner_2022,0.1,5.0,0,True,0.0,
4VozWQ,7,41,Winner_2022,0.1,5.0,0,True,0.0,
4VozWQ,7,42,Winner_2022,0.1,5.0,2,True,0.0,
4VozWQ,7,43,Winner_2022,0.1,5.0,0,True,0.0,
4VozWQ,7,44,Winner_2022,0.1,5.0,1,True,0.0,
4VozWQ,7,45,Winner_2022,0.1,5.0,0,True,0.0,
4VozWQ,7,46,Winner_2022,0.1,5.0,0,True,0.0,
4VozWQ,7,47,Winner_2022,0.1,5.0,0,True,0.0,
4VozWQ,7,48,Winner_2022,0.1,5.0,0,True,0.0,
4VozWQ,7,49,Winner_2022,0.1,5.0,1,True,0.0,
4VozWQ,7,50,Winner_2022,0.1,5.0,0,True,0.0,
4VozWQ,7,51,Winner_2022,0.1,5.0,0,True,0.0,
4VozWQ,7,52,Winner_2022,0.1,5.0,1,True,0.0,
4VozWQ,7,53,Winner_2022,0.1,5.0,0,True,0.0,
4VozWQ,7,54,Winner_2022,0.1,5.0,0,True,0.0,
4VozWQ,7,55,Winner_2022,0.1,5.0,3,True,0.0,
4VozWQ,7,56,Winner_2022,0.1,5.0,1,True,0.0,
4VozWQ,7,57,Winner_2022,0.1,5.0,0,True,0.0,
4VozWQ,7,58,Winner_2022,0.1,5.0,1,True,0.0,
4VozWQ,7,59,Winner_2022,0.1,5.0,0,True,0.0,
4VozWQ,7,60,Winner_2022,0.1,5.0,0,True,0.0,
4VozWQ,7,61,Winner_2022,0.1,5.0,0,True,0.0,
4VozWQ,7,62,Winner_2022,0.1,5.0,2,True,0.0,
4VozWQ,7,63,Winner_2022,0.1,5.0,0,True,0.0,
4VozWQ,7,64,Winner_2022,0.1,5.0,0,True,0.0,
4VozWQ,7,65,Winner_2022,0.1,5.0,1,True,0.0,
4VozWQ,7,66,Winner_2022,0.1,5.0,0,True,0.0,
4VozWQ,7,67,Winner_2022,0.1,5.0,0,True,0.0,
4VozWQ,7,68,Winner_2022,0.1,5.0,0,True,0.0,
4VozWQ,7,69,Winner_2022,0.1,5.0,0,True,0.0,
4VozWQ,7,70,Winner_2022,0.1,5.0,0,True,0.0,
4VozWQ,7,71,Winner_2022,0.1,5.0,0,True,0.0,
4VozWQ,7,72,Winner_2022,0.1,5.0,0,True,0.0,
4VozWQ,7,73,Winner_2022,0.1,5.0,1,True,0.0,
4VozWQ,7,74,Winner_2022,0.1,5.0,0,True,0.0,
4VozWQ,7,75,Winner_2022,0.1,5.0,0,True,0.0,
4VozWQ,7,76,Winner_2022,0.1,5.0,1,True,0.0,
4VozWQ,7,77,Winner_2022,0.1,5.0,0,True,0.0,
4VozWQ,7,78,Winner_2022,0.1,5.0,0,True,0.0,
4VozWQ,7,79,Winner_2022,0.1,5.0,0,True,0.0,
4VozWQ,7,80,Winner_2022,0.1,5.0,2,True,0.0,
4VozWQ,7,81,Winner_2022,0.1,5.0,0,True,0.0,
4VozWQ,7,82,Winner_2022,0.1,5.0,0,True,0.0,
4VozWQ,7,83,Winner_2022,0.1,5.0,0,True,0.0,
4VozWQ,7,84,Winner_2022,0.1,5.0,1,True,0.0,
4VozWQ,7,85,Winner_2022,0.1,5.0,0,True,0.0,
4VozWQ,7,86,Winner_2022,0.1,5.0,0,True,0.0,
4VozWQ,7,87,Winner_2022,0.1,5.0,0,True,0.0,
4VozWQ,7,88,Winner_2022,0.1,5.0,0,True,0.0,
4VozWQ,7,89,Winner_2022,0.1,5.0,1,True,0.0,
4VozWQ,7,90,Winner_2022,0.1,5.0,0,True,0.0,
4VozWQ,7,91,Winner_2022,0.1,5.0,0,True,0.0,
4VozWQ,7,92,Winner_2022,0.1,5.0,0,True,0.0,
4VozWQ,7,93,Winner_2022,0.1,5.0,0,True,0.0,
4VozWQ,7,94,Winner_2022,0.1,5.0,0,True,0.0,
4VozWQ,7,95,Winner_2022,0.1,5.0,0,True,0.0,
4VozWQ,7,96,Winner_2022,0.1,5.0,0,True,0.0,
4VozWQ,7,97,Winner_2022,0.1,5.0,1,True,0.0,
4VozWQ,7,98,Winner_2022,0.1,5.0,0,True,0.0,
4VozWQ,7,99,Winner_2022,0.1,5.0,0,True,0.0,
4VozWQ,7,100,Winner_2022,0.1,5.0,0,True,0.0,
4VozWQ,8,1,Winner_2022,2.9,83.0,0,True,0.0,
4VozWQ,8,2,Winner_2022,2.4,66.4,0,True,0.0,
4VozWQ,8,3,Winner_2022,2.9,53.1,0,True,0.0,
4VozWQ,8,4,Winner_2022,3.4,42.5,0,True,0.0,
4VozWQ,8,5,Winner_2022,3.9,34.0,0,True,0.0,
4VozWQ,8,6,Winner_2022,3.4,27.2,0,True,0.0,
4VozWQ,8,7,Winner_2022,3.9,21.8,0,True,0.0,
4VozWQ,8,8,Winner_2022,4.4,17.4,2,True,0.0,
4VozWQ,8,9,Winner_2022,3.9,15.6,0,True,0.0,
4VozWQ,8,10,Winner_2022,4.4,13.9,0,True,0.0,
4VozWQ,8,11,Winner_2022,4.9,12.2,0,True,0.0,
4VozWQ,8,12,Winner_2022,4.4,10.7,0,True,0.0,
4VozWQ,8,13,Winner_2022,4.9,9.3,0,True,0.0,
4VozWQ,8,14,Winner_2022,4.4,8.0,0,True,0.0,
4VozWQ,8,15,Winner_2022,3.9,6.8,1,True,0.0,
4VozWQ,8,16,Winner_2022,3.4,5.9,0,True,0.0,
4VozWQ,8,17,Winner_2022,2.9,5.2,0,True,0.0,
4VozWQ,8,18,Winner_2022,2.4,5.0,0,True,0.0,
4VozWQ,8,19,Winner_2022,1.9,5.0,0,True,0.0,
4VozWQ,8,20,Winner_2022,1.4,5.0,1,True,0.0,
4VozWQ,8,21,Winner_2022,0.9,5.0,0,True,0.0,
4VozWQ,8,22,Winner_2022,0.4,5.0,0,True,0.0,
4VozWQ,8,23,Winner_2022,0.1,5.0,0,True,0.0,
4VozWQ,8,24,Winner_2022,0.1,5.0,0,True,0.0,
4VozWQ,8,25,Winner_2022,0.1,5.0,2,True,0.0,
4VozWQ,8,26,Winner_2022,0.1,5.0,1,True,0.0,
4VozWQ,8,27,Winner_2022,0.1,5.0,1,True,0.0,
4VozWQ,8,28,Winner_2022,0.1,5.0,0,True,0.0,
4VozWQ,8,29,Winner_2022,0.1,5.0,1,True,0.0,
4VozWQ,8,30,Winner_2022,0.1,5.0,0,True,0.0,
4VozWQ,8,31,Winner_2022,0.1,5.0,0,True,0.0,
4VozWQ,8,32,Winner_2022,0.1,5.0,0,True,0.0,
4VozWQ,8,33,Winner_2022,0.1,5.0,2,True,0.0,
4VozWQ,8,34,Winner_2022,0.1,5.0,0,True,0.0,
4VozWQ,8,35,Winner_2022,0.1,5.0,0,True,0.0,
4VozWQ,8,36,Winner_2022,0.1,5.0,1,True,0.0,
4VozWQ,8,37,Winner_2022,0.1,5.0,0,True,0.0,
4VozWQ,8,38,Winner_2022,0.1,5.0,0,True,0.0,
4VozWQ,8,39,Winner_2022,0.1,5.0,1,True,0.0,
4VozWQ,8,40,Winner_2022,0.1,5.0,1,True,0.0,
4VozWQ,8,41,Winner_2022,0.1,5.0,0,True,0.0,
4VozWQ,8,42,Winner_2022,0.1,5.0,0,True,0.0,
4VozWQ,8,43,Winner_2022,0.1,5.0,1,True,0.0,
4VozWQ,8,44,Winner_2022,0.1,5.0,2,True,0.0,
4VozWQ,8,45,Winner_2022,0.1,5.0,0,True,0.0,
4VozWQ,8,46,Winner_2022,0.1,5.0,1,True,0.0,
4VozWQ,8,47,Winner_2022,0.1,5.0,0,True,0.0,
4VozWQ,8,48,Winner_2022,0.1,5.0,2,True,0.0,
4VozWQ,8,49,Winner_2022,0.1,5.0,0,True,0.0,
4VozWQ,8,50,Winner_2022,0.1,5.0,0,True,0.0,
4VozWQ,8,51,Winner_2022,0.1,5.0,0,True,0.0,
4VozWQ,8,52,Winner_2022,0.1,5.0,1,True,0.0,
4VozWQ,8,53,Winner_2022,0.1,5.0,0,True,0.0,
4VozWQ,8,54,Winner_2022,0.1,5.0,0,True,0.0,
4VozWQ,8,55,Winner_2022,0.1,5.0,0,True,0.0,
4VozWQ,8,56,Winner_2022,0.1,5.0,0,True,0.0,
4VozWQ,8,57,Winner_2022,0.1,5.0,0,True,0.0,
4VozWQ,8,58,Winner_2022,0.1,5.0,2,True,0.0,
4VozWQ,8,59,Winner_2022,0.1,5.0,2,True,0.0,
4VozWQ,8,60,Winner_2022,0.1,5.0,0,True,0.0,
4VozWQ,8,61,Winner_2022,0.1,5.0,0,True,0.0,
4VozWQ,8,62,Winner_2022,0.1,5.0,0,True,0.0,
4VozWQ,8,63,Winner_2022,0.1,5.0,3,True,0.0,
4VozWQ,8,64,Winner_2022,0.1,5.0,0,True,0.0,
4VozWQ,8,65,Winner_2022,0.1,5.0,1,True,0.0,
4VozWQ,8,66,Winner_2022,0.1,5.0,1,True,0.0,
4VozWQ,8,67,Winner_2022,0.1,5.0,0,True,0.0,
4VozWQ,8,68,Winner_2022,0.1,5.0,2,True,0.0,
4VozWQ,8,69,Winner_2022,0.1,5.0,0,True,0.0,
4VozWQ,8,70,Winner_2022,0.1,5.0,1,True,0.0,
4VozWQ,8,71,Winner_2022,0.1,5.0,2,True,0.0,
4VozWQ,8,72,Winner_2022,0.1,5.0,0,True,0.0,
4VozWQ,8,73,Winner_2022,0.1,5.0,0,True,0.0,
4VozWQ,8,74,Winner_2022,0.1,5.0,0,True,0.0,
4VozWQ,8,75,Winner_2022,0.1,5.0,0,True,0.0,
4VozWQ,8,76,Winner_2022,0.1,5.0,0,True,0.0,
4VozWQ,8,77,Winner_2022,0.1,5.0,0,True,0.0,
4VozWQ,8,78,Winner_2022,0.1,5.0,0,True,0.0,
4VozWQ,8,79,Winner_2022,0.1,5.0,0,True,0.0,
4VozWQ,8,80,Winner_2022,0.1,5.0,1,True,0.0,
4VozWQ,8,81,Winner_2022,0.1,5.0,0,True,0.0,
4VozWQ,8,82,Winner_2022,0.1,5.0,0,True,0.0,
4VozWQ,8,83,Winner_2022,0.1,5.0,1,True,0.0,
4VozWQ,8,84,Winner_2022,0.1,5.0,0,True,0.0,
4VozWQ,8,85,Winner_2022,0.1,5.0,1,True,0.0,
4VozWQ,8,86,Winner_2022,0.1,5.0,0,True,0.0,
4VozWQ,8,87,Winner_2022,0.1,5.0,0,True,0.0,
4VozWQ,8,88,Winner_2022,0.1,5.0,1,True,0.0,
4VozWQ,8,89,Winner_2022,0.1,5.0,0,True,0.0,
4VozWQ,8,90,Winner_2022,0.1,5.0,0,True,0.0,
4VozWQ,8,91,Winner_2022,0.1,5.0,0,True,0.0,
4VozWQ,8,92,Winner_2022,0.1,5.0,1,True,0.0,
4VozWQ,8,93,Winner_2022,0.1,5.0,0,True,0.0,
4VozWQ,8,94,Winner_2022,0.1,5.0,0,True,0.0,
4VozWQ,8,95,Winner_2022,0.1,5.0,1,True,0.0,
4VozWQ,8,96,Winner_2022,0.1,5.0,1,True,0.0,
4VozWQ,8,97,Winner_2022,0.1,5.0,0,True,0.0,
4VozWQ,8,98,Winner_2022,0.1,5.0,1,True,0.0,
4VozWQ,8,99,Winner_2022,0.1,5.0,0,True,0.0,
4VozWQ,8,100,Winner_2022,0.1,5.0,1,True,0.0,
4VozWQ,9,1,Winner_2022,0.5,54.0,0,True,0.0,
4VozWQ,9,2,Winner_2022,0.1,43.2,0,True,0.0,
4VozWQ,9,3,Winner_2022,0.1,34.6,0,True,0.0,
4VozWQ,9,4,Winner_2022,0.6,27.6,0,True,0.0,
4VozWQ,9,5,Winner_2022,1.1,22.1,0,True,0.0,
4VozWQ,9,6,Winner_2022,0.6,17.7,0,True,0.0,
4VozWQ,9,7,Winner_2022,1.1,14.2,0,True,0.0,
4VozWQ,9,8,Winner_2022,1.6,11.3,0,True,0.0,
4VozWQ,9,9,Winner_2022,2.1,9.1,0,True,0.0,
4VozWQ,9,10,Winner_2022,2.6,7.2,0,True,0.0,
4VozWQ,9,11,Winner_2022,3.1,5.8,1,True,0.0,
4VozWQ,9,12,Winner_2022,3.6,5.0,1,True,0.0,
4VozWQ,9,13,Winner_2022,4.1,5.0,0,True,0.0,
4VozWQ,9,14,Winner_2022,4.5,5.0,0,True,0.0,
4VozWQ,9,15,Winner_2022,4.8,5.0,0,True,0.0,
4VozWQ,9,16,Winner_2022,4.9,5.0,0,True,0.0,
4VozWQ,9,17,Winner_2022,4.9,5.0,0,True,0.0,
4VozWQ,9,18,Winner_2022,5.0,5.0,0,True,0.0,
4VozWQ,9,19,Winner_2022,5.0,5.0,1,True,0.0,
4VozWQ,9,20,Winner_2022,5.0,5.0,0,True,0.0,
4VozWQ,9,21,Winner_2022,5.0,5.0,1,True,0.0,
4VozWQ,9,22,Winner_2022,5.0,5.0,0,True,0.0,
4VozWQ,9,23,Winner_2022,5.0,5.0,0,True,0.0,
4VozWQ,9,24,Winner_2022,5.0,5.0,0,True,0.0,
4VozWQ,9,25,Winner_2022,5.0,5.0,1,True,0.0,
4VozWQ,9,26,Winner_2022,5.0,5.0,0,True,0.0,
4VozWQ,9,27,Winner_2022,5.0,5.0,0,True,0.0,
4VozWQ,9,28,Winner_2022,5.0,5.0,1,True,0.0,
4VozWQ,9,29,Winner_2022,5.0,5.0,0,True,0.0,
4VozWQ,9,30,Winner_2022,5.0,5.0,1,True,0.0,
4VozWQ,9,31,Winner_2022,5.0,5.0,0,True,0.0,
4VozWQ,9,32,Winner_2022,5.0,5.0,0,True,0.0,
4VozWQ,9,33,Winner_2022,4.9,5.0,1,True,0.0,
4VozWQ,9,34,Winner_2022,4.9,5.0,0,True,0.0,
4VozWQ,9,35,Winner_2022,4.9,5.0,0,True,0.0,
4VozWQ,9,36,Winner_2022,4.8,5.0,0,True,0.0,
4VozWQ,9,37,Winner_2022,4.7,5.0,0,True,0.0,
4VozWQ,9,38,Winner_2022,4.6,5.0,1,True,0.0,
4VozWQ,9,39,Winner_2022,4.4,5.0,2,True,0.0,
4VozWQ,9,40,Winner_2022,4.1,5.0,0,True,0.0,
4VozWQ,9,41,Winner_2022,3.7,5.0,1,True,0.0,
4VozWQ,9,42,Winner_2022,3.2,5.0,0,True,0.0,
4VozWQ,9,43,Winner_2022,2.7,5.0,1,True,0.0,
4VozWQ,9,44,Winner_2022,2.2,5.0,0,True,0.0,
4VozWQ,9,45,Winner_2022,1.7,5.0,1,True,0.0,
4VozWQ,9,46,Winner_2022,1.2,5.0,1,True,0.0,
4VozWQ,9,47,Winner_2022,0.7,5.0,1,True,0.0,
4VozWQ,9,48,Winner_2022,0.2,5.0,3,True,0.0,
4VozWQ,9,49,Winner_2022,0.1,5.0,0,True,0.0,
4VozWQ,9,50,Winner_2022,0.1,5.0,0,True,0.0,
4VozWQ,9,51,Winner_2022,0.1,5.0,0,True,0.0,
4VozWQ,9,52,Winner_2022,0.1,5.0,1,True,0.0,
4VozWQ,9,53,Winner_2022,0.1,5.0,2,True,0.0,
4VozWQ,9,54,Winner_2022,0.1,5.0,2,True,0.0,
4VozWQ,9,55,Winner_2022,0.1,5.0,0,True,0.0,
4VozWQ,9,56,Winner_2022,0.1,5.0,0,True,0.0,
4VozWQ,9,57,Winner_2022,0.1,5.0,1,True,0.0,
4VozWQ,9,58,Winner_2022,0.1,5.0,0,True,0.0,
4VozWQ,9,59,Winner_2022,0.1,5.0,1,True,0.0,
4VozWQ,9,60,Winner_2022,0.1,5.0,1,True,0.0,
4VozWQ,9,61,Winner_2022,0.1,5.0,0,True,0.0,
4VozWQ,9,62,Winner_2022,0.1,5.0,2,True,0.0,
4VozWQ,9,63,Winner_2022,0.1,5.0,0,True,0.0,
4VozWQ,9,64,Winner_2022,0.1,5.0,0,True,0.0,
4VozWQ,9,65,Winner_2022,0.1,5.0,0,True,0.0,
4VozWQ,9,66,Winner_2022,0.1,5.0,2,True,0.0,
4VozWQ,9,67,Winner_2022,0.1,5.0,1,True,0.0,
4VozWQ,9,68,Winner_2022,0.1,5.0,1,True,0.0,
4VozWQ,9,69,Winner_2022,0.1,5.0,0,True,0.0,
4VozWQ,9,70,Winner_2022,0.1,5.0,0,True,0.0,
4VozWQ,9,71,Winner_2022,0.1,5.0,0,True,0.0,
4VozWQ,9,72,Winner_2022,0.1,5.0,0,True,0.0,
4VozWQ,9,73,Winner_2022,0.1,5.0,1,True,0.0,
4VozWQ,9,74,Winner_2022,0.1,5.0,0,True,0.0,
4VozWQ,9,75,Winner_2022,0.1,5.0,1,True,0.0,
4VozWQ,9,76,Winner_2022,0.1,5.0,0,True,0.0,
4VozWQ,9,77,Winner_2022,0.1,5.0,0,True,0.0,
4VozWQ,9,78,Winner_2022,0.1,5.0,0,True,0.0,
4VozWQ,9,79,Winner_2022,0.1,5.0,0,True,0.0,
4VozWQ,9,80,Winner_2022,0.1,5.0,0,True,0.0,
4VozWQ,9,81,Winner_2022,0.1,5.0,0,True,0.0,
4VozWQ,9,82,Winner_2022,0.1,5.0,0,True,0.0,
4VozWQ,9,83,Winner_2022,0.1,5.0,0,True,0.0,
4VozWQ,9,84,Winner_2022,0.1,5.0,1,True,0.0,
4VozWQ,9,85,Winner_2022,0.1,5.0,1,True,0.0,
4VozWQ,9,86,Winner_2022,0.1,5.0,0,True,0.0,
4VozWQ,9,87,Winner_2022,0.1,5.0,2,True,0.0,
4VozWQ,9,88,Winner_2022,0.1,5.0,2,True,0.0,
4VozWQ,9,89,Winner_2022,0.1,5.0,0,True,0.0,
4VozWQ,9,90,Winner_2022,0.1,5.0,4,True,0.0,
4VozWQ,9,91,Winner_2022,0.1,5.0,0,True,0.0,
4VozWQ,9,92,Winner_2022,0.1,5.0,0,True,0.0,
4VozWQ,9,93,Winner_2022,0.1,5.0,2,True,0.0,
4VozWQ,9,94,Winner_2022,0.1,5.0,0,True,0.0,
4VozWQ,9,95,Winner_2022,0.1,5.0,0,True,0.0,
4VozWQ,9,96,Winner_2022,0.1,5.0,1,True,0.0,
4VozWQ,9,97,Winner_2022,0.1,5.0,1,True,0.0,
4VozWQ,9,98,Winner_2022,0.1,5.0,0,True,0.0,
4VozWQ,9,99,Winner_2022,0.1,5.0,0,True,0.0,
4VozWQ,9,100,Winner_2022,0.1,5.0,0,True,0.0,
4VozWQ,10,1,Winner_2022,1.3,71.0,0,True,0.0,
4VozWQ,10,2,Winner_2022,0.8,56.8,0,True,0.0,
4VozWQ,10,3,Winner_2022,0.3,45.4,0,True,0.0,
4VozWQ,10,4,Winner_2022,0.1,36.4,0,True,0.0,
4VozWQ,10,5,Winner_2022,0.1,29.1,0,True,0.0,
4VozWQ,10,6,Winner_2022,0.1,23.3,0,True,0.0,
4VozWQ,10,7,Winner_2022,0.1,18.6,0,True,0.0,
4VozWQ,10,8,Winner_2022,0.1,14.9,0,True,0.0,
4VozWQ,10,9,Winner_2022,0.1,11.9,0,True,0.0,
4VozWQ,10,10,Winner_2022,0.1,9.5,0,True,0.0,
4VozWQ,10,11,Winner_2022,0.1,7.6,0,True,0.0,
4VozWQ,10,12,Winner_2022,0.1,6.1,0,True,0.0,
4VozWQ,10,13,Winner_2022,0.1,5.0,0,True,0.0,
4VozWQ,10,14,Winner_2022,0.1,5.0,0,True,0.0,
4VozWQ,10,15,Winner_2022,0.1,5.0,0,True,0.0,
4VozWQ,10,16,Winner_2022,0.1,5.0,0,True,0.0,
4VozWQ,10,17,Winner_2022,0.1,5.0,1,True,0.0,
4VozWQ,10,18,Winner_2022,0.1,5.0,1,True,0.0,
4VozWQ,10,19,Winner_2022,0.1,5.0,0,True,0.0,
4VozWQ,10,20,Winner_2022,0.1,5.0,0,True,0.0,
4VozWQ,10,21,Winner_2022,0.1,5.0,0,True,0.0,
4VozWQ,10,22,Winner_2022,0.1,5.0,0,True,0.0,
4VozWQ,10,23,Winner_2022,0.1,5.0,1,True,0.0,
4VozWQ,10,24,Winner_2022,0.1,5.0,0,True,0.0,
4VozWQ,10,25,Winner_2022,0.1,5.0,0,True,0.0,
4VozWQ,10,26,Winner_2022,0.1,5.0,0,True,0.0,
4VozWQ,10,27,Winner_2022,0.1,5.0,0,True,0.0,
4VozWQ,10,28,Winner_2022,0.1,5.0,1,True,0.0,
4VozWQ,10,29,Winner_2022,0.1,5.0,1,True,0.0,
4VozWQ,10,30,Winner_2022,0.6,5.0,1,True,0.0,
4VozWQ,10,31,Winner_2022,1.1,5.0,1,True,0.0,
4VozWQ,10,32,Winner_2022,1.6,5.0,2,True,0.0,
4VozWQ,10,33,Winner_2022,2.1,5.0,0,True,0.0,
4VozWQ,10,34,Winner_2022,1.6,5.0,0,True,0.0,
4VozWQ,10,35,Winner_2022,2.1,5.0,0,True,0.0,
4VozWQ,10,36,Winner_2022,1.6,5.0,1,True,0.0,
4VozWQ,10,37,Winner_2022,1.1,5.0,1,True,0.0,
4VozWQ,10,38,Winner_2022,0.6,5.0,1,True,0.0,
4VozWQ,10,39,Winner_2022,0.1,5.0,1,True,0.0,
4VozWQ,10,40,Winner_2022,0.1,5.0,0,True,0.0,
4VozWQ,10,41,Winner_2022,0.1,5.0,1,True,0.0,
4VozWQ,10,42,Winner_2022,0.1,5.0,0,True,0.0,
4VozWQ,10,43,Winner_2022,0.1,5.0,0,True,0.0,
4VozWQ,10,44,Winner_2022,0.1,5.0,0,True,0.0,
4VozWQ,10,45,Winner_2022,0.1,5.0,2,True,0.0,
4VozWQ,10,46,Winner_2022,0.1,5.0,1,True,0.0,
4VozWQ,10,47,Winner_2022,0.1,5.0,0,True,0.0,
4VozWQ,10,48,Winner_2022,0.1,5.0,0,True,0.0,
4VozWQ,10,49,Winner_2022,0.1,5.0,0,True,0.0,
4VozWQ,10,50,Winner_2022,0.1,5.0,1,True,0.0,
4VozWQ,10,51,Winner_2022,0.1,5.0,0,True,0.0,
4VozWQ,10,52,Winner_2022,0.1,5.0,0,True,0.0,
4VozWQ,10,53,Winner_2022,0.1,5.0,0,True,0.0,
4VozWQ,10,54,Winner_2022,0.1,5.0,0,True,0.0,
4VozWQ,10,55,Winner_2022,0.1,5.0,0,True,0.0,
4VozWQ,10,56,Winner_2022,0.1,5.0,1,True,0.0,
4VozWQ,10,57,Winner_2022,0.1,5.0,0,True,0.0,
4VozWQ,10,58,Winner_2022,0.1,5.0,1,True,0.0,
4VozWQ,10,59,Winner_2022,0.1,5.0,0,True,0.0,
4VozWQ,10,60,Winner_2022,0.1,5.0,0,True,0.0,
4VozWQ,10,61,Winner_2022,0.1,5.0,1,True,0.0,
4VozWQ,10,62,Winner_2022,0.1,5.0,0,True,0.0,
4VozWQ,10,63,Winner_2022,0.1,5.0,1,True,0.0,
4VozWQ,10,64,Winner_2022,0.1,5.0,0,True,0.0,
4VozWQ,10,65,Winner_2022,0.1,5.0,0,True,0.0,
4VozWQ,10,66,Winner_2022,0.1,5.0,2,True,0.0,
4VozWQ,10,67,Winner_2022,0.1,5.0,0,True,0.0,
4VozWQ,10,68,Winner_2022,0.1,5.0,0,True,0.0,
4VozWQ,10,69,Winner_2022,0.1,5.0,0,True,0.0,
4VozWQ,10,70,Winner_2022,0.1,5.0,1,True,0.0,
4VozWQ,10,71,Winner_2022,0.1,5.0,1,True,0.0,
4VozWQ,10,72,Winner_2022,0.1,5.0,2,True,0.0,
4VozWQ,10,73,Winner_2022,0.1,5.0,2,True,0.0,
4VozWQ,10,74,Winner_2022,0.1,5.0,0,True,0.0,
4VozWQ,10,75,Winner_2022,0.6,5.0,2,True,0.0,
4VozWQ,10,76,Winner_2022,1.1,5.0,0,True,0.0,
4VozWQ,10,77,Winner_2022,1.6,5.0,0,True,0.0,
4VozWQ,10,78,Winner_2022,2.1,5.0,1,True,0.0,
4VozWQ,10,79,Winner_2022,2.6,5.0,0,True,0.0,
4VozWQ,10,80,Winner_2022,3.1,5.0,0,True,0.0,
4VozWQ,10,81,Winner_2022,3.6,5.0,1,True,0.0,
4VozWQ,10,82,Winner_2022,4.1,5.0,1,True,0.0,
4VozWQ,10,83,Winner_2022,4.5,5.0,1,True,0.0,
4VozWQ,10,84,Winner_2022,4.8,5.0,1,True,0.0,
4VozWQ,10,85,Winner_2022,4.9,5.0,0,True,0.0,
4VozWQ,10,86,Winner_2022,4.9,5.0,1,True,0.0,
4VozWQ,10,87,Winner_2022,5.0,5.0,1,True,0.0,
4VozWQ,10,88,Winner_2022,5.0,5.0,0,True,0.0,
4VozWQ,10,89,Winner_2022,5.0,5.0,0,True,0.0,
4VozWQ,10,90,Winner_2022,5.0,5.0,2,True,0.0,
4VozWQ,10,91,Winner_2022,5.0,5.0,1,True,0.0,
4VozWQ,10,92,Winner_2022,5.0,5.0,0,True,0.0,
4VozWQ,10,93,Winner_2022,5.0,5.0,2,True,0.0,
4VozWQ,10,94,Winner_2022,5.0,5.0,0,True,0.0,
4VozWQ,10,95,Winner_2022,5.0,5.0,1,True,0.0,
4VozWQ,10,96,Winner_2022,5.0,5.0,0,True,0.0,
4VozWQ,10,97,Winner_2022,5.0,5.0,0,True,0.0,
4VozWQ,10,98,Winner_2022,5.0,5.0,2,True,0.0,
4VozWQ,10,99,Winner_2022,5.0,5.0,4,True,0.0,
4VozWQ,10,100,Winner_2022,0.1,5.0,1,False,0.0,
4VozWQ,11,1,Winner_2022,1.5,39.0,0,True,0.0,
4VozWQ,11,2,Winner_2022,1.0,31.2,0,True,0.0,
4VozWQ,11,3,Winner_2022,0.5,25.0,0,True,0.0,
4VozWQ,11,4,Winner_2022,0.1,20.0,0,True,0.0,
4VozWQ,11,5,Winner_2022,0.1,16.0,0,True,0.0,
4VozWQ,11,6,Winner_2022,0.1,12.8,0,True,0.0,
4VozWQ,11,7,Winner_2022,0.1,10.2,0,True,0.0,
4VozWQ,11,8,Winner_2022,0.1,8.2,0,True,0.0,
4VozWQ,11,9,Winner_2022,0.1,6.5,1,True,0.0,
4VozWQ,11,10,Winner_2022,0.1,5.5,0,True,0.0,
4VozWQ,11,11,Winner_2022,0.1,5.0,1,True,0.0,
4VozWQ,11,12,Winner_2022,0.1,5.0,1,True,0.0,
4VozWQ,11,13,Winner_2022,0.6,5.0,1,True,0.0,
4VozWQ,11,14,Winner_2022,0.1,5.0,0,True,0.0,
4VozWQ,11,15,Winner_2022,0.1,5.0,2,True,0.0,
4VozWQ,11,16,Winner_2022,0.1,5.0,0,True,0.0,
4VozWQ,11,17,Winner_2022,0.1,5.0,0,True,0.0,
4VozWQ,11,18,Winner_2022,0.1,5.0,0,True,0.0,
4VozWQ,11,19,Winner_2022,0.1,5.0,0,True,0.0,
4VozWQ,11,20,Winner_2022,0.6,5.0,1,True,0.0,
4VozWQ,11,21,Winner_2022,1.1,5.0,0,True,0.0,
4VozWQ,11,22,Winner_2022,1.6,5.0,0,True,0.0,
4VozWQ,11,23,Winner_2022,2.1,5.0,0,True,0.0,
4VozWQ,11,24,Winner_2022,2.6,5.0,0,True,0.0,
4VozWQ,11,25,Winner_2022,3.1,5.0,1,True,0.0,
4VozWQ,11,26,Winner_2022,3.6,5.0,0,True,0.0,
4VozWQ,11,27,Winner_2022,4.1,5.0,0,True,0.0,
4VozWQ,11,28,Winner_2022,4.5,5.0,0,True,0.0,
4VozWQ,11,29,Winner_2022,4.8,5.0,1,True,0.0,
4VozWQ,11,30,Winner_2022,4.9,5.0,1,True,0.0,
4VozWQ,11,31,Winner_2022,4.9,5.0,0,True,0.0,
4VozWQ,11,32,Winner_2022,5.0,5.0,2,True,0.0,
4VozWQ,11,33,Winner_2022,5.0,5.0,0,True,0.0,
4VozWQ,11,34,Winner_2022,5.0,5.0,0,True,0.0,
4VozWQ,11,35,Winner_2022,5.0,5.0,0,True,0.0,
4VozWQ,11,36,Winner_2022,5.0,5.0,0,True,0.0,
4VozWQ,11,37,Winner_2022,4.9,5.0,1,True,0.0,
4VozWQ,11,38,Winner_2022,4.9,5.0,1,True,0.0,
4VozWQ,11,39,Winner_2022,4.8,5.0,2,True,0.0,
4VozWQ,11,40,Winner_2022,4.8,5.0,1,True,0.0,
4VozWQ,11,41,Winner_2022,4.6,5.0,1,True,0.0,
4VozWQ,11,42,Winner_2022,4.5,5.0,0,True,0.0,
4VozWQ,11,43,Winner_2022,4.2,5.0,0,True,0.0,
4VozWQ,11,44,Winner_2022,3.8,5.0,0,True,0.0,
4VozWQ,11,45,Winner_2022,3.3,5.0,0,True,0.0,
4VozWQ,11,46,Winner_2022,2.8,5.0,0,True,0.0,
4VozWQ,11,47,Winner_2022,2.3,5.0,0,True,0.0,
4VozWQ,11,48,Winner_2022,1.8,5.0,0,True,0.0,
4VozWQ,11,49,Winner_2022,1.3,5.0,1,True,0.0,
4VozWQ,11,50,Winner_2022,0.8,5.0,2,True,0.0,
4VozWQ,11,51,Winner_2022,0.3,5.0,0,True,0.0,
4VozWQ,11,52,Winner_2022,0.1,5.0,0,True,0.0,
4VozWQ,11,53,Winner_2022,0.1,5.0,0,True,0.0,
4VozWQ,11,54,Winner_2022,0.1,5.0,0,True,0.0,
4VozWQ,11,55,Winner_2022,0.1,5.0,0,True,0.0,
4VozWQ,11,56,Winner_2022,0.1,5.0,1,True,0.0,
4VozWQ,11,57,Winner_2022,0.1,5.0,1,True,0.0,
4VozWQ,11,58,Winner_2022,0.1,5.0,1,True,0.0,
4VozWQ,11,59,Winner_2022,0.1,5.0,0,True,0.0,
4VozWQ,11,60,Winner_2022,0.1,5.0,0,True,0.0,
4VozWQ,11,61,Winner_2022,0.1,5.0,0,True,0.0,
4VozWQ,11,62,Winner_2022,0.1,5.0,1,True,0.0,
4VozWQ,11,63,Winner_2022,0.1,5.0,1,True,0.0,
4VozWQ,11,64,Winner_2022,0.1,5.0,0,True,0.0,
4VozWQ,11,65,Winner_2022,0.1,5.0,0,True,0.0,
4VozWQ,11,66,Winner_2022,0.1,5.0,0,True,0.0,
4VozWQ,11,67,Winner_2022,0.1,5.0,1,True,0.0,
4VozWQ,11,68,Winner_2022,0.1,5.0,0,True,0.0,
4VozWQ,11,69,Winner_2022,0.1,5.0,1,True,0.0,
4VozWQ,11,70,Winner_2022,0.1,5.0,0,True,0.0,
4VozWQ,11,71,Winner_2022,0.1,5.0,0,True,0.0,
4VozWQ,11,72,Winner_2022,0.1,5.0,0,True,0.0,
4VozWQ,11,73,Winner_2022,0.1,5.0,1,True,0.0,
4VozWQ,11,74,Winner_2022,0.1,5.0,1,True,0.0,
4VozWQ,11,75,Winner_2022,0.1,5.0,0,True,0.0,
4VozWQ,11,76,Winner_2022,0.1,5.0,0,True,0.0,
4VozWQ,11,77,Winner_2022,0.1,5.0,1,True,0.0,
4VozWQ,11,78,Winner_2022,0.1,5.0,0,True,0.0,
4VozWQ,11,79,Winner_2022,0.1,5.0,1,True,0.0,
4VozWQ,11,80,Winner_2022,0.1,5.0,0,True,0.0,
4VozWQ,11,81,Winner_2022,0.1,5.0,0,True,0.0,
4VozWQ,11,82,Winner_2022,0.1,5.0,1,True,0.0,
4VozWQ,11,83,Winner_2022,0.1,5.0,0,True,0.0,
4VozWQ,11,84,Winner_2022,0.1,5.0,0,True,0.0,
4VozWQ,11,85,Winner_2022,0.1,5.0,1,True,0.0,
4VozWQ,11,86,Winner_2022,0.1,5.0,1,True,0.0,
4VozWQ,11,87,Winner_2022,0.1,5.0,0,True,0.0,
4VozWQ,11,88,Winner_2022,0.1,5.0,1,True,0.0,
4VozWQ,11,89,Winner_2022,0.1,5.0,1,True,0.0,
4VozWQ,11,90,Winner_2022,0.1,5.0,0,True,0.0,
4VozWQ,11,91,Winner_2022,0.1,5.0,0,True,0.0,
4VozWQ,11,92,Winner_2022,0.1,5.0,1,True,0.0,
4VozWQ,11,93,Winner_2022,0.1,5.0,0,True,0.0,
4VozWQ,11,94,Winner_2022,0.1,5.0,0,True,0.0,
4VozWQ,11,95,Winner_2022,0.1,5.0,1,True,0.0,
4VozWQ,11,96,Winner_2022,0.1,5.0,0,True,0.0,
4VozWQ,11,97,Winner_2022,0.1,5.0,1,True,0.0,
4VozWQ,11,98,Winner_2022,0.1,5.0,2,True,0.0,
4VozWQ,11,99,Winner_2022,0.1,5.0,0,True,0.0,
4VozWQ,11,100,Winner_2022,0.1,5.0,0,True,0.0,
4VozWQ,12,1,Winner_2022,1.2,30.0,0,True,0.0,
4VozWQ,12,2,Winner_2022,0.7,24.0,1,True,0.0,
4VozWQ,12,3,Winner_2022,0.2,23.2,0,True,0.0,
4VozWQ,12,4,Winner_2022,0.1,21.5,0,True,0.0,
4VozWQ,12,5,Winner_2022,0.1,19.3,0,True,0.0,
4VozWQ,12,6,Winner_2022,0.1,16.9,1,True,0.0,
4VozWQ,12,7,Winner_2022,0.1,15.7,0,True,0.0,
4VozWQ,12,8,Winner_2022,0.1,14.4,0,True,0.0,
4VozWQ,12,9,Winner_2022,0.1,12.9,1,True,0.0,
4VozWQ,12,10,Winner_2022,0.1,12.0,0,True,0.0,
4VozWQ,12,11,Winner_2022,0.1,11.1,0,True,0.0,
4VozWQ,12,12,Winner_2022,0.1,10.1,0,True,0.0,
4VozWQ,12,13,Winner_2022,0.1,9.1,0,True,0.0,
4VozWQ,12,14,Winner_2022,0.1,8.1,0,True,0.0,
4VozWQ,12,15,Winner_2022,0.1,7.1,0,True,0.0,
4VozWQ,12,16,Winner_2022,0.1,6.2,2,True,0.0,
4VozWQ,12,17,Winner_2022,0.1,5.7,0,True,0.0,
4VozWQ,12,18,Winner_2022,0.1,5.2,0,True,0.0,
4VozWQ,12,19,Winner_2022,0.1,5.0,0,True,0.0,
4VozWQ,12,20,Winner_2022,0.1,5.0,1,True,0.0,
4VozWQ,12,21,Winner_2022,0.1,5.0,0,True,0.0,
4VozWQ,12,22,Winner_2022,0.1,5.0,0,True,0.0,
4VozWQ,12,23,Winner_2022,0.1,5.0,0,True,0.0,
4VozWQ,12,24,Winner_2022,0.1,5.0,1,True,0.0,
4VozWQ,12,25,Winner_2022,0.1,5.0,1,True,0.0,
4VozWQ,12,26,Winner_2022,0.1,5.0,0,True,0.0,
4VozWQ,12,27,Winner_2022,0.1,5.0,0,True,0.0,
4VozWQ,12,28,Winner_2022,0.1,5.0,1,True,0.0,
4VozWQ,12,29,Winner_2022,0.1,5.0,0,True,0.0,
4VozWQ,12,30,Winner_2022,0.1,5.0,0,True,0.0,
4VozWQ,12,31,Winner_2022,0.1,5.0,0,True,0.0,
4VozWQ,12,32,Winner_2022,0.1,5.0,1,True,0.0,
4VozWQ,12,33,Winner_2022,0.1,5.0,2,True,0.0,
4VozWQ,12,34,Winner_2022,0.1,5.0,0,True,0.0,
4VozWQ,12,35,Winner_2022,0.1,5.0,1,True,0.0,
4VozWQ,12,36,Winner_2022,0.1,5.0,1,True,0.0,
4VozWQ,12,37,Winner_2022,0.1,5.0,0,True,0.0,
4VozWQ,12,38,Winner_2022,0.1,5.0,0,True,0.0,
4VozWQ,12,39,Winner_2022,0.1,5.0,1,True,0.0,
4VozWQ,12,40,Winner_2022,0.1,5.0,2,True,0.0,
4VozWQ,12,41,Winner_2022,0.1,5.0,0,True,0.0,
4VozWQ,12,42,Winner_2022,0.1,5.0,0,True,0.0,
4VozWQ,12,43,Winner_2022,0.1,5.0,0,True,0.0,
4VozWQ,12,44,Winner_2022,0.1,5.0,0,True,0.0,
4VozWQ,12,45,Winner_2022,0.1,5.0,1,True,0.0,
4VozWQ,12,46,Winner_2022,0.1,5.0,0,True,0.0,
4VozWQ,12,47,Winner_2022,0.1,5.0,0,True,0.0,
4VozWQ,12,48,Winner_2022,0.1,5.0,1,True,0.0,
4VozWQ,12,49,Winner_2022,0.1,5.0,0,True,0.0,
4VozWQ,12,50,Winner_2022,0.1,5.0,0,True,0.0,
4VozWQ,12,51,Winner_2022,0.1,5.0,0,True,0.0,
4VozWQ,12,52,Winner_2022,0.1,5.0,1,True,0.0,
4VozWQ,12,53,Winner_2022,0.1,5.0,2,True,0.0,
4VozWQ,12,54,Winner_2022,0.1,5.0,1,True,0.0,
4VozWQ,12,55,Winner_2022,0.1,5.0,1,True,0.0,
4VozWQ,12,56,Winner_2022,0.1,5.0,0,True,0.0,
4VozWQ,12,57,Winner_2022,0.1,5.0,0,True,0.0,
4VozWQ,12,58,Winner_2022,0.1,5.0,0,True,0.0,
4VozWQ,12,59,Winner_2022,0.1,5.0,1,True,0.0,
4VozWQ,12,60,Winner_2022,0.1,5.0,0,True,0.001,
4VozWQ,12,61,Winner_2022,0.1,5.0,1,True,0.0,
4VozWQ,12,62,Winner_2022,0.1,5.0,0,True,0.0,
4VozWQ,12,63,Winner_2022,0.1,5.0,0,True,0.0,
4VozWQ,12,64,Winner_2022,0.1,5.0,0,True,0.0,
4VozWQ,12,65,Winner_2022,0.1,5.0,1,True,0.0,
4VozWQ,12,66,Winner_2022,0.1,5.0,0,True,0.0,
4VozWQ,12,67,Winner_2022,0.1,5.0,0,True,0.0,
4VozWQ,12,68,Winner_2022,0.1,5.0,0,True,0.0,
4VozWQ,12,69,Winner_2022,0.1,5.0,0,True,0.0,
4VozWQ,12,70,Winner_2022,0.1,5.0,2,True,0.0,
4VozWQ,12,71,Winner_2022,0.1,5.0,1,True,0.0,
4VozWQ,12,72,Winner_2022,0.1,5.0,0,True,0.0,
4VozWQ,12,73,Winner_2022,0.1,5.0,1,True,0.0,
4VozWQ,12,74,Winner_2022,0.1,5.0,1,True,0.0,
4VozWQ,12,75,Winner_2022,0.1,5.0,1,True,0.0,
4VozWQ,12,76,Winner_2022,0.1,5.0,1,True,0.0,
4VozWQ,12,77,Winner_2022,0.1,5.0,0,True,0.0,
4VozWQ,12,78,Winner_2022,0.1,5.0,0,True,0.0,
4VozWQ,12,79,Winner_2022,0.1,5.0,1,True,0.0,
4VozWQ,12,80,Winner_2022,0.1,5.0,0,True,0.0,
4VozWQ,12,81,Winner_2022,0.1,5.0,1,True,0.0,
4VozWQ,12,82,Winner_2022,0.1,5.0,0,True,0.0,
4VozWQ,12,83,Winner_2022,0.1,5.0,0,True,0.0,
4VozWQ,12,84,Winner_2022,0.1,5.0,1,True,0.0,
4VozWQ,12,85,Winner_2022,0.1,5.0,0,True,0.0,
4VozWQ,12,86,Winner_2022,0.1,5.0,1,True,0.0,
4VozWQ,12,87,Winner_2022,0.1,5.0,1,True,0.0,
4VozWQ,12,88,Winner_2022,0.1,5.0,1,True,0.0,
4VozWQ,12,89,Winner_2022,0.1,5.0,1,True,0.0,
4VozWQ,12,90,Winner_2022,0.1,5.0,1,True,0.0,
4VozWQ,12,91,Winner_2022,0.1,5.0,0,True,0.0,
4VozWQ,12,92,Winner_2022,0.1,5.0,0,True,0.0,
4VozWQ,12,93,Winner_2022,0.1,5.0,0,True,0.0,
4VozWQ,12,94,Winner_2022,0.1,5.0,0,True,0.0,
4VozWQ,12,95,Winner_2022,0.1,5.0,1,True,0.0,
4VozWQ,12,96,Winner_2022,0.1,5.0,0,True,0.0,
4VozWQ,12,97,Winner_2022,0.1,5.0,1,True,0.0,
4VozWQ,12,98,Winner_2022,0.1,5.0,0,True,0.0,
4VozWQ,12,99,Winner_2022,0.1,5.0,1,True,0.0,
4VozWQ,12,100,Winner_2022,0.1,5.0,0,True,0.0,
4VozWQ,13,1,Winner_2022,0.7,77.0,0,True,0.0,
4VozWQ,13,2,Winner_2022,0.2,61.6,0,True,0.0,
4VozWQ,13,3,Winner_2022,0.1,49.3,0,True,0.0,
4VozWQ,13,4,Winner_2022,0.1,39.4,0,True,0.0,
4VozWQ,13,5,Winner_2022,0.1,31.5,0,True,0.0,
4VozWQ,13,6,Winner_2022,0.1,25.2,0,True,0.0,
4VozWQ,13,7,Winner_2022,0.1,20.2,0,True,0.0,
4VozWQ,13,8,Winner_2022,0.1,16.1,1,True,0.0,
4VozWQ,13,9,Winner_2022,0.1,13.7,0,True,0.0,
4VozWQ,13,10,Winner_2022,0.1,11.6,0,True,0.0,
4VozWQ,13,11,Winner_2022,0.1,9.7,1,True,0.0,
4VozWQ,13,12,Winner_2022,0.1,8.5,1,True,0.0,
4VozWQ,13,13,Winner_2022,0.1,7.6,0,True,0.0,
4VozWQ,13,14,Winner_2022,0.1,6.8,0,True,0.0,
4VozWQ,13,15,Winner_2022,0.1,6.0,0,True,0.0,
4VozWQ,13,16,Winner_2022,0.1,5.2,1,True,0.0,
4VozWQ,13,17,Winner_2022,0.1,5.0,0,True,0.0,
4VozWQ,13,18,Winner_2022,0.1,5.0,1,True,0.0,
4VozWQ,13,19,Winner_2022,0.1,5.0,0,True,0.0,
4VozWQ,13,20,Winner_2022,0.1,5.0,0,True,0.0,
4VozWQ,13,21,Winner_2022,0.1,5.0,0,True,0.0,
4VozWQ,13,22,Winner_2022,0.1,5.0,0,True,0.0,
4VozWQ,13,23,Winner_2022,0.1,5.0,1,True,0.0,
4VozWQ,13,24,Winner_2022,0.1,5.0,0,True,0.0,
4VozWQ,13,25,Winner_2022,0.1,5.0,0,True,0.0,
4VozWQ,13,26,Winner_2022,0.1,5.0,0,True,0.0,
4VozWQ,13,27,Winner_2022,0.1,5.0,0,True,0.0,
4VozWQ,13,28,Winner_2022,0.1,5.0,0,True,0.0,
4VozWQ,13,29,Winner_2022,0.1,5.0,1,True,0.0,
4VozWQ,13,30,Winner_2022,0.1,5.0,0,True,0.0,
4VozWQ,13,31,Winner_2022,0.1,5.0,0,True,0.0,
4VozWQ,13,32,Winner_2022,0.1,5.0,0,True,0.0,
4VozWQ,13,33,Winner_2022,0.1,5.0,0,True,0.0,
4VozWQ,13,34,Winner_2022,0.1,5.0,0,True,0.0,
4VozWQ,13,35,Winner_2022,0.1,5.0,0,True,0.0,
4VozWQ,13,36,Winner_2022,0.1,5.0,0,True,0.0,
4VozWQ,13,37,Winner_2022,0.1,5.0,0,True,0.0,
4VozWQ,13,38,Winner_2022,0.1,5.0,0,True,0.0,
4VozWQ,13,39,Winner_2022,0.1,5.0,1,True,0.0,
4VozWQ,13,40,Winner_2022,0.1,5.0,0,True,0.0,
4VozWQ,13,41,Winner_2022,0.1,5.0,0,True,0.0,
4VozWQ,13,42,Winner_2022,0.1,5.0,0,True,0.0,
4VozWQ,13,43,Winner_2022,0.1,5.0,0,True,0.0,
4VozWQ,13,44,Winner_2022,0.1,5.0,1,True,0.0,
4VozWQ,13,45,Winner_2022,0.1,5.0,0,True,0.0,
4VozWQ,13,46,Winner_2022,0.1,5.0,0,True,0.0,
4VozWQ,13,47,Winner_2022,0.1,5.0,0,True,0.0,
4VozWQ,13,48,Winner_2022,0.1,5.0,0,True,0.0,
4VozWQ,13,49,Winner_2022,0.1,5.0,1,True,0.0,
4VozWQ,13,50,Winner_2022,0.1,5.0,0,True,0.0,
4VozWQ,13,51,Winner_2022,0.1,5.0,0,True,0.0,
4VozWQ,13,52,Winner_2022,0.1,5.0,0,True,0.0,
4VozWQ,13,53,Winner_2022,0.1,5.0,0,True,0.0,
4VozWQ,13,54,Winner_2022,0.1,5.0,0,True,0.0,
4VozWQ,13,55,Winner_2022,0.1,5.0,1,True,0.0,
4VozWQ,13,56,Winner_2022,0.1,5.0,1,True,0.0,
4VozWQ,13,57,Winner_2022,0.1,5.0,0,True,0.0,
4VozWQ,13,58,Winner_2022,0.1,5.0,1,True,0.0,
4VozWQ,13,59,Winner_2022,0.1,5.0,0,True,0.0,
4VozWQ,13,60,Winner_2022,0.1,5.0,0,True,0.0,
4VozWQ,13,61,Winner_2022,0.1,5.0,1,True,0.0,
4VozWQ,13,62,Winner_2022,0.1,5.0,0,True,0.0,
4VozWQ,13,63,Winner_2022,0.1,5.0,0,True,0.0,
4VozWQ,13,64,Winner_2022,0.1,5.0,0,True,0.0,
4VozWQ,13,65,Winner_2022,0.1,5.0,0,True,0.0,
4VozWQ,13,66,Winner_2022,0.1,5.0,0,True,0.0,
4VozWQ,13,67,Winner_2022,0.1,5.0,2,True,0.0,
4VozWQ,13,68,Winner_2022,0.1,5.0,1,True,0.0,
4VozWQ,13,69,Winner_2022,0.1,5.0,0,True,0.0,
4VozWQ,13,70,Winner_2022,0.1,5.0,1,True,0.0,
4VozWQ,13,71,Winner_2022,0.1,5.0,0,True,0.0,
4VozWQ,13,72,Winner_2022,0.1,5.0,0,True,0.0,
4VozWQ,13,73,Winner_2022,0.1,5.0,1,True,0.0,
4VozWQ,13,74,Winner_2022,0.1,5.0,2,True,0.0,
4VozWQ,13,75,Winner_2022,0.1,5.0,0,True,0.0,
4VozWQ,13,76,Winner_2022,0.1,5.0,0,True,0.0,
4VozWQ,13,77,Winner_2022,0.1,5.0,1,True,0.0,
4VozWQ,13,78,Winner_2022,0.1,5.0,1,True,0.0,
4VozWQ,13,79,Winner_2022,0.1,5.0,0,True,0.0,
4VozWQ,13,80,Winner_2022,0.1,5.0,0,True,0.0,
4VozWQ,13,81,Winner_2022,0.1,5.0,1,True,0.0,
4VozWQ,13,82,Winner_2022,0.1,5.0,0,True,0.0,
4VozWQ,13,83,Winner_2022,0.1,5.0,2,True,0.0,
4VozWQ,13,84,Winner_2022,0.1,5.0,1,True,0.0,
4VozWQ,13,85,Winner_2022,0.1,5.0,1,True,0.0,
4VozWQ,13,86,Winner_2022,0.1,5.0,2,True,0.0,
4VozWQ,13,87,Winner_2022,0.1,5.0,1,True,0.0,
4VozWQ,13,88,Winner_2022,0.1,5.0,1,True,0.0,
4VozWQ,13,89,Winner_2022,0.1,5.0,1,True,0.0,
4VozWQ,13,90,Winner_2022,0.1,5.0,0,True,0.0,
4VozWQ,13,91,Winner_2022,0.1,5.0,1,True,0.0,
4VozWQ,13,92,Winner_2022,0.1,5.0,0,True,0.0,
4VozWQ,13,93,Winner_2022,0.1,5.0,1,True,0.0,
4VozWQ,13,94,Winner_2022,0.1,5.0,2,True,0.0,
4VozWQ,13,95,Winner_2022,0.1,5.0,0,True,0.0,
4VozWQ,13,96,Winner_2022,0.1,5.0,1,True,0.0,
4VozWQ,13,97,Winner_2022,0.1,5.0,1,True,0.0,
4VozWQ,13,98,Winner_2022,0.1,5.0,2,True,0.0,
4VozWQ,13,99,Winner_2022,0.1,5.0,0,True,0.0,
4VozWQ,13,100,Winner_2022,0.1,5.0,0,True,0.0,
4VozWQ,14,1,Winner_2022,0.1,82.0,0,True,0.0,
4VozWQ,14,2,Winner_2022,0.6,65.6,0,True,0.0,
4VozWQ,14,3,Winner_2022,1.1,52.5,0,True,0.0,
4VozWQ,14,4,Winner_2022,1.6,42.0,0,True,0.0,
4VozWQ,14,5,Winner_2022,2.1,33.6,0,True,0.0,
4VozWQ,14,6,Winner_2022,2.6,26.9,0,True,0.0,
4VozWQ,14,7,Winner_2022,3.1,21.5,0,True,0.0,
4VozWQ,14,8,Winner_2022,3.6,17.2,0,True,0.0,
4VozWQ,14,9,Winner_2022,4.1,13.8,0,True,0.0,
4VozWQ,14,10,Winner_2022,4.6,11.0,1,True,0.0,
4VozWQ,14,11,Winner_2022,5.1,9.3,0,True,0.0,
4VozWQ,14,12,Winner_2022,5.6,7.7,0,True,0.0,
4VozWQ,14,13,Winner_2022,6.1,6.5,1,True,0.0,
4VozWQ,14,14,Winner_2022,6.3,5.5,0,True,0.0,
4VozWQ,14,15,Winner_2022,6.7,5.0,0,True,0.0,
4VozWQ,14,16,Winner_2022,6.2,5.0,0,True,0.0,
4VozWQ,14,17,Winner_2022,5.7,5.0,0,True,0.0,
4VozWQ,14,18,Winner_2022,5.3,5.0,0,True,0.0,
4VozWQ,14,19,Winner_2022,5.2,5.0,0,True,0.0,
4VozWQ,14,20,Winner_2022,5.1,5.0,1,True,0.0,
4VozWQ,14,21,Winner_2022,5.0,5.0,2,True,0.0,
4VozWQ,14,22,Winner_2022,5.0,5.0,1,True,0.0,
4VozWQ,14,23,Winner_2022,5.0,5.0,0,True,0.0,
4VozWQ,14,24,Winner_2022,5.0,5.0,1,True,0.0,
4VozWQ,14,25,Winner_2022,5.0,5.0,0,True,0.0,
4VozWQ,14,26,Winner_2022,5.0,5.0,0,True,0.0,
4VozWQ,14,27,Winner_2022,5.0,5.0,1,True,0.0,
4VozWQ,14,28,Winner_2022,5.0,5.0,0,True,0.0,
4VozWQ,14,29,Winner_2022,5.0,5.0,0,True,0.0,
4VozWQ,14,30,Winner_2022,5.0,5.0,0,True,0.0,
4VozWQ,14,31,Winner_2022,5.0,5.0,0,True,0.0,
4VozWQ,14,32,Winner_2022,5.0,5.0,0,True,0.0,
4VozWQ,14,33,Winner_2022,5.0,5.0,1,True,0.0,
4VozWQ,14,34,Winner_2022,5.0,5.0,0,True,0.0,
4VozWQ,14,35,Winner_2022,5.0,5.0,1,True,0.0,
4VozWQ,14,36,Winner_2022,5.0,5.0,3,True,0.0,
4VozWQ,14,37,Winner_2022,5.0,5.0,0,True,0.0,
4VozWQ,14,38,Winner_2022,5.0,5.0,0,True,0.0,
4VozWQ,14,39,Winner_2022,5.0,5.0,1,True,0.0,
4VozWQ,14,40,Winner_2022,5.0,5.0,1,True,0.0,
4VozWQ,14,41,Winner_2022,5.0,5.0,0,True,0.0,
4VozWQ,14,42,Winner_2022,5.0,5.0,0,True,0.0,
4VozWQ,14,43,Winner_2022,5.0,5.0,1,True,0.0,
4VozWQ,14,44,Winner_2022,5.0,5.0,0,True,0.0,
4VozWQ,14,45,Winner_2022,5.0,5.0,0,True,0.0,
4VozWQ,14,46,Winner_2022,5.0,5.0,0,True,0.0,
4VozWQ,14,47,Winner_2022,5.0,5.0,1,True,0.0,
4VozWQ,14,48,Winner_2022,5.0,5.0,0,True,0.0,
4VozWQ,14,49,Winner_2022,5.0,5.0,1,True,0.0,
4VozWQ,14,50,Winner_2022,5.0,5.0,0,True,0.0,
4VozWQ,14,51,Winner_2022,5.0,5.0,0,True,0.0,
4VozWQ,14,52,Winner_2022,5.0,5.0,3,True,0.0,
4VozWQ,14,53,Winner_2022,5.0,5.0,1,True,0.0,
4VozWQ,14,54,Winner_2022,5.0,5.0,0,True,0.0,
4VozWQ,14,55,Winner_2022,5.0,5.0,0,True,0.0,
4VozWQ,14,56,Winner_2022,5.0,5.0,1,True,0.0,
4VozWQ,14,57,Winner_2022,5.0,5.0,0,True,0.0,
4VozWQ,14,58,Winner_2022,5.0,5.0,1,True,0.0,
4VozWQ,14,59,Winner_2022,5.0,5.0,1,True,0.0,
4VozWQ,14,60,Winner_2022,5.0,5.0,4,True,0.0,
4VozWQ,14,61,Winner_2022,5.0,5.0,0,True,0.0,
4VozWQ,14,62,Winner_2022,5.0,5.0,1,True,0.0,
4VozWQ,14,63,Winner_2022,5.0,5.0,0,True,0.0,
4VozWQ,14,64,Winner_2022,5.0,5.0,0,True,0.0,
4VozWQ,14,65,Winner_2022,5.0,5.0,0,True,0.0,
4VozWQ,14,66,Winner_2022,5.0,5.0,1,True,0.0,
4VozWQ,14,67,Winner_2022,5.0,5.0,1,True,0.0,
4VozWQ,14,68,Winner_2022,5.0,5.0,2,True,0.0,
4VozWQ,14,69,Winner_2022,5.0,5.0,0,True,0.0,
4VozWQ,14,70,Winner_2022,5.0,5.0,0,True,0.0,
4VozWQ,14,71,Winner_2022,5.0,5.0,1,True,0.0,
4VozWQ,14,72,Winner_2022,5.0,5.0,0,True,0.0,
4VozWQ,14,73,Winner_2022,5.0,5.0,0,True,0.0,
4VozWQ,14,74,Winner_2022,5.0,5.0,0,True,0.0,
4VozWQ,14,75,Winner_2022,5.0,5.0,2,True,0.0,
4VozWQ,14,76,Winner_2022,5.0,5.0,1,True,0.0,
4VozWQ,14,77,Winner_2022,5.0,5.0,0,True,0.0,
4VozWQ,14,78,Winner_2022,5.0,5.0,0,True,0.0,
4VozWQ,14,79,Winner_2022,5.0,5.0,1,True,0.0,
4VozWQ,14,80,Winner_2022,5.0,5.0,2,True,0.0,
4VozWQ,14,81,Winner_2022,5.0,5.0,1,True,0.0,
4VozWQ,14,82,Winner_2022,5.0,5.0,1,True,0.0,
4VozWQ,14,83,Winner_2022,5.0,5.0,1,True,0.0,
4VozWQ,14,84,Winner_2022,5.0,5.0,0,True,0.0,
4VozWQ,14,85,Winner_2022,5.0,5.0,1,True,0.0,
4VozWQ,14,86,Winner_2022,5.0,5.0,0,True,0.0,
4VozWQ,14,87,Winner_2022,5.0,5.0,0,True,0.0,
4VozWQ,14,88,Winner_2022,5.0,5.0,1,True,0.0,
4VozWQ,14,89,Winner_2022,5.0,5.0,0,True,0.0,
4VozWQ,14,90,Winner_2022,5.0,5.0,1,True,0.0,
4VozWQ,14,91,Winner_2022,5.0,5.0,0,True,0.0,
4VozWQ,14,92,Winner_2022,5.0,5.0,1,True,0.0,
4VozWQ,14,93,Winner_2022,5.0,5.0,2,True,0.0,
4VozWQ,14,94,Winner_2022,5.0,5.0,0,True,0.0,
4VozWQ,14,95,Winner_2022,5.0,5.0,0,True,0.0,
4VozWQ,14,96,Winner_2022,5.0,5.0,2,True,0.0,
4VozWQ,14,97,Winner_2022,5.0,5.0,1,True,0.0,
4VozWQ,14,98,Winner_2022,5.0,5.0,2,True,0.0,
4VozWQ,14,99,Winner_2022,5.0,5.0,2,True,0.0,
4VozWQ,14,100,Winner_2022,5.0,5.0,1,True,0.0,
4VozWQ,15,1,Winner_2022,2.5,59.0,0,True,0.0,
4VozWQ,15,2,Winner_2022,2.0,47.2,0,True,0.0,
4VozWQ,15,3,Winner_2022,1.5,37.8,0,True,0.0,
4VozWQ,15,4,Winner_2022,1.0,30.2,0,True,0.0,
4VozWQ,15,5,Winner_2022,0.5,24.2,0,True,0.0,
4VozWQ,15,6,Winner_2022,0.1,19.3,0,True,0.0,
4VozWQ,15,7,Winner_2022,0.1,15.5,0,True,0.0,
4VozWQ,15,8,Winner_2022,0.1,12.4,1,True,0.0,
4VozWQ,15,9,Winner_2022,0.1,10.5,0,True,0.0,
4VozWQ,15,10,Winner_2022,0.1,8.9,0,True,0.0,
4VozWQ,15,11,Winner_2022,0.1,7.5,0,True,0.0,
4VozWQ,15,12,Winner_2022,0.1,6.2,0,True,0.0,
4VozWQ,15,13,Winner_2022,0.1,5.2,0,True,0.0,
4VozWQ,15,14,Winner_2022,0.1,5.0,1,True,0.0,
4VozWQ,15,15,Winner_2022,0.1,5.0,0,True,0.0,
4VozWQ,15,16,Winner_2022,0.1,5.0,0,True,0.0,
4VozWQ,15,17,Winner_2022,0.1,5.0,0,True,0.0,
4VozWQ,15,18,Winner_2022,0.1,5.0,0,True,0.0,
4VozWQ,15,19,Winner_2022,0.1,5.0,0,True,0.0,
4VozWQ,15,20,Winner_2022,0.1,5.0,0,True,0.0,
4VozWQ,15,21,Winner_2022,0.1,5.0,0,True,0.0,
4VozWQ,15,22,Winner_2022,0.1,5.0,0,True,0.0,
4VozWQ,15,23,Winner_2022,0.1,5.0,0,True,0.0,
4VozWQ,15,24,Winner_2022,0.1,5.0,0,True,0.0,
4VozWQ,15,25,Winner_2022,0.1,5.0,0,True,0.0,
4VozWQ,15,26,Winner_2022,0.1,5.0,0,True,0.0,
4VozWQ,15,27,Winner_2022,0.1,5.0,1,True,0.0,
4VozWQ,15,28,Winner_2022,0.1,5.0,1,True,0.0,
4VozWQ,15,29,Winner_2022,0.1,5.0,1,True,0.0,
4VozWQ,15,30,Winner_2022,0.1,5.0,0,True,0.0,
4VozWQ,15,31,Winner_2022,0.1,5.0,1,True,0.0,
4VozWQ,15,32,Winner_2022,0.1,5.0,0,True,0.0,
4VozWQ,15,33,Winner_2022,0.1,5.0,0,True,0.0,
4VozWQ,15,34,Winner_2022,0.1,5.0,1,True,0.0,
4VozWQ,15,35,Winner_2022,0.1,5.0,0,True,0.0,
4VozWQ,15,36,Winner_2022,0.1,5.0,0,True,0.0,
4VozWQ,15,37,Winner_2022,0.1,5.0,1,True,0.0,
4VozWQ,15,38,Winner_2022,0.1,5.0,2,True,0.0,
4VozWQ,15,39,Winner_2022,0.1,5.0,0,True,0.0,
4VozWQ,15,40,Winner_2022,0.1,5.0,0,True,0.0,
4VozWQ,15,41,Winner_2022,0.1,5.0,1,True,0.0,
4VozWQ,15,42,Winner_2022,0.1,5.0,0,True,0.0,
4VozWQ,15,43,Winner_2022,0.1,5.0,0,True,0.0,
4VozWQ,15,44,Winner_2022,0.1,5.0,1,True,0.0,
4VozWQ,15,45,Winner_2022,0.1,5.0,0,True,0.0,
4VozWQ,15,46,Winner_2022,0.1,5.0,1,True,0.0,
4VozWQ,15,47,Winner_2022,0.1,5.0,0,True,0.0,
4VozWQ,15,48,Winner_2022,0.1,5.0,0,True,0.0,
4VozWQ,15,49,Winner_2022,0.1,5.0,1,True,0.0,
4VozWQ,15,50,Winner_2022,0.1,5.0,0,True,0.0,
4VozWQ,15,51,Winner_2022,0.1,5.0,0,True,0.0,
4VozWQ,15,52,Winner_2022,0.1,5.0,0,True,0.0,
4VozWQ,15,53,Winner_2022,0.1,5.0,0,True,0.0,
4VozWQ,15,54,Winner_2022,0.1,5.0,1,True,0.0,
4VozWQ,15,55,Winner_2022,0.1,5.0,0,True,0.0,
4VozWQ,15,56,Winner_2022,0.1,5.0,0,True,0.0,
4VozWQ,15,57,Winner_2022,0.1,5.0,0,True,0.0,
4VozWQ,15,58,Winner_2022,0.1,5.0,0,True,0.0,
4VozWQ,15,59,Winner_2022,0.1,5.0,1,True,0.0,
4VozWQ,15,60,Winner_2022,0.1,5.0,0,True,0.0,
4VozWQ,15,61,Winner_2022,0.1,5.0,1,True,0.0,
4VozWQ,15,62,Winner_2022,0.1,5.0,1,True,0.0,
4VozWQ,15,63,Winner_2022,0.1,5.0,0,True,0.0,
4VozWQ,15,64,Winner_2022,0.1,5.0,1,True,0.0,
4VozWQ,15,65,Winner_2022,0.1,5.0,0,True,0.0,
4VozWQ,15,66,Winner_2022,0.1,5.0,1,True,0.0,
4VozWQ,15,67,Winner_2022,0.1,5.0,0,True,0.0,
4VozWQ,15,68,Winner_2022,0.1,5.0,0,True,0.0,
4VozWQ,15,69,Winner_2022,0.1,5.0,0,True,0.0,
4VozWQ,15,70,Winner_2022,0.1,5.0,0,True,0.0,
4VozWQ,15,71,Winner_2022,0.1,5.0,2,True,0.0,
4VozWQ,15,72,Winner_2022,0.1,5.0,2,True,0.0,
4VozWQ,15,73,Winner_2022,0.1,5.0,0,True,0.0,
4VozWQ,15,74,Winner_2022,0.1,5.0,1,True,0.0,
4VozWQ,15,75,Winner_2022,0.1,5.0,0,True,0.0,
4VozWQ,15,76,Winner_2022,0.1,5.0,2,True,0.0,
4VozWQ,15,77,Winner_2022,0.1,5.0,1,True,0.0,
4VozWQ,15,78,Winner_2022,0.1,5.0,1,True,0.0,
4VozWQ,15,79,Winner_2022,0.1,5.0,1,True,0.0,
4VozWQ,15,80,Winner_2022,0.1,5.0,0,True,0.0,
4VozWQ,15,81,Winner_2022,0.1,5.0,1,True,0.0,
4VozWQ,15,82,Winner_2022,0.1,5.0,2,True,0.0,
4VozWQ,15,83,Winner_2022,0.1,5.0,1,True,0.0,
4VozWQ,15,84,Winner_2022,0.1,5.0,1,True,0.0,
4VozWQ,15,85,Winner_2022,0.1,5.0,0,True,0.0,
4VozWQ,15,86,Winner_2022,0.1,5.0,1,True,0.0,
4VozWQ,15,87,Winner_2022,0.1,5.0,0,True,0.0,
4VozWQ,15,88,Winner_2022,0.1,5.0,1,True,0.0,
4VozWQ,15,89,Winner_2022,0.1,5.0,1,True,0.0,
4VozWQ,15,90,Winner_2022,0.1,5.0,1,True,0.0,
4VozWQ,15,91,Winner_2022,0.1,5.0,0,True,0.0,
4VozWQ,15,92,Winner_2022,0.1,5.0,0,True,0.0,
4VozWQ,15,93,Winner_2022,0.1,5.0,2,True,0.0,
4VozWQ,15,94,Winner_2022,0.1,5.0,1,True,0.0,
4VozWQ,15,95,Winner_2022,0.1,5.0,0,True,0.0,
4VozWQ,15,96,Winner_2022,0.1,5.0,2,True,0.0,
4VozWQ,15,97,Winner_2022,0.1,5.0,1,True,0.0,
4VozWQ,15,98,Winner_2022,0.1,5.0,1,True,0.0,
4VozWQ,15,99,Winner_2022,0.1,5.0,0,True,0.0,
4VozWQ,15,100,Winner_2022,0.1,5.0,0,True,0.0,
4VozWQ,16,1,Winner_2022,2.5,78.0,0,True,0.0,
4VozWQ,16,2,Winner_2022,3.0,62.4,0,True,0.0,
4VozWQ,16,3,Winner_2022,3.5,49.9,0,True,0.0,
4VozWQ,16,4,Winner_2022,4.0,39.9,0,True,0.0,
4VozWQ,16,5,Winner_2022,3.5,31.9,0,True,0.0,
4VozWQ,16,6,Winner_2022,3.0,25.6,0,True,0.0,
4VozWQ,16,7,Winner_2022,2.5,20.4,1,True,0.0,
4VozWQ,16,8,Winner_2022,2.0,17.5,0,True,0.0,
4VozWQ,16,9,Winner_2022,1.5,14.9,0,True,0.0,
4VozWQ,16,10,Winner_2022,1.0,12.6,1,True,0.0,
4VozWQ,16,11,Winner_2022,0.5,11.1,1,True,0.0,
4VozWQ,16,12,Winner_2022,0.1,10.1,1,True,0.0,
4VozWQ,16,13,Winner_2022,0.1,9.4,0,True,0.0,
4VozWQ,16,14,Winner_2022,0.1,8.6,0,True,0.0,
4VozWQ,16,15,Winner_2022,0.1,7.8,0,True,0.0,
4VozWQ,16,16,Winner_2022,0.1,7.0,2,True,0.0,
4VozWQ,16,17,Winner_2022,0.1,6.6,0,True,0.0,
4VozWQ,16,18,Winner_2022,0.1,6.1,1,True,0.0,
4VozWQ,16,19,Winner_2022,0.1,5.8,1,True,0.0,
4VozWQ,16,20,Winner_2022,0.1,5.6,0,True,0.0,
4VozWQ,16,21,Winner_2022,0.1,5.3,0,True,0.0,
4VozWQ,16,22,Winner_2022,0.1,5.0,0,True,0.0,
4VozWQ,16,23,Winner_2022,0.1,5.0,0,True,0.0,
4VozWQ,16,24,Winner_2022,0.1,5.0,0,True,0.0,
4VozWQ,16,25,Winner_2022,0.1,5.0,0,True,0.0,
4VozWQ,16,26,Winner_2022,0.1,5.0,0,True,0.0,
4VozWQ,16,27,Winner_2022,0.1,5.0,1,True,0.0,
4VozWQ,16,28,Winner_2022,0.1,5.0,0,True,0.0,
4VozWQ,16,29,Winner_2022,0.1,5.0,0,True,0.0,
4VozWQ,16,30,Winner_2022,0.1,5.0,1,True,0.0,
4VozWQ,16,31,Winner_2022,0.1,5.0,0,True,0.0,
4VozWQ,16,32,Winner_2022,0.1,5.0,0,True,0.0,
4VozWQ,16,33,Winner_2022,0.1,5.0,2,True,0.0,
4VozWQ,16,34,Winner_2022,0.1,5.0,0,True,0.0,
4VozWQ,16,35,Winner_2022,0.1,5.0,0,True,0.0,
4VozWQ,16,36,Winner_2022,0.1,5.0,0,True,0.0,
4VozWQ,16,37,Winner_2022,0.1,5.0,1,True,0.0,
4VozWQ,16,38,Winner_2022,0.1,5.0,1,True,0.0,
4VozWQ,16,39,Winner_2022,0.1,5.0,0,True,0.0,
4VozWQ,16,40,Winner_2022,0.1,5.0,0,True,0.0,
4VozWQ,16,41,Winner_2022,0.1,5.0,0,True,0.0,
4VozWQ,16,42,Winner_2022,0.1,5.0,0,True,0.0,
4VozWQ,16,43,Winner_2022,0.1,5.0,1,True,0.0,
4VozWQ,16,44,Winner_2022,0.1,5.0,0,True,0.0,
4VozWQ,16,45,Winner_2022,0.1,5.0,1,True,0.0,
4VozWQ,16,46,Winner_2022,0.1,5.0,0,True,0.0,
4VozWQ,16,47,Winner_2022,0.1,5.0,1,True,0.0,
4VozWQ,16,48,Winner_2022,0.1,5.0,0,True,0.0,
4VozWQ,16,49,Winner_2022,0.1,5.0,1,True,0.0,
4VozWQ,16,50,Winner_2022,0.1,5.0,1,True,0.0,
4VozWQ,16,51,Winner_2022,0.1,5.0,1,True,0.0,
4VozWQ,16,52,Winner_2022,0.1,5.0,0,True,0.0,
4VozWQ,16,53,Winner_2022,0.1,5.0,0,True,0.0,
4VozWQ,16,54,Winner_2022,0.1,5.0,0,True,0.0,
4VozWQ,16,55,Winner_2022,0.1,5.0,0,True,0.0,
4VozWQ,16,56,Winner_2022,0.1,5.0,0,True,0.0,
4VozWQ,16,57,Winner_2022,0.1,5.0,1,True,0.0,
4VozWQ,16,58,Winner_2022,0.1,5.0,0,True,0.0,
4VozWQ,16,59,Winner_2022,0.1,5.0,0,True,0.0,
4VozWQ,16,60,Winner_2022,0.1,5.0,0,True,0.0,
4VozWQ,16,61,Winner_2022,0.1,5.0,1,True,0.0,
4VozWQ,16,62,Winner_2022,0.1,5.0,1,True,0.0,
4VozWQ,16,63,Winner_2022,0.1,5.0,1,True,0.0,
4VozWQ,16,64,Winner_2022,0.1,5.0,0,True,0.0,
4VozWQ,16,65,Winner_2022,0.1,5.0,2,True,0.0,
4VozWQ,16,66,Winner_2022,0.1,5.0,0,True,0.0,
4VozWQ,16,67,Winner_2022,0.1,5.0,0,True,0.0,
4VozWQ,16,68,Winner_2022,0.1,5.0,0,True,0.0,
4VozWQ,16,69,Winner_2022,0.1,5.0,0,True,0.0,
4VozWQ,16,70,Winner_2022,0.1,5.0,0,True,0.0,
4VozWQ,16,71,Winner_2022,0.1,5.0,1,True,0.0,
4VozWQ,16,72,Winner_2022,0.1,5.0,0,True,0.0,
4VozWQ,16,73,Winner_2022,0.1,5.0,0,True,0.0,
4VozWQ,16,74,Winner_2022,0.1,5.0,0,True,0.0,
4VozWQ,16,75,Winner_2022,0.1,5.0,0,True,0.0,
4VozWQ,16,76,Winner_2022,0.1,5.0,1,True,0.0,
4VozWQ,16,77,Winner_2022,0.1,5.0,0,True,0.0,
4VozWQ,16,78,Winner_2022,0.1,5.0,1,True,0.0,
4VozWQ,16,79,Winner_2022,0.1,5.0,0,True,0.0,
4VozWQ,16,80,Winner_2022,0.1,5.0,1,True,0.0,
4VozWQ,16,81,Winner_2022,0.1,5.0,0,True,0.0,
4VozWQ,16,82,Winner_2022,0.1,5.0,0,True,0.0,
4VozWQ,16,83,Winner_2022,0.1,5.0,0,True,0.0,
4VozWQ,16,84,Winner_2022,0.1,5.0,0,True,0.0,
4VozWQ,16,85,Winner_2022,0.1,5.0,2,True,0.0,
4VozWQ,16,86,Winner_2022,0.1,5.0,1,True,0.0,
4VozWQ,16,87,Winner_2022,0.1,5.0,0,True,0.0,
4VozWQ,16,88,Winner_2022,0.1,5.0,0,True,0.0,
4VozWQ,16,89,Winner_2022,0.1,5.0,1,True,0.0,
4VozWQ,16,90,Winner_2022,0.1,5.0,0,True,0.0,
4VozWQ,16,91,Winner_2022,0.1,5.0,2,True,0.0,
4VozWQ,16,92,Winner_2022,0.1,5.0,0,True,0.0,
4VozWQ,16,93,Winner_2022,0.1,5.0,0,True,0.0,
4VozWQ,16,94,Winner_2022,0.1,5.0,0,True,0.0,
4VozWQ,16,95,Winner_2022,0.1,5.0,0,True,0.0,
4VozWQ,16,96,Winner_2022,0.1,5.0,0,True,0.0,
4VozWQ,16,97,Winner_2022,0.1,5.0,0,True,0.0,
4VozWQ,16,98,Winner_2022,0.1,5.0,2,True,0.0,
4VozWQ,16,99,Winner_2022,0.1,5.0,0,True,0.0,
4VozWQ,16,100,Winner_2022,0.1,5.0,0,True,0.0,
4VozWQ,17,1,Winner_2022,0.3,32.0,0,True,0.0,
4VozWQ,17,2,Winner_2022,0.1,25.6,0,True,0.0,
4VozWQ,17,3,Winner_2022,0.1,20.5,0,True,0.0,
4VozWQ,17,4,Winner_2022,0.1,16.4,0,True,0.0,
4VozWQ,17,5,Winner_2022,0.1,13.1,0,True,0.0,
4VozWQ,17,6,Winner_2022,0.1,10.5,1,True,0.0,
4VozWQ,17,7,Winner_2022,0.1,9.1,0,True,0.0,
4VozWQ,17,8,Winner_2022,0.1,7.8,0,True,0.0,
4VozWQ,17,9,Winner_2022,0.1,6.6,1,True,0.0,
4VozWQ,17,10,Winner_2022,0.1,5.9,0,True,0.0,
4VozWQ,17,11,Winner_2022,0.1,5.2,0,True,0.0,
4VozWQ,17,12,Winner_2022,0.1,5.0,0,True,0.0,
4VozWQ,17,13,Winner_2022,0.1,5.0,0,True,0.0,
4VozWQ,17,14,Winner_2022,0.1,5.0,0,True,0.0,
4VozWQ,17,15,Winner_2022,0.1,5.0,1,True,0.0,
4VozWQ,17,16,Winner_2022,0.1,5.0,1,True,0.0,
4VozWQ,17,17,Winner_2022,0.1,5.0,1,True,0.0,
4VozWQ,17,18,Winner_2022,0.1,5.0,0,True,0.0,
4VozWQ,17,19,Winner_2022,0.1,5.0,0,True,0.0,
4VozWQ,17,20,Winner_2022,0.1,5.0,0,True,0.0,
4VozWQ,17,21,Winner_2022,0.1,5.0,0,True,0.0,
4VozWQ,17,22,Winner_2022,0.1,5.0,0,True,0.0,
4VozWQ,17,23,Winner_2022,0.1,5.0,0,True,0.0,
4VozWQ,17,24,Winner_2022,0.1,5.0,0,True,0.0,
4VozWQ,17,25,Winner_2022,0.1,5.0,0,True,0.0,
4VozWQ,17,26,Winner_2022,0.1,5.0,1,True,0.0,
4VozWQ,17,27,Winner_2022,0.1,5.0,1,True,0.0,
4VozWQ,17,28,Winner_2022,0.1,5.0,0,True,0.0,
4VozWQ,17,29,Winner_2022,0.1,5.0,2,True,0.0,
4VozWQ,17,30,Winner_2022,0.1,5.0,0,True,0.0,
4VozWQ,17,31,Winner_2022,0.1,5.0,0,True,0.0,
4VozWQ,17,32,Winner_2022,0.1,5.0,0,True,0.0,
4VozWQ,17,33,Winner_2022,0.1,5.0,2,True,0.0,
4VozWQ,17,34,Winner_2022,0.1,5.0,1,True,0.0,
4VozWQ,17,35,Winner_2022,0.1,5.0,0,True,0.0,
4VozWQ,17,36,Winner_2022,0.1,5.0,0,True,0.0,
4VozWQ,17,37,Winner_2022,0.1,5.0,1,True,0.0,
4VozWQ,17,38,Winner_2022,0.1,5.0,0,True,0.0,
4VozWQ,17,39,Winner_2022,0.1,5.0,1,True,0.0,
4VozWQ,17,40,Winner_2022,0.1,5.0,0,True,0.0,
4VozWQ,17,41,Winner_2022,0.1,5.0,0,True,0.0,
4VozWQ,17,42,Winner_2022,0.1,5.0,1,True,0.0,
4VozWQ,17,43,Winner_2022,0.1,5.0,0,True,0.0,
4VozWQ,17,44,Winner_2022,0.1,5.0,0,True,0.0,
4VozWQ,17,45,Winner_2022,0.1,5.0,1,True,0.0,
4VozWQ,17,46,Winner_2022,0.1,5.0,1,True,0.0,
4VozWQ,17,47,Winner_2022,0.1,5.0,0,True,0.0,
4VozWQ,17,48,Winner_2022,0.1,5.0,1,True,0.0,
4VozWQ,17,49,Winner_2022,0.1,5.0,0,True,0.0,
4VozWQ,17,50,Winner_2022,0.1,5.0,0,True,0.0,
4VozWQ,17,51,Winner_2022,0.1,5.0,1,True,0.0,
4VozWQ,17,52,Winner_2022,0.1,5.0,0,True,0.0,
4VozWQ,17,53,Winner_2022,0.1,5.0,1,True,0.0,
4VozWQ,17,54,Winner_2022,0.1,5.0,0,True,0.0,
4VozWQ,17,55,Winner_2022,0.1,5.0,0,True,0.0,
4VozWQ,17,56,Winner_2022,0.1,5.0,0,True,0.0,
4VozWQ,17,57,Winner_2022,0.1,5.0,0,True,0.0,
4VozWQ,17,58,Winner_2022,0.1,5.0,1,True,0.0,
4VozWQ,17,59,Winner_2022,0.1,5.0,0,True,0.0,
4VozWQ,17,60,Winner_2022,0.1,5.0,1,True,0.0,
4VozWQ,17,61,Winner_2022,0.1,5.0,0,True,0.0,
4VozWQ,17,62,Winner_2022,0.1,5.0,0,True,0.0,
4VozWQ,17,63,Winner_2022,0.1,5.0,1,True,0.0,
4VozWQ,17,64,Winner_2022,0.1,5.0,0,True,0.0,
4VozWQ,17,65,Winner_2022,0.1,5.0,0,True,0.0,
4VozWQ,17,66,Winner_2022,0.1,5.0,0,True,0.0,
4VozWQ,17,67,Winner_2022,0.1,5.0,1,True,0.0,
4VozWQ,17,68,Winner_2022,0.1,5.0,3,True,0.0,
4VozWQ,17,69,Winner_2022,0.1,5.0,0,True,0.0,
4VozWQ,17,70,Winner_2022,0.1,5.0,0,True,0.0,
4VozWQ,17,71,Winner_2022,0.1,5.0,2,True,0.0,
4VozWQ,17,72,Winner_2022,0.1,5.0,0,True,0.0,
4VozWQ,17,73,Winner_2022,0.1,5.0,1,True,0.0,
4VozWQ,17,74,Winner_2022,0.1,5.0,1,True,0.0,
4VozWQ,17,75,Winner_2022,0.1,5.0,2,True,0.0,
4VozWQ,17,76,Winner_2022,0.1,5.0,1,True,0.0,
4VozWQ,17,77,Winner_2022,0.1,5.0,0,True,0.0,
4VozWQ,17,78,Winner_2022,0.1,5.0,0,True,0.0,
4VozWQ,17,79,Winner_2022,0.1,5.0,0,True,0.0,
4VozWQ,17,80,Winner_2022,0.1,5.0,0,True,0.0,
4VozWQ,17,81,Winner_2022,0.1,5.0,0,True,0.0,
4VozWQ,17,82,Winner_2022,0.1,5.0,0,True,0.0,
4VozWQ,17,83,Winner_2022,0.1,5.0,0,True,0.0,
4VozWQ,17,84,Winner_2022,0.1,5.0,0,True,0.0,
4VozWQ,17,85,Winner_2022,0.1,5.0,2,True,0.0,
4VozWQ,17,86,Winner_2022,0.1,5.0,0,True,0.0,
4VozWQ,17,87,Winner_2022,0.1,5.0,1,True,0.0,
4VozWQ,17,88,Winner_2022,0.1,5.0,0,True,0.0,
4VozWQ,17,89,Winner_2022,0.1,5.0,1,True,0.0,
4VozWQ,17,90,Winner_2022,0.1,5.0,2,True,0.0,
4VozWQ,17,91,Winner_2022,0.1,5.0,0,True,0.0,
4VozWQ,17,92,Winner_2022,0.1,5.0,0,True,0.0,
4VozWQ,17,93,Winner_2022,0.1,5.0,0,True,0.0,
4VozWQ,17,94,Winner_2022,0.1,5.0,0,True,0.0,
4VozWQ,17,95,Winner_2022,0.1,5.0,1,True,0.0,
4VozWQ,17,96,Winner_2022,0.1,5.0,0,True,0.0,
4VozWQ,17,97,Winner_2022,0.1,5.0,0,True,0.0,
4VozWQ,17,98,Winner_2022,0.1,5.0,0,True,0.0,
4VozWQ,17,99,Winner_2022,0.1,5.0,0,True,0.0,
4VozWQ,17,100,Winner_2022,0.1,5.0,0,True,0.0,
4VozWQ,18,1,Winner_2022,0.2,32.0,0,True,0.0,
4VozWQ,18,2,Winner_2022,0.1,25.6,0,True,0.0,
4VozWQ,18,3,Winner_2022,0.1,20.5,2,True,0.0,
4VozWQ,18,4,Winner_2022,0.1,21.6,0,True,0.0,
4VozWQ,18,5,Winner_2022,0.1,21.4,0,True,0.0,
4VozWQ,18,6,Winner_2022,0.1,20.3,0,True,0.0,
4VozWQ,18,7,Winner_2022,0.6,19.0,0,True,0.0,
4VozWQ,18,8,Winner_2022,1.1,17.3,0,True,0.0,
4VozWQ,18,9,Winner_2022,1.6,15.6,0,True,0.0,
4VozWQ,18,10,Winner_2022,2.1,13.8,0,True,0.0,
4VozWQ,18,11,Winner_2022,1.6,12.2,0,True,0.0,
4VozWQ,18,12,Winner_2022,1.1,10.7,0,True,0.0,
4VozWQ,18,13,Winner_2022,0.6,9.2,0,True,0.0,
4VozWQ,18,14,Winner_2022,1.1,7.9,0,True,0.0,
4VozWQ,18,15,Winner_2022,1.6,6.8,0,True,0.0,
4VozWQ,18,16,Winner_2022,1.1,5.8,0,True,0.0,
4VozWQ,18,17,Winner_2022,1.6,5.0,2,True,0.0,
4VozWQ,18,18,Winner_2022,2.1,5.0,0,True,0.0,
4VozWQ,18,19,Winner_2022,2.6,5.0,0,True,0.0,
4VozWQ,18,20,Winner_2022,3.1,5.0,0,True,0.0,
4VozWQ,18,21,Winner_2022,3.6,5.0,0,True,0.0,
4VozWQ,18,22,Winner_2022,4.1,5.0,3,True,0.0,
4VozWQ,18,23,Winner_2022,3.6,5.0,0,True,0.0,
4VozWQ,18,24,Winner_2022,3.1,5.0,0,True,0.0,
4VozWQ,18,25,Winner_2022,2.6,5.0,0,True,0.0,
4VozWQ,18,26,Winner_2022,2.1,5.0,1,True,0.0,
4VozWQ,18,27,Winner_2022,1.6,5.0,0,True,0.0,
4VozWQ,18,28,Winner_2022,1.1,5.0,0,True,0.0,
4VozWQ,18,29,Winner_2022,0.6,5.0,0,True,0.0,
4VozWQ,18,30,Winner_2022,0.1,5.0,0,True,0.0,
4VozWQ,18,31,Winner_2022,0.1,5.0,0,True,0.0,
4VozWQ,18,32,Winner_2022,0.1,5.0,0,True,0.0,
4VozWQ,18,33,Winner_2022,0.1,5.0,0,True,0.0,
4VozWQ,18,34,Winner_2022,0.1,5.0,0,True,0.0,
4VozWQ,18,35,Winner_2022,0.1,5.0,0,True,0.0,
4VozWQ,18,36,Winner_2022,0.1,5.0,0,True,0.0,
4VozWQ,18,37,Winner_2022,0.1,5.0,0,True,0.0,
4VozWQ,18,38,Winner_2022,0.1,5.0,0,True,0.0,
4VozWQ,18,39,Winner_2022,0.1,5.0,0,True,0.0,
4VozWQ,18,40,Winner_2022,0.1,5.0,0,True,0.0,
4VozWQ,18,41,Winner_2022,0.1,5.0,1,True,0.0,
4VozWQ,18,42,Winner_2022,0.6,5.0,0,True,0.0,
4VozWQ,18,43,Winner_2022,0.1,5.0,0,True,0.0,
4VozWQ,18,44,Winner_2022,0.1,5.0,0,True,0.0,
4VozWQ,18,45,Winner_2022,0.1,5.0,0,True,0.0,
4VozWQ,18,46,Winner_2022,0.1,5.0,0,True,0.0,
4VozWQ,18,47,Winner_2022,0.1,5.0,1,True,0.0,
4VozWQ,18,48,Winner_2022,0.1,5.0,0,True,0.0,
4VozWQ,18,49,Winner_2022,0.1,5.0,1,True,0.0,
4VozWQ,18,50,Winner_2022,0.1,5.0,0,True,0.0,
4VozWQ,18,51,Winner_2022,0.1,5.0,1,True,0.0,
4VozWQ,18,52,Winner_2022,0.1,5.0,0,True,0.0,
4VozWQ,18,53,Winner_2022,0.1,5.0,1,True,0.0,
4VozWQ,18,54,Winner_2022,0.1,5.0,0,True,0.0,
4VozWQ,18,55,Winner_2022,0.1,5.0,0,True,0.0,
4VozWQ,18,56,Winner_2022,0.1,5.0,0,True,0.0,
4VozWQ,18,57,Winner_2022,0.1,5.0,0,True,0.0,
4VozWQ,18,58,Winner_2022,0.1,5.0,0,True,0.0,
4VozWQ,18,59,Winner_2022,0.1,5.0,1,True,0.0,
4VozWQ,18,60,Winner_2022,0.1,5.0,0,True,0.0,
4VozWQ,18,61,Winner_2022,0.1,5.0,0,True,0.0,
4VozWQ,18,62,Winner_2022,0.1,5.0,1,True,0.0,
4VozWQ,18,63,Winner_2022,0.1,5.0,0,True,0.0,
4VozWQ,18,64,Winner_2022,0.1,5.0,1,True,0.0,
4VozWQ,18,65,Winner_2022,0.1,5.0,0,True,0.0,
4VozWQ,18,66,Winner_2022,0.1,5.0,2,True,0.0,
4VozWQ,18,67,Winner_2022,0.1,5.0,0,True,0.0,
4VozWQ,18,68,Winner_2022,0.1,5.0,0,True,0.0,
4VozWQ,18,69,Winner_2022,0.1,5.0,0,True,0.0,
4VozWQ,18,70,Winner_2022,0.1,5.0,0,True,0.0,
4VozWQ,18,71,Winner_2022,0.1,5.0,0,True,0.0,
4VozWQ,18,72,Winner_2022,0.1,5.0,0,True,0.0,
4VozWQ,18,73,Winner_2022,0.1,5.0,0,True,0.0,
4VozWQ,18,74,Winner_2022,0.1,5.0,1,True,0.0,
4VozWQ,18,75,Winner_2022,0.1,5.0,0,True,0.0,
4VozWQ,18,76,Winner_2022,0.1,5.0,0,True,0.0,
4VozWQ,18,77,Winner_2022,0.1,5.0,0,True,0.0,
4VozWQ,18,78,Winner_2022,0.1,5.0,0,True,0.0,
4VozWQ,18,79,Winner_2022,0.1,5.0,2,True,0.0,
4VozWQ,18,80,Winner_2022,0.1,5.0,0,True,0.0,
4VozWQ,18,81,Winner_2022,0.1,5.0,1,True,0.0,
4VozWQ,18,82,Winner_2022,0.1,5.0,2,True,0.0,
4VozWQ,18,83,Winner_2022,0.1,5.0,0,True,0.0,
4VozWQ,18,84,Winner_2022,0.1,5.0,1,True,0.0,
4VozWQ,18,85,Winner_2022,0.1,5.0,0,True,0.0,
4VozWQ,18,86,Winner_2022,0.1,5.0,2,True,0.0,
4VozWQ,18,87,Winner_2022,0.1,5.0,0,True,0.0,
4VozWQ,18,88,Winner_2022,0.1,5.0,0,True,0.0,
4VozWQ,18,89,Winner_2022,0.1,5.0,1,True,0.0,
4VozWQ,18,90,Winner_2022,0.1,5.0,1,True,0.0,
4VozWQ,18,91,Winner_2022,0.1,5.0,0,True,0.0,
4VozWQ,18,92,Winner_2022,0.1,5.0,1,True,0.0,
4VozWQ,18,93,Winner_2022,0.1,5.0,0,True,0.0,
4VozWQ,18,94,Winner_2022,0.1,5.0,1,True,0.0,
4VozWQ,18,95,Winner_2022,0.1,5.0,0,True,0.0,
4VozWQ,18,96,Winner_2022,0.1,5.0,1,True,0.0,
4VozWQ,18,97,Winner_2022,0.1,5.0,0,True,0.0,
4VozWQ,18,98,Winner_2022,0.1,5.0,0,True,0.0,
4VozWQ,18,99,Winner_2022,0.1,5.0,1,True,0.0,
4VozWQ,18,100,Winner_2022,0.1,5.0,1,True,0.0,
4VozWQ,19,1,Winner_2022,0.3,49.0,0,True,0.0,
4VozWQ,19,2,Winner_2022,0.1,39.2,0,True,0.0,
4VozWQ,19,3,Winner_2022,0.6,31.4,0,True,0.0,
4VozWQ,19,4,Winner_2022,1.1,25.1,0,True,0.0,
4VozWQ,19,5,Winner_2022,1.6,20.1,0,True,0.0,
4VozWQ,19,6,Winner_2022,2.1,16.1,0,True,0.0,
4VozWQ,19,7,Winner_2022,2.6,12.8,0,True,0.0,
4VozWQ,19,8,Winner_2022,3.1,10.3,0,True,0.0,
4VozWQ,19,9,Winner_2022,2.6,8.2,1,True,0.0,
4VozWQ,19,10,Winner_2022,3.1,6.9,0,True,0.0,
4VozWQ,19,11,Winner_2022,2.6,5.8,1,True,0.0,
4VozWQ,19,12,Winner_2022,3.1,5.1,0,True,0.0,
4VozWQ,19,13,Winner_2022,3.6,5.0,1,True,0.0,
4VozWQ,19,14,Winner_2022,3.1,5.0,0,True,0.0,
4VozWQ,19,15,Winner_2022,2.6,5.0,0,True,0.0,
4VozWQ,19,16,Winner_2022,2.1,5.0,1,True,0.0,
4VozWQ,19,17,Winner_2022,1.6,5.0,0,True,0.0,
4VozWQ,19,18,Winner_2022,1.1,5.0,0,True,0.0,
4VozWQ,19,19,Winner_2022,0.6,5.0,0,True,0.0,
4VozWQ,19,20,Winner_2022,0.1,5.0,0,True,0.0,
4VozWQ,19,21,Winner_2022,0.1,5.0,1,True,0.0,
4VozWQ,19,22,Winner_2022,0.1,5.0,1,True,0.0,
4VozWQ,19,23,Winner_2022,0.1,5.0,1,True,0.0,
4VozWQ,19,24,Winner_2022,0.1,5.0,0,True,0.0,
4VozWQ,19,25,Winner_2022,0.1,5.0,2,True,0.0,
4VozWQ,19,26,Winner_2022,0.1,5.0,0,True,0.0,
4VozWQ,19,27,Winner_2022,0.1,5.0,0,True,0.0,
4VozWQ,19,28,Winner_2022,0.1,5.0,0,True,0.0,
4VozWQ,19,29,Winner_2022,0.1,5.0,1,True,0.0,
4VozWQ,19,30,Winner_2022,0.1,5.0,0,True,0.0,
4VozWQ,19,31,Winner_2022,0.1,5.0,0,True,0.0,
4VozWQ,19,32,Winner_2022,0.1,5.0,0,True,0.0,
4VozWQ,19,33,Winner_2022,0.1,5.0,0,True,0.0,
4VozWQ,19,34,Winner_2022,0.1,5.0,0,True,0.0,
4VozWQ,19,35,Winner_2022,0.1,5.0,1,True,0.0,
4VozWQ,19,36,Winner_2022,0.1,5.0,0,True,0.0,
4VozWQ,19,37,Winner_2022,0.1,5.0,0,True,0.0,
4VozWQ,19,38,Winner_2022,0.1,5.0,1,True,0.0,
4VozWQ,19,39,Winner_2022,0.1,5.0,0,True,0.0,
4VozWQ,19,40,Winner_2022,0.1,5.0,0,True,0.0,
4VozWQ,19,41,Winner_2022,0.1,5.0,0,True,0.0,
4VozWQ,19,42,Winner_2022,0.1,5.0,0,True,0.0,
4VozWQ,19,43,Winner_2022,0.1,5.0,0,True,0.0,
4VozWQ,19,44,Winner_2022,0.1,5.0,1,True,0.0,
4VozWQ,19,45,Winner_2022,0.1,5.0,0,True,0.0,
4VozWQ,19,46,Winner_2022,0.1,5.0,0,True,0.0,
4VozWQ,19,47,Winner_2022,0.1,5.0,0,True,0.0,
4VozWQ,19,48,Winner_2022,0.1,5.0,0,True,0.0,
4VozWQ,19,49,Winner_2022,0.1,5.0,0,True,0.0,
4VozWQ,19,50,Winner_2022,0.1,5.0,0,True,0.0,
4VozWQ,19,51,Winner_2022,0.1,5.0,0,True,0.0,
4VozWQ,19,52,Winner_2022,0.1,5.0,2,True,0.0,
4VozWQ,19,53,Winner_2022,0.1,5.0,0,True,0.0,
4VozWQ,19,54,Winner_2022,0.1,5.0,1,True,0.0,
4VozWQ,19,55,Winner_2022,0.1,5.0,1,True,0.0,
4VozWQ,19,56,Winner_2022,0.1,5.0,1,True,0.0,
4VozWQ,19,57,Winner_2022,0.1,5.0,0,True,0.0,
4VozWQ,19,58,Winner_2022,0.1,5.0,0,True,0.0,
4VozWQ,19,59,Winner_2022,0.1,5.0,1,True,0.0,
4VozWQ,19,60,Winner_2022,0.1,5.0,2,True,0.0,
4VozWQ,19,61,Winner_2022,0.1,5.0,0,True,0.0,
4VozWQ,19,62,Winner_2022,0.1,5.0,0,True,0.0,
4VozWQ,19,63,Winner_2022,0.1,5.0,1,True,0.0,
4VozWQ,19,64,Winner_2022,0.1,5.0,0,True,0.0,
4VozWQ,19,65,Winner_2022,0.1,5.0,0,True,0.0,
4VozWQ,19,66,Winner_2022,0.1,5.0,2,True,0.0,
4VozWQ,19,67,Winner_2022,0.1,5.0,0,True,0.0,
4VozWQ,19,68,Winner_2022,0.1,5.0,1,True,0.0,
4VozWQ,19,69,Winner_2022,0.1,5.0,0,True,0.0,
4VozWQ,19,70,Winner_2022,0.1,5.0,0,True,0.0,
4VozWQ,19,71,Winner_2022,0.1,5.0,2,True,0.0,
4VozWQ,19,72,Winner_2022,0.1,5.0,0,True,0.0,
4VozWQ,19,73,Winner_2022,0.1,5.0,0,True,0.0,
4VozWQ,19,74,Winner_2022,0.1,5.0,0,True,0.0,
4VozWQ,19,75,Winner_2022,0.1,5.0,0,True,0.0,
4VozWQ,19,76,Winner_2022,0.1,5.0,0,True,0.0,
4VozWQ,19,77,Winner_2022,0.1,5.0,0,True,0.0,
4VozWQ,19,78,Winner_2022,0.1,5.0,1,True,0.0,
4VozWQ,19,79,Winner_2022,0.1,5.0,1,True,0.0,
4VozWQ,19,80,Winner_2022,0.1,5.0,1,True,0.0,
4VozWQ,19,81,Winner_2022,0.1,5.0,0,True,0.0,
4VozWQ,19,82,Winner_2022,0.1,5.0,1,True,0.0,
4VozWQ,19,83,Winner_2022,0.1,5.0,1,True,0.0,
4VozWQ,19,84,Winner_2022,0.1,5.0,2,True,0.0,
4VozWQ,19,85,Winner_2022,0.1,5.0,0,True,0.0,
4VozWQ,19,86,Winner_2022,0.1,5.0,0,True,0.0,
4VozWQ,19,87,Winner_2022,0.1,5.0,0,True,0.0,
4VozWQ,19,88,Winner_2022,0.1,5.0,1,True,0.0,
4VozWQ,19,89,Winner_2022,0.1,5.0,1,True,0.0,
4VozWQ,19,90,Winner_2022,0.1,5.0,0,True,0.0,
4VozWQ,19,91,Winner_2022,0.1,5.0,0,True,0.0,
4VozWQ,19,92,Winner_2022,0.1,5.0,0,True,0.0,
4VozWQ,19,93,Winner_2022,0.1,5.0,2,True,0.0,
4VozWQ,19,94,Winner_2022,0.1,5.0,1,True,0.0,
4VozWQ,19,95,Winner_2022,0.1,5.0,1,True,0.0,
4VozWQ,19,96,Winner_2022,0.1,5.0,1,True,0.0,
4VozWQ,19,97,Winner_2022,0.1,5.0,0,True,0.0,
4VozWQ,19,98,Winner_2022,0.1,5.0,0,True,0.0,
4VozWQ,19,99,Winner_2022,0.1,5.0,2,True,0.0,
4VozWQ,19,100,Winner_2022,0.1,5.0,2,True,0.0,
4VozWQ,20,1,Winner_2022,0.5,46.0,0,True,0.0,
4VozWQ,20,2,Winner_2022,0.1,36.8,0,True,0.0,
4VozWQ,20,3,Winner_2022,0.1,29.4,0,True,0.0,
4VozWQ,20,4,Winner_2022,0.1,23.6,0,True,0.0,
4VozWQ,20,5,Winner_2022,0.1,18.8,0,True,0.0,
4VozWQ,20,6,Winner_2022,0.1,15.1,0,True,0.0,
4VozWQ,20,7,Winner_2022,0.1,12.1,0,True,0.0,
4VozWQ,20,8,Winner_2022,0.1,9.6,0,True,0.0,
4VozWQ,20,9,Winner_2022,0.1,7.7,0,True,0.0,
4VozWQ,20,10,Winner_2022,0.6,6.2,2,True,0.0,
4VozWQ,20,11,Winner_2022,1.1,5.4,0,True,0.0,
4VozWQ,20,12,Winner_2022,1.6,5.0,0,True,0.0,
4VozWQ,20,13,Winner_2022,2.1,5.0,0,True,0.0,
4VozWQ,20,14,Winner_2022,2.6,5.0,0,True,0.0,
4VozWQ,20,15,Winner_2022,3.1,5.0,0,True,0.0,
4VozWQ,20,16,Winner_2022,3.6,5.0,0,True,0.0,
4VozWQ,20,17,Winner_2022,4.1,5.0,2,True,0.0,
4VozWQ,20,18,Winner_2022,4.5,5.0,1,True,0.0,
4VozWQ,20,19,Winner_2022,4.8,5.0,0,True,0.0,
4VozWQ,20,20,Winner_2022,4.9,5.0,1,True,0.0,
4VozWQ,20,21,Winner_2022,4.9,5.0,0,True,0.0,
4VozWQ,20,22,Winner_2022,4.9,5.0,0,True,0.0,
4VozWQ,20,23,Winner_2022,4.9,5.0,1,True,0.0,
4VozWQ,20,24,Winner_2022,4.8,5.0,0,True,0.0,
4VozWQ,20,25,Winner_2022,4.7,5.0,1,True,0.0,
4VozWQ,20,26,Winner_2022,4.6,5.0,1,True,0.0,
4VozWQ,20,27,Winner_2022,4.4,5.0,1,True,0.0,
4VozWQ,20,28,Winner_2022,4.0,5.0,1,True,0.0,
4VozWQ,20,29,Winner_2022,3.6,5.0,3,True,0.0,
4VozWQ,20,30,Winner_2022,3.1,5.0,0,True,0.0,
4VozWQ,20,31,Winner_2022,2.6,5.0,0,True,0.0,
4VozWQ,20,32,Winner_2022,2.1,5.0,0,True,0.001,
4VozWQ,20,33,Winner_2022,1.6,5.0,0,True,0.0,
4VozWQ,20,34,Winner_2022,1.1,5.0,0,True,0.0,
4VozWQ,20,35,Winner_2022,0.6,5.0,1,True,0.0,
4VozWQ,20,36,Winner_2022,0.1,5.0,2,True,0.0,
4VozWQ,20,37,Winner_2022,0.1,5.0,0,True,0.0,
4VozWQ,20,38,Winner_2022,0.1,5.0,1,True,0.0,
4VozWQ,20,39,Winner_2022,0.1,5.0,0,True,0.0,
4VozWQ,20,40,Winner_2022,0.6,5.0,0,True,0.0,
4VozWQ,20,41,Winner_2022,0.1,5.0,0,True,0.0,
4VozWQ,20,42,Winner_2022,0.1,5.0,0,True,0.0,
4VozWQ,20,43,Winner_2022,0.6,5.0,0,True,0.0,
4VozWQ,20,44,Winner_2022,0.1,5.0,0,True,0.0,
4VozWQ,20,45,Winner_2022,0.1,5.0,1,True,0.0,
4VozWQ,20,46,Winner_2022,0.1,5.0,0,True,0.0,
4VozWQ,20,47,Winner_2022,0.1,5.0,0,True,0.0,
4VozWQ,20,48,Winner_2022,0.1,5.0,0,True,0.0,
4VozWQ,20,49,Winner_2022,0.1,5.0,0,True,0.0,
4VozWQ,20,50,Winner_2022,0.1,5.0,0,True,0.0,
4VozWQ,20,51,Winner_2022,0.1,5.0,0,True,0.0,
4VozWQ,20,52,Winner_2022,0.1,5.0,3,True,0.0,
4VozWQ,20,53,Winner_2022,0.1,5.0,0,True,0.001,
4VozWQ,20,54,Winner_2022,0.1,5.0,0,True,0.0,
4VozWQ,20,55,Winner_2022,0.1,5.0,0,True,0.0,
4VozWQ,20,56,Winner_2022,0.1,5.0,0,True,0.0,
4VozWQ,20,57,Winner_2022,0.1,5.0,0,True,0.0,
4VozWQ,20,58,Winner_2022,0.1,5.0,2,True,0.0,
4VozWQ,20,59,Winner_2022,0.1,5.0,0,True,0.0,
4VozWQ,20,60,Winner_2022,0.1,5.0,1,True,0.0,
4VozWQ,20,61,Winner_2022,0.1,5.0,0,True,0.0,
4VozWQ,20,62,Winner_2022,0.1,5.0,2,True,0.0,
4VozWQ,20,63,Winner_2022,0.1,5.0,0,True,0.0,
4VozWQ,20,64,Winner_2022,0.1,5.0,0,True,0.0,
4VozWQ,20,65,Winner_2022,0.1,5.0,1,True,0.0,
4VozWQ,20,66,Winner_2022,0.1,5.0,0,True,0.0,
4VozWQ,20,67,Winner_2022,0.1,5.0,1,True,0.0,
4VozWQ,20,68,Winner_2022,0.1,5.0,0,True,0.0,
4VozWQ,20,69,Winner_2022,0.1,5.0,0,True,0.0,
4VozWQ,20,70,Winner_2022,0.1,5.0,0,True,0.0,
4VozWQ,20,71,Winner_2022,0.1,5.0,0,True,0.0,
4VozWQ,20,72,Winner_2022,0.1,5.0,0,True,0.0,
4VozWQ,20,73,Winner_2022,0.1,5.0,1,True,0.0,
4VozWQ,20,74,Winner_2022,0.1,5.0,1,True,0.0,
4VozWQ,20,75,Winner_2022,0.1,5.0,0,True,0.0,
4VozWQ,20,76,Winner_2022,0.1,5.0,1,True,0.0,
4VozWQ,20,77,Winner_2022,0.1,5.0,2,True,0.0,
4VozWQ,20,78,Winner_2022,0.1,5.0,0,True,0.0,
4VozWQ,20,79,Winner_2022,0.1,5.0,0,True,0.0,
4VozWQ,20,80,Winner_2022,0.1,5.0,0,True,0.0,
4VozWQ,20,81,Winner_2022,0.1,5.0,1,True,0.0,
4VozWQ,20,82,Winner_2022,0.1,5.0,0,True,0.0,
4VozWQ,20,83,Winner_2022,0.1,5.0,1,True,0.0,
4VozWQ,20,84,Winner_2022,0.1,5.0,1,True,0.0,
4VozWQ,20,85,Winner_2022,0.1,5.0,1,True,0.0,
4VozWQ,20,86,Winner_2022,0.1,5.0,0,True,0.0,
4VozWQ,20,87,Winner_2022,0.1,5.0,2,True,0.0,
4VozWQ,20,88,Winner_2022,0.1,5.0,0,True,0.0,
4VozWQ,20,89,Winner_2022,0.1,5.0,2,True,0.0,
4VozWQ,20,90,Winner_2022,0.1,5.0,0,True,0.0,
4VozWQ,20,91,Winner_2022,0.1,5.0,0,True,0.0,
4VozWQ,20,92,Winner_2022,0.1,5.0,0,True,0.0,
4VozWQ,20,93,Winner_2022,0.1,5.0,0,True,0.0,
4VozWQ,20,94,Winner_2022,0.1,5.0,2,True,0.0,
4VozWQ,20,95,Winner_2022,0.1,5.0,1,True,0.0,
4VozWQ,20,96,Winner_2022,0.1,5.0,0,True,0.0,
4VozWQ,20,97,Winner_2022,0.1,5.0,1,True,0.0,
4VozWQ,20,98,Winner_2022,0.1,5.0,0,True,0.0,
4VozWQ,20,99,Winner_2022,0.1,5.0,1,True,0.0,
4VozWQ,20,100,Winner_2022,0.1,5.0,0,True,0.0,
4VozWQ,21,1,Winner_2022,0.7,45.0,0,True,0.0,
4VozWQ,21,2,Winner_2022,0.2,36.0,0,True,0.0,
4VozWQ,21,3,Winner_2022,0.1,28.8,0,True,0.0,
4VozWQ,21,4,Winner_2022,0.1,23.0,0,True,0.0,
4VozWQ,21,5,Winner_2022,0.6,18.4,0,True,0.0,
4VozWQ,21,6,Winner_2022,0.1,14.7,0,True,0.0,
4VozWQ,21,7,Winner_2022,0.1,11.8,0,True,0.0,
4VozWQ,21,8,Winner_2022,0.1,9.4,0,True,0.0,
4VozWQ,21,9,Winner_2022,0.1,7.5,1,True,0.0,
4VozWQ,21,10,Winner_2022,0.1,6.4,0,True,0.0,
4VozWQ,21,11,Winner_2022,0.1,5.4,0,True,0.0,
4VozWQ,21,12,Winner_2022,0.1,5.0,2,True,0.0,
4VozWQ,21,13,Winner_2022,0.1,5.0,0,True,0.0,
4VozWQ,21,14,Winner_2022,0.1,5.0,2,True,0.0,
4VozWQ,21,15,Winner_2022,0.1,5.0,0,True,0.0,
4VozWQ,21,16,Winner_2022,0.1,5.0,0,True,0.0,
4VozWQ,21,17,Winner_2022,0.1,5.0,0,True,0.0,
4VozWQ,21,18,Winner_2022,0.1,5.0,0,True,0.0,
4VozWQ,21,19,Winner_2022,0.1,5.0,0,True,0.0,
4VozWQ,21,20,Winner_2022,0.1,5.0,0,True,0.0,
4VozWQ,21,21,Winner_2022,0.1,5.0,0,True,0.0,
4VozWQ,21,22,Winner_2022,0.1,5.0,0,True,0.0,
4VozWQ,21,23,Winner_2022,0.1,5.0,0,True,0.0,
4VozWQ,21,24,Winner_2022,0.1,5.0,0,True,0.0,
4VozWQ,21,25,Winner_2022,0.1,5.0,0,True,0.0,
4VozWQ,21,26,Winner_2022,0.1,5.0,1,True,0.0,
4VozWQ,21,27,Winner_2022,0.1,5.0,0,True,0.0,
4VozWQ,21,28,Winner_2022,0.1,5.0,0,True,0.0,
4VozWQ,21,29,Winner_2022,0.1,5.0,1,True,0.0,
4VozWQ,21,30,Winner_2022,0.1,5.0,0,True,0.0,
4VozWQ,21,31,Winner_2022,0.1,5.0,0,True,0.0,
4VozWQ,21,32,Winner_2022,0.1,5.0,0,True,0.0,
4VozWQ,21,33,Winner_2022,0.1,5.0,0,True,0.0,
4VozWQ,21,34,Winner_2022,0.1,5.0,0,True,0.0,
4VozWQ,21,35,Winner_2022,0.1,5.0,0,True,0.0,
4VozWQ,21,36,Winner_2022,0.1,5.0,0,True,0.0,
4VozWQ,21,37,Winner_2022,0.1,5.0,0,True,0.0,
4VozWQ,21,38,Winner_2022,0.1,5.0,0,True,0.0,
4VozWQ,21,39,Winner_2022,0.1,5.0,0,True,0.0,
4VozWQ,21,40,Winner_2022,0.1,5.0,0,True,0.0,
4VozWQ,21,41,Winner_2022,0.1,5.0,0,True,0.0,
4VozWQ,21,42,Winner_2022,0.1,5.0,0,True,0.0,
4VozWQ,21,43,Winner_2022,0.1,5.0,0,True,0.0,
4VozWQ,21,44,Winner_2022,0.1,5.0,1,True,0.0,
4VozWQ,21,45,Winner_2022,0.1,5.0,2,True,0.0,
4VozWQ,21,46,Winner_2022,0.1,5.0,0,True,0.0,
4VozWQ,21,47,Winner_2022,0.1,5.0,0,True,0.0,
4VozWQ,21,48,Winner_2022,0.1,5.0,2,True,0.0,
4VozWQ,21,49,Winner_2022,0.1,5.0,1,True,0.0,
4VozWQ,21,50,Winner_2022,0.1,5.0,0,True,0.0,
4VozWQ,21,51,Winner_2022,0.1,5.0,0,True,0.0,
4VozWQ,21,52,Winner_2022,0.1,5.0,0,True,0.0,
4VozWQ,21,53,Winner_2022,0.1,5.0,1,True,0.0,
4VozWQ,21,54,Winner_2022,0.1,5.0,0,True,0.0,
4VozWQ,21,55,Winner_2022,0.1,5.0,0,True,0.0,
4VozWQ,21,56,Winner_2022,0.1,5.0,0,True,0.0,
4VozWQ,21,57,Winner_2022,0.1,5.0,0,True,0.0,
4VozWQ,21,58,Winner_2022,0.1,5.0,0,True,0.0,
4VozWQ,21,59,Winner_2022,0.1,5.0,1,True,0.0,
4VozWQ,21,60,Winner_2022,0.1,5.0,0,True,0.0,
4VozWQ,21,61,Winner_2022,0.1,5.0,1,True,0.0,
4VozWQ,21,62,Winner_2022,0.1,5.0,0,True,0.0,
4VozWQ,21,63,Winner_2022,0.1,5.0,1,True,0.0,
4VozWQ,21,64,Winner_2022,0.1,5.0,0,True,0.0,
4VozWQ,21,65,Winner_2022,0.1,5.0,0,True,0.0,
4VozWQ,21,66,Winner_2022,0.1,5.0,0,True,0.0,
4VozWQ,21,67,Winner_2022,0.1,5.0,0,True,0.0,
4VozWQ,21,68,Winner_2022,0.1,5.0,0,True,0.0,
4VozWQ,21,69,Winner_2022,0.1,5.0,0,True,0.0,
4VozWQ,21,70,Winner_2022,0.1,5.0,2,True,0.0,
4VozWQ,21,71,Winner_2022,0.1,5.0,0,True,0.0,
4VozWQ,21,72,Winner_2022,0.1,5.0,0,True,0.0,
4VozWQ,21,73,Winner_2022,0.1,5.0,0,True,0.0,
4VozWQ,21,74,Winner_2022,0.1,5.0,0,True,0.0,
4VozWQ,21,75,Winner_2022,0.1,5.0,0,True,0.0,
4VozWQ,21,76,Winner_2022,0.1,5.0,1,True,0.0,
4VozWQ,21,77,Winner_2022,0.1,5.0,0,True,0.0,
4VozWQ,21,78,Winner_2022,0.1,5.0,2,True,0.0,
4VozWQ,21,79,Winner_2022,0.1,5.0,1,True,0.0,
4VozWQ,21,80,Winner_2022,0.1,5.0,0,True,0.0,
4VozWQ,21,81,Winner_2022,0.1,5.0,0,True,0.0,
4VozWQ,21,82,Winner_2022,0.1,5.0,2,True,0.0,
4VozWQ,21,83,Winner_2022,0.1,5.0,2,True,0.0,
4VozWQ,21,84,Winner_2022,0.1,5.0,2,True,0.0,
4VozWQ,21,85,Winner_2022,0.1,5.0,0,True,0.0,
4VozWQ,21,86,Winner_2022,0.1,5.0,0,True,0.0,
4VozWQ,21,87,Winner_2022,0.1,5.0,0,True,0.0,
4VozWQ,21,88,Winner_2022,0.1,5.0,0,True,0.0,
4VozWQ,21,89,Winner_2022,0.1,5.0,0,True,0.0,
4VozWQ,21,90,Winner_2022,0.1,5.0,2,True,0.0,
4VozWQ,21,91,Winner_2022,0.1,5.0,0,True,0.0,
4VozWQ,21,92,Winner_2022,0.1,5.0,1,True,0.0,
4VozWQ,21,93,Winner_2022,0.1,5.0,1,True,0.0,
4VozWQ,21,94,Winner_2022,0.1,5.0,1,True,0.0,
4VozWQ,21,95,Winner_2022,0.1,5.0,1,True,0.0,
4VozWQ,21,96,Winner_2022,0.1,5.0,0,True,0.0,
4VozWQ,21,97,Winner_2022,0.1,5.0,0,True,0.0,
4VozWQ,21,98,Winner_2022,0.1,5.0,1,True,0.0,
4VozWQ,21,99,Winner_2022,0.1,5.0,0,True,0.0,
4VozWQ,21,100,Winner_2022,0.1,5.0,1,True,0.0,
4VozWQ,22,1,Winner_2022,0.5,64.0,0,True,0.0,
4VozWQ,22,2,Winner_2022,0.1,51.2,0,True,0.0,
4VozWQ,22,3,Winner_2022,0.1,41.0,0,True,0.0,
4VozWQ,22,4,Winner_2022,0.6,32.8,0,True,0.0,
4VozWQ,22,5,Winner_2022,1.1,26.2,0,True,0.0,
4VozWQ,22,6,Winner_2022,0.6,21.0,0,True,0.0,
4VozWQ,22,7,Winner_2022,0.1,16.8,0,True,0.0,
4VozWQ,22,8,Winner_2022,0.6,13.4,0,True,0.0,
4VozWQ,22,9,Winner_2022,1.1,10.7,0,True,0.0,
4VozWQ,22,10,Winner_2022,1.6,8.6,0,True,0.0,
4VozWQ,22,11,Winner_2022,2.1,6.9,2,True,0.0,
4VozWQ,22,12,Winner_2022,2.6,6.0,0,True,0.0,
4VozWQ,22,13,Winner_2022,3.1,5.2,0,True,0.0,
4VozWQ,22,14,Winner_2022,3.6,5.0,1,True,0.0,
4VozWQ,22,15,Winner_2022,4.1,5.0,0,True,0.0,
4VozWQ,22,16,Winner_2022,3.6,5.0,1,True,0.0,
4VozWQ,22,17,Winner_2022,3.1,5.0,1,True,0.0,
4VozWQ,22,18,Winner_2022,2.6,5.0,0,True,0.0,
4VozWQ,22,19,Winner_2022,2.1,5.0,0,True,0.0,
4VozWQ,22,20,Winner_2022,1.6,5.0,1,True,0.0,
4VozWQ,22,21,Winner_2022,1.1,5.0,0,True,0.0,
4VozWQ,22,22,Winner_2022,0.6,5.0,1,True,0.0,
4VozWQ,22,23,Winner_2022,0.1,5.0,0,True,0.0,
4VozWQ,22,24,Winner_2022,0.1,5.0,0,True,0.0,
4VozWQ,22,25,Winner_2022,0.1,5.0,0,True,0.0,
4VozWQ,22,26,Winner_2022,0.1,5.0,0,True,0.0,
4VozWQ,22,27,Winner_2022,0.1,5.0,0,True,0.0,
4VozWQ,22,28,Winner_2022,0.1,5.0,0,True,0.0,
4VozWQ,22,29,Winner_2022,0.6,5.0,0,True,0.0,
4VozWQ,22,30,Winner_2022,1.1,5.0,0,True,0.0,
4VozWQ,22,31,Winner_2022,1.6,5.0,0,True,0.0,
4VozWQ,22,32,Winner_2022,2.1,5.0,0,True,0.0,
4VozWQ,22,33,Winner_2022,2.6,5.0,0,True,0.0,
4VozWQ,22,34,Winner_2022,3.1,5.0,0,True,0.0,
4VozWQ,22,35,Winner_2022,3.6,5.0,0,True,0.0,
4VozWQ,22,36,Winner_2022,4.1,5.0,1,True,0.0,
4VozWQ,22,37,Winner_2022,4.5,5.0,1,True,0.0,
4VozWQ,22,38,Winner_2022,4.8,5.0,0,True,0.0,
4VozWQ,22,39,Winner_2022,4.9,5.0,0,True,0.0,
4VozWQ,22,40,Winner_2022,4.9,5.0,0,True,0.0,
4VozWQ,22,41,Winner_2022,5.0,5.0,1,True,0.0,
4VozWQ,22,42,Winner_2022,5.0,5.0,0,True,0.0,
4VozWQ,22,43,Winner_2022,5.0,5.0,1,True,0.0,
4VozWQ,22,44,Winner_2022,5.0,5.0,0,True,0.0,
4VozWQ,22,45,Winner_2022,5.0,5.0,1,True,0.0,
4VozWQ,22,46,Winner_2022,5.0,5.0,0,True,0.0,
4VozWQ,22,47,Winner_2022,5.0,5.0,0,True,0.0,
4VozWQ,22,48,Winner_2022,5.0,5.0,1,True,0.0,
4VozWQ,22,49,Winner_2022,5.0,5.0,0,True,0.0,
4VozWQ,22,50,Winner_2022,5.0,5.0,2,True,0.0,
4VozWQ,22,51,Winner_2022,5.0,5.0,1,True,0.0,
4VozWQ,22,52,Winner_2022,5.0,5.0,0,True,0.0,
4VozWQ,22,53,Winner_2022,5.0,5.0,1,True,0.0,
4VozWQ,22,54,Winner_2022,5.0,5.0,1,True,0.0,
4VozWQ,22,55,Winner_2022,5.0,5.0,0,True,0.0,
4VozWQ,22,56,Winner_2022,5.0,5.0,1,True,0.0,
4VozWQ,22,57,Winner_2022,5.0,5.0,0,True,0.0,
4VozWQ,22,58,Winner_2022,5.0,5.0,0,True,0.0,
4VozWQ,22,59,Winner_2022,5.0,5.0,1,True,0.0,
4VozWQ,22,60,Winner_2022,5.0,5.0,1,True,0.0,
4VozWQ,22,61,Winner_2022,5.0,5.0,1,True,0.0,
4VozWQ,22,62,Winner_2022,5.0,5.0,1,True,0.0,
4VozWQ,22,63,Winner_2022,5.0,5.0,2,True,0.0,
4VozWQ,22,64,Winner_2022,5.0,5.0,0,True,0.0,
4VozWQ,22,65,Winner_2022,5.0,5.0,0,True,0.0,
4VozWQ,22,66,Winner_2022,5.0,5.0,1,True,0.0,
4VozWQ,22,67,Winner_2022,5.0,5.0,0,True,0.0,
4VozWQ,22,68,Winner_2022,5.0,5.0,2,True,0.0,
4VozWQ,22,69,Winner_2022,5.0,5.0,2,True,0.0,
4VozWQ,22,70,Winner_2022,5.0,5.0,0,True,0.0,
4VozWQ,22,71,Winner_2022,5.0,5.0,1,True,0.0,
4VozWQ,22,72,Winner_2022,5.0,5.0,1,True,0.0,
4VozWQ,22,73,Winner_2022,5.0,5.0,1,True,0.0,
4VozWQ,22,74,Winner_2022,5.0,5.0,1,True,0.0,
4VozWQ,22,75,Winner_2022,5.0,5.0,1,True,0.0,
4VozWQ,22,76,Winner_2022,5.0,5.0,0,True,0.0,
4VozWQ,22,77,Winner_2022,5.0,5.0,2,True,0.0,
4VozWQ,22,78,Winner_2022,5.0,5.0,0,True,0.0,
4VozWQ,22,79,Winner_2022,5.0,5.0,1,True,0.0,
4VozWQ,22,80,Winner_2022,5.0,5.0,1,True,0.0,
4VozWQ,22,81,Winner_2022,5.0,5.0,1,True,0.0,
4VozWQ,22,82,Winner_2022,5.0,5.0,0,True,0.0,
4VozWQ,22,83,Winner_2022,5.0,5.0,2,True,0.0,
4VozWQ,22,84,Winner_2022,5.0,5.0,0,True,0.0,
4VozWQ,22,85,Winner_2022,5.0,5.0,0,True,0.0,
4VozWQ,22,86,Winner_2022,5.0,5.0,1,True,0.0,
4VozWQ,22,87,Winner_2022,5.0,5.0,0,True,0.0,
4VozWQ,22,88,Winner_2022,5.0,5.0,0,True,0.0,
4VozWQ,22,89,Winner_2022,5.0,5.0,1,True,0.0,
4VozWQ,22,90,Winner_2022,5.0,5.0,1,True,0.0,
4VozWQ,22,91,Winner_2022,5.0,5.0,0,True,0.0,
4VozWQ,22,92,Winner_2022,5.0,5.0,0,True,0.0,
4VozWQ,22,93,Winner_2022,5.0,5.0,0,True,0.0,
4VozWQ,22,94,Winner_2022,5.0,5.0,1,True,0.0,
4VozWQ,22,95,Winner_2022,5.0,5.0,0,True,0.0,
4VozWQ,22,96,Winner_2022,5.0,5.0,2,True,0.0,
4VozWQ,22,97,Winner_2022,5.0,5.0,0,True,0.0,
4VozWQ,22,98,Winner_2022,5.0,5.0,1,True,0.0,
4VozWQ,22,99,Winner_2022,5.0,5.0,1,True,0.0,
4VozWQ,22,100,Winner_2022,4.9,5.0,0,True,0.0,
4VozWQ,23,1,Winner_2022,1.9,75.0,0,True,0.0,
4VozWQ,23,2,Winner_2022,2.4,60.0,0,True,0.0,
4VozWQ,23,3,Winner_2022,2.9,48.0,0,True,0.0,
4VozWQ,23,4,Winner_2022,3.4,38.4,1,True,0.0,
4VozWQ,23,5,Winner_2022,3.9,34.4,0,True,0.0,
4VozWQ,23,6,Winner_2022,3.4,30.1,0,True,0.0,
4VozWQ,23,7,Winner_2022,3.9,26.1,0,True,0.0,
4VozWQ,23,8,Winner_2022,4.4,22.3,0,True,0.0,
4VozWQ,23,9,Winner_2022,4.9,19.0,1,True,0.0,
4VozWQ,23,10,Winner_2022,5.4,16.9,1,True,0.0,
4VozWQ,23,11,Winner_2022,5.9,15.5,0,True,0.0,
4VozWQ,23,12,Winner_2022,6.4,14.2,0,True,0.0,
4VozWQ,23,13,Winner_2022,6.9,12.7,0,True,0.0,
4VozWQ,23,14,Winner_2022,7.4,11.3,0,True,0.0,
4VozWQ,23,15,Winner_2022,6.9,10.0,0,True,0.0,
4VozWQ,23,16,Winner_2022,6.4,8.7,2,True,0.0,
4VozWQ,23,17,Winner_2022,5.9,8.0,1,True,0.0,
4VozWQ,23,18,Winner_2022,5.4,7.4,0,True,0.0,
4VozWQ,23,19,Winner_2022,4.9,6.8,3,True,0.0,
4VozWQ,23,20,Winner_2022,4.4,6.7,1,True,0.0,
4VozWQ,23,21,Winner_2022,3.9,6.6,0,True,0.0,
4VozWQ,23,22,Winner_2022,3.4,6.5,0,True,0.0,
4VozWQ,23,23,Winner_2022,2.9,6.3,0,True,0.0,
4VozWQ,23,24,Winner_2022,2.4,6.1,0,True,0.0,
4VozWQ,23,25,Winner_2022,1.9,5.8,1,True,0.0,
4VozWQ,23,26,Winner_2022,1.4,5.6,1,True,0.0,
4VozWQ,23,27,Winner_2022,0.9,5.5,0,True,0.0,
4VozWQ,23,28,Winner_2022,0.4,5.3,0,True,0.0,
4VozWQ,23,29,Winner_2022,0.1,5.1,0,True,0.0,
4VozWQ,23,30,Winner_2022,0.1,5.0,0,True,0.0,
4VozWQ,23,31,Winner_2022,0.1,5.0,1,True,0.0,
4VozWQ,23,32,Winner_2022,0.1,5.0,1,True,0.0,
4VozWQ,23,33,Winner_2022,0.1,5.0,1,True,0.0,
4VozWQ,23,34,Winner_2022,0.1,5.0,0,True,0.0,
4VozWQ,23,35,Winner_2022,0.1,5.0,1,True,0.0,
4VozWQ,23,36,Winner_2022,0.1,5.0,1,True,0.0,
4VozWQ,23,37,Winner_2022,0.1,5.0,1,True,0.0,
4VozWQ,23,38,Winner_2022,0.1,5.0,0,True,0.0,
4VozWQ,23,39,Winner_2022,0.1,5.0,0,True,0.0,
4VozWQ,23,40,Winner_2022,0.1,5.0,1,True,0.0,
4VozWQ,23,41,Winner_2022,0.1,5.0,1,True,0.0,
4VozWQ,23,42,Winner_2022,0.1,5.0,0,True,0.0,
4VozWQ,23,43,Winner_2022,0.1,5.0,0,True,0.0,
4VozWQ,23,44,Winner_2022,0.1,5.0,0,True,0.0,
4VozWQ,23,45,Winner_2022,0.1,5.0,0,True,0.0,
4VozWQ,23,46,Winner_2022,0.1,5.0,2,True,0.0,
4VozWQ,23,47,Winner_2022,0.1,5.0,1,True,0.0,
4VozWQ,23,48,Winner_2022,0.1,5.0,1,True,0.0,
4VozWQ,23,49,Winner_2022,0.1,5.0,0,True,0.0,
4VozWQ,23,50,Winner_2022,0.1,5.0,0,True,0.0,
4VozWQ,23,51,Winner_2022,0.1,5.0,1,True,0.0,
4VozWQ,23,52,Winner_2022,0.1,5.0,0,True,0.0,
4VozWQ,23,53,Winner_2022,0.1,5.0,0,True,0.0,
4VozWQ,23,54,Winner_2022,0.1,5.0,0,True,0.0,
4VozWQ,23,55,Winner_2022,0.1,5.0,0,True,0.0,
4VozWQ,23,56,Winner_2022,0.1,5.0,1,True,0.0,
4VozWQ,23,57,Winner_2022,0.1,5.0,0,True,0.0,
4VozWQ,23,58,Winner_2022,0.1,5.0,0,True,0.0,
4VozWQ,23,59,Winner_2022,0.1,5.0,0,True,0.0,
4VozWQ,23,60,Winner_2022,0.1,5.0,0,True,0.0,
4VozWQ,23,61,Winner_2022,0.1,5.0,0,True,0.0,
4VozWQ,23,62,Winner_2022,0.1,5.0,0,True,0.0,
4VozWQ,23,63,Winner_2022,0.1,5.0,0,True,0.0,
4VozWQ,23,64,Winner_2022,0.1,5.0,0,True,0.0,
4VozWQ,23,65,Winner_2022,0.1,5.0,0,True,0.0,
4VozWQ,23,66,Winner_2022,0.1,5.0,0,True,0.0,
4VozWQ,23,67,Winner_2022,0.1,5.0,0,True,0.0,
4VozWQ,23,68,Winner_2022,0.1,5.0,1,True,0.0,
4VozWQ,23,69,Winner_2022,0.1,5.0,0,True,0.0,
4VozWQ,23,70,Winner_2022,0.1,5.0,0,True,0.0,
4VozWQ,23,71,Winner_2022,0.1,5.0,0,True,0.0,
4VozWQ,23,72,Winner_2022,0.1,5.0,0,True,0.0,
4VozWQ,23,73,Winner_2022,0.1,5.0,0,True,0.0,
4VozWQ,23,74,Winner_2022,0.1,5.0,0,True,0.0,
4VozWQ,23,75,Winner_2022,0.1,5.0,1,True,0.0,
4VozWQ,23,76,Winner_2022,0.1,5.0,0,True,0.0,
4VozWQ,23,77,Winner_2022,0.1,5.0,1,True,0.0,
4VozWQ,23,78,Winner_2022,0.1,5.0,4,True,0.0,
4VozWQ,23,79,Winner_2022,0.1,5.0,0,True,0.0,
4VozWQ,23,80,Winner_2022,0.1,5.0,2,True,0.0,
4VozWQ,23,81,Winner_2022,0.1,5.0,0,True,0.0,
4VozWQ,23,82,Winner_2022,0.1,5.0,0,True,0.0,
4VozWQ,23,83,Winner_2022,0.1,5.0,0,True,0.0,
4VozWQ,23,84,Winner_2022,0.1,5.0,1,True,0.0,
4VozWQ,23,85,Winner_2022,0.1,5.0,1,True,0.0,
4VozWQ,23,86,Winner_2022,0.1,5.0,0,True,0.0,
4VozWQ,23,87,Winner_2022,0.1,5.0,0,True,0.0,
4VozWQ,23,88,Winner_2022,0.1,5.0,1,True,0.0,
4VozWQ,23,89,Winner_2022,0.1,5.0,3,True,0.0,
4VozWQ,23,90,Winner_2022,0.1,5.0,0,True,0.0,
4VozWQ,23,91,Winner_2022,0.1,5.0,0,True,0.0,
4VozWQ,23,92,Winner_2022,0.1,5.0,0,True,0.0,
4VozWQ,23,93,Winner_2022,0.1,5.0,0,True,0.0,
4VozWQ,23,94,Winner_2022,0.1,5.0,1,True,0.0,
4VozWQ,23,95,Winner_2022,0.1,5.0,1,True,0.0,
4VozWQ,23,96,Winner_2022,0.1,5.0,0,True,0.0,
4VozWQ,23,97,Winner_2022,0.1,5.0,2,True,0.0,
4VozWQ,23,98,Winner_2022,0.1,5.0,1,True,0.0,
4VozWQ,23,99,Winner_2022,0.1,5.0,0,True,0.0,
4VozWQ,23,100,Winner_2022,0.1,5.0,0,True,0.0,
4VozWQ,24,1,Winner_2022,2.5,68.0,0,True,0.0,
4VozWQ,24,2,Winner_2022,2.0,54.4,0,True,0.0,
4VozWQ,24,3,Winner_2022,1.5,43.5,0,True,0.0,
4VozWQ,24,4,Winner_2022,1.0,34.8,0,True,0.0,
4VozWQ,24,5,Winner_2022,0.5,27.9,0,True,0.0,
4VozWQ,24,6,Winner_2022,0.1,22.3,0,True,0.0,
4VozWQ,24,7,Winner_2022,0.1,17.8,0,True,0.0,
4VozWQ,24,8,Winner_2022,0.1,14.3,0,True,0.0,
4VozWQ,24,9,Winner_2022,0.1,11.4,0,True,0.0,
4VozWQ,24,10,Winner_2022,0.1,9.1,1,True,0.0,
4VozWQ,24,11,Winner_2022,0.1,7.7,0,True,0.0,
4VozWQ,24,12,Winner_2022,0.1,6.4,0,True,0.0,
4VozWQ,24,13,Winner_2022,0.1,5.3,1,True,0.0,
4VozWQ,24,14,Winner_2022,0.1,5.0,0,True,0.0,
4VozWQ,24,15,Winner_2022,0.1,5.0,0,True,0.0,
4VozWQ,24,16,Winner_2022,0.1,5.0,0,True,0.0,
4VozWQ,24,17,Winner_2022,0.1,5.0,1,True,0.0,
4VozWQ,24,18,Winner_2022,0.1,5.0,2,True,0.0,
4VozWQ,24,19,Winner_2022,0.1,5.0,0,True,0.0,
4VozWQ,24,20,Winner_2022,0.1,5.0,1,True,0.0,
4VozWQ,24,21,Winner_2022,0.1,5.0,0,True,0.0,
4VozWQ,24,22,Winner_2022,0.1,5.0,0,True,0.0,
4VozWQ,24,23,Winner_2022,0.1,5.0,0,True,0.0,
4VozWQ,24,24,Winner_2022,0.1,5.0,0,True,0.0,
4VozWQ,24,25,Winner_2022,0.1,5.0,1,True,0.0,
4VozWQ,24,26,Winner_2022,0.1,5.0,0,True,0.0,
4VozWQ,24,27,Winner_2022,0.1,5.0,0,True,0.0,
4VozWQ,24,28,Winner_2022,0.1,5.0,1,True,0.0,
4VozWQ,24,29,Winner_2022,0.1,5.0,0,True,0.0,
4VozWQ,24,30,Winner_2022,0.1,5.0,0,True,0.0,
4VozWQ,24,31,Winner_2022,0.1,5.0,0,True,0.0,
4VozWQ,24,32,Winner_2022,0.1,5.0,0,True,0.0,
4VozWQ,24,33,Winner_2022,0.1,5.0,0,True,0.0,
4VozWQ,24,34,Winner_2022,0.1,5.0,1,True,0.0,
4VozWQ,24,35,Winner_2022,0.1,5.0,1,True,0.0,
4VozWQ,24,36,Winner_2022,0.1,5.0,1,True,0.0,
4VozWQ,24,37,Winner_2022,0.1,5.0,0,True,0.0,
4VozWQ,24,38,Winner_2022,0.1,5.0,0,True,0.0,
4VozWQ,24,39,Winner_2022,0.1,5.0,0,True,0.0,
4VozWQ,24,40,Winner_2022,0.1,5.0,0,True,0.0,
4VozWQ,24,41,Winner_2022,0.1,5.0,0,True,0.0,
4VozWQ,24,42,Winner_2022,0.1,5.0,1,True,0.0,
4VozWQ,24,43,Winner_2022,0.1,5.0,1,True,0.0,
4VozWQ,24,44,Winner_2022,0.1,5.0,0,True,0.0,
4VozWQ,24,45,Winner_2022,0.1,5.0,0,True,0.0,
4VozWQ,24,46,Winner_2022,0.1,5.0,0,True,0.0,
4VozWQ,24,47,Winner_2022,0.1,5.0,0,True,0.0,
4VozWQ,24,48,Winner_2022,0.1,5.0,1,True,0.0,
4VozWQ,24,49,Winner_2022,0.1,5.0,0,True,0.0,
4VozWQ,24,50,Winner_2022,0.1,5.0,0,True,0.0,
4VozWQ,24,51,Winner_2022,0.1,5.0,0,True,0.0,
4VozWQ,24,52,Winner_2022,0.1,5.0,0,True,0.0,
4VozWQ,24,53,Winner_2022,0.1,5.0,0,True,0.0,
4VozWQ,24,54,Winner_2022,0.1,5.0,0,True,0.0,
4VozWQ,24,55,Winner_2022,0.1,5.0,0,True,0.0,
4VozWQ,24,56,Winner_2022,0.1,5.0,0,True,0.0,
4VozWQ,24,57,Winner_2022,0.1,5.0,0,True,0.0,
4VozWQ,24,58,Winner_2022,0.1,5.0,0,True,0.0,
4VozWQ,24,59,Winner_2022,0.1,5.0,2,True,0.0,
4VozWQ,24,60,Winner_2022,0.1,5.0,0,True,0.0,
4VozWQ,24,61,Winner_2022,0.1,5.0,0,True,0.0,
4VozWQ,24,62,Winner_2022,0.1,5.0,0,True,0.0,
4VozWQ,24,63,Winner_2022,0.1,5.0,2,True,0.0,
4VozWQ,24,64,Winner_2022,0.1,5.0,0,True,0.0,
4VozWQ,24,65,Winner_2022,0.1,5.0,0,True,0.0,
4VozWQ,24,66,Winner_2022,0.1,5.0,0,True,0.0,
4VozWQ,24,67,Winner_2022,0.1,5.0,1,True,0.0,
4VozWQ,24,68,Winner_2022,0.1,5.0,0,True,0.0,
4VozWQ,24,69,Winner_2022,0.1,5.0,0,True,0.0,
4VozWQ,24,70,Winner_2022,0.1,5.0,1,True,0.0,
4VozWQ,24,71,Winner_2022,0.1,5.0,1,True,0.0,
4VozWQ,24,72,Winner_2022,0.1,5.0,0,True,0.0,
4VozWQ,24,73,Winner_2022,0.1,5.0,1,True,0.0,
4VozWQ,24,74,Winner_2022,0.1,5.0,1,True,0.0,
4VozWQ,24,75,Winner_2022,0.1,5.0,1,True,0.0,
4VozWQ,24,76,Winner_2022,0.1,5.0,0,True,0.0,
4VozWQ,24,77,Winner_2022,0.1,5.0,1,True,0.0,
4VozWQ,24,78,Winner_2022,0.1,5.0,1,True,0.0,
4VozWQ,24,79,Winner_2022,0.1,5.0,1,True,0.0,
4VozWQ,24,80,Winner_2022,0.1,5.0,1,True,0.0,
4VozWQ,24,81,Winner_2022,0.1,5.0,0,True,0.0,
4VozWQ,24,82,Winner_2022,0.1,5.0,0,True,0.0,
4VozWQ,24,83,Winner_2022,0.1,5.0,0,True,0.0,
4VozWQ,24,84,Winner_2022,0.1,5.0,1,True,0.0,
4VozWQ,24,85,Winner_2022,0.1,5.0,0,True,0.0,
4VozWQ,24,86,Winner_2022,0.1,5.0,0,True,0.0,
4VozWQ,24,87,Winner_2022,0.1,5.0,0,True,0.0,
4VozWQ,24,88,Winner_2022,0.1,5.0,0,True,0.0,
4VozWQ,24,89,Winner_2022,0.1,5.0,1,True,0.0,
4VozWQ,24,90,Winner_2022,0.1,5.0,0,True,0.0,
4VozWQ,24,91,Winner_2022,0.1,5.0,1,True,0.0,
4VozWQ,24,92,Winner_2022,0.1,5.0,3,True,0.0,
4VozWQ,24,93,Winner_2022,0.1,5.0,1,True,0.0,
4VozWQ,24,94,Winner_2022,0.1,5.0,1,True,0.0,
4VozWQ,24,95,Winner_2022,0.1,5.0,0,True,0.0,
4VozWQ,24,96,Winner_2022,0.1,5.0,1,True,0.0,
4VozWQ,24,97,Winner_2022,0.1,5.0,0,True,0.0,
4VozWQ,24,98,Winner_2022,0.1,5.0,1,True,0.0,
4VozWQ,24,99,Winner_2022,0.1,5.0,2,True,0.0,
4VozWQ,24,100,Winner_2022,0.1,5.0,0,True,0.0,
4VozWQ,25,1,Winner_2022,0.7,47.0,0,True,0.0,
4VozWQ,25,2,Winner_2022,0.2,37.6,0,True,0.0,
4VozWQ,25,3,Winner_2022,0.1,30.1,0,True,0.0,
4VozWQ,25,4,Winner_2022,0.1,24.1,0,True,0.0,
4VozWQ,25,5,Winner_2022,0.1,19.3,0,True,0.0,
4VozWQ,25,6,Winner_2022,0.1,15.4,0,True,0.0,
4VozWQ,25,7,Winner_2022,0.1,12.3,0,True,0.0,
4VozWQ,25,8,Winner_2022,0.1,9.9,0,True,0.0,
4VozWQ,25,9,Winner_2022,0.1,7.9,1,True,0.0,
4VozWQ,25,10,Winner_2022,0.1,6.7,1,True,0.0,
4VozWQ,25,11,Winner_2022,0.1,5.9,2,True,0.0,
4VozWQ,25,12,Winner_2022,0.1,5.6,0,True,0.0,
4VozWQ,25,13,Winner_2022,0.1,5.2,0,True,0.0,
4VozWQ,25,14,Winner_2022,0.1,5.0,2,True,0.0,
4VozWQ,25,15,Winner_2022,0.1,5.0,0,True,0.0,
4VozWQ,25,16,Winner_2022,0.1,5.0,0,True,0.0,
4VozWQ,25,17,Winner_2022,0.1,5.0,0,True,0.0,
4VozWQ,25,18,Winner_2022,0.1,5.0,0,True,0.0,
4VozWQ,25,19,Winner_2022,0.1,5.0,1,True,0.0,
4VozWQ,25,20,Winner_2022,0.1,5.0,1,True,0.0,
4VozWQ,25,21,Winner_2022,0.1,5.0,0,True,0.0,
4VozWQ,25,22,Winner_2022,0.1,5.0,1,True,0.0,
4VozWQ,25,23,Winner_2022,0.1,5.0,0,True,0.0,
4VozWQ,25,24,Winner_2022,0.1,5.0,0,True,0.0,
4VozWQ,25,25,Winner_2022,0.1,5.0,0,True,0.0,
4VozWQ,25,26,Winner_2022,0.1,5.0,0,True,0.0,
4VozWQ,25,27,Winner_2022,0.1,5.0,0,True,0.0,
4VozWQ,25,28,Winner_2022,0.1,5.0,0,True,0.0,
4VozWQ,25,29,Winner_2022,0.1,5.0,0,True,0.0,
4VozWQ,25,30,Winner_2022,0.1,5.0,0,True,0.0,
4VozWQ,25,31,Winner_2022,0.1,5.0,0,True,0.0,
4VozWQ,25,32,Winner_2022,0.1,5.0,0,True,0.0,
4VozWQ,25,33,Winner_2022,0.1,5.0,1,True,0.0,
4VozWQ,25,34,Winner_2022,0.1,5.0,0,True,0.0,
4VozWQ,25,35,Winner_2022,0.1,5.0,1,True,0.0,
4VozWQ,25,36,Winner_2022,0.1,5.0,0,True,0.0,
4VozWQ,25,37,Winner_2022,0.1,5.0,0,True,0.0,
4VozWQ,25,38,Winner_2022,0.1,5.0,3,True,0.0,
4VozWQ,25,39,Winner_2022,0.1,5.0,0,True,0.0,
4VozWQ,25,40,Winner_2022,0.1,5.0,1,True,0.0,
4VozWQ,25,41,Winner_2022,0.1,5.0,0,True,0.0,
4VozWQ,25,42,Winner_2022,0.1,5.0,0,True,0.0,
4VozWQ,25,43,Winner_2022,0.1,5.0,1,True,0.0,
4VozWQ,25,44,Winner_2022,0.1,5.0,0,True,0.0,
4VozWQ,25,45,Winner_2022,0.1,5.0,0,True,0.0,
4VozWQ,25,46,Winner_2022,0.1,5.0,0,True,0.0,
4VozWQ,25,47,Winner_2022,0.1,5.0,1,True,0.0,
4VozWQ,25,48,Winner_2022,0.1,5.0,0,True,0.0,
4VozWQ,25,49,Winner_2022,0.1,5.0,0,True,0.0,
4VozWQ,25,50,Winner_2022,0.1,5.0,0,True,0.0,
4VozWQ,25,51,Winner_2022,0.1,5.0,0,True,0.0,
4VozWQ,25,52,Winner_2022,0.1,5.0,0,True,0.0,
4VozWQ,25,53,Winner_2022,0.1,5.0,1,True,0.0,
4VozWQ,25,54,Winner_2022,0.1,5.0,0,True,0.0,
4VozWQ,25,55,Winner_2022,0.1,5.0,1,True,0.0,
4VozWQ,25,56,Winner_2022,0.1,5.0,0,True,0.0,
4VozWQ,25,57,Winner_2022,0.1,5.0,0,True,0.0,
4VozWQ,25,58,Winner_2022,0.1,5.0,0,True,0.0,
4VozWQ,25,59,Winner_2022,0.1,5.0,1,True,0.0,
4VozWQ,25,60,Winner_2022,0.1,5.0,1,True,0.0,
4VozWQ,25,61,Winner_2022,0.1,5.0,1,True,0.0,
4VozWQ,25,62,Winner_2022,0.1,5.0,1,True,0.0,
4VozWQ,25,63,Winner_2022,0.1,5.0,0,True,0.0,
4VozWQ,25,64,Winner_2022,0.1,5.0,2,True,0.0,
4VozWQ,25,65,Winner_2022,0.1,5.0,0,True,0.0,
4VozWQ,25,66,Winner_2022,0.1,5.0,0,True,0.0,
4VozWQ,25,67,Winner_2022,0.1,5.0,0,True,0.0,
4VozWQ,25,68,Winner_2022,0.1,5.0,0,True,0.0,
4VozWQ,25,69,Winner_2022,0.1,5.0,1,True,0.0,
4VozWQ,25,70,Winner_2022,0.1,5.0,1,True,0.0,
4VozWQ,25,71,Winner_2022,0.1,5.0,0,True,0.0,
4VozWQ,25,72,Winner_2022,0.1,5.0,0,True,0.0,
4VozWQ,25,73,Winner_2022,0.1,5.0,0,True,0.0,
4VozWQ,25,74,Winner_2022,0.1,5.0,0,True,0.0,
4VozWQ,25,75,Winner_2022,0.1,5.0,1,True,0.0,
4VozWQ,25,76,Winner_2022,0.1,5.0,1,True,0.0,
4VozWQ,25,77,Winner_2022,0.1,5.0,1,True,0.0,
4VozWQ,25,78,Winner_2022,0.1,5.0,1,True,0.0,
4VozWQ,25,79,Winner_2022,0.1,5.0,0,True,0.0,
4VozWQ,25,80,Winner_2022,0.1,5.0,0,True,0.0,
4VozWQ,25,81,Winner_2022,0.1,5.0,0,True,0.0,
4VozWQ,25,82,Winner_2022,0.1,5.0,0,True,0.0,
4VozWQ,25,83,Winner_2022,0.1,5.0,1,True,0.0,
4VozWQ,25,84,Winner_2022,0.1,5.0,0,True,0.0,
4VozWQ,25,85,Winner_2022,0.1,5.0,0,True,0.0,
4VozWQ,25,86,Winner_2022,0.1,5.0,0,True,0.0,
4VozWQ,25,87,Winner_2022,0.1,5.0,0,True,0.0,
4VozWQ,25,88,Winner_2022,0.1,5.0,1,True,0.0,
4VozWQ,25,89,Winner_2022,0.1,5.0,0,True,0.0,
4VozWQ,25,90,Winner_2022,0.1,5.0,0,True,0.0,
4VozWQ,25,91,Winner_2022,0.1,5.0,0,True,0.0,
4VozWQ,25,92,Winner_2022,0.1,5.0,0,True,0.0,
4VozWQ,25,93,Winner_2022,0.1,5.0,0,True,0.0,
4VozWQ,25,94,Winner_2022,0.1,5.0,0,True,0.0,
4VozWQ,25,95,Winner_2022,0.1,5.0,0,True,0.0,
4VozWQ,25,96,Winner_2022,0.1,5.0,0,True,0.0,
4VozWQ,25,97,Winner_2022,0.1,5.0,0,True,0.0,
4VozWQ,25,98,Winner_2022,0.1,5.0,0,True,0.0,
4VozWQ,25,99,Winner_2022,0.1,5.0,0,True,0.0,
4VozWQ,25,100,Winner_2022,0.1,5.0,1,True,0.0,
4VozWQ,26,1,Winner_2022,0.1,47.0,0,True,0.0,
4VozWQ,26,2,Winner_2022,0.6,37.6,0,True,0.0,
4VozWQ,26,3,Winner_2022,1.1,30.1,0,True,0.0,
4VozWQ,26,4,Winner_2022,1.6,24.1,0,True,0.0,
4VozWQ,26,5,Winner_2022,1.1,19.3,0,True,0.0,
4VozWQ,26,6,Winner_2022,0.6,15.4,0,True,0.0,
4VozWQ,26,7,Winner_2022,0.1,12.3,0,True,0.0,
4VozWQ,26,8,Winner_2022,0.1,9.9,0,True,0.0,
4VozWQ,26,9,Winner_2022,0.1,7.9,0,True,0.0,
4VozWQ,26,10,Winner_2022,0.1,6.3,0,True,0.0,
4VozWQ,26,11,Winner_2022,0.1,5.0,0,True,0.0,
4VozWQ,26,12,Winner_2022,0.1,5.0,0,True,0.0,
4VozWQ,26,13,Winner_2022,0.6,5.0,0,True,0.0,
4VozWQ,26,14,Winner_2022,0.1,5.0,0,True,0.0,
4VozWQ,26,15,Winner_2022,0.1,5.0,0,True,0.0,
4VozWQ,26,16,Winner_2022,0.1,5.0,0,True,0.0,
4VozWQ,26,17,Winner_2022,0.1,5.0,0,True,0.0,
4VozWQ,26,18,Winner_2022,0.1,5.0,0,True,0.0,
4VozWQ,26,19,Winner_2022,0.1,5.0,0,True,0.0,
4VozWQ,26,20,Winner_2022,0.1,5.0,0,True,0.0,
4VozWQ,26,21,Winner_2022,0.1,5.0,1,True,0.0,
4VozWQ,26,22,Winner_2022,0.1,5.0,2,True,0.0,
4VozWQ,26,23,Winner_2022,0.1,5.0,0,True,0.0,
4VozWQ,26,24,Winner_2022,0.1,5.0,0,True,0.0,
4VozWQ,26,25,Winner_2022,0.1,5.0,0,True,0.0,
4VozWQ,26,26,Winner_2022,0.1,5.0,2,True,0.0,
4VozWQ,26,27,Winner_2022,0.1,5.0,0,True,0.0,
4VozWQ,26,28,Winner_2022,0.1,5.0,1,True,0.0,
4VozWQ,26,29,Winner_2022,0.1,5.0,0,True,0.0,
4VozWQ,26,30,Winner_2022,0.1,5.0,0,True,0.0,
4VozWQ,26,31,Winner_2022,0.1,5.0,0,True,0.0,
4VozWQ,26,32,Winner_2022,0.1,5.0,1,True,0.0,
4VozWQ,26,33,Winner_2022,0.1,5.0,0,True,0.0,
4VozWQ,26,34,Winner_2022,0.1,5.0,0,True,0.0,
4VozWQ,26,35,Winner_2022,0.1,5.0,0,True,0.0,
4VozWQ,26,36,Winner_2022,0.1,5.0,1,True,0.0,
4VozWQ,26,37,Winner_2022,0.1,5.0,1,True,0.0,
4VozWQ,26,38,Winner_2022,0.1,5.0,0,True,0.0,
4VozWQ,26,39,Winner_2022,0.1,5.0,0,True,0.0,
4VozWQ,26,40,Winner_2022,0.1,5.0,0,True,0.0,
4VozWQ,26,41,Winner_2022,0.1,5.0,1,True,0.0,
4VozWQ,26,42,Winner_2022,0.1,5.0,1,True,0.0,
4VozWQ,26,43,Winner_2022,0.1,5.0,0,True,0.0,
4VozWQ,26,44,Winner_2022,0.1,5.0,0,True,0.0,
4VozWQ,26,45,Winner_2022,0.1,5.0,0,True,0.0,
4VozWQ,26,46,Winner_2022,0.1,5.0,0,True,0.0,
4VozWQ,26,47,Winner_2022,0.1,5.0,2,True,0.0,
4VozWQ,26,48,Winner_2022,0.1,5.0,0,True,0.0,
4VozWQ,26,49,Winner_2022,0.1,5.0,0,True,0.0,
4VozWQ,26,50,Winner_2022,0.1,5.0,0,True,0.0,
4VozWQ,26,51,Winner_2022,0.1,5.0,0,True,0.0,
4VozWQ,26,52,Winner_2022,0.1,5.0,0,True,0.0,
4VozWQ,26,53,Winner_2022,0.1,5.0,0,True,0.0,
4VozWQ,26,54,Winner_2022,0.1,5.0,1,True,0.0,
4VozWQ,26,55,Winner_2022,0.1,5.0,0,True,0.0,
4VozWQ,26,56,Winner_2022,0.1,5.0,0,True,0.0,
4VozWQ,26,57,Winner_2022,0.1,5.0,0,True,0.0,
4VozWQ,26,58,Winner_2022,0.1,5.0,1,True,0.0,
4VozWQ,26,59,Winner_2022,0.1,5.0,1,True,0.0,
4VozWQ,26,60,Winner_2022,0.1,5.0,0,True,0.0,
4VozWQ,26,61,Winner_2022,0.1,5.0,0,True,0.0,
4VozWQ,26,62,Winner_2022,0.1,5.0,1,True,0.0,
4VozWQ,26,63,Winner_2022,0.1,5.0,0,True,0.0,
4VozWQ,26,64,Winner_2022,0.1,5.0,0,True,0.0,
4VozWQ,26,65,Winner_2022,0.1,5.0,0,True,0.0,
4VozWQ,26,66,Winner_2022,0.1,5.0,0,True,0.0,
4VozWQ,26,67,Winner_2022,0.1,5.0,0,True,0.0,
4VozWQ,26,68,Winner_2022,0.1,5.0,0,True,0.0,
4VozWQ,26,69,Winner_2022,0.1,5.0,0,True,0.0,
4VozWQ,26,70,Winner_2022,0.1,5.0,0,True,0.0,
4VozWQ,26,71,Winner_2022,0.1,5.0,1,True,0.0,
4VozWQ,26,72,Winner_2022,0.1,5.0,1,True,0.0,
4VozWQ,26,73,Winner_2022,0.1,5.0,1,True,0.0,
4VozWQ,26,74,Winner_2022,0.1,5.0,2,True,0.0,
4VozWQ,26,75,Winner_2022,0.1,5.0,1,True,0.0,
4VozWQ,26,76,Winner_2022,0.1,5.0,0,True,0.0,
4VozWQ,26,77,Winner_2022,0.1,5.0,0,True,0.0,
4VozWQ,26,78,Winner_2022,0.1,5.0,0,True,0.0,
4VozWQ,26,79,Winner_2022,0.1,5.0,0,True,0.0,
4VozWQ,26,80,Winner_2022,0.1,5.0,2,True,0.0,
4VozWQ,26,81,Winner_2022,0.1,5.0,1,True,0.0,
4VozWQ,26,82,Winner_2022,0.1,5.0,1,True,0.0,
4VozWQ,26,83,Winner_2022,0.1,5.0,0,True,0.0,
4VozWQ,26,84,Winner_2022,0.1,5.0,0,True,0.0,
4VozWQ,26,85,Winner_2022,0.1,5.0,0,True,0.0,
4VozWQ,26,86,Winner_2022,0.1,5.0,1,True,0.0,
4VozWQ,26,87,Winner_2022,0.1,5.0,2,True,0.0,
4VozWQ,26,88,Winner_2022,0.1,5.0,0,True,0.0,
4VozWQ,26,89,Winner_2022,0.1,5.0,0,True,0.0,
4VozWQ,26,90,Winner_2022,0.1,5.0,0,True,0.0,
4VozWQ,26,91,Winner_2022,0.1,5.0,1,True,0.0,
4VozWQ,26,92,Winner_2022,0.1,5.0,0,True,0.0,
4VozWQ,26,93,Winner_2022,0.1,5.0,0,True,0.0,
4VozWQ,26,94,Winner_2022,0.1,5.0,1,True,0.0,
4VozWQ,26,95,Winner_2022,0.1,5.0,2,True,0.0,
4VozWQ,26,96,Winner_2022,0.1,5.0,0,True,0.0,
4VozWQ,26,97,Winner_2022,0.1,5.0,0,True,0.0,
4VozWQ,26,98,Winner_2022,0.1,5.0,0,True,0.0,
4VozWQ,26,99,Winner_2022,0.1,5.0,2,True,0.0,
4VozWQ,26,100,Winner_2022,0.1,5.0,0,True,0.0,
4VozWQ,27,1,Winner_2022,0.1,59.0,0,True,0.0,
4VozWQ,27,2,Winner_2022,0.1,47.2,0,True,0.0,
4VozWQ,27,3,Winner_2022,0.1,37.8,0,True,0.0,
4VozWQ,27,4,Winner_2022,0.1,30.2,0,True,0.0,
4VozWQ,27,5,Winner_2022,0.1,24.2,0,True,0.0,
4VozWQ,27,6,Winner_2022,0.1,19.3,0,True,0.0,
4VozWQ,27,7,Winner_2022,0.1,15.5,0,True,0.0,
4VozWQ,27,8,Winner_2022,0.6,12.4,0,True,0.0,
4VozWQ,27,9,Winner_2022,1.1,9.9,0,True,0.0,
4VozWQ,27,10,Winner_2022,1.6,7.9,0,True,0.0,
4VozWQ,27,11,Winner_2022,2.1,6.3,1,True,0.0,
4VozWQ,27,12,Winner_2022,2.6,5.3,0,True,0.0,
4VozWQ,27,13,Winner_2022,3.1,5.0,0,True,0.0,
4VozWQ,27,14,Winner_2022,3.6,5.0,0,True,0.0,
4VozWQ,27,15,Winner_2022,4.1,5.0,0,True,0.0,
4VozWQ,27,16,Winner_2022,4.5,5.0,0,True,0.0,
4VozWQ,27,17,Winner_2022,4.8,5.0,1,True,0.0,
4VozWQ,27,18,Winner_2022,4.9,5.0,1,True,0.0,
4VozWQ,27,19,Winner_2022,4.9,5.0,0,True,0.0,
4VozWQ,27,20,Winner_2022,5.0,5.0,0,True,0.0,
4VozWQ,27,21,Winner_2022,5.0,5.0,1,True,0.0,
4VozWQ,27,22,Winner_2022,5.0,5.0,0,True,0.0,
4VozWQ,27,23,Winner_2022,5.0,5.0,0,True,0.0,
4VozWQ,27,24,Winner_2022,5.0,5.0,0,True,0.0,
4VozWQ,27,25,Winner_2022,5.0,5.0,1,True,0.0,
4VozWQ,27,26,Winner_2022,5.0,5.0,1,True,0.0,
4VozWQ,27,27,Winner_2022,5.0,5.0,0,True,0.0,
4VozWQ,27,28,Winner_2022,5.0,5.0,0,True,0.0,
4VozWQ,27,29,Winner_2022,5.0,5.0,0,True,0.0,
4VozWQ,27,30,Winner_2022,5.0,5.0,0,True,0.0,
4VozWQ,27,31,Winner_2022,5.0,5.0,0,True,0.0,
4VozWQ,27,32,Winner_2022,5.0,5.0,1,True,0.0,
4VozWQ,27,33,Winner_2022,5.0,5.0,1,True,0.0,
4VozWQ,27,34,Winner_2022,5.0,5.0,1,True,0.0,
4VozWQ,27,35,Winner_2022,4.9,5.0,1,True,0.0,
4VozWQ,27,36,Winner_2022,4.9,5.0,1,True,0.0,
4VozWQ,27,37,Winner_2022,4.9,5.0,0,True,0.0,
4VozWQ,27,38,Winner_2022,4.8,5.0,0,True,0.0,
4VozWQ,27,39,Winner_2022,4.7,5.0,0,True,0.0,
4VozWQ,27,40,Winner_2022,4.6,5.0,0,True,0.0,
4VozWQ,27,41,Winner_2022,4.4,5.0,0,True,0.0,
4VozWQ,27,42,Winner_2022,4.1,5.0,0,True,0.0,
4VozWQ,27,43,Winner_2022,3.7,5.0,1,True,0.0,
4VozWQ,27,44,Winner_2022,3.2,5.0,0,True,0.0,
4VozWQ,27,45,Winner_2022,2.7,5.0,1,True,0.0,
4VozWQ,27,46,Winner_2022,2.2,5.0,0,True,0.0,
4VozWQ,27,47,Winner_2022,1.7,5.0,1,True,0.0,
4VozWQ,27,48,Winner_2022,1.2,5.0,0,True,0.0,
4VozWQ,27,49,Winner_2022,0.7,5.0,0,True,0.0,
4VozWQ,27,50,Winner_2022,0.2,5.0,1,True,0.0,
4VozWQ,27,51,Winner_2022,0.1,5.0,1,True,0.0,
4VozWQ,27,52,Winner_2022,0.1,5.0,0,True,0.0,
4VozWQ,27,53,Winner_2022,0.1,5.0,0,True,0.0,
4VozWQ,27,54,Winner_2022,0.1,5.0,0,True,0.0,
4VozWQ,27,55,Winner_2022,0.1,5.0,1,True,0.0,
4VozWQ,27,56,Winner_2022,0.1,5.0,1,True,0.0,
4VozWQ,27,57,Winner_2022,0.1,5.0,1,True,0.0,
4VozWQ,27,58,Winner_2022,0.1,5.0,0,True,0.0,
4VozWQ,27,59,Winner_2022,0.1,5.0,0,True,0.0,
4VozWQ,27,60,Winner_2022,0.1,5.0,0,True,0.0,
4VozWQ,27,61,Winner_2022,0.1,5.0,0,True,0.0,
4VozWQ,27,62,Winner_2022,0.1,5.0,1,True,0.0,
4VozWQ,27,63,Winner_2022,0.1,5.0,0,True,0.001,
4VozWQ,27,64,Winner_2022,0.1,5.0,0,True,0.0,
4VozWQ,27,65,Winner_2022,0.1,5.0,1,True,0.0,
4VozWQ,27,66,Winner_2022,0.1,5.0,0,True,0.0,
4VozWQ,27,67,Winner_2022,0.1,5.0,1,True,0.0,
4VozWQ,27,68,Winner_2022,0.1,5.0,1,True,0.0,
4VozWQ,27,69,Winner_2022,0.1,5.0,2,True,0.0,
4VozWQ,27,70,Winner_2022,0.1,5.0,0,True,0.0,
4VozWQ,27,71,Winner_2022,0.1,5.0,0,True,0.0,
4VozWQ,27,72,Winner_2022,0.1,5.0,0,True,0.0,
4VozWQ,27,73,Winner_2022,0.1,5.0,0,True,0.0,
4VozWQ,27,74,Winner_2022,0.1,5.0,0,True,0.0,
4VozWQ,27,75,Winner_2022,0.1,5.0,1,True,0.0,
4VozWQ,27,76,Winner_2022,0.1,5.0,0,True,0.0,
4VozWQ,27,77,Winner_2022,0.1,5.0,0,True,0.0,
4VozWQ,27,78,Winner_2022,0.1,5.0,1,True,0.0,
4VozWQ,27,79,Winner_2022,0.1,5.0,0,True,0.0,
4VozWQ,27,80,Winner_2022,0.1,5.0,0,True,0.0,
4VozWQ,27,81,Winner_2022,0.1,5.0,0,True,0.0,
4VozWQ,27,82,Winner_2022,0.1,5.0,1,True,0.0,
4VozWQ,27,83,Winner_2022,0.1,5.0,2,True,0.0,
4VozWQ,27,84,Winner_2022,0.1,5.0,0,True,0.0,
4VozWQ,27,85,Winner_2022,0.1,5.0,0,True,0.0,
4VozWQ,27,86,Winner_2022,0.6,5.0,3,True,0.0,
4VozWQ,27,87,Winner_2022,0.1,5.0,1,True,0.0,
4VozWQ,27,88,Winner_2022,0.1,5.0,0,True,0.0,
4VozWQ,27,89,Winner_2022,0.1,5.0,0,True,0.0,
4VozWQ,27,90,Winner_2022,0.1,5.0,1,True,0.0,
4VozWQ,27,91,Winner_2022,0.1,5.0,1,True,0.0,
4VozWQ,27,92,Winner_2022,0.1,5.0,1,True,0.0,
4VozWQ,27,93,Winner_2022,0.1,5.0,1,True,0.0,
4VozWQ,27,94,Winner_2022,0.1,5.0,0,True,0.0,
4VozWQ,27,95,Winner_2022,0.1,5.0,1,True,0.0,
4VozWQ,27,96,Winner_2022,0.1,5.0,0,True,0.0,
4VozWQ,27,97,Winner_2022,0.1,5.0,0,True,0.0,
4VozWQ,27,98,Winner_2022,0.1,5.0,0,True,0.0,
4VozWQ,27,99,Winner_2022,0.1,5.0,0,True,0.0,
4VozWQ,27,100,Winner_2022,0.1,5.0,0,True,0.0,
4VozWQ,28,1,Winner_2022,0.9,88.0,0,True,0.0,
4VozWQ,28,2,Winner_2022,0.4,70.4,0,True,0.0,
4VozWQ,28,3,Winner_2022,0.9,56.3,0,True,0.0,
4VozWQ,28,4,Winner_2022,1.4,45.1,0,True,0.0,
4VozWQ,28,5,Winner_2022,1.9,36.0,0,True,0.0,
4VozWQ,28,6,Winner_2022,2.4,28.8,0,True,0.0,
4VozWQ,28,7,Winner_2022,2.9,23.1,0,True,0.0,
4VozWQ,28,8,Winner_2022,3.4,18.5,0,True,0.0,
4VozWQ,28,9,Winner_2022,3.9,14.8,0,True,0.0,
4VozWQ,28,10,Winner_2022,4.4,11.8,0,True,0.0,
4VozWQ,28,11,Winner_2022,4.9,9.4,0,True,0.0,
4VozWQ,28,12,Winner_2022,5.4,7.6,0,True,0.0,
4VozWQ,28,13,Winner_2022,5.9,6.0,0,True,0.0,
4VozWQ,28,14,Winner_2022,6.0,5.0,1,True,0.0,
4VozWQ,28,15,Winner_2022,6.5,5.0,0,True,0.0,
4VozWQ,28,16,Winner_2022,7.0,5.0,1,True,0.0,
4VozWQ,28,17,Winner_2022,7.5,5.0,2,True,0.0,
4VozWQ,28,18,Winner_2022,8.0,5.0,1,True,0.0,
4VozWQ,28,19,Winner_2022,8.5,5.0,0,True,0.0,
4VozWQ,28,20,Winner_2022,9.0,5.0,1,True,0.0,
4VozWQ,28,21,Winner_2022,9.5,5.0,0,True,0.0,
4VozWQ,28,22,Winner_2022,10.0,5.0,2,True,0.0,
4VozWQ,28,23,Winner_2022,10.5,5.0,0,True,0.0,
4VozWQ,28,24,Winner_2022,11.0,5.0,0,True,0.0,
4VozWQ,28,25,Winner_2022,11.5,5.0,1,True,0.0,
4VozWQ,28,26,Winner_2022,12.0,5.0,1,True,0.0,
4VozWQ,28,27,Winner_2022,12.5,5.0,0,True,0.0,
4VozWQ,28,28,Winner_2022,13.0,5.0,1,True,0.0,
4VozWQ,28,29,Winner_2022,13.5,5.0,1,True,0.0,
4VozWQ,28,30,Winner_2022,14.0,5.0,2,True,0.0,
4VozWQ,28,31,Winner_2022,14.5,5.0,0,True,0.0,
4VozWQ,28,32,Winner_2022,14.0,5.0,2,True,0.0,
4VozWQ,28,33,Winner_2022,14.5,5.0,0,True,0.0,
4VozWQ,28,34,Winner_2022,15.0,5.0,1,True,0.0,
4VozWQ,28,35,Winner_2022,14.5,5.0,0,True,0.0,
4VozWQ,28,36,Winner_2022,14.0,5.0,3,True,0.0,
4VozWQ,28,37,Winner_2022,13.5,5.0,2,True,0.0,
4VozWQ,28,38,Winner_2022,13.0,5.2,0,True,0.0,
4VozWQ,28,39,Winner_2022,12.5,5.2,2,True,0.0,
4VozWQ,28,40,Winner_2022,12.0,5.4,1,True,0.0,
4VozWQ,28,41,Winner_2022,11.5,5.6,1,True,0.0,
4VozWQ,28,42,Winner_2022,11.0,5.8,2,True,0.0,
4VozWQ,28,43,Winner_2022,10.5,6.1,1,True,0.0,
4VozWQ,28,44,Winner_2022,10.0,6.5,2,True,0.0,
4VozWQ,28,45,Winner_2022,9.5,6.9,2,True,0.0,
4VozWQ,28,46,Winner_2022,9.0,7.5,0,True,0.0,
4VozWQ,28,47,Winner_2022,8.5,8.0,0,True,0.0,
4VozWQ,28,48,Winner_2022,8.3,8.6,1,True,0.0,
4VozWQ,28,49,Winner_2022,8.1,9.2,1,True,0.0,
4VozWQ,28,50,Winner_2022,7.6,9.9,0,True,0.0,
4VozWQ,28,51,Winner_2022,7.1,10.5,0,True,0.0,
4VozWQ,28,52,Winner_2022,6.6,11.2,0,True,0.0,
4VozWQ,28,53,Winner_2022,6.1,11.8,0,True,0.0,
4VozWQ,28,54,Winner_2022,5.6,12.3,0,True,0.0,
4VozWQ,28,55,Winner_2022,5.1,12.8,0,True,0.0,
4VozWQ,28,56,Winner_2022,4.6,13.2,0,True,0.0,
4VozWQ,28,57,Winner_2022,4.1,13.6,1,True,0.0,
4VozWQ,28,58,Winner_2022,3.6,14.0,0,True,0.0,
4VozWQ,28,59,Winner_2022,3.1,14.4,2,True,0.0,
4VozWQ,28,60,Winner_2022,2.6,14.8,0,True,0.0,
4VozWQ,28,61,Winner_2022,2.1,15.2,0,True,0.0,
4VozWQ,28,62,Winner_2022,1.6,15.6,0,True,0.0,
4VozWQ,28,63,Winner_2022,1.1,15.8,1,True,0.0,
4VozWQ,28,64,Winner_2022,0.6,16.0,0,True,0.0,
4VozWQ,28,65,Winner_2022,0.1,16.2,0,True,0.0,
4VozWQ,28,66,Winner_2022,0.1,16.2,0,True,0.0,
4VozWQ,28,67,Winner_2022,0.1,16.2,0,True,0.0,
4VozWQ,28,68,Winner_2022,0.1,16.0,0,True,0.0,
4VozWQ,28,69,Winner_2022,0.1,15.8,0,True,0.0,
4VozWQ,28,70,Winner_2022,0.1,15.5,1,True,0.0,
4VozWQ,28,71,Winner_2022,0.1,15.2,0,True,0.0,
4VozWQ,28,72,Winner_2022,0.1,14.8,0,True,0.0,
4VozWQ,28,73,Winner_2022,0.1,14.4,0,True,0.0,
4VozWQ,28,74,Winner_2022,0.1,13.9,0,True,0.0,
4VozWQ,28,75,Winner_2022,0.1,13.4,0,True,0.0,
4VozWQ,28,76,Winner_2022,0.1,12.8,0,True,0.0,
4VozWQ,28,77,Winner_2022,0.1,12.2,0,True,0.0,
4VozWQ,28,78,Winner_2022,0.1,11.6,0,True,0.0,
4VozWQ,28,79,Winner_2022,0.1,11.0,3,True,0.0,
4VozWQ,28,80,Winner_2022,0.1,10.5,2,True,0.0,
4VozWQ,28,81,Winner_2022,0.1,10.0,0,True,0.0,
4VozWQ,28,82,Winner_2022,0.1,9.5,0,True,0.0,
4VozWQ,28,83,Winner_2022,0.1,9.0,0,True,0.0,
4VozWQ,28,84,Winner_2022,0.1,8.6,0,True,0.0,
4VozWQ,28,85,Winner_2022,0.1,8.1,0,True,0.0,
4VozWQ,28,86,Winner_2022,0.1,7.6,0,True,0.0,
4VozWQ,28,87,Winner_2022,0.1,7.1,0,True,0.0,
4VozWQ,28,88,Winner_2022,0.1,6.6,0,True,0.0,
4VozWQ,28,89,Winner_2022,0.1,6.2,1,True,0.0,
4VozWQ,28,90,Winner_2022,0.1,5.8,1,True,0.0,
4VozWQ,28,91,Winner_2022,0.1,5.4,0,True,0.0,
4VozWQ,28,92,Winner_2022,0.1,5.0,0,True,0.0,
4VozWQ,28,93,Winner_2022,0.1,5.0,0,True,0.0,
4VozWQ,28,94,Winner_2022,0.1,5.0,0,True,0.0,
4VozWQ,28,95,Winner_2022,0.1,5.0,0,True,0.0,
4VozWQ,28,96,Winner_2022,0.1,5.0,2,True,0.0,
4VozWQ,28,97,Winner_2022,0.1,5.0,0,True,0.0,
4VozWQ,28,98,Winner_2022,0.1,5.0,1,True,0.0,
4VozWQ,28,99,Winner_2022,0.1,5.0,0,True,0.0,
4VozWQ,28,100,Winner_2022,0.1,5.0,1,True,0.0,
4VozWQ,29,1,Winner_2022,3.3,71.0,0,True,0.0,
4VozWQ,29,2,Winner_2022,2.8,56.8,0,True,0.0,
4VozWQ,29,3,Winner_2022,2.3,45.4,0,True,0.0,
4VozWQ,29,4,Winner_2022,1.8,36.4,0,True,0.0,
4VozWQ,29,5,Winner_2022,1.3,29.1,0,True,0.0,
4VozWQ,29,6,Winner_2022,0.8,23.3,0,True,0.0,
4VozWQ,29,7,Winner_2022,0.3,18.6,0,True,0.0,
4VozWQ,29,8,Winner_2022,0.8,14.9,0,True,0.0,
4VozWQ,29,9,Winner_2022,1.3,11.9,0,True,0.0,
4VozWQ,29,10,Winner_2022,0.8,9.5,1,True,0.0,
4VozWQ,29,11,Winner_2022,0.3,8.0,0,True,0.0,
4VozWQ,29,12,Winner_2022,0.1,6.7,0,True,0.0,
4VozWQ,29,13,Winner_2022,0.1,5.6,1,True,0.0,
4VozWQ,29,14,Winner_2022,0.1,5.0,0,True,0.0,
4VozWQ,29,15,Winner_2022,0.1,5.0,1,True,0.0,
4VozWQ,29,16,Winner_2022,0.1,5.0,0,True,0.0,
4VozWQ,29,17,Winner_2022,0.1,5.0,1,True,0.0,
4VozWQ,29,18,Winner_2022,0.1,5.0,0,True,0.0,
4VozWQ,29,19,Winner_2022,0.1,5.0,0,True,0.0,
4VozWQ,29,20,Winner_2022,0.1,5.0,1,True,0.0,
4VozWQ,29,21,Winner_2022,0.1,5.0,1,True,0.0,
4VozWQ,29,22,Winner_2022,0.1,5.0,1,True,0.0,
4VozWQ,29,23,Winner_2022,0.1,5.0,0,True,0.0,
4VozWQ,29,24,Winner_2022,0.1,5.0,0,True,0.0,
4VozWQ,29,25,Winner_2022,0.1,5.0,2,True,0.0,
4VozWQ,29,26,Winner_2022,0.1,5.0,1,True,0.0,
4VozWQ,29,27,Winner_2022,0.1,5.0,0,True,0.0,
4VozWQ,29,28,Winner_2022,0.1,5.0,0,True,0.0,
4VozWQ,29,29,Winner_2022,0.1,5.0,1,True,0.0,
4VozWQ,29,30,Winner_2022,0.1,5.0,1,True,0.0,
4VozWQ,29,31,Winner_2022,0.6,5.0,0,True,0.0,
4VozWQ,29,32,Winner_2022,1.1,5.0,1,True,0.0,
4VozWQ,29,33,Winner_2022,1.6,5.0,0,True,0.0,
4VozWQ,29,34,Winner_2022,2.1,5.0,1,True,0.0,
4VozWQ,29,35,Winner_2022,2.6,5.0,0,True,0.0,
4VozWQ,29,36,Winner_2022,2.1,5.0,0,True,0.0,
4VozWQ,29,37,Winner_2022,1.6,5.0,1,True,0.0,
4VozWQ,29,38,Winner_2022,1.1,5.0,2,True,0.0,
4VozWQ,29,39,Winner_2022,0.6,5.0,0,True,0.0,
4VozWQ,29,40,Winner_2022,0.1,5.0,0,True,0.0,
4VozWQ,29,41,Winner_2022,0.1,5.0,0,True,0.0,
4VozWQ,29,42,Winner_2022,0.1,5.0,0,True,0.0,
4VozWQ,29,43,Winner_2022,0.1,5.0,0,True,0.0,
4VozWQ,29,44,Winner_2022,0.1,5.0,0,True,0.0,
4VozWQ,29,45,Winner_2022,0.1,5.0,0,True,0.0,
4VozWQ,29,46,Winner_2022,0.1,5.0,1,True,0.0,
4VozWQ,29,47,Winner_2022,0.6,5.0,1,True,0.0,
4VozWQ,29,48,Winner_2022,1.1,5.0,0,True,0.0,
4VozWQ,29,49,Winner_2022,1.6,5.0,0,True,0.0,
4VozWQ,29,50,Winner_2022,2.1,5.0,1,True,0.0,
4VozWQ,29,51,Winner_2022,2.6,5.0,0,True,0.0,
4VozWQ,29,52,Winner_2022,3.1,5.0,0,True,0.0,
4VozWQ,29,53,Winner_2022,3.6,5.0,2,True,0.0,
4VozWQ,29,54,Winner_2022,4.1,5.0,0,True,0.0,
4VozWQ,29,55,Winner_2022,4.5,5.0,2,True,0.0,
4VozWQ,29,56,Winner_2022,4.3,5.0,0,True,0.0,
4VozWQ,29,57,Winner_2022,4.0,5.0,1,True,0.0,
4VozWQ,29,58,Winner_2022,3.5,5.0,0,True,0.0,
4VozWQ,29,59,Winner_2022,3.0,5.0,0,True,0.0,
4VozWQ,29,60,Winner_2022,2.5,5.0,2,True,0.0,
4VozWQ,29,61,Winner_2022,2.0,5.0,0,True,0.0,
4VozWQ,29,62,Winner_2022,1.5,5.0,0,True,0.0,
4VozWQ,29,63,Winner_2022,1.0,5.0,0,True,0.0,
4VozWQ,29,64,Winner_2022,0.5,5.0,0,True,0.0,
4VozWQ,29,65,Winner_2022,0.1,5.0,0,True,0.0,
4VozWQ,29,66,Winner_2022,0.1,5.0,1,True,0.0,
4VozWQ,29,67,Winner_2022,0.1,5.0,0,True,0.0,
4VozWQ,29,68,Winner_2022,0.1,5.0,1,True,0.0,
4VozWQ,29,69,Winner_2022,0.1,5.0,0,True,0.0,
4VozWQ,29,70,Winner_2022,0.1,5.0,1,True,0.0,
4VozWQ,29,71,Winner_2022,0.1,5.0,0,True,0.0,
4VozWQ,29,72,Winner_2022,0.1,5.0,0,True,0.0,
4VozWQ,29,73,Winner_2022,0.1,5.0,0,True,0.0,
4VozWQ,29,74,Winner_2022,0.1,5.0,1,True,0.0,
4VozWQ,29,75,Winner_2022,0.1,5.0,0,True,0.0,
4VozWQ,29,76,Winner_2022,0.1,5.0,0,True,0.0,
4VozWQ,29,77,Winner_2022,0.1,5.0,2,True,0.0,
4VozWQ,29,78,Winner_2022,0.1,5.0,0,True,0.0,
4VozWQ,29,79,Winner_2022,0.1,5.0,2,True,0.0,
4VozWQ,29,80,Winner_2022,0.1,5.0,1,True,0.0,
4VozWQ,29,81,Winner_2022,0.1,5.0,0,True,0.0,
4VozWQ,29,82,Winner_2022,0.1,5.0,1,True,0.0,
4VozWQ,29,83,Winner_2022,0.1,5.0,1,True,0.0,
4VozWQ,29,84,Winner_2022,0.1,5.0,2,True,0.0,
4VozWQ,29,85,Winner_2022,0.1,5.0,0,True,0.0,
4VozWQ,29,86,Winner_2022,0.1,5.0,0,True,0.0,
4VozWQ,29,87,Winner_2022,0.1,5.0,0,True,0.0,
4VozWQ,29,88,Winner_2022,0.1,5.0,0,True,0.0,
4VozWQ,29,89,Winner_2022,0.1,5.0,0,True,0.0,
4VozWQ,29,90,Winner_2022,0.1,5.0,0,True,0.0,
4VozWQ,29,91,Winner_2022,0.1,5.0,0,True,0.0,
4VozWQ,29,92,Winner_2022,0.1,5.0,1,True,0.0,
4VozWQ,29,93,Winner_2022,0.1,5.0,0,True,0.0,
4VozWQ,29,94,Winner_2022,0.1,5.0,1,True,0.0,
4VozWQ,29,95,Winner_2022,0.1,5.0,1,True,0.0,
4VozWQ,29,96,Winner_2022,0.1,5.0,1,True,0.0,
4VozWQ,29,97,Winner_2022,0.1,5.0,0,True,0.0,
4VozWQ,29,98,Winner_2022,0.1,5.0,2,True,0.0,
4VozWQ,29,99,Winner_2022,0.1,5.0,2,True,0.0,
4VozWQ,29,100,Winner_2022,0.1,5.0,1,True,0.0,
4VozWQ,30,1,Winner_2022,2.9,55.0,0,True,0.0,
4VozWQ,30,2,Winner_2022,3.4,44.0,0,True,0.0,
4VozWQ,30,3,Winner_2022,3.9,35.2,0,True,0.0,
4VozWQ,30,4,Winner_2022,4.4,28.2,0,True,0.0,
4VozWQ,30,5,Winner_2022,4.9,22.5,0,True,0.0,
4VozWQ,30,6,Winner_2022,5.4,18.0,0,True,0.0,
4VozWQ,30,7,Winner_2022,5.9,14.4,0,True,0.0,
4VozWQ,30,8,Winner_2022,6.4,11.5,0,True,0.0,
4VozWQ,30,9,Winner_2022,6.9,9.2,1,True,0.0,
4VozWQ,30,10,Winner_2022,7.4,7.8,0,True,0.0,
4VozWQ,30,11,Winner_2022,7.6,6.5,0,True,0.0,
4VozWQ,30,12,Winner_2022,7.1,5.5,1,True,0.0,
4VozWQ,30,13,Winner_2022,6.6,5.0,0,True,0.0,
4VozWQ,30,14,Winner_2022,6.1,5.0,0,True,0.0,
4VozWQ,30,15,Winner_2022,5.6,5.0,0,True,0.0,
4VozWQ,30,16,Winner_2022,5.3,5.0,2,True,0.0,
4VozWQ,30,17,Winner_2022,5.1,5.0,1,True,0.0,
4VozWQ,30,18,Winner_2022,5.1,5.0,0,True,0.0,
4VozWQ,30,19,Winner_2022,5.0,5.0,1,True,0.0,
4VozWQ,30,20,Winner_2022,5.0,5.0,0,True,0.0,
4VozWQ,30,21,Winner_2022,5.0,5.0,1,True,0.0,
4VozWQ,30,22,Winner_2022,5.0,5.0,0,True,0.0,
4VozWQ,30,23,Winner_2022,5.0,5.0,0,True,0.0,
4VozWQ,30,24,Winner_2022,5.0,5.0,0,True,0.0,
4VozWQ,30,25,Winner_2022,5.0,5.0,0,True,0.0,
4VozWQ,30,26,Winner_2022,5.0,5.0,1,True,0.0,
4VozWQ,30,27,Winner_2022,5.0,5.0,0,True,0.0,
4VozWQ,30,28,Winner_2022,5.0,5.0,1,True,0.0,
4VozWQ,30,29,Winner_2022,5.0,5.0,1,True,0.0,
4VozWQ,30,30,Winner_2022,5.0,5.0,0,True,0.0,
4VozWQ,30,31,Winner_2022,5.0,5.0,2,True,0.0,
4VozWQ,30,32,Winner_2022,5.0,5.0,1,True,0.0,
4VozWQ,30,33,Winner_2022,5.0,5.0,0,True,0.0,
4VozWQ,30,34,Winner_2022,5.0,5.0,0,True,0.0,
4VozWQ,30,35,Winner_2022,5.0,5.0,0,True,0.0,
4VozWQ,30,36,Winner_2022,5.0,5.0,0,True,0.0,
4VozWQ,30,37,Winner_2022,5.0,5.0,0,True,0.0,
4VozWQ,30,38,Winner_2022,5.0,5.0,1,True,0.0,
4VozWQ,30,39,Winner_2022,5.0,5.0,1,True,0.0,
4VozWQ,30,40,Winner_2022,5.0,5.0,1,True,0.0,
4VozWQ,30,41,Winner_2022,5.0,5.0,0,True,0.0,
4VozWQ,30,42,Winner_2022,5.0,5.0,0,True,0.0,
4VozWQ,30,43,Winner_2022,5.0,5.0,1,True,0.0,
4VozWQ,30,44,Winner_2022,5.0,5.0,1,True,0.0,
4VozWQ,30,45,Winner_2022,5.0,5.0,0,True,0.0,
4VozWQ,30,46,Winner_2022,5.0,5.0,2,True,0.0,
4VozWQ,30,47,Winner_2022,5.0,5.0,0,True,0.0,
4VozWQ,30,48,Winner_2022,5.0,5.0,0,True,0.0,
4VozWQ,30,49,Winner_2022,5.0,5.0,0,True,0.0,
4VozWQ,30,50,Winner_2022,5.0,5.0,0,True,0.0,
4VozWQ,30,51,Winner_2022,5.0,5.0,1,True,0.0,
4VozWQ,30,52,Winner_2022,5.0,5.0,0,True,0.0,
4VozWQ,30,53,Winner_2022,5.0,5.0,0,True,0.0,
4VozWQ,30,54,Winner_2022,5.0,5.0,2,True,0.0,
4VozWQ,30,55,Winner_2022,5.0,5.0,3,True,0.0,
4VozWQ,30,56,Winner_2022,5.0,5.0,0,True,0.0,
4VozWQ,30,57,Winner_2022,5.0,5.0,0,True,0.0,
4VozWQ,30,58,Winner_2022,5.0,5.0,1,True,0.0,
4VozWQ,30,59,Winner_2022,5.0,5.0,0,True,0.0,
4VozWQ,30,60,Winner_2022,5.0,5.0,1,True,0.0,
4VozWQ,30,61,Winner_2022,5.0,5.0,2,True,0.0,
4VozWQ,30,62,Winner_2022,5.0,5.0,0,True,0.0,
4VozWQ,30,63,Winner_2022,5.0,5.0,1,True,0.0,
4VozWQ,30,64,Winner_2022,5.0,5.0,1,True,0.0,
4VozWQ,30,65,Winner_2022,5.0,5.0,0,True,0.0,
4VozWQ,30,66,Winner_2022,5.0,5.0,0,True,0.0,
4VozWQ,30,67,Winner_2022,5.0,5.0,0,True,0.0,
4VozWQ,30,68,Winner_2022,5.0,5.0,0,True,0.0,
4VozWQ,30,69,Winner_2022,5.0,5.0,0,True,0.0,
4VozWQ,30,70,Winner_2022,5.0,5.0,1,True,0.0,
4VozWQ,30,71,Winner_2022,5.0,5.0,1,True,0.0,
4VozWQ,30,72,Winner_2022,5.0,5.0,2,True,0.0,
4VozWQ,30,73,Winner_2022,5.0,5.0,3,True,0.0,
4VozWQ,30,74,Winner_2022,5.0,5.0,0,True,0.0,
4VozWQ,30,75,Winner_2022,5.0,5.0,1,True,0.0,
4VozWQ,30,76,Winner_2022,5.0,5.0,0,True,0.0,
4VozWQ,30,77,Winner_2022,5.0,5.0,1,True,0.0,
4VozWQ,30,78,Winner_2022,5.0,5.0,1,True,0.0,
4VozWQ,30,79,Winner_2022,5.0,5.0,2,True,0.0,
4VozWQ,30,80,Winner_2022,5.0,5.0,0,True,0.0,
4VozWQ,30,81,Winner_2022,5.0,5.0,1,True,0.0,
4VozWQ,30,82,Winner_2022,5.0,5.0,2,True,0.0,
4VozWQ,30,83,Winner_2022,5.0,5.0,0,True,0.0,
4VozWQ,30,84,Winner_2022,5.0,5.0,1,True,0.0,
4VozWQ,30,85,Winner_2022,5.0,5.0,0,True,0.0,
4VozWQ,30,86,Winner_2022,5.0,5.0,0,True,0.0,
4VozWQ,30,87,Winner_2022,5.0,5.0,0,True,0.0,
4VozWQ,30,88,Winner_2022,5.0,5.0,1,True,0.0,
4VozWQ,30,89,Winner_2022,5.0,5.0,0,True,0.0,
4VozWQ,30,90,Winner_2022,5.0,5.0,2,True,0.0,
4VozWQ,30,91,Winner_2022,5.0,5.0,1,True,0.0,
4VozWQ,30,92,Winner_2022,5.0,5.0,0,True,0.0,
4VozWQ,30,93,Winner_2022,5.0,5.0,0,True,0.0,
4VozWQ,30,94,Winner_2022,5.0,5.0,1,True,0.0,
4VozWQ,30,95,Winner_2022,5.0,5.0,1,True,0.0,
4VozWQ,30,96,Winner_2022,5.0,5.0,1,True,0.0,
4VozWQ,30,97,Winner_2022,5.0,5.0,0,True,0.0,
4VozWQ,30,98,Winner_2022,5.0,5.0,1,True,0.0,
4VozWQ,30,99,Winner_2022,5.0,5.0,2,True,0.0,
4VozWQ,30,100,Winner_2022,5.0,5.0,1,True,0.0,
4VozWQ,31,1,Winner_2022,3.0,39.0,0,True,0.0,
4VozWQ,31,2,Winner_2022,2.5,31.2,0,True,0.0,
4VozWQ,31,3,Winner_2022,2.0,25.0,0,True,0.0,
4VozWQ,31,4,Winner_2022,1.5,20.0,0,True,0.0,
4VozWQ,31,5,Winner_2022,1.0,16.0,1,True,0.0,
4VozWQ,31,6,Winner_2022,0.5,14.0,0,True,0.0,
4VozWQ,31,7,Winner_2022,0.1,12.1,0,True,0.0,
4VozWQ,31,8,Winner_2022,0.1,10.4,0,True,0.0,
4VozWQ,31,9,Winner_2022,0.1,8.8,0,True,0.0,
4VozWQ,31,10,Winner_2022,0.1,7.4,0,True,0.0,
4VozWQ,31,11,Winner_2022,0.1,6.3,0,True,0.0,
4VozWQ,31,12,Winner_2022,0.1,5.2,0,True,0.0,
4VozWQ,31,13,Winner_2022,0.1,5.0,0,True,0.0,
4VozWQ,31,14,Winner_2022,0.1,5.0,0,True,0.0,
4VozWQ,31,15,Winner_2022,0.1,5.0,0,True,0.0,
4VozWQ,31,16,Winner_2022,0.1,5.0,1,True,0.0,
4VozWQ,31,17,Winner_2022,0.1,5.0,0,True,0.0,
4VozWQ,31,18,Winner_2022,0.1,5.0,0,True,0.0,
4VozWQ,31,19,Winner_2022,0.1,5.0,0,True,0.0,
4VozWQ,31,20,Winner_2022,0.1,5.0,0,True,0.0,
4VozWQ,31,21,Winner_2022,0.1,5.0,0,True,0.0,
4VozWQ,31,22,Winner_2022,0.1,5.0,2,True,0.0,
4VozWQ,31,23,Winner_2022,0.1,5.0,1,True,0.0,
4VozWQ,31,24,Winner_2022,0.1,5.0,0,True,0.0,
4VozWQ,31,25,Winner_2022,0.1,5.0,0,True,0.0,
4VozWQ,31,26,Winner_2022,0.1,5.0,0,True,0.0,
4VozWQ,31,27,Winner_2022,0.1,5.0,0,True,0.0,
4VozWQ,31,28,Winner_2022,0.1,5.0,2,True,0.0,
4VozWQ,31,29,Winner_2022,0.1,5.0,0,True,0.0,
4VozWQ,31,30,Winner_2022,0.1,5.0,0,True,0.0,
4VozWQ,31,31,Winner_2022,0.1,5.0,1,True,0.0,
4VozWQ,31,32,Winner_2022,0.1,5.0,1,True,0.0,
4VozWQ,31,33,Winner_2022,0.1,5.0,1,True,0.0,
4VozWQ,31,34,Winner_2022,0.1,5.0,0,True,0.0,
4VozWQ,31,35,Winner_2022,0.1,5.0,0,True,0.0,
4VozWQ,31,36,Winner_2022,0.1,5.0,1,True,0.0,
4VozWQ,31,37,Winner_2022,0.1,5.0,0,True,0.0,
4VozWQ,31,38,Winner_2022,0.1,5.0,0,True,0.0,
4VozWQ,31,39,Winner_2022,0.1,5.0,0,True,0.0,
4VozWQ,31,40,Winner_2022,0.1,5.0,2,True,0.0,
4VozWQ,31,41,Winner_2022,0.1,5.0,1,True,0.0,
4VozWQ,31,42,Winner_2022,0.1,5.0,1,True,0.0,
4VozWQ,31,43,Winner_2022,0.1,5.0,0,True,0.0,
4VozWQ,31,44,Winner_2022,0.1,5.0,0,True,0.0,
4VozWQ,31,45,Winner_2022,0.1,5.0,2,True,0.0,
4VozWQ,31,46,Winner_2022,0.1,5.0,0,True,0.0,
4VozWQ,31,47,Winner_2022,0.1,5.0,1,True,0.0,
4VozWQ,31,48,Winner_2022,0.1,5.0,0,True,0.0,
4VozWQ,31,49,Winner_2022,0.1,5.0,1,True,0.0,
4VozWQ,31,50,Winner_2022,0.1,5.0,0,True,0.0,
4VozWQ,31,51,Winner_2022,0.1,5.0,1,True,0.0,
4VozWQ,31,52,Winner_2022,0.1,5.0,0,True,0.0,
4VozWQ,31,53,Winner_2022,0.1,5.0,0,True,0.0,
4VozWQ,31,54,Winner_2022,0.1,5.0,0,True,0.0,
4VozWQ,31,55,Winner_2022,0.1,5.0,1,True,0.0,
4VozWQ,31,56,Winner_2022,0.1,5.0,0,True,0.0,
4VozWQ,31,57,Winner_2022,0.1,5.0,0,True,0.0,
4VozWQ,31,58,Winner_2022,0.1,5.0,2,True,0.0,
4VozWQ,31,59,Winner_2022,0.1,5.0,1,True,0.0,
4VozWQ,31,60,Winner_2022,0.1,5.0,1,True,0.0,
4VozWQ,31,61,Winner_2022,0.1,5.0,0,True,0.0,
4VozWQ,31,62,Winner_2022,0.1,5.0,2,True,0.0,
4VozWQ,31,63,Winner_2022,0.1,5.0,1,True,0.0,
4VozWQ,31,64,Winner_2022,0.1,5.0,0,True,0.0,
4VozWQ,31,65,Winner_2022,0.1,5.0,2,True,0.0,
4VozWQ,31,66,Winner_2022,0.1,5.0,0,True,0.0,
4VozWQ,31,67,Winner_2022,0.1,5.0,1,True,0.0,
4VozWQ,31,68,Winner_2022,0.1,5.0,0,True,0.0,
4VozWQ,31,69,Winner_2022,0.1,5.0,0,True,0.0,
4VozWQ,31,70,Winner_2022,0.1,5.0,0,True,0.0,
4VozWQ,31,71,Winner_2022,0.1,5.0,0,True,0.0,
4VozWQ,31,72,Winner_2022,0.1,5.0,1,True,0.0,
4VozWQ,31,73,Winner_2022,0.1,5.0,2,True,0.0,
4VozWQ,31,74,Winner_2022,0.1,5.0,2,True,0.0,
4VozWQ,31,75,Winner_2022,0.1,5.0,0,True,0.0,
4VozWQ,31,76,Winner_2022,0.1,5.0,0,True,0.0,
4VozWQ,31,77,Winner_2022,0.1,5.0,0,True,0.0,
4VozWQ,31,78,Winner_2022,0.1,5.0,0,True,0.0,
4VozWQ,31,79,Winner_2022,0.1,5.0,0,True,0.0,
4VozWQ,31,80,Winner_2022,0.1,5.0,0,True,0.0,
4VozWQ,31,81,Winner_2022,0.1,5.0,0,True,0.0,
4VozWQ,31,82,Winner_2022,0.1,5.0,0,True,0.0,
4VozWQ,31,83,Winner_2022,0.1,5.0,0,True,0.0,
4VozWQ,31,84,Winner_2022,0.1,5.0,0,True,0.0,
4VozWQ,31,85,Winner_2022,0.1,5.0,0,True,0.0,
4VozWQ,31,86,Winner_2022,0.1,5.0,2,True,0.0,
4VozWQ,31,87,Winner_2022,0.1,5.0,0,True,0.0,
4VozWQ,31,88,Winner_2022,0.1,5.0,2,True,0.0,
4VozWQ,31,89,Winner_2022,0.1,5.0,0,True,0.0,
4VozWQ,31,90,Winner_2022,0.1,5.0,1,True,0.0,
4VozWQ,31,91,Winner_2022,0.1,5.0,0,True,0.0,
4VozWQ,31,92,Winner_2022,0.1,5.0,0,True,0.0,
4VozWQ,31,93,Winner_2022,0.1,5.0,0,True,0.0,
4VozWQ,31,94,Winner_2022,0.1,5.0,0,True,0.0,
4VozWQ,31,95,Winner_2022,0.1,5.0,0,True,0.0,
4VozWQ,31,96,Winner_2022,0.1,5.0,0,True,0.0,
4VozWQ,31,97,Winner_2022,0.1,5.0,0,True,0.0,
4VozWQ,31,98,Winner_2022,0.1,5.0,0,True,0.0,
4VozWQ,31,99,Winner_2022,0.1,5.0,1,True,0.0,
4VozWQ,31,100,Winner_2022,0.1,5.0,0,True,0.0,
4VozWQ,32,1,Winner_2022,2.6,87.0,0,True,0.0,
4VozWQ,32,2,Winner_2022,2.1,69.6,0,True,0.0,
4VozWQ,32,3,Winner_2022,1.6,55.7,0,True,0.0,
4VozWQ,32,4,Winner_2022,1.1,44.5,0,True,0.0,
4VozWQ,32,5,Winner_2022,0.6,35.6,0,True,0.0,
4VozWQ,32,6,Winner_2022,0.1,28.5,0,True,0.0,
4VozWQ,32,7,Winner_2022,0.1,22.8,0,True,0.0,
4VozWQ,32,8,Winner_2022,0.1,18.2,0,True,0.0,
4VozWQ,32,9,Winner_2022,0.1,14.6,0,True,0.0,
4VozWQ,32,10,Winner_2022,0.1,11.7,0,True,0.0,
4VozWQ,32,11,Winner_2022,0.1,9.3,0,True,0.0,
4VozWQ,32,12,Winner_2022,0.1,7.5,0,True,0.0,
4VozWQ,32,13,Winner_2022,0.1,6.0,0,True,0.0,
4VozWQ,32,14,Winner_2022,0.1,5.0,1,True,0.0,
4VozWQ,32,15,Winner_2022,0.1,5.0,0,True,0.0,
4VozWQ,32,16,Winner_2022,0.1,5.0,1,True,0.0,
4VozWQ,32,17,Winner_2022,0.1,5.0,1,True,0.0,
4VozWQ,32,18,Winner_2022,0.1,5.0,1,True,0.0,
4VozWQ,32,19,Winner_2022,0.1,5.0,0,True,0.0,
4VozWQ,32,20,Winner_2022,0.1,5.0,0,True,0.0,
4VozWQ,32,21,Winner_2022,0.1,5.0,0,True,0.0,
4VozWQ,32,22,Winner_2022,0.1,5.0,0,True,0.0,
4VozWQ,32,23,Winner_2022,0.1,5.0,0,True,0.0,
4VozWQ,32,24,Winner_2022,0.1,5.0,1,True,0.0,
4VozWQ,32,25,Winner_2022,0.1,5.0,0,True,0.0,
4VozWQ,32,26,Winner_2022,0.1,5.0,0,True,0.0,
4VozWQ,32,27,Winner_2022,0.1,5.0,0,True,0.0,
4VozWQ,32,28,Winner_2022,0.1,5.0,1,True,0.0,
4VozWQ,32,29,Winner_2022,0.1,5.0,0,True,0.0,
4VozWQ,32,30,Winner_2022,0.1,5.0,1,True,0.0,
4VozWQ,32,31,Winner_2022,0.1,5.0,0,True,0.0,
4VozWQ,32,32,Winner_2022,0.1,5.0,1,True,0.0,
4VozWQ,32,33,Winner_2022,0.1,5.0,0,True,0.0,
4VozWQ,32,34,Winner_2022,0.1,5.0,2,True,0.0,
4VozWQ,32,35,Winner_2022,0.1,5.0,1,True,0.0,
4VozWQ,32,36,Winner_2022,0.1,5.0,0,True,0.0,
4VozWQ,32,37,Winner_2022,0.1,5.0,1,True,0.0,
4VozWQ,32,38,Winner_2022,0.1,5.0,0,True,0.0,
4VozWQ,32,39,Winner_2022,0.1,5.0,0,True,0.0,
4VozWQ,32,40,Winner_2022,0.1,5.0,0,True,0.0,
4VozWQ,32,41,Winner_2022,0.1,5.0,0,True,0.0,
4VozWQ,32,42,Winner_2022,0.1,5.0,0,True,0.0,
4VozWQ,32,43,Winner_2022,0.1,5.0,0,True,0.0,
4VozWQ,32,44,Winner_2022,0.1,5.0,0,True,0.0,
4VozWQ,32,45,Winner_2022,0.1,5.0,0,True,0.0,
4VozWQ,32,46,Winner_2022,0.1,5.0,1,True,0.0,
4VozWQ,32,47,Winner_2022,0.1,5.0,0,True,0.0,
4VozWQ,32,48,Winner_2022,0.1,5.0,1,True,0.0,
4VozWQ,32,49,Winner_2022,0.1,5.0,0,True,0.0,
4VozWQ,32,50,Winner_2022,0.1,5.0,0,True,0.0,
4VozWQ,32,51,Winner_2022,0.1,5.0,0,True,0.0,
4VozWQ,32,52,Winner_2022,0.1,5.0,0,True,0.0,
4VozWQ,32,53,Winner_2022,0.1,5.0,0,True,0.0,
4VozWQ,32,54,Winner_2022,0.1,5.0,0,True,0.0,
4VozWQ,32,55,Winner_2022,0.1,5.0,0,True,0.0,
4VozWQ,32,56,Winner_2022,0.1,5.0,0,True,0.0,
4VozWQ,32,57,Winner_2022,0.1,5.0,1,True,0.0,
4VozWQ,32,58,Winner_2022,0.1,5.0,0,True,0.0,
4VozWQ,32,59,Winner_2022,0.1,5.0,0,True,0.0,
4VozWQ,32,60,Winner_2022,0.1,5.0,0,True,0.0,
4VozWQ,32,61,Winner_2022,0.1,5.0,0,True,0.0,
4VozWQ,32,62,Winner_2022,0.1,5.0,0,True,0.0,
4VozWQ,32,63,Winner_2022,0.1,5.0,0,True,0.0,
4VozWQ,32,64,Winner_2022,0.1,5.0,1,True,0.0,
4VozWQ,32,65,Winner_2022,0.1,5.0,0,True,0.0,
4VozWQ,32,66,Winner_2022,0.1,5.0,0,True,0.0,
4VozWQ,32,67,Winner_2022,0.1,5.0,0,True,0.0,
4VozWQ,32,68,Winner_2022,0.1,5.0,0,True,0.0,
4VozWQ,32,69,Winner_2022,0.1,5.0,0,True,0.0,
4VozWQ,32,70,Winner_2022,0.1,5.0,2,True,0.0,
4VozWQ,32,71,Winner_2022,0.1,5.0,1,True,0.0,
4VozWQ,32,72,Winner_2022,0.1,5.0,0,True,0.0,
4VozWQ,32,73,Winner_2022,0.6,5.0,0,True,0.0,
4VozWQ,32,74,Winner_2022,1.1,5.0,1,True,0.0,
4VozWQ,32,75,Winner_2022,1.6,5.0,1,True,0.0,
4VozWQ,32,76,Winner_2022,2.1,5.0,0,True,0.0,
4VozWQ,32,77,Winner_2022,1.6,5.0,0,True,0.0,
4VozWQ,32,78,Winner_2022,1.1,5.0,1,True,0.0,
4VozWQ,32,79,Winner_2022,0.6,5.0,1,True,0.0,
4VozWQ,32,80,Winner_2022,0.1,5.0,0,True,0.0,
4VozWQ,32,81,Winner_2022,0.1,5.0,1,True,0.0,
4VozWQ,32,82,Winner_2022,0.6,5.0,0,True,0.0,
4VozWQ,32,83,Winner_2022,0.1,5.0,0,True,0.0,
4VozWQ,32,84,Winner_2022,0.1,5.0,0,True,0.0,
4VozWQ,32,85,Winner_2022,0.6,5.0,4,True,0.0,
4VozWQ,32,86,Winner_2022,1.1,5.0,0,True,0.0,
4VozWQ,32,87,Winner_2022,1.6,5.0,1,True,0.0,
4VozWQ,32,88,Winner_2022,2.1,5.0,0,True,0.0,
4VozWQ,32,89,Winner_2022,2.6,5.0,0,True,0.0,
4VozWQ,32,90,Winner_2022,3.1,5.0,0,True,0.0,
4VozWQ,32,91,Winner_2022,3.6,5.0,0,True,0.0,
4VozWQ,32,92,Winner_2022,3.1,5.0,4,True,0.0,
4VozWQ,32,93,Winner_2022,2.6,5.0,1,True,0.0,
4VozWQ,32,94,Winner_2022,2.1,5.0,0,True,0.0,
4VozWQ,32,95,Winner_2022,2.6,5.0,2,True,0.0,
4VozWQ,32,96,Winner_2022,3.1,5.0,1,True,0.0,
4VozWQ,32,97,Winner_2022,3.6,5.0,0,True,0.0,
4VozWQ,32,98,Winner_2022,3.1,5.0,0,True,0.0,
4VozWQ,32,99,Winner_2022,0.1,5.0,1,False,0.0,
4VozWQ,32,100,Winner_2022,0.1,5.0,4,False,0.0,
4VozWQ,33,1,Winner_2022,0.4,77.0,0,True,0.0,
4VozWQ,33,2,Winner_2022,0.9,61.6,0,True,0.0,
4VozWQ,33,3,Winner_2022,1.4,49.3,0,True,0.0,
4VozWQ,33,4,Winner_2022,1.9,39.4,0,True,0.0,
4VozWQ,33,5,Winner_2022,2.4,31.5,1,True,0.0,
4VozWQ,33,6,Winner_2022,2.9,27.6,0,True,0.0,
4VozWQ,33,7,Winner_2022,3.4,23.9,0,True,0.0,
4VozWQ,33,8,Winner_2022,3.9,20.5,0,True,0.0,
4VozWQ,33,9,Winner_2022,4.4,17.4,0,True,0.0,
4VozWQ,33,10,Winner_2022,4.9,14.7,0,True,0.0,
4VozWQ,33,11,Winner_2022,5.4,12.3,1,True,0.0,
4VozWQ,33,12,Winner_2022,5.9,10.8,0,True,0.0,
4VozWQ,33,13,Winner_2022,6.4,9.3,0,True,0.0,
4VozWQ,33,14,Winner_2022,6.9,8.0,0,True,0.0,
4VozWQ,33,15,Winner_2022,7.4,6.9,0,True,0.0,
4VozWQ,33,16,Winner_2022,7.7,5.8,1,True,0.0,
4VozWQ,33,17,Winner_2022,8.2,5.1,2,True,0.0,
4VozWQ,33,18,Winner_2022,8.7,5.0,0,True,0.0,
4VozWQ,33,19,Winner_2022,9.2,5.0,0,True,0.0,
4VozWQ,33,20,Winner_2022,9.7,5.0,1,True,0.0,
4VozWQ,33,21,Winner_2022,10.2,5.0,1,True,0.0,
4VozWQ,33,22,Winner_2022,10.7,5.0,1,True,0.0,
4VozWQ,33,23,Winner_2022,11.2,5.0,1,True,0.0,
4VozWQ,33,24,Winner_2022,11.7,5.0,0,True,0.0,
4VozWQ,33,25,Winner_2022,12.2,5.0,1,True,0.0,
4VozWQ,33,26,Winner_2022,12.7,5.0,1,True,0.0,
4VozWQ,33,27,Winner_2022,13.2,5.0,1,True,0.0,
4VozWQ,33,28,Winner_2022,13.7,5.0,1,True,0.0,
4VozWQ,33,29,Winner_2022,14.2,5.0,0,True,0.0,
4VozWQ,33,30,Winner_2022,14.7,5.0,0,True,0.0,
4VozWQ,33,31,Winner_2022,15.2,5.0,1,True,0.0,
4VozWQ,33,32,Winner_2022,15.7,5.0,0,True,0.0,
4VozWQ,33,33,Winner_2022,16.2,5.0,0,True,0.0,
4VozWQ,33,34,Winner_2022,16.7,5.0,0,True,0.0,
4VozWQ,33,35,Winner_2022,16.2,5.0,2,True,0.0,
4VozWQ,33,36,Winner_2022,15.7,5.0,0,True,0.0,
4VozWQ,33,37,Winner_2022,15.2,5.0,1,True,0.0,
4VozWQ,33,38,Winner_2022,14.7,5.0,2,True,0.0,
4VozWQ,33,39,Winner_2022,14.2,5.0,0,True,0.0,
4VozWQ,33,40,Winner_2022,13.7,5.0,0,True,0.0,
4VozWQ,33,41,Winner_2022,13.2,5.0,1,True,0.0,
4VozWQ,33,42,Winner_2022,12.7,5.0,1,True,0.0,
4VozWQ,33,43,Winner_2022,12.2,5.0,1,True,0.0,
4VozWQ,33,44,Winner_2022,11.7,5.0,1,True,0.0,
4VozWQ,33,45,Winner_2022,11.2,5.0,1,True,0.0,
4VozWQ,33,46,Winner_2022,10.7,5.0,0,True,0.0,
4VozWQ,33,47,Winner_2022,10.2,5.0,2,True,0.0,
4VozWQ,33,48,Winner_2022,9.7,5.1,1,True,0.0,
4VozWQ,33,49,Winner_2022,9.2,5.2,3,True,0.0,
4VozWQ,33,50,Winner_2022,8.7,5.3,3,True,0.0,
4VozWQ,33,51,Winner_2022,8.2,5.6,1,True,0.0,
4VozWQ,33,52,Winner_2022,7.7,5.9,1,True,0.0,
4VozWQ,33,53,Winner_2022,7.2,6.2,0,True,0.0,
4VozWQ,33,54,Winner_2022,6.7,6.5,1,True,0.0,
4VozWQ,33,55,Winner_2022,6.6,6.8,0,True,0.0,
4VozWQ,33,56,Winner_2022,6.5,7.1,0,True,0.0,
4VozWQ,33,57,Winner_2022,6.3,7.3,0,True,0.0,
4VozWQ,33,58,Winner_2022,5.8,7.5,0,True,0.0,
4VozWQ,33,59,Winner_2022,5.3,7.7,0,True,0.0,
4VozWQ,33,60,Winner_2022,4.8,7.9,1,True,0.0,
4VozWQ,33,61,Winner_2022,4.3,8.1,1,True,0.0,
4VozWQ,33,62,Winner_2022,3.8,8.2,0,True,0.0,
4VozWQ,33,63,Winner_2022,3.3,8.4,0,True,0.0,
4VozWQ,33,64,Winner_2022,2.8,8.4,1,True,0.0,
4VozWQ,33,65,Winner_2022,2.3,8.5,1,True,0.0,
4VozWQ,33,66,Winner_2022,1.8,8.6,0,True,0.0,
4VozWQ,33,67,Winner_2022,1.3,8.6,1,True,0.0,
4VozWQ,33,68,Winner_2022,0.8,8.6,0,True,0.0,
4VozWQ,33,69,Winner_2022,0.3,8.5,0,True,0.0,
4VozWQ,33,70,Winner_2022,0.1,8.5,0,True,0.0,
4VozWQ,33,71,Winner_2022,0.1,8.3,0,True,0.0,
4VozWQ,33,72,Winner_2022,0.1,8.2,2,True,0.0,
4VozWQ,33,73,Winner_2022,0.1,8.1,1,True,0.0,
4VozWQ,33,74,Winner_2022,0.1,7.9,1,True,0.0,
4VozWQ,33,75,Winner_2022,0.1,7.8,0,True,0.0,
4VozWQ,33,76,Winner_2022,0.1,7.6,0,True,0.0,
4VozWQ,33,77,Winner_2022,0.1,7.4,0,True,0.0,
4VozWQ,33,78,Winner_2022,0.1,7.2,0,True,0.0,
4VozWQ,33,79,Winner_2022,0.1,6.9,0,True,0.0,
4VozWQ,33,80,Winner_2022,0.1,6.6,1,True,0.0,
4VozWQ,33,81,Winner_2022,0.1,6.4,0,True,0.0,
4VozWQ,33,82,Winner_2022,0.1,6.1,0,True,0.0,
4VozWQ,33,83,Winner_2022,0.1,5.8,0,True,0.0,
4VozWQ,33,84,Winner_2022,0.1,5.5,0,True,0.0,
4VozWQ,33,85,Winner_2022,0.1,5.2,0,True,0.0,
4VozWQ,33,86,Winner_2022,0.1,5.0,2,True,0.0,
4VozWQ,33,87,Winner_2022,0.1,5.0,0,True,0.0,
4VozWQ,33,88,Winner_2022,0.1,5.0,0,True,0.0,
4VozWQ,33,89,Winner_2022,0.1,5.0,0,True,0.0,
4VozWQ,33,90,Winner_2022,0.1,5.0,2,True,0.0,
4VozWQ,33,91,Winner_2022,0.1,5.0,0,True,0.0,
4VozWQ,33,92,Winner_2022,0.1,5.0,0,True,0.0,
4VozWQ,33,93,Winner_2022,0.1,5.0,1,True,0.0,
4VozWQ,33,94,Winner_2022,0.1,5.0,0,True,0.0,
4VozWQ,33,95,Winner_2022,0.1,5.0,0,True,0.0,
4VozWQ,33,96,Winner_2022,0.1,5.0,1,True,0.0,
4VozWQ,33,97,Winner_2022,0.1,5.0,2,True,0.0,
4VozWQ,33,98,Winner_2022,0.1,5.0,1,True,0.0,
4VozWQ,33,99,Winner_2022,0.1,5.0,1,True,0.0,
4VozWQ,33,100,Winner_2022,0.1,5.0,0,True,0.0,
4VozWQ,34,1,Winner_2022,3.2,58.0,0,True,0.0,
4VozWQ,34,2,Winner_2022,2.7,46.4,0,True,0.0,
4VozWQ,34,3,Winner_2022,2.2,37.1,0,True,0.0,
4VozWQ,34,4,Winner_2022,1.7,29.7,0,True,0.0,
4VozWQ,34,5,Winner_2022,1.2,23.8,0,True,0.0,
4VozWQ,34,6,Winner_2022,0.7,19.0,0,True,0.0,
4VozWQ,34,7,Winner_2022,1.2,15.2,0,True,0.0,
4VozWQ,34,8,Winner_2022,1.7,12.2,0,True,0.0,
4VozWQ,34,9,Winner_2022,2.2,9.7,0,True,0.0,
4VozWQ,34,10,Winner_2022,2.7,7.8,2,True,0.0,
4VozWQ,34,11,Winner_2022,3.2,6.9,0,True,0.0,
4VozWQ,34,12,Winner_2022,3.7,6.0,0,True,0.0,
4VozWQ,34,13,Winner_2022,4.2,5.2,0,True,0.0,
4VozWQ,34,14,Winner_2022,4.7,5.0,0,True,0.0,
4VozWQ,34,15,Winner_2022,4.8,5.0,1,True,0.0,
4VozWQ,34,16,Winner_2022,4.9,5.0,1,True,0.0,
4VozWQ,34,17,Winner_2022,5.0,5.0,0,True,0.0,
4VozWQ,34,18,Winner_2022,5.0,5.0,0,True,0.0,
4VozWQ,34,19,Winner_2022,5.0,5.0,1,True,0.0,
4VozWQ,34,20,Winner_2022,5.0,5.0,1,True,0.0,
4VozWQ,34,21,Winner_2022,5.0,5.0,2,True,0.0,
4VozWQ,34,22,Winner_2022,5.0,5.0,0,True,0.0,
4VozWQ,34,23,Winner_2022,5.0,5.0,0,True,0.0,
4VozWQ,34,24,Winner_2022,5.0,5.0,0,True,0.0,
4VozWQ,34,25,Winner_2022,5.0,5.0,0,True,0.0,
4VozWQ,34,26,Winner_2022,5.0,5.0,0,True,0.0,
4VozWQ,34,27,Winner_2022,5.0,5.0,0,True,0.0,
4VozWQ,34,28,Winner_2022,5.0,5.0,1,True,0.0,
4VozWQ,34,29,Winner_2022,5.0,5.0,0,True,0.0,
4VozWQ,34,30,Winner_2022,5.0,5.0,1,True,0.0,
4VozWQ,34,31,Winner_2022,5.0,5.0,0,True,0.0,
4VozWQ,34,32,Winner_2022,5.0,5.0,0,True,0.0,
4VozWQ,34,33,Winner_2022,5.0,5.0,0,True,0.0,
4VozWQ,34,34,Winner_2022,5.0,5.0,1,True,0.0,
4VozWQ,34,35,Winner_2022,5.0,5.0,0,True,0.0,
4VozWQ,34,36,Winner_2022,5.0,5.0,0,True,0.0,
4VozWQ,34,37,Winner_2022,5.0,5.0,2,True,0.0,
4VozWQ,34,38,Winner_2022,5.0,5.0,0,True,0.0,
4VozWQ,34,39,Winner_2022,5.0,5.0,0,True,0.0,
4VozWQ,34,40,Winner_2022,5.0,5.0,0,True,0.0,
4VozWQ,34,41,Winner_2022,5.0,5.0,1,True,0.0,
4VozWQ,34,42,Winner_2022,5.0,5.0,0,True,0.0,
4VozWQ,34,43,Winner_2022,5.0,5.0,1,True,0.0,
4VozWQ,34,44,Winner_2022,5.0,5.0,0,True,0.0,
4VozWQ,34,45,Winner_2022,5.0,5.0,0,True,0.0,
4VozWQ,34,46,Winner_2022,5.0,5.0,0,True,0.0,
4VozWQ,34,47,Winner_2022,5.0,5.0,2,True,0.0,
4VozWQ,34,48,Winner_2022,5.0,5.0,1,True,0.0,
4VozWQ,34,49,Winner_2022,5.0,5.0,0,True,0.0,
4VozWQ,34,50,Winner_2022,5.0,5.0,0,True,0.0,
4VozWQ,34,51,Winner_2022,5.0,5.0,0,True,0.0,
4VozWQ,34,52,Winner_2022,5.0,5.0,0,True,0.0,
4VozWQ,34,53,Winner_2022,5.0,5.0,0,True,0.0,
4VozWQ,34,54,Winner_2022,5.0,5.0,1,True,0.0,
4VozWQ,34,55,Winner_2022,5.0,5.0,1,True,0.0,
4VozWQ,34,56,Winner_2022,5.0,5.0,0,True,0.0,
4VozWQ,34,57,Winner_2022,5.0,5.0,2,True,0.0,
4VozWQ,34,58,Winner_2022,5.0,5.0,1,True,0.0,
4VozWQ,34,59,Winner_2022,5.0,5.0,0,True,0.0,
4VozWQ,34,60,Winner_2022,5.0,5.0,0,True,0.0,
4VozWQ,34,61,Winner_2022,5.0,5.0,0,True,0.001,
4VozWQ,34,62,Winner_2022,5.0,5.0,0,True,0.0,
4VozWQ,34,63,Winner_2022,5.0,5.0,2,True,0.0,
4VozWQ,34,64,Winner_2022,5.0,5.0,0,True,0.0,
4VozWQ,34,65,Winner_2022,5.0,5.0,0,True,0.0,
4VozWQ,34,66,Winner_2022,5.0,5.0,1,True,0.0,
4VozWQ,34,67,Winner_2022,5.0,5.0,0,True,0.0,
4VozWQ,34,68,Winner_2022,5.0,5.0,0,True,0.0,
4VozWQ,34,69,Winner_2022,5.0,5.0,0,True,0.0,
4VozWQ,34,70,Winner_2022,5.0,5.0,0,True,0.0,
4VozWQ,34,71,Winner_2022,5.0,5.0,0,True,0.0,
4VozWQ,34,72,Winner_2022,5.0,5.0,0,True,0.0,
4VozWQ,34,73,Winner_2022,5.0,5.0,0,True,0.0,
4VozWQ,34,74,Winner_2022,5.0,5.0,1,True,0.0,
4VozWQ,34,75,Winner_2022,5.0,5.0,3,True,0.0,
4VozWQ,34,76,Winner_2022,5.0,5.0,0,True,0.0,
4VozWQ,34,77,Winner_2022,5.0,5.0,3,True,0.0,
4VozWQ,34,78,Winner_2022,5.0,5.0,0,True,0.0,
4VozWQ,34,79,Winner_2022,5.0,5.0,1,True,0.0,
4VozWQ,34,80,Winner_2022,5.0,5.0,0,True,0.001,
4VozWQ,34,81,Winner_2022,5.0,5.0,0,True,0.0,
4VozWQ,34,82,Winner_2022,5.0,5.0,0,True,0.0,
4VozWQ,34,83,Winner_2022,5.0,5.0,1,True,0.0,
4VozWQ,34,84,Winner_2022,5.0,5.0,0,True,0.0,
4VozWQ,34,85,Winner_2022,5.0,5.0,0,True,0.0,
4VozWQ,34,86,Winner_2022,5.0,5.0,0,True,0.007,
4VozWQ,34,87,Winner_2022,5.0,5.0,1,True,0.0,
4VozWQ,34,88,Winner_2022,5.0,5.0,1,True,0.0,
4VozWQ,34,89,Winner_2022,5.0,5.0,1,True,0.0,
4VozWQ,34,90,Winner_2022,5.0,5.0,0,True,0.0,
4VozWQ,34,91,Winner_2022,5.0,5.0,1,True,0.0,
4VozWQ,34,92,Winner_2022,5.0,5.0,1,True,0.0,
4VozWQ,34,93,Winner_2022,5.0,5.0,0,True,0.0,
4VozWQ,34,94,Winner_2022,5.0,5.0,0,True,0.0,
4VozWQ,34,95,Winner_2022,5.0,5.0,1,True,0.0,
4VozWQ,34,96,Winner_2022,5.0,5.0,0,True,0.0,
4VozWQ,34,97,Winner_2022,5.0,5.0,0,True,0.0,
4VozWQ,34,98,Winner_2022,0.1,5.0,2,False,0.0,
4VozWQ,34,99,Winner_2022,0.1,5.0,2,False,0.0,
4VozWQ,34,100,Winner_2022,0.1,5.0,1,False,0.0,
4VozWQ,35,1,Winner_2022,5.2,67.0,0,True,0.0,
4VozWQ,35,2,Winner_2022,4.7,53.6,0,True,0.0,
4VozWQ,35,3,Winner_2022,4.2,42.9,0,True,0.0,
4VozWQ,35,4,Winner_2022,4.7,34.3,0,True,0.0,
4VozWQ,35,5,Winner_2022,4.2,27.4,0,True,0.0,
4VozWQ,35,6,Winner_2022,4.7,22.0,0,True,0.0,
4VozWQ,35,7,Winner_2022,5.2,17.6,0,True,0.0,
4VozWQ,35,8,Winner_2022,4.7,14.1,0,True,0.0,
4VozWQ,35,9,Winner_2022,5.2,11.2,0,True,0.0,
4VozWQ,35,10,Winner_2022,5.7,9.0,0,True,0.0,
4VozWQ,35,11,Winner_2022,6.2,7.2,0,True,0.0,
4VozWQ,35,12,Winner_2022,6.7,5.8,1,True,0.0,
4VozWQ,35,13,Winner_2022,7.2,5.0,0,True,0.0,
4VozWQ,35,14,Winner_2022,7.7,5.0,1,True,0.0,
4VozWQ,35,15,Winner_2022,8.2,5.0,1,True,0.0,
4VozWQ,35,16,Winner_2022,8.7,5.0,1,True,0.0,
4VozWQ,35,17,Winner_2022,9.2,5.0,1,True,0.0,
4VozWQ,35,18,Winner_2022,9.7,5.0,0,True,0.0,
4VozWQ,35,19,Winner_2022,10.2,5.0,2,True,0.0,
4VozWQ,35,20,Winner_2022,10.7,5.0,1,True,0.0,
4VozWQ,35,21,Winner_2022,11.2,5.0,1,True,0.0,
4VozWQ,35,22,Winner_2022,11.7,5.0,0,True,0.0,
4VozWQ,35,23,Winner_2022,12.2,5.0,0,True,0.0,
4VozWQ,35,24,Winner_2022,12.7,5.0,1,True,0.0,
4VozWQ,35,25,Winner_2022,13.2,5.0,0,True,0.0,
4VozWQ,35,26,Winner_2022,13.7,5.0,1,True,0.0,
4VozWQ,35,27,Winner_2022,14.2,5.0,0,True,0.0,
4VozWQ,35,28,Winner_2022,14.7,5.0,1,True,0.0,
4VozWQ,35,29,Winner_2022,15.2,5.0,2,True,0.0,
4VozWQ,35,30,Winner_2022,15.7,5.0,1,True,0.0,
4VozWQ,35,31,Winner_2022,16.2,5.0,0,True,0.0,
4VozWQ,35,32,Winner_2022,16.7,5.0,0,True,0.0,
4VozWQ,35,33,Winner_2022,17.2,5.0,2,True,0.0,
4VozWQ,35,34,Winner_2022,17.7,5.0,2,True,0.0,
4VozWQ,35,35,Winner_2022,18.2,5.0,0,True,0.0,
4VozWQ,35,36,Winner_2022,18.7,5.1,0,True,0.0,
4VozWQ,35,37,Winner_2022,19.2,5.0,0,True,0.0,
4VozWQ,35,38,Winner_2022,19.7,5.0,1,True,0.0,
4VozWQ,35,39,Winner_2022,20.2,5.0,0,True,0.0,
4VozWQ,35,40,Winner_2022,20.7,5.0,1,True,0.0,
4VozWQ,35,41,Winner_2022,21.2,5.0,3,True,0.0,
4VozWQ,35,42,Winner_2022,20.7,5.1,3,True,0.0,
4VozWQ,35,43,Winner_2022,20.2,5.3,0,True,0.0,
4VozWQ,35,44,Winner_2022,19.7,5.5,0,True,0.0,
4VozWQ,35,45,Winner_2022,19.2,5.7,0,True,0.0,
4VozWQ,35,46,Winner_2022,18.7,5.9,1,True,0.0,
4VozWQ,35,47,Winner_2022,18.2,6.1,1,True,0.0,
4VozWQ,35,48,Winner_2022,17.7,6.3,0,True,0.0,
4VozWQ,35,49,Winner_2022,17.2,6.5,1,True,0.0,
4VozWQ,35,50,Winner_2022,16.7,6.7,3,True,0.0,
4VozWQ,35,51,Winner_2022,16.2,7.1,2,True,0.0,
4VozWQ,35,52,Winner_2022,15.7,7.5,1,True,0.0,
4VozWQ,35,53,Winner_2022,15.2,7.9,1,True,0.0,
4VozWQ,35,54,Winner_2022,14.7,8.4,0,True,0.0,
4VozWQ,35,55,Winner_2022,14.2,8.9,0,True,0.0,
4VozWQ,35,56,Winner_2022,13.7,9.3,2,True,0.0,
4VozWQ,35,57,Winner_2022,13.2,9.8,0,True,0.0,
4VozWQ,35,58,Winner_2022,12.7,10.3,2,True,0.0,
4VozWQ,35,59,Winner_2022,12.2,10.8,1,True,0.0,
4VozWQ,35,60,Winner_2022,11.7,11.5,2,True,0.0,
4VozWQ,35,61,Winner_2022,11.6,12.2,0,True,0.0,
4VozWQ,35,62,Winner_2022,11.3,12.9,0,True,0.0,
4VozWQ,35,63,Winner_2022,10.8,13.5,0,True,0.0,
4VozWQ,35,64,Winner_2022,10.3,14.1,1,True,0.0,
4VozWQ,35,65,Winner_2022,9.8,14.7,0,True,0.0,
4VozWQ,35,66,Winner_2022,9.3,15.2,0,True,0.0,
4VozWQ,35,67,Winner_2022,8.8,15.6,2,True,0.0,
4VozWQ,35,68,Winner_2022,8.3,16.0,0,True,0.0,
4VozWQ,35,69,Winner_2022,7.8,16.4,0,True,0.0,
4VozWQ,35,70,Winner_2022,7.3,16.7,0,True,0.0,
4VozWQ,35,71,Winner_2022,6.8,16.9,1,True,0.0,
4VozWQ,35,72,Winner_2022,6.3,17.1,0,True,0.0,
4VozWQ,35,73,Winner_2022,5.8,17.2,2,True,0.0,
4VozWQ,35,74,Winner_2022,5.3,17.4,0,True,0.0,
4VozWQ,35,75,Winner_2022,4.8,17.4,0,True,0.0,
4VozWQ,35,76,Winner_2022,4.3,17.3,2,True,0.0,
4VozWQ,35,77,Winner_2022,3.8,17.3,0,True,0.0,
4VozWQ,35,78,Winner_2022,3.3,17.2,0,True,0.0,
4VozWQ,35,79,Winner_2022,2.8,17.0,0,True,0.0,
4VozWQ,35,80,Winner_2022,2.3,16.8,0,True,0.0,
4VozWQ,35,81,Winner_2022,1.8,16.5,0,True,0.0,
4VozWQ,35,82,Winner_2022,1.3,16.1,0,True,0.0,
4VozWQ,35,83,Winner_2022,0.8,15.6,0,True,0.0,
4VozWQ,35,84,Winner_2022,0.3,15.1,0,True,0.0,
4VozWQ,35,85,Winner_2022,0.1,14.6,0,True,0.0,
4VozWQ,35,86,Winner_2022,0.1,14.1,0,True,0.0,
4VozWQ,35,87,Winner_2022,0.1,13.5,1,True,0.0,
4VozWQ,35,88,Winner_2022,0.1,12.9,0,True,0.0,
4VozWQ,35,89,Winner_2022,0.1,12.3,0,True,0.0,
4VozWQ,35,90,Winner_2022,0.1,11.7,0,True,0.0,
4VozWQ,35,91,Winner_2022,0.1,11.1,0,True,0.0,
4VozWQ,35,92,Winner_2022,0.1,10.5,0,True,0.0,
4VozWQ,35,93,Winner_2022,0.1,10.0,1,True,0.0,
4VozWQ,35,94,Winner_2022,0.1,9.4,0,True,0.0,
4VozWQ,35,95,Winner_2022,0.1,8.9,1,True,0.0,
4VozWQ,35,96,Winner_2022,0.1,8.4,0,True,0.0,
4VozWQ,35,97,Winner_2022,0.1,7.9,1,True,0.0,
4VozWQ,35,98,Winner_2022,0.1,7.5,0,True,0.0,
4VozWQ,35,99,Winner_2022,0.1,7.1,0,True,0.0,
4VozWQ,35,100,Winner_2022,0.1,6.7,0,True,0.0,
4VozWQ,36,1,Winner_2022,6.9,77.0,0,True,0.0,
4VozWQ,36,2,Winner_2022,6.4,61.6,0,True,0.0,
4VozWQ,36,3,Winner_2022,5.9,49.3,0,True,0.0,
4VozWQ,36,4,Winner_2022,5.4,39.4,0,True,0.0,
4VozWQ,36,5,Winner_2022,4.9,31.5,0,True,0.0,
4VozWQ,36,6,Winner_2022,4.4,25.2,0,True,0.0,
4VozWQ,36,7,Winner_2022,3.9,20.2,0,True,0.0,
4VozWQ,36,8,Winner_2022,3.4,16.1,0,True,0.0,
4VozWQ,36,9,Winner_2022,3.9,12.9,0,True,0.0,
4VozWQ,36,10,Winner_2022,4.4,10.3,0,True,0.0,
4VozWQ,36,11,Winner_2022,4.9,8.3,0,True,0.0,
4VozWQ,36,12,Winner_2022,5.4,6.6,0,True,0.0,
4VozWQ,36,13,Winner_2022,5.9,5.3,0,True,0.0,
4VozWQ,36,14,Winner_2022,6.2,5.0,0,True,0.0,
4VozWQ,36,15,Winner_2022,6.7,5.0,1,True,0.0,
4VozWQ,36,16,Winner_2022,7.2,5.0,1,True,0.0,
4VozWQ,36,17,Winner_2022,7.7,5.0,1,True,0.0,
4VozWQ,36,18,Winner_2022,7.2,5.0,2,True,0.0,
4VozWQ,36,19,Winner_2022,6.7,5.0,1,True,0.0,
4VozWQ,36,20,Winner_2022,6.2,5.0,0,True,0.0,
4VozWQ,36,21,Winner_2022,5.7,5.0,0,True,0.0,
4VozWQ,36,22,Winner_2022,5.3,5.0,0,True,0.0,
4VozWQ,36,23,Winner_2022,5.2,5.0,1,True,0.0,
4VozWQ,36,24,Winner_2022,5.1,5.0,0,True,0.0,
4VozWQ,36,25,Winner_2022,5.0,5.0,2,True,0.0,
4VozWQ,36,26,Winner_2022,5.0,5.0,0,True,0.0,
4VozWQ,36,27,Winner_2022,5.0,5.0,0,True,0.0,
4VozWQ,36,28,Winner_2022,5.0,5.0,0,True,0.0,
4VozWQ,36,29,Winner_2022,5.0,5.0,0,True,0.0,
4VozWQ,36,30,Winner_2022,5.0,5.0,0,True,0.0,
4VozWQ,36,31,Winner_2022,5.0,5.0,0,True,0.0,
4VozWQ,36,32,Winner_2022,5.0,5.0,0,True,0.0,
4VozWQ,36,33,Winner_2022,5.0,5.0,1,True,0.0,
4VozWQ,36,34,Winner_2022,5.0,5.0,0,True,0.0,
4VozWQ,36,35,Winner_2022,5.0,5.0,3,True,0.0,
4VozWQ,36,36,Winner_2022,5.0,5.0,0,True,0.0,
4VozWQ,36,37,Winner_2022,5.0,5.0,0,True,0.0,
4VozWQ,36,38,Winner_2022,5.0,5.0,0,True,0.0,
4VozWQ,36,39,Winner_2022,5.0,5.0,1,True,0.0,
4VozWQ,36,40,Winner_2022,5.0,5.0,2,True,0.0,
4VozWQ,36,41,Winner_2022,5.0,5.0,0,True,0.0,
4VozWQ,36,42,Winner_2022,5.0,5.0,1,True,0.0,
4VozWQ,36,43,Winner_2022,5.0,5.0,0,True,0.0,
4VozWQ,36,44,Winner_2022,5.0,5.0,0,True,0.0,
4VozWQ,36,45,Winner_2022,5.0,5.0,1,True,0.0,
4VozWQ,36,46,Winner_2022,5.0,5.0,1,True,0.0,
4VozWQ,36,47,Winner_2022,5.0,5.0,0,True,0.0,
4VozWQ,36,48,Winner_2022,5.0,5.0,1,True,0.0,
4VozWQ,36,49,Winner_2022,5.0,5.0,0,True,0.0,
4VozWQ,36,50,Winner_2022,5.0,5.0,1,True,0.0,
4VozWQ,36,51,Winner_2022,5.0,5.0,0,True,0.0,
4VozWQ,36,52,Winner_2022,5.0,5.0,1,True,0.0,
4VozWQ,36,53,Winner_2022,5.0,5.0,1,True,0.0,
4VozWQ,36,54,Winner_2022,5.0,5.0,1,True,0.0,
4VozWQ,36,55,Winner_2022,5.0,5.0,1,True,0.0,
4VozWQ,36,56,Winner_2022,5.0,5.0,0,True,0.0,
4VozWQ,36,57,Winner_2022,5.0,5.0,1,True,0.0,
4VozWQ,36,58,Winner_2022,5.0,5.0,1,True,0.0,
4VozWQ,36,59,Winner_2022,5.0,5.0,1,True,0.0,
4VozWQ,36,60,Winner_2022,5.0,5.0,1,True,0.0,
4VozWQ,36,61,Winner_2022,5.0,5.0,0,True,0.0,
4VozWQ,36,62,Winner_2022,5.0,5.0,0,True,0.0,
4VozWQ,36,63,Winner_2022,5.0,5.0,1,True,0.0,
4VozWQ,36,64,Winner_2022,5.0,5.0,1,True,0.0,
4VozWQ,36,65,Winner_2022,5.0,5.0,0,True,0.0,
4VozWQ,36,66,Winner_2022,5.0,5.0,1,True,0.0,
4VozWQ,36,67,Winner_2022,5.0,5.0,1,True,0.0,
4VozWQ,36,68,Winner_2022,5.0,5.0,0,True,0.0,
4VozWQ,36,69,Winner_2022,5.0,5.0,1,True,0.0,
4VozWQ,36,70,Winner_2022,5.0,5.0,1,True,0.0,
4VozWQ,36,71,Winner_2022,5.0,5.0,2,True,0.0,
4VozWQ,36,72,Winner_2022,5.0,5.0,1,True,0.0,
4VozWQ,36,73,Winner_2022,5.0,5.0,1,True,0.0,
4VozWQ,36,74,Winner_2022,5.0,5.0,0,True,0.0,
4VozWQ,36,75,Winner_2022,5.0,5.0,0,True,0.0,
4VozWQ,36,76,Winner_2022,5.0,5.0,1,True,0.0,
4VozWQ,36,77,Winner_2022,5.0,5.0,0,True,0.0,
4VozWQ,36,78,Winner_2022,5.0,5.0,0,True,0.0,
4VozWQ,36,79,Winner_2022,5.0,5.0,0,True,0.0,
4VozWQ,36,80,Winner_2022,5.0,5.0,0,True,0.0,
4VozWQ,36,81,Winner_2022,5.0,5.0,1,True,0.0,
4VozWQ,36,82,Winner_2022,5.0,5.0,1,True,0.0,
4VozWQ,36,83,Winner_2022,5.0,5.0,1,True,0.0,
4VozWQ,36,84,Winner_2022,5.0,5.0,0,True,0.0,
4VozWQ,36,85,Winner_2022,5.0,5.0,0,True,0.0,
4VozWQ,36,86,Winner_2022,5.0,5.0,0,True,0.0,
4VozWQ,36,87,Winner_2022,5.0,5.0,0,True,0.0,
4VozWQ,36,88,Winner_2022,5.0,5.0,1,True,0.0,
4VozWQ,36,89,Winner_2022,5.0,5.0,0,True,0.0,
4VozWQ,36,90,Winner_2022,5.0,5.0,0,True,0.0,
4VozWQ,36,91,Winner_2022,5.0,5.0,1,True,0.0,
4VozWQ,36,92,Winner_2022,5.0,5.0,2,True,0.0,
4VozWQ,36,93,Winner_2022,5.0,5.0,2,True,0.0,
4VozWQ,36,94,Winner_2022,5.0,5.0,0,True,0.0,
4VozWQ,36,95,Winner_2022,5.0,5.0,1,True,0.0,
4VozWQ,36,96,Winner_2022,5.0,5.0,0,True,0.0,
4VozWQ,36,97,Winner_2022,5.0,5.0,1,True,0.0,
4VozWQ,36,98,Winner_2022,5.0,5.0,2,True,0.0,
4VozWQ,36,99,Winner_2022,5.0,5.0,0,True,0.0,
4VozWQ,36,100,Winner_2022,5.0,5.0,1,True,0.0,
4VozWQ,37,1,Winner_2022,7.2,51.0,0,True,0.0,
4VozWQ,37,2,Winner_2022,6.7,40.8,0,True,0.0,
4VozWQ,37,3,Winner_2022,6.2,32.6,0,True,0.0,
4VozWQ,37,4,Winner_2022,5.7,26.1,0,True,0.0,
4VozWQ,37,5,Winner_2022,5.2,20.9,0,True,0.0,
4VozWQ,37,6,Winner_2022,4.7,16.7,0,True,0.0,
4VozWQ,37,7,Winner_2022,4.2,13.4,1,True,0.0,
4VozWQ,37,8,Winner_2022,3.7,11.5,0,True,0.0,
4VozWQ,37,9,Winner_2022,3.2,9.7,0,True,0.0,
4VozWQ,37,10,Winner_2022,2.7,8.2,0,True,0.0,
4VozWQ,37,11,Winner_2022,2.2,6.9,0,True,0.0,
4VozWQ,37,12,Winner_2022,1.7,5.8,0,True,0.0,
4VozWQ,37,13,Winner_2022,1.2,5.0,0,True,0.0,
4VozWQ,37,14,Winner_2022,0.7,5.0,0,True,0.0,
4VozWQ,37,15,Winner_2022,0.2,5.0,0,True,0.0,
4VozWQ,37,16,Winner_2022,0.1,5.0,0,True,0.0,
4VozWQ,37,17,Winner_2022,0.1,5.0,1,True,0.0,
4VozWQ,37,18,Winner_2022,0.1,5.0,0,True,0.0,
4VozWQ,37,19,Winner_2022,0.1,5.0,1,True,0.0,
4VozWQ,37,20,Winner_2022,0.1,5.0,0,True,0.0,
4VozWQ,37,21,Winner_2022,0.1,5.0,0,True,0.0,
4VozWQ,37,22,Winner_2022,0.1,5.0,0,True,0.0,
4VozWQ,37,23,Winner_2022,0.1,5.0,0,True,0.0,
4VozWQ,37,24,Winner_2022,0.1,5.0,1,True,0.0,
4VozWQ,37,25,Winner_2022,0.1,5.0,1,True,0.0,
4VozWQ,37,26,Winner_2022,0.1,5.0,0,True,0.0,
4VozWQ,37,27,Winner_2022,0.1,5.0,0,True,0.0,
4VozWQ,37,28,Winner_2022,0.1,5.0,1,True,0.0,
4VozWQ,37,29,Winner_2022,0.1,5.0,1,True,0.0,
4VozWQ,37,30,Winner_2022,0.1,5.0,1,True,0.0,
4VozWQ,37,31,Winner_2022,0.1,5.0,1,True,0.0,
4VozWQ,37,32,Winner_2022,0.1,5.0,0,True,0.0,
4VozWQ,37,33,Winner_2022,0.1,5.0,0,True,0.0,
4VozWQ,37,34,Winner_2022,0.1,5.0,0,True,0.0,
4VozWQ,37,35,Winner_2022,0.1,5.0,0,True,0.0,
4VozWQ,37,36,Winner_2022,0.1,5.0,0,True,0.0,
4VozWQ,37,37,Winner_2022,0.1,5.0,0,True,0.0,
4VozWQ,37,38,Winner_2022,0.1,5.0,1,True,0.0,
4VozWQ,37,39,Winner_2022,0.1,5.0,0,True,0.0,
4VozWQ,37,40,Winner_2022,0.1,5.0,1,True,0.0,
4VozWQ,37,41,Winner_2022,0.1,5.0,1,True,0.0,
4VozWQ,37,42,Winner_2022,0.1,5.0,0,True,0.0,
4VozWQ,37,43,Winner_2022,0.1,5.0,0,True,0.0,
4VozWQ,37,44,Winner_2022,0.1,5.0,0,True,0.0,
4VozWQ,37,45,Winner_2022,0.1,5.0,1,True,0.0,
4VozWQ,37,46,Winner_2022,0.1,5.0,1,True,0.0,
4VozWQ,37,47,Winner_2022,0.1,5.0,0,True,0.0,
4VozWQ,37,48,Winner_2022,0.1,5.0,2,True,0.0,
4VozWQ,37,49,Winner_2022,0.1,5.0,0,True,0.0,
4VozWQ,37,50,Winner_2022,0.1,5.0,0,True,0.0,
4VozWQ,37,51,Winner_2022,0.1,5.0,0,True,0.0,
4VozWQ,37,52,Winner_2022,0.1,5.0,0,True,0.0,
4VozWQ,37,53,Winner_2022,0.1,5.0,1,True,0.0,
4VozWQ,37,54,Winner_2022,0.1,5.0,0,True,0.0,
4VozWQ,37,55,Winner_2022,0.1,5.0,1,True,0.0,
4VozWQ,37,56,Winner_2022,0.1,5.0,0,True,0.0,
4VozWQ,37,57,Winner_2022,0.1,5.0,1,True,0.0,
4VozWQ,37,58,Winner_2022,0.1,5.0,0,True,0.0,
4VozWQ,37,59,Winner_2022,0.1,5.0,0,True,0.0,
4VozWQ,37,60,Winner_2022,0.1,5.0,1,True,0.0,
4VozWQ,37,61,Winner_2022,0.1,5.0,1,True,0.0,
4VozWQ,37,62,Winner_2022,0.1,5.0,2,True,0.0,
4VozWQ,37,63,Winner_2022,0.1,5.0,1,True,0.0,
4VozWQ,37,64,Winner_2022,0.1,5.0,0,True,0.0,
4VozWQ,37,65,Winner_2022,0.1,5.0,0,True,0.0,
4VozWQ,37,66,Winner_2022,0.1,5.0,1,True,0.0,
4VozWQ,37,67,Winner_2022,0.1,5.0,0,True,0.0,
4VozWQ,37,68,Winner_2022,0.1,5.0,0,True,0.0,
4VozWQ,37,69,Winner_2022,0.1,5.0,0,True,0.0,
4VozWQ,37,70,Winner_2022,0.1,5.0,1,True,0.0,
4VozWQ,37,71,Winner_2022,0.1,5.0,0,True,0.0,
4VozWQ,37,72,Winner_2022,0.1,5.0,0,True,0.0,
4VozWQ,37,73,Winner_2022,0.1,5.0,1,True,0.0,
4VozWQ,37,74,Winner_2022,0.1,5.0,2,True,0.0,
4VozWQ,37,75,Winner_2022,0.1,5.0,1,True,0.0,
4VozWQ,37,76,Winner_2022,0.1,5.0,0,True,0.0,
4VozWQ,37,77,Winner_2022,0.1,5.0,0,True,0.0,
4VozWQ,37,78,Winner_2022,0.1,5.0,0,True,0.0,
4VozWQ,37,79,Winner_2022,0.1,5.0,1,True,0.0,
4VozWQ,37,80,Winner_2022,0.1,5.0,0,True,0.0,
4VozWQ,37,81,Winner_2022,0.1,5.0,1,True,0.0,
4VozWQ,37,82,Winner_2022,0.1,5.0,0,True,0.0,
4VozWQ,37,83,Winner_2022,0.1,5.0,1,True,0.0,
4VozWQ,37,84,Winner_2022,0.1,5.0,0,True,0.0,
4VozWQ,37,85,Winner_2022,0.1,5.0,0,True,0.0,
4VozWQ,37,86,Winner_2022,0.1,5.0,1,True,0.0,
4VozWQ,37,87,Winner_2022,0.1,5.0,1,True,0.0,
4VozWQ,37,88,Winner_2022,0.1,5.0,1,True,0.0,
4VozWQ,37,89,Winner_2022,0.1,5.0,0,True,0.0,
4VozWQ,37,90,Winner_2022,0.1,5.0,0,True,0.0,
4VozWQ,37,91,Winner_2022,0.1,5.0,1,True,0.0,
4VozWQ,37,92,Winner_2022,0.1,5.0,0,True,0.0,
4VozWQ,37,93,Winner_2022,0.1,5.0,0,True,0.0,
4VozWQ,37,94,Winner_2022,0.1,5.0,0,True,0.0,
4VozWQ,37,95,Winner_2022,0.1,5.0,1,True,0.0,
4VozWQ,37,96,Winner_2022,0.1,5.0,0,True,0.0,
4VozWQ,37,97,Winner_2022,0.1,5.0,0,True,0.0,
4VozWQ,37,98,Winner_2022,0.1,5.0,1,True,0.0,
4VozWQ,37,99,Winner_2022,0.1,5.0,2,True,0.0,
4VozWQ,37,100,Winner_2022,0.1,5.0,0,True,0.0,
4VozWQ,38,1,Winner_2022,2.9,74.0,0,True,0.0,
4VozWQ,38,2,Winner_2022,2.4,59.2,0,True,0.0,
4VozWQ,38,3,Winner_2022,1.9,47.4,0,True,0.0,
4VozWQ,38,4,Winner_2022,1.4,37.9,0,True,0.0,
4VozWQ,38,5,Winner_2022,0.9,30.3,0,True,0.0,
4VozWQ,38,6,Winner_2022,1.4,24.2,0,True,0.0,
4VozWQ,38,7,Winner_2022,0.9,19.4,0,True,0.0,
4VozWQ,38,8,Winner_2022,0.4,15.5,0,True,0.0,
4VozWQ,38,9,Winner_2022,0.1,12.4,0,True,0.0,
4VozWQ,38,10,Winner_2022,0.1,9.9,0,True,0.0,
4VozWQ,38,11,Winner_2022,0.1,7.9,1,True,0.0,
4VozWQ,38,12,Winner_2022,0.1,6.7,0,True,0.0,
4VozWQ,38,13,Winner_2022,0.1,5.5,0,True,0.0,
4VozWQ,38,14,Winner_2022,0.1,5.0,1,True,0.0,
4VozWQ,38,15,Winner_2022,0.1,5.0,0,True,0.0,
4VozWQ,38,16,Winner_2022,0.1,5.0,0,True,0.0,
4VozWQ,38,17,Winner_2022,0.1,5.0,0,True,0.0,
4VozWQ,38,18,Winner_2022,0.1,5.0,0,True,0.0,
4VozWQ,38,19,Winner_2022,0.1,5.0,0,True,0.0,
4VozWQ,38,20,Winner_2022,0.1,5.0,0,True,0.0,
4VozWQ,38,21,Winner_2022,0.1,5.0,0,True,0.0,
4VozWQ,38,22,Winner_2022,0.1,5.0,0,True,0.0,
4VozWQ,38,23,Winner_2022,0.1,5.0,0,True,0.0,
4VozWQ,38,24,Winner_2022,0.1,5.0,0,True,0.0,
4VozWQ,38,25,Winner_2022,0.1,5.0,0,True,0.0,
4VozWQ,38,26,Winner_2022,0.1,5.0,0,True,0.0,
4VozWQ,38,27,Winner_2022,0.1,5.0,0,True,0.0,
4VozWQ,38,28,Winner_2022,0.1,5.0,0,True,0.0,
4VozWQ,38,29,Winner_2022,0.1,5.0,0,True,0.0,
4VozWQ,38,30,Winner_2022,0.1,5.0,1,True,0.0,
4VozWQ,38,31,Winner_2022,0.1,5.0,0,True,0.0,
4VozWQ,38,32,Winner_2022,0.1,5.0,0,True,0.0,
4VozWQ,38,33,Winner_2022,0.1,5.0,0,True,0.0,
4VozWQ,38,34,Winner_2022,0.1,5.0,0,True,0.0,
4VozWQ,38,35,Winner_2022,0.1,5.0,0,True,0.0,
4VozWQ,38,36,Winner_2022,0.1,5.0,1,True,0.0,
4VozWQ,38,37,Winner_2022,0.1,5.0,0,True,0.0,
4VozWQ,38,38,Winner_2022,0.1,5.0,1,True,0.0,
4VozWQ,38,39,Winner_2022,0.1,5.0,0,True,0.0,
4VozWQ,38,40,Winner_2022,0.1,5.0,0,True,0.0,
4VozWQ,38,41,Winner_2022,0.1,5.0,0,True,0.0,
4VozWQ,38,42,Winner_2022,0.1,5.0,0,True,0.0,
4VozWQ,38,43,Winner_2022,0.1,5.0,0,True,0.0,
4VozWQ,38,44,Winner_2022,0.1,5.0,0,True,0.0,
4VozWQ,38,45,Winner_2022,0.1,5.0,0,True,0.0,
4VozWQ,38,46,Winner_2022,0.1,5.0,0,True,0.0,
4VozWQ,38,47,Winner_2022,0.1,5.0,0,True,0.0,
4VozWQ,38,48,Winner_2022,0.1,5.0,1,True,0.0,
4VozWQ,38,49,Winner_2022,0.1,5.0,1,True,0.0,
4VozWQ,38,50,Winner_2022,0.1,5.0,1,True,0.0,
4VozWQ,38,51,Winner_2022,0.1,5.0,1,True,0.0,
4VozWQ,38,52,Winner_2022,0.1,5.0,0,True,0.0,
4VozWQ,38,53,Winner_2022,0.1,5.0,0,True,0.0,
4VozWQ,38,54,Winner_2022,0.1,5.0,0,True,0.0,
4VozWQ,38,55,Winner_2022,0.1,5.0,0,True,0.0,
4VozWQ,38,56,Winner_2022,0.1,5.0,0,True,0.0,
4VozWQ,38,57,Winner_2022,0.1,5.0,2,True,0.0,
4VozWQ,38,58,Winner_2022,0.1,5.0,1,True,0.0,
4VozWQ,38,59,Winner_2022,0.1,5.0,0,True,0.0,
4VozWQ,38,60,Winner_2022,0.1,5.0,0,True,0.0,
4VozWQ,38,61,Winner_2022,0.1,5.0,0,True,0.0,
4VozWQ,38,62,Winner_2022,0.1,5.0,0,True,0.0,
4VozWQ,38,63,Winner_2022,0.1,5.0,0,True,0.0,
4VozWQ,38,64,Winner_2022,0.1,5.0,0,True,0.0,
4VozWQ,38,65,Winner_2022,0.1,5.0,1,True,0.0,
4VozWQ,38,66,Winner_2022,0.1,5.0,0,True,0.0,
4VozWQ,38,67,Winner_2022,0.1,5.0,0,True,0.0,
4VozWQ,38,68,Winner_2022,0.1,5.0,0,True,0.0,
4VozWQ,38,69,Winner_2022,0.1,5.0,0,True,0.0,
4VozWQ,38,70,Winner_2022,0.1,5.0,0,True,0.0,
4VozWQ,38,71,Winner_2022,0.1,5.0,0,True,0.0,
4VozWQ,38,72,Winner_2022,0.1,5.0,0,True,0.0,
4VozWQ,38,73,Winner_2022,0.1,5.0,1,True,0.0,
4VozWQ,38,74,Winner_2022,0.1,5.0,1,True,0.0,
4VozWQ,38,75,Winner_2022,0.1,5.0,0,True,0.0,
4VozWQ,38,76,Winner_2022,0.1,5.0,0,True,0.0,
4VozWQ,38,77,Winner_2022,0.1,5.0,0,True,0.0,
4VozWQ,38,78,Winner_2022,0.1,5.0,0,True,0.0,
4VozWQ,38,79,Winner_2022,0.1,5.0,0,True,0.0,
4VozWQ,38,80,Winner_2022,0.1,5.0,0,True,0.0,
4VozWQ,38,81,Winner_2022,0.1,5.0,0,True,0.0,
4VozWQ,38,82,Winner_2022,0.1,5.0,0,True,0.0,
4VozWQ,38,83,Winner_2022,0.1,5.0,1,True,0.0,
4VozWQ,38,84,Winner_2022,0.1,5.0,0,True,0.0,
4VozWQ,38,85,Winner_2022,0.1,5.0,0,True,0.0,
4VozWQ,38,86,Winner_2022,0.1,5.0,0,True,0.0,
4VozWQ,38,87,Winner_2022,0.1,5.0,0,True,0.0,
4VozWQ,38,88,Winner_2022,0.1,5.0,0,True,0.0,
4VozWQ,38,89,Winner_2022,0.1,5.0,1,True,0.0,
4VozWQ,38,90,Winner_2022,0.1,5.0,0,True,0.0,
4VozWQ,38,91,Winner_2022,0.1,5.0,0,True,0.0,
4VozWQ,38,92,Winner_2022,0.1,5.0,0,True,0.0,
4VozWQ,38,93,Winner_2022,0.1,5.0,0,True,0.0,
4VozWQ,38,94,Winner_2022,0.1,5.0,1,True,0.0,
4VozWQ,38,95,Winner_2022,0.1,5.0,0,True,0.0,
4VozWQ,38,96,Winner_2022,0.1,5.0,1,True,0.0,
4VozWQ,38,97,Winner_2022,0.1,5.0,0,True,0.0,
4VozWQ,38,98,Winner_2022,0.1,5.0,1,True,0.0,
4VozWQ,38,99,Winner_2022,0.1,5.0,1,True,0.0,
4VozWQ,38,100,Winner_2022,0.1,5.0,0,True,0.0,
4VozWQ,39,1,Winner_2022,0.4,81.0,0,True,0.0,
4VozWQ,39,2,Winner_2022,0.1,64.8,0,True,0.0,
4VozWQ,39,3,Winner_2022,0.1,51.8,0,True,0.0,
4VozWQ,39,4,Winner_2022,0.1,41.5,0,True,0.0,
4VozWQ,39,5,Winner_2022,0.1,33.2,0,True,0.0,
4VozWQ,39,6,Winner_2022,0.1,26.5,0,True,0.0,
4VozWQ,39,7,Winner_2022,0.1,21.2,0,True,0.0,
4VozWQ,39,8,Winner_2022,0.1,17.0,1,True,0.0,
4VozWQ,39,9,Winner_2022,0.1,14.4,1,True,0.0,
4VozWQ,39,10,Winner_2022,0.1,12.8,1,True,0.0,
4VozWQ,39,11,Winner_2022,0.1,11.8,0,True,0.0,
4VozWQ,39,12,Winner_2022,0.1,10.8,0,True,0.0,
4VozWQ,39,13,Winner_2022,0.1,9.7,0,True,0.0,
4VozWQ,39,14,Winner_2022,0.1,8.6,0,True,0.0,
4VozWQ,39,15,Winner_2022,0.1,7.6,0,True,0.0,
4VozWQ,39,16,Winner_2022,0.1,6.6,2,True,0.0,
4VozWQ,39,17,Winner_2022,0.1,6.1,0,True,0.0,
4VozWQ,39,18,Winner_2022,0.1,5.5,0,True,0.0,
4VozWQ,39,19,Winner_2022,0.1,5.0,1,True,0.0,
4VozWQ,39,20,Winner_2022,0.1,5.0,0,True,0.0,
4VozWQ,39,21,Winner_2022,0.1,5.0,1,True,0.0,
4VozWQ,39,22,Winner_2022,0.1,5.0,0,True,0.0,
4VozWQ,39,23,Winner_2022,0.1,5.0,3,True,0.0,
4VozWQ,39,24,Winner_2022,0.1,5.0,0,True,0.0,
4VozWQ,39,25,Winner_2022,0.1,5.0,0,True,0.0,
4VozWQ,39,26,Winner_2022,0.1,5.0,0,True,0.0,
4VozWQ,39,27,Winner_2022,0.1,5.0,0,True,0.0,
4VozWQ,39,28,Winner_2022,0.1,5.0,0,True,0.0,
4VozWQ,39,29,Winner_2022,0.1,5.0,0,True,0.0,
4VozWQ,39,30,Winner_2022,0.1,5.0,0,True,0.0,
4VozWQ,39,31,Winner_2022,0.1,5.0,1,True,0.0,
4VozWQ,39,32,Winner_2022,0.1,5.0,0,True,0.0,
4VozWQ,39,33,Winner_2022,0.1,5.0,0,True,0.0,
4VozWQ,39,34,Winner_2022,0.1,5.0,0,True,0.0,
4VozWQ,39,35,Winner_2022,0.1,5.0,0,True,0.0,
4VozWQ,39,36,Winner_2022,0.1,5.0,0,True,0.0,
4VozWQ,39,37,Winner_2022,0.1,5.0,0,True,0.0,
4VozWQ,39,38,Winner_2022,0.1,5.0,1,True,0.0,
4VozWQ,39,39,Winner_2022,0.1,5.0,1,True,0.0,
4VozWQ,39,40,Winner_2022,0.1,5.0,0,True,0.0,
4VozWQ,39,41,Winner_2022,0.1,5.0,0,True,0.0,
4VozWQ,39,42,Winner_2022,0.1,5.0,1,True,0.0,
4VozWQ,39,43,Winner_2022,0.1,5.0,0,True,0.0,
4VozWQ,39,44,Winner_2022,0.1,5.0,0,True,0.0,
4VozWQ,39,45,Winner_2022,0.1,5.0,0,True,0.0,
4VozWQ,39,46,Winner_2022,0.1,5.0,1,True,0.0,
4VozWQ,39,47,Winner_2022,0.1,5.0,0,True,0.0,
4VozWQ,39,48,Winner_2022,0.1,5.0,0,True,0.0,
4VozWQ,39,49,Winner_2022,0.1,5.0,0,True,0.0,
4VozWQ,39,50,Winner_2022,0.1,5.0,0,True,0.0,
4VozWQ,39,51,Winner_2022,0.1,5.0,0,True,0.0,
4VozWQ,39,52,Winner_2022,0.1,5.0,0,True,0.0,
4VozWQ,39,53,Winner_2022,0.1,5.0,0,True,0.0,
4VozWQ,39,54,Winner_2022,0.1,5.0,0,True,0.0,
4VozWQ,39,55,Winner_2022,0.1,5.0,0,True,0.0,
4VozWQ,39,56,Winner_2022,0.1,5.0,0,True,0.0,
4VozWQ,39,57,Winner_2022,0.1,5.0,0,True,0.0,
4VozWQ,39,58,Winner_2022,0.1,5.0,0,True,0.0,
4VozWQ,39,59,Winner_2022,0.1,5.0,0,True,0.0,
4VozWQ,39,60,Winner_2022,0.1,5.0,2,True,0.0,
4VozWQ,39,61,Winner_2022,0.1,5.0,0,True,0.0,
4VozWQ,39,62,Winner_2022,0.1,5.0,1,True,0.0,
4VozWQ,39,63,Winner_2022,0.1,5.0,1,True,0.0,
4VozWQ,39,64,Winner_2022,0.1,5.0,0,True,0.0,
4VozWQ,39,65,Winner_2022,0.1,5.0,1,True,0.0,
4VozWQ,39,66,Winner_2022,0.1,5.0,1,True,0.0,
4VozWQ,39,67,Winner_2022,0.6,5.0,0,True,0.0,
4VozWQ,39,68,Winner_2022,1.1,5.0,1,True,0.0,
4VozWQ,39,69,Winner_2022,1.6,5.0,1,True,0.0,
4VozWQ,39,70,Winner_2022,1.1,5.0,2,True,0.0,
4VozWQ,39,71,Winner_2022,0.6,5.0,2,True,0.0,
4VozWQ,39,72,Winner_2022,1.1,5.0,0,True,0.0,
4VozWQ,39,73,Winner_2022,1.6,5.0,1,True,0.0,
4VozWQ,39,74,Winner_2022,2.1,5.0,1,True,0.0,
4VozWQ,39,75,Winner_2022,2.6,5.0,1,True,0.0,
4VozWQ,39,76,Winner_2022,2.1,5.0,0,True,0.0,
4VozWQ,39,77,Winner_2022,2.6,5.0,0,True,0.0,
4VozWQ,39,78,Winner_2022,3.1,5.0,1,True,0.0,
4VozWQ,39,79,Winner_2022,2.6,5.0,2,True,0.0,
4VozWQ,39,80,Winner_2022,2.1,5.0,1,True,0.0,
4VozWQ,39,81,Winner_2022,1.6,5.0,3,True,0.0,
4VozWQ,39,82,Winner_2022,1.1,5.0,1,True,0.0,
4VozWQ,39,83,Winner_2022,0.6,5.0,0,True,0.0,
4VozWQ,39,84,Winner_2022,0.1,5.0,0,True,0.0,
4VozWQ,39,85,Winner_2022,0.6,5.0,0,True,0.0,
4VozWQ,39,86,Winner_2022,1.1,5.0,0,True,0.0,
4VozWQ,39,87,Winner_2022,1.6,5.0,0,True,0.0,
4VozWQ,39,88,Winner_2022,1.1,5.0,1,True,0.0,
4VozWQ,39,89,Winner_2022,0.6,5.0,1,True,0.0,
4VozWQ,39,90,Winner_2022,0.1,5.0,1,True,0.0,
4VozWQ,39,91,Winner_2022,0.1,5.0,2,True,0.0,
4VozWQ,39,92,Winner_2022,0.1,5.0,0,True,0.0,
4VozWQ,39,93,Winner_2022,0.1,5.0,2,True,0.0,
4VozWQ,39,94,Winner_2022,0.1,5.0,0,True,0.0,
4VozWQ,39,95,Winner_2022,0.1,5.0,0,True,0.0,
4VozWQ,39,96,Winner_2022,0.1,5.0,0,True,0.0,
4VozWQ,39,97,Winner_2022,0.1,5.0,2,True,0.0,
4VozWQ,39,98,Winner_2022,0.1,5.0,0,True,0.0,
4VozWQ,39,99,Winner_2022,0.1,5.0,0,True,0.0,
4VozWQ,39,100,Winner_2022,0.1,5.0,0,True,0.0,
4VozWQ,40,1,Winner_2022,0.3,46.0,0,True,0.0,
4VozWQ,40,2,Winner_2022,0.1,36.8,0,True,0.0,
4VozWQ,40,3,Winner_2022,0.6,29.4,1,True,0.0,
4VozWQ,40,4,Winner_2022,1.1,27.3,0,True,0.0,
4VozWQ,40,5,Winner_2022,1.6,24.5,0,True,0.0,
4VozWQ,40,6,Winner_2022,2.1,21.4,0,True,0.0,
4VozWQ,40,7,Winner_2022,2.6,18.5,0,True,0.0,
4VozWQ,40,8,Winner_2022,3.1,15.9,0,True,0.0,
4VozWQ,40,9,Winner_2022,2.6,13.5,1,True,0.0,
4VozWQ,40,10,Winner_2022,3.1,12.0,0,True,0.0,
4VozWQ,40,11,Winner_2022,3.6,10.6,0,True,0.0,
4VozWQ,40,12,Winner_2022,3.1,9.2,0,True,0.0,
4VozWQ,40,13,Winner_2022,2.6,8.0,0,True,0.0,
4VozWQ,40,14,Winner_2022,2.1,6.9,0,True,0.0,
4VozWQ,40,15,Winner_2022,1.6,5.9,0,True,0.0,
4VozWQ,40,16,Winner_2022,1.1,5.0,1,True,0.0,
4VozWQ,40,17,Winner_2022,1.6,5.0,0,True,0.0,
4VozWQ,40,18,Winner_2022,2.1,5.0,0,True,0.0,
4VozWQ,40,19,Winner_2022,2.6,5.0,1,True,0.0,
4VozWQ,40,20,Winner_2022,3.1,5.0,0,True,0.0,
4VozWQ,40,21,Winner_2022,2.6,5.0,0,True,0.0,
4VozWQ,40,22,Winner_2022,2.1,5.0,0,True,0.0,
4VozWQ,40,23,Winner_2022,1.6,5.0,0,True,0.0,
4VozWQ,40,24,Winner_2022,1.1,5.0,0,True,0.0,
4VozWQ,40,25,Winner_2022,1.6,5.0,0,True,0.0,
4VozWQ,40,26,Winner_2022,2.1,5.0,0,True,0.0,
4VozWQ,40,27,Winner_2022,2.6,5.0,0,True,0.0,
4VozWQ,40,28,Winner_2022,2.1,5.0,0,True,0.0,
4VozWQ,40,29,Winner_2022,1.6,5.0,1,True,0.0,
4VozWQ,40,30,Winner_2022,1.1,5.0,0,True,0.0,
4VozWQ,40,31,Winner_2022,0.6,5.0,1,True,0.0,
4VozWQ,40,32,Winner_2022,0.1,5.0,0,True,0.0,
4VozWQ,40,33,Winner_2022,0.1,5.0,0,True,0.0,
4VozWQ,40,34,Winner_2022,0.6,5.0,0,True,0.0,
4VozWQ,40,35,Winner_2022,0.1,5.0,0,True,0.0,
4VozWQ,40,36,Winner_2022,0.1,5.0,0,True,0.0,
4VozWQ,40,37,Winner_2022,0.1,5.0,0,True,0.0,
4VozWQ,40,38,Winner_2022,0.1,5.0,0,True,0.0,
4VozWQ,40,39,Winner_2022,0.1,5.0,0,True,0.0,
4VozWQ,40,40,Winner_2022,0.1,5.0,2,True,0.0,
4VozWQ,40,41,Winner_2022,0.1,5.0,1,True,0.0,
4VozWQ,40,42,Winner_2022,0.1,5.0,1,True,0.0,
4VozWQ,40,43,Winner_2022,0.1,5.0,0,True,0.0,
4VozWQ,40,44,Winner_2022,0.1,5.0,3,True,0.0,
4VozWQ,40,45,Winner_2022,0.1,5.0,0,True,0.0,
4VozWQ,40,46,Winner_2022,0.1,5.0,0,True,0.0,
4VozWQ,40,47,Winner_2022,0.1,5.0,1,True,0.0,
4VozWQ,40,48,Winner_2022,0.1,5.0,1,True,0.0,
4VozWQ,40,49,Winner_2022,0.1,5.0,1,True,0.0,
4VozWQ,40,50,Winner_2022,0.1,5.0,0,True,0.0,
4VozWQ,40,51,Winner_2022,0.1,5.0,3,True,0.0,
4VozWQ,40,52,Winner_2022,0.1,5.0,0,True,0.0,
4VozWQ,40,53,Winner_2022,0.1,5.0,0,True,0.0,
4VozWQ,40,54,Winner_2022,0.1,5.0,0,True,0.0,
4VozWQ,40,55,Winner_2022,0.1,5.0,0,True,0.0,
4VozWQ,40,56,Winner_2022,0.1,5.0,0,True,0.0,
4VozWQ,40,57,Winner_2022,0.1,5.0,0,True,0.0,
4VozWQ,40,58,Winner_2022,0.1,5.0,0,True,0.0,
4VozWQ,40,59,Winner_2022,0.1,5.0,1,True,0.0,
4VozWQ,40,60,Winner_2022,0.1,5.0,0,True,0.0,
4VozWQ,40,61,Winner_2022,0.1,5.0,1,True,0.0,
4VozWQ,40,62,Winner_2022,0.1,5.0,0,True,0.0,
4VozWQ,40,63,Winner_2022,0.1,5.0,1,True,0.0,
4VozWQ,40,64,Winner_2022,0.1,5.0,1,True,0.0,
4VozWQ,40,65,Winner_2022,0.1,5.0,1,True,0.0,
4VozWQ,40,66,Winner_2022,0.1,5.0,0,True,0.0,
4VozWQ,40,67,Winner_2022,0.1,5.0,0,True,0.0,
4VozWQ,40,68,Winner_2022,0.1,5.0,0,True,0.0,
4VozWQ,40,69,Winner_2022,0.1,5.0,1,True,0.0,
4VozWQ,40,70,Winner_2022,0.1,5.0,0,True,0.0,
4VozWQ,40,71,Winner_2022,0.1,5.0,0,True,0.0,
4VozWQ,40,72,Winner_2022,0.1,5.0,1,True,0.0,
4VozWQ,40,73,Winner_2022,0.1,5.0,1,True,0.0,
4VozWQ,40,74,Winner_2022,0.1,5.0,1,True,0.0,
4VozWQ,40,75,Winner_2022,0.1,5.0,1,True,0.0,
4VozWQ,40,76,Winner_2022,0.1,5.0,0,True,0.0,
4VozWQ,40,77,Winner_2022,0.1,5.0,0,True,0.0,
4VozWQ,40,78,Winner_2022,0.1,5.0,0,True,0.0,
4VozWQ,40,79,Winner_2022,0.1,5.0,0,True,0.0,
4VozWQ,40,80,Winner_2022,0.1,5.0,0,True,0.0,
4VozWQ,40,81,Winner_2022,0.1,5.0,0,True,0.0,
4VozWQ,40,82,Winner_2022,0.1,5.0,0,True,0.0,
4VozWQ,40,83,Winner_2022,0.1,5.0,0,True,0.0,
4VozWQ,40,84,Winner_2022,0.1,5.0,1,True,0.0,
4VozWQ,40,85,Winner_2022,0.1,5.0,1,True,0.0,
4VozWQ,40,86,Winner_2022,0.1,5.0,0,True,0.0,
4VozWQ,40,87,Winner_2022,0.1,5.0,1,True,0.0,
4VozWQ,40,88,Winner_2022,0.1,5.0,2,True,0.0,
4VozWQ,40,89,Winner_2022,0.1,5.0,1,True,0.0,
4VozWQ,40,90,Winner_2022,0.1,5.0,0,True,0.0,
4VozWQ,40,91,Winner_2022,0.1,5.0,0,True,0.0,
4VozWQ,40,92,Winner_2022,0.1,5.0,2,True,0.0,
4VozWQ,40,93,Winner_2022,0.1,5.0,1,True,0.0,
4VozWQ,40,94,Winner_2022,0.1,5.0,0,True,0.0,
4VozWQ,40,95,Winner_2022,0.1,5.0,1,True,0.0,
4VozWQ,40,96,Winner_2022,0.1,5.0,0,True,0.0,
4VozWQ,40,97,Winner_2022,0.1,5.0,1,True,0.0,
4VozWQ,40,98,Winner_2022,0.1,5.0,2,True,0.0,
4VozWQ,40,99,Winner_2022,0.1,5.0,0,True,0.0,
4VozWQ,40,100,Winner_2022,0.1,5.0,0,True,0.0,
4VozWQ,41,1,Winner_2022,0.5,60.0,0,True,0.0,
4VozWQ,41,2,Winner_2022,0.1,48.0,0,True,0.0,
4VozWQ,41,3,Winner_2022,0.6,38.4,0,True,0.0,
4VozWQ,41,4,Winner_2022,1.1,30.7,0,True,0.0,
4VozWQ,41,5,Winner_2022,1.6,24.6,0,True,0.0,
4VozWQ,41,6,Winner_2022,2.1,19.7,0,True,0.0,
4VozWQ,41,7,Winner_2022,2.6,15.7,0,True,0.0,
4VozWQ,41,8,Winner_2022,3.1,12.6,0,True,0.0,
4VozWQ,41,9,Winner_2022,3.6,10.1,0,True,0.0,
4VozWQ,41,10,Winner_2022,4.1,8.1,0,True,0.0,
4VozWQ,41,11,Winner_2022,4.6,6.4,0,True,0.0,
4VozWQ,41,12,Winner_2022,5.1,5.2,1,True,0.0,
4VozWQ,41,13,Winner_2022,5.1,5.0,0,True,0.0,
4VozWQ,41,14,Winner_2022,5.0,5.0,1,True,0.0,
4VozWQ,41,15,Winner_2022,5.0,5.0,0,True,0.0,
4VozWQ,41,16,Winner_2022,5.0,5.0,1,True,0.0,
4VozWQ,41,17,Winner_2022,5.0,5.0,0,True,0.0,
4VozWQ,41,18,Winner_2022,5.0,5.0,1,True,0.0,
4VozWQ,41,19,Winner_2022,5.0,5.0,0,True,0.0,
4VozWQ,41,20,Winner_2022,5.0,5.0,0,True,0.0,
4VozWQ,41,21,Winner_2022,5.0,5.0,0,True,0.0,
4VozWQ,41,22,Winner_2022,5.0,5.0,1,True,0.0,
4VozWQ,41,23,Winner_2022,5.0,5.0,2,True,0.0,
4VozWQ,41,24,Winner_2022,5.0,5.0,0,True,0.0,
4VozWQ,41,25,Winner_2022,5.0,5.0,0,True,0.0,
4VozWQ,41,26,Winner_2022,5.0,5.0,0,True,0.0,
4VozWQ,41,27,Winner_2022,5.0,5.0,0,True,0.0,
4VozWQ,41,28,Winner_2022,5.0,5.0,0,True,0.0,
4VozWQ,41,29,Winner_2022,5.0,5.0,0,True,0.0,
4VozWQ,41,30,Winner_2022,5.0,5.0,0,True,0.0,
4VozWQ,41,31,Winner_2022,5.0,5.0,0,True,0.0,
4VozWQ,41,32,Winner_2022,5.0,5.0,0,True,0.0,
4VozWQ,41,33,Winner_2022,5.0,5.0,0,True,0.0,
4VozWQ,41,34,Winner_2022,5.0,5.0,0,True,0.0,
4VozWQ,41,35,Winner_2022,5.0,5.0,0,True,0.0,
4VozWQ,41,36,Winner_2022,5.0,5.0,0,True,0.0,
4VozWQ,41,37,Winner_2022,5.0,5.0,0,True,0.0,
4VozWQ,41,38,Winner_2022,5.0,5.0,0,True,0.0,
4VozWQ,41,39,Winner_2022,5.0,5.0,1,True,0.0,
4VozWQ,41,40,Winner_2022,5.0,5.0,1,True,0.0,
4VozWQ,41,41,Winner_2022,5.0,5.0,0,True,0.0,
4VozWQ,41,42,Winner_2022,5.0,5.0,2,True,0.0,
4VozWQ,41,43,Winner_2022,5.0,5.0,0,True,0.0,
4VozWQ,41,44,Winner_2022,5.0,5.0,0,True,0.0,
4VozWQ,41,45,Winner_2022,5.0,5.0,2,True,0.0,
4VozWQ,41,46,Winner_2022,5.0,5.0,0,True,0.0,
4VozWQ,41,47,Winner_2022,5.0,5.0,0,True,0.0,
4VozWQ,41,48,Winner_2022,5.0,5.0,2,True,0.0,
4VozWQ,41,49,Winner_2022,5.0,5.0,0,True,0.0,
4VozWQ,41,50,Winner_2022,5.0,5.0,1,True,0.0,
4VozWQ,41,51,Winner_2022,5.0,5.0,2,True,0.0,
4VozWQ,41,52,Winner_2022,5.0,5.0,1,True,0.0,
4VozWQ,41,53,Winner_2022,5.0,5.0,0,True,0.0,
4VozWQ,41,54,Winner_2022,5.0,5.0,0,True,0.0,
4VozWQ,41,55,Winner_2022,5.0,5.0,2,True,0.0,
4VozWQ,41,56,Winner_2022,5.0,5.0,0,True,0.0,
4VozWQ,41,57,Winner_2022,5.0,5.0,1,True,0.001,
4VozWQ,41,58,Winner_2022,5.0,5.0,2,True,0.0,
4VozWQ,41,59,Winner_2022,5.0,5.0,0,True,0.0,
4VozWQ,41,60,Winner_2022,5.0,5.0,0,True,0.0,
4VozWQ,41,61,Winner_2022,5.0,5.0,0,True,0.0,
4VozWQ,41,62,Winner_2022,5.0,5.0,2,True,0.0,
4VozWQ,41,63,Winner_2022,5.0,5.0,0,True,0.0,
4VozWQ,41,64,Winner_2022,5.0,5.0,2,True,0.0,
4VozWQ,41,65,Winner_2022,5.0,5.0,3,True,0.0,
4VozWQ,41,66,Winner_2022,5.0,5.0,0,True,0.0,
4VozWQ,41,67,Winner_2022,5.0,5.0,2,True,0.0,
4VozWQ,41,68,Winner_2022,5.0,5.0,0,True,0.0,
4VozWQ,41,69,Winner_2022,5.0,5.0,0,True,0.0,
4VozWQ,41,70,Winner_2022,5.0,5.0,1,True,0.0,
4VozWQ,41,71,Winner_2022,5.0,5.0,1,True,0.0,
4VozWQ,41,72,Winner_2022,5.0,5.0,0,True,0.0,
4VozWQ,41,73,Winner_2022,5.0,5.0,0,True,0.0,
4VozWQ,41,74,Winner_2022,5.0,5.0,1,True,0.0,
4VozWQ,41,75,Winner_2022,5.0,5.0,1,True,0.0,
4VozWQ,41,76,Winner_2022,5.0,5.0,0,True,0.0,
4VozWQ,41,77,Winner_2022,5.0,5.0,0,True,0.0,
4VozWQ,41,78,Winner_2022,5.0,5.0,1,True,0.0,
4VozWQ,41,79,Winner_2022,5.0,5.0,0,True,0.0,
4VozWQ,41,80,Winner_2022,5.0,5.0,0,True,0.0,
4VozWQ,41,81,Winner_2022,5.0,5.0,0,True,0.0,
4VozWQ,41,82,Winner_2022,5.0,5.0,0,True,0.0,
4VozWQ,41,83,Winner_2022,5.0,5.0,1,True,0.0,
4VozWQ,41,84,Winner_2022,5.0,5.0,0,True,0.0,
4VozWQ,41,85,Winner_2022,5.0,5.0,0,True,0.0,
4VozWQ,41,86,Winner_2022,5.0,5.0,1,True,0.0,
4VozWQ,41,87,Winner_2022,5.0,5.0,1,True,0.0,
4VozWQ,41,88,Winner_2022,5.0,5.0,0,True,0.0,
4VozWQ,41,89,Winner_2022,5.0,5.0,1,True,0.0,
4VozWQ,41,90,Winner_2022,5.0,5.0,1,True,0.001,
4VozWQ,41,91,Winner_2022,5.0,5.0,0,True,0.0,
4VozWQ,41,92,Winner_2022,5.0,5.0,1,True,0.0,
4VozWQ,41,93,Winner_2022,5.0,5.0,1,True,0.001,
4VozWQ,41,94,Winner_2022,5.0,5.0,1,True,0.0,
4VozWQ,41,95,Winner_2022,5.0,5.0,0,True,0.0,
4VozWQ,41,96,Winner_2022,5.0,5.0,0,True,0.0,
4VozWQ,41,97,Winner_2022,5.0,5.0,0,True,0.0,
4VozWQ,41,98,Winner_2022,5.0,5.0,0,True,0.0,
4VozWQ,41,99,Winner_2022,5.0,5.0,0,True,0.0,
4VozWQ,41,100,Winner_2022,5.0,5.0,2,True,0.0,
4VozWQ,42,1,Winner_2022,2.7,61.0,0,True,0.0,
4VozWQ,42,2,Winner_2022,2.2,48.8,0,True,0.0,
4VozWQ,42,3,Winner_2022,1.7,39.0,0,True,0.0,
4VozWQ,42,4,Winner_2022,1.2,31.2,0,True,0.0,
4VozWQ,42,5,Winner_2022,0.7,25.0,0,True,0.0,
4VozWQ,42,6,Winner_2022,0.2,20.0,0,True,0.0,
4VozWQ,42,7,Winner_2022,0.1,16.0,0,True,0.0,
4VozWQ,42,8,Winner_2022,0.1,12.8,0,True,0.0,
4VozWQ,42,9,Winner_2022,0.1,10.2,1,True,0.0,
4VozWQ,42,10,Winner_2022,0.1,8.6,1,True,0.0,
4VozWQ,42,11,Winner_2022,0.1,7.6,1,True,0.0,
4VozWQ,42,12,Winner_2022,0.1,6.9,0,True,0.0,
4VozWQ,42,13,Winner_2022,0.1,6.2,1,True,0.0,
4VozWQ,42,14,Winner_2022,0.1,5.7,0,True,0.0,
4VozWQ,42,15,Winner_2022,0.1,5.2,0,True,0.0,
4VozWQ,42,16,Winner_2022,0.1,5.0,1,True,0.0,
4VozWQ,42,17,Winner_2022,0.1,5.0,0,True,0.0,
4VozWQ,42,18,Winner_2022,0.1,5.0,0,True,0.0,
4VozWQ,42,19,Winner_2022,0.6,5.0,0,True,0.0,
4VozWQ,42,20,Winner_2022,1.1,5.0,0,True,0.0,
4VozWQ,42,21,Winner_2022,1.6,5.0,0,True,0.0,
4VozWQ,42,22,Winner_2022,2.1,5.0,0,True,0.0,
4VozWQ,42,23,Winner_2022,2.6,5.0,2,True,0.0,
4VozWQ,42,24,Winner_2022,3.1,5.0,0,True,0.0,
4VozWQ,42,25,Winner_2022,3.6,5.0,0,True,0.0,
4VozWQ,42,26,Winner_2022,4.1,5.0,0,True,0.0,
4VozWQ,42,27,Winner_2022,4.5,5.0,0,True,0.0,
4VozWQ,42,28,Winner_2022,4.8,5.0,0,True,0.0,
4VozWQ,42,29,Winner_2022,4.9,5.0,0,True,0.0,
4VozWQ,42,30,Winner_2022,4.9,5.0,0,True,0.0,
4VozWQ,42,31,Winner_2022,5.0,5.0,0,True,0.0,
4VozWQ,42,32,Winner_2022,5.0,5.0,0,True,0.0,
4VozWQ,42,33,Winner_2022,5.0,5.0,1,True,0.0,
4VozWQ,42,34,Winner_2022,5.0,5.0,2,True,0.0,
4VozWQ,42,35,Winner_2022,5.0,5.0,1,True,0.0,
4VozWQ,42,36,Winner_2022,5.0,5.0,1,True,0.0,
4VozWQ,42,37,Winner_2022,5.0,5.0,0,True,0.0,
4VozWQ,42,38,Winner_2022,5.0,5.0,1,True,0.0,
4VozWQ,42,39,Winner_2022,5.0,5.0,0,True,0.0,
4VozWQ,42,40,Winner_2022,5.0,5.0,0,True,0.0,
4VozWQ,42,41,Winner_2022,5.0,5.0,0,True,0.0,
4VozWQ,42,42,Winner_2022,5.0,5.0,0,True,0.0,
4VozWQ,42,43,Winner_2022,5.0,5.0,0,True,0.0,
4VozWQ,42,44,Winner_2022,5.0,5.0,0,True,0.0,
4VozWQ,42,45,Winner_2022,5.0,5.0,0,True,0.0,
4VozWQ,42,46,Winner_2022,5.0,5.0,0,True,0.0,
4VozWQ,42,47,Winner_2022,5.0,5.0,0,True,0.0,
4VozWQ,42,48,Winner_2022,5.0,5.0,0,True,0.0,
4VozWQ,42,49,Winner_2022,5.0,5.0,0,True,0.0,
4VozWQ,42,50,Winner_2022,5.0,5.0,0,True,0.0,
4VozWQ,42,51,Winner_2022,5.0,5.0,0,True,0.0,
4VozWQ,42,52,Winner_2022,5.0,5.0,1,True,0.0,
4VozWQ,42,53,Winner_2022,5.0,5.0,0,True,0.0,
4VozWQ,42,54,Winner_2022,5.0,5.0,0,True,0.0,
4VozWQ,42,55,Winner_2022,5.0,5.0,0,True,0.0,
4VozWQ,42,56,Winner_2022,5.0,5.0,2,True,0.0,
4VozWQ,42,57,Winner_2022,4.9,5.0,0,True,0.0,
4VozWQ,42,58,Winner_2022,4.9,5.0,1,True,0.0,
4VozWQ,42,59,Winner_2022,4.9,5.0,0,True,0.0,
4VozWQ,42,60,Winner_2022,4.8,5.0,0,True,0.0,
4VozWQ,42,61,Winner_2022,4.9,5.0,0,True,0.0,
4VozWQ,42,62,Winner_2022,5.0,5.0,1,True,0.0,
4VozWQ,42,63,Winner_2022,4.9,5.0,0,True,0.0,
4VozWQ,42,64,Winner_2022,4.9,5.0,1,True,0.0,
4VozWQ,42,65,Winner_2022,4.9,5.0,0,True,0.0,
4VozWQ,42,66,Winner_2022,4.9,5.0,0,True,0.0,
4VozWQ,42,67,Winner_2022,5.0,5.0,1,True,0.0,
4VozWQ,42,68,Winner_2022,5.0,5.0,1,True,0.0,
4VozWQ,42,69,Winner_2022,5.0,5.0,2,True,0.0,
4VozWQ,42,70,Winner_2022,5.0,5.0,2,True,0.0,
4VozWQ,42,71,Winner_2022,5.0,5.0,1,True,0.0,
4VozWQ,42,72,Winner_2022,5.0,5.0,0,True,0.0,
4VozWQ,42,73,Winner_2022,5.0,5.0,0,True,0.0,
4VozWQ,42,74,Winner_2022,4.9,5.0,0,True,0.0,
4VozWQ,42,75,Winner_2022,4.9,5.0,2,True,0.0,
4VozWQ,42,76,Winner_2022,4.8,5.0,0,True,0.0,
4VozWQ,42,77,Winner_2022,4.8,5.0,0,True,0.0,
4VozWQ,42,78,Winner_2022,4.6,5.0,0,True,0.0,
4VozWQ,42,79,Winner_2022,4.4,5.0,2,True,0.0,
4VozWQ,42,80,Winner_2022,4.2,5.0,0,True,0.0,
4VozWQ,42,81,Winner_2022,3.8,5.0,1,True,0.0,
4VozWQ,42,82,Winner_2022,3.3,5.0,0,True,0.0,
4VozWQ,42,83,Winner_2022,2.8,5.0,0,True,0.0,
4VozWQ,42,84,Winner_2022,2.3,5.0,1,True,0.0,
4VozWQ,42,85,Winner_2022,1.8,5.0,2,True,0.0,
4VozWQ,42,86,Winner_2022,1.3,5.0,0,True,0.0,
4VozWQ,42,87,Winner_2022,0.8,5.0,1,True,0.0,
4VozWQ,42,88,Winner_2022,0.3,5.0,0,True,0.0,
4VozWQ,42,89,Winner_2022,0.1,5.0,1,True,0.0,
4VozWQ,42,90,Winner_2022,0.1,5.0,0,True,0.0,
4VozWQ,42,91,Winner_2022,0.1,5.0,0,True,0.0,
4VozWQ,42,92,Winner_2022,0.1,5.0,0,True,0.0,
4VozWQ,42,93,Winner_2022,0.1,5.0,0,True,0.0,
4VozWQ,42,94,Winner_2022,0.1,5.0,2,True,0.0,
4VozWQ,42,95,Winner_2022,0.1,5.0,2,True,0.0,
4VozWQ,42,96,Winner_2022,0.1,5.0,3,True,0.0,
4VozWQ,42,97,Winner_2022,0.1,5.0,0,True,0.0,
4VozWQ,42,98,Winner_2022,0.1,5.0,1,True,0.0,
4VozWQ,42,99,Winner_2022,0.1,5.0,2,True,0.0,
4VozWQ,42,100,Winner_2022,0.1,5.0,0,True,0.0,
4VozWQ,43,1,Winner_2022,3.9,79.0,0,True,0.0,
4VozWQ,43,2,Winner_2022,3.4,63.2,0,True,0.0,
4VozWQ,43,3,Winner_2022,3.9,50.6,0,True,0.0,
4VozWQ,43,4,Winner_2022,3.4,40.4,0,True,0.0,
4VozWQ,43,5,Winner_2022,2.9,32.4,0,True,0.0,
4VozWQ,43,6,Winner_2022,3.4,25.9,0,True,0.0,
4VozWQ,43,7,Winner_2022,3.9,20.7,0,True,0.0,
4VozWQ,43,8,Winner_2022,3.4,16.6,0,True,0.0,
4VozWQ,43,9,Winner_2022,2.9,13.3,0,True,0.0,
4VozWQ,43,10,Winner_2022,2.4,10.6,2,True,0.0,
4VozWQ,43,11,Winner_2022,1.9,9.3,2,True,0.0,
4VozWQ,43,12,Winner_2022,1.4,8.9,0,True,0.0,
4VozWQ,43,13,Winner_2022,0.9,8.3,0,True,0.0,
4VozWQ,43,14,Winner_2022,0.4,7.6,0,True,0.0,
4VozWQ,43,15,Winner_2022,0.1,6.9,0,True,0.0,
4VozWQ,43,16,Winner_2022,0.1,6.2,0,True,0.0,
4VozWQ,43,17,Winner_2022,0.1,5.5,0,True,0.0,
4VozWQ,43,18,Winner_2022,0.1,5.0,0,True,0.0,
4VozWQ,43,19,Winner_2022,0.1,5.0,0,True,0.0,
4VozWQ,43,20,Winner_2022,0.1,5.0,0,True,0.0,
4VozWQ,43,21,Winner_2022,0.1,5.0,0,True,0.0,
4VozWQ,43,22,Winner_2022,0.1,5.0,1,True,0.0,
4VozWQ,43,23,Winner_2022,0.1,5.0,1,True,0.0,
4VozWQ,43,24,Winner_2022,0.1,5.0,0,True,0.0,
4VozWQ,43,25,Winner_2022,0.1,5.0,0,True,0.0,
4VozWQ,43,26,Winner_2022,0.1,5.0,1,True,0.0,
4VozWQ,43,27,Winner_2022,0.1,5.0,1,True,0.0,
4VozWQ,43,28,Winner_2022,0.1,5.0,0,True,0.0,
4VozWQ,43,29,Winner_2022,0.1,5.0,0,True,0.0,
4VozWQ,43,30,Winner_2022,0.1,5.0,1,True,0.0,
4VozWQ,43,31,Winner_2022,0.1,5.0,0,True,0.0,
4VozWQ,43,32,Winner_2022,0.1,5.0,0,True,0.0,
4VozWQ,43,33,Winner_2022,0.1,5.0,0,True,0.0,
4VozWQ,43,34,Winner_2022,0.1,5.0,0,True,0.0,
4VozWQ,43,35,Winner_2022,0.1,5.0,1,True,0.0,
4VozWQ,43,36,Winner_2022,0.1,5.0,1,True,0.0,
4VozWQ,43,37,Winner_2022,0.1,5.0,0,True,0.0,
4VozWQ,43,38,Winner_2022,0.1,5.0,1,True,0.0,
4VozWQ,43,39,Winner_2022,0.1,5.0,1,True,0.0,
4VozWQ,43,40,Winner_2022,0.1,5.0,0,True,0.0,
4VozWQ,43,41,Winner_2022,0.1,5.0,0,True,0.0,
4VozWQ,43,42,Winner_2022,0.1,5.0,0,True,0.0,
4VozWQ,43,43,Winner_2022,0.1,5.0,0,True,0.0,
4VozWQ,43,44,Winner_2022,0.1,5.0,0,True,0.0,
4VozWQ,43,45,Winner_2022,0.1,5.0,1,True,0.0,
4VozWQ,43,46,Winner_2022,0.1,5.0,0,True,0.0,
4VozWQ,43,47,Winner_2022,0.1,5.0,0,True,0.0,
4VozWQ,43,48,Winner_2022,0.1,5.0,2,True,0.0,
4VozWQ,43,49,Winner_2022,0.1,5.0,1,True,0.0,
4VozWQ,43,50,Winner_2022,0.1,5.0,2,True,0.0,
4VozWQ,43,51,Winner_2022,0.1,5.0,1,True,0.0,
4VozWQ,43,52,Winner_2022,0.1,5.0,1,True,0.0,
4VozWQ,43,53,Winner_2022,0.1,5.0,0,True,0.0,
4VozWQ,43,54,Winner_2022,0.1,5.0,1,True,0.0,
4VozWQ,43,55,Winner_2022,0.1,5.0,0,True,0.0,
4VozWQ,43,56,Winner_2022,0.1,5.0,0,True,0.0,
4VozWQ,43,57,Winner_2022,0.1,5.0,0,True,0.0,
4VozWQ,43,58,Winner_2022,0.1,5.0,0,True,0.0,
4VozWQ,43,59,Winner_2022,0.1,5.0,1,True,0.0,
4VozWQ,43,60,Winner_2022,0.1,5.0,0,True,0.0,
4VozWQ,43,61,Winner_2022,0.1,5.0,1,True,0.0,
4VozWQ,43,62,Winner_2022,0.1,5.0,0,True,0.0,
4VozWQ,43,63,Winner_2022,0.1,5.0,2,True,0.0,
4VozWQ,43,64,Winner_2022,0.1,5.0,0,True,0.0,
4VozWQ,43,65,Winner_2022,0.1,5.0,0,True,0.0,
4VozWQ,43,66,Winner_2022,0.1,5.0,0,True,0.0,
4VozWQ,43,67,Winner_2022,0.1,5.0,0,True,0.0,
4VozWQ,43,68,Winner_2022,0.1,5.0,0,True,0.0,
4VozWQ,43,69,Winner_2022,0.1,5.0,0,True,0.0,
4VozWQ,43,70,Winner_2022,0.1,5.0,0,True,0.0,
4VozWQ,43,71,Winner_2022,0.1,5.0,1,True,0.0,
4VozWQ,43,72,Winner_2022,0.1,5.0,2,True,0.0,
4VozWQ,43,73,Winner_2022,0.1,5.0,1,True,0.0,
4VozWQ,43,74,Winner_2022,0.1,5.0,0,True,0.0,
4VozWQ,43,75,Winner_2022,0.1,5.0,0,True,0.0,
4VozWQ,43,76,Winner_2022,0.1,5.0,0,True,0.0,
4VozWQ,43,77,Winner_2022,0.1,5.0,1,True,0.0,
4VozWQ,43,78,Winner_2022,0.1,5.0,2,True,0.0,
4VozWQ,43,79,Winner_2022,0.1,5.0,1,True,0.0,
4VozWQ,43,80,Winner_2022,0.1,5.0,0,True,0.0,
4VozWQ,43,81,Winner_2022,0.1,5.0,1,True,0.0,
4VozWQ,43,82,Winner_2022,0.1,5.0,0,True,0.0,
4VozWQ,43,83,Winner_2022,0.1,5.0,0,True,0.0,
4VozWQ,43,84,Winner_2022,0.1,5.0,1,True,0.0,
4VozWQ,43,85,Winner_2022,0.1,5.0,0,True,0.0,
4VozWQ,43,86,Winner_2022,0.1,5.0,1,True,0.0,
4VozWQ,43,87,Winner_2022,0.1,5.0,0,True,0.0,
4VozWQ,43,88,Winner_2022,0.1,5.0,0,True,0.0,
4VozWQ,43,89,Winner_2022,0.1,5.0,0,True,0.0,
4VozWQ,43,90,Winner_2022,0.1,5.0,0,True,0.0,
4VozWQ,43,91,Winner_2022,0.1,5.0,1,True,0.0,
4VozWQ,43,92,Winner_2022,0.1,5.0,0,True,0.0,
4VozWQ,43,93,Winner_2022,0.1,5.0,0,True,0.0,
4VozWQ,43,94,Winner_2022,0.1,5.0,0,True,0.0,
4VozWQ,43,95,Winner_2022,0.1,5.0,0,True,0.0,
4VozWQ,43,96,Winner_2022,0.1,5.0,0,True,0.0,
4VozWQ,43,97,Winner_2022,0.1,5.0,1,True,0.0,
4VozWQ,43,98,Winner_2022,0.1,5.0,1,True,0.0,
4VozWQ,43,99,Winner_2022,0.1,5.0,0,True,0.0,
4VozWQ,43,100,Winner_2022,0.1,5.0,1,True,0.0,
4VozWQ,44,1,Winner_2022,1.8,88.0,0,True,0.0,
4VozWQ,44,2,Winner_2022,1.3,70.4,0,True,0.0,
4VozWQ,44,3,Winner_2022,0.8,56.3,0,True,0.0,
4VozWQ,44,4,Winner_2022,0.3,45.1,0,True,0.0,
4VozWQ,44,5,Winner_2022,0.1,36.0,0,True,0.0,
4VozWQ,44,6,Winner_2022,0.1,28.8,0,True,0.0,
4VozWQ,44,7,Winner_2022,0.1,23.1,0,True,0.0,
4VozWQ,44,8,Winner_2022,0.1,18.5,0,True,0.0,
4VozWQ,44,9,Winner_2022,0.1,14.8,0,True,0.0,
4VozWQ,44,10,Winner_2022,0.6,11.8,1,True,0.0,
4VozWQ,44,11,Winner_2022,1.1,9.9,0,True,0.0,
4VozWQ,44,12,Winner_2022,1.6,8.3,0,True,0.0,
4VozWQ,44,13,Winner_2022,2.1,6.9,0,True,0.0,
4VozWQ,44,14,Winner_2022,2.6,5.7,1,True,0.0,
4VozWQ,44,15,Winner_2022,3.1,5.0,0,True,0.0,
4VozWQ,44,16,Winner_2022,3.6,5.0,1,True,0.0,
4VozWQ,44,17,Winner_2022,4.1,5.0,0,True,0.0,
4VozWQ,44,18,Winner_2022,4.5,5.0,0,True,0.0,
4VozWQ,44,19,Winner_2022,4.8,5.0,1,True,0.0,
4VozWQ,44,20,Winner_2022,4.9,5.0,1,True,0.0,
4VozWQ,44,21,Winner_2022,4.9,5.0,0,True,0.0,
4VozWQ,44,22,Winner_2022,5.0,5.0,1,True,0.0,
4VozWQ,44,23,Winner_2022,5.0,5.0,2,True,0.0,
4VozWQ,44,24,Winner_2022,5.0,5.0,1,True,0.0,
4VozWQ,44,25,Winner_2022,5.0,5.0,1,True,0.0,
4VozWQ,44,26,Winner_2022,5.0,5.0,0,True,0.0,
4VozWQ,44,27,Winner_2022,5.0,5.0,0,True,0.0,
4VozWQ,44,28,Winner_2022,5.0,5.0,1,True,0.0,
4VozWQ,44,29,Winner_2022,5.0,5.0,0,True,0.0,
4VozWQ,44,30,Winner_2022,5.0,5.0,1,True,0.0,
4VozWQ,44,31,Winner_2022,5.0,5.0,1,True,0.0,
4VozWQ,44,32,Winner_2022,5.0,5.0,1,True,0.0,
4VozWQ,44,33,Winner_2022,5.0,5.0,0,True,0.0,
4VozWQ,44,34,Winner_2022,5.0,5.0,0,True,0.0,
4VozWQ,44,35,Winner_2022,5.0,5.0,2,True,0.0,
4VozWQ,44,36,Winner_2022,5.0,5.0,0,True,0.0,
4VozWQ,44,37,Winner_2022,4.9,5.0,2,True,0.0,
4VozWQ,44,38,Winner_2022,4.9,5.0,1,True,0.0,
4VozWQ,44,39,Winner_2022,4.9,5.0,3,True,0.0,
4VozWQ,44,40,Winner_2022,4.8,5.1,0,True,0.0,
4VozWQ,44,41,Winner_2022,4.7,5.1,0,True,0.0,
4VozWQ,44,42,Winner_2022,4.5,5.1,0,True,0.0,
4VozWQ,44,43,Winner_2022,4.2,5.1,1,True,0.0,
4VozWQ,44,44,Winner_2022,3.7,5.1,0,True,0.0,
4VozWQ,44,45,Winner_2022,3.2,5.1,0,True,0.0,
4VozWQ,44,46,Winner_2022,2.7,5.1,1,True,0.0,
4VozWQ,44,47,Winner_2022,2.2,5.1,0,True,0.0,
4VozWQ,44,48,Winner_2022,1.7,5.1,0,True,0.0,
4VozWQ,44,49,Winner_2022,1.2,5.0,1,True,0.0,
4VozWQ,44,50,Winner_2022,0.7,5.0,1,True,0.0,
4VozWQ,44,51,Winner_2022,0.2,5.0,0,True,0.0,
4VozWQ,44,52,Winner_2022,0.1,5.0,0,True,0.0,
4VozWQ,44,53,Winner_2022,0.1,5.0,0,True,0.0,
4VozWQ,44,54,Winner_2022,0.1,5.0,0,True,0.0,
4VozWQ,44,55,Winner_2022,0.1,5.0,1,True,0.0,
4VozWQ,44,56,Winner_2022,0.1,5.0,0,True,0.0,
4VozWQ,44,57,Winner_2022,0.1,5.0,0,True,0.0,
4VozWQ,44,58,Winner_2022,0.1,5.0,1,True,0.0,
4VozWQ,44,59,Winner_2022,0.1,5.0,0,True,0.0,
4VozWQ,44,60,Winner_2022,0.1,5.0,0,True,0.0,
4VozWQ,44,61,Winner_2022,0.1,5.0,0,True,0.0,
4VozWQ,44,62,Winner_2022,0.1,5.0,0,True,0.0,
4VozWQ,44,63,Winner_2022,0.1,5.0,0,True,0.0,
4VozWQ,44,64,Winner_2022,0.1,5.0,0,True,0.0,
4VozWQ,44,65,Winner_2022,0.1,5.0,1,True,0.0,
4VozWQ,44,66,Winner_2022,0.1,5.0,0,True,0.0,
4VozWQ,44,67,Winner_2022,0.1,5.0,0,True,0.0,
4VozWQ,44,68,Winner_2022,0.1,5.0,3,True,0.0,
4VozWQ,44,69,Winner_2022,0.1,5.0,1,True,0.0,
4VozWQ,44,70,Winner_2022,0.1,5.0,1,True,0.0,
4VozWQ,44,71,Winner_2022,0.1,5.0,0,True,0.0,
4VozWQ,44,72,Winner_2022,0.1,5.0,1,True,0.0,
4VozWQ,44,73,Winner_2022,0.1,5.0,0,True,0.0,
4VozWQ,44,74,Winner_2022,0.1,5.0,0,True,0.0,
4VozWQ,44,75,Winner_2022,0.1,5.0,0,True,0.0,
4VozWQ,44,76,Winner_2022,0.1,5.0,1,True,0.0,
4VozWQ,44,77,Winner_2022,0.1,5.0,0,True,0.0,
4VozWQ,44,78,Winner_2022,0.1,5.0,0,True,0.0,
4VozWQ,44,79,Winner_2022,0.1,5.0,1,True,0.0,
4VozWQ,44,80,Winner_2022,0.1,5.0,0,True,0.0,
4VozWQ,44,81,Winner_2022,0.1,5.0,0,True,0.0,
4VozWQ,44,82,Winner_2022,0.1,5.0,0,True,0.0,
4VozWQ,44,83,Winner_2022,0.1,5.0,1,True,0.0,
4VozWQ,44,84,Winner_2022,0.1,5.0,0,True,0.0,
4VozWQ,44,85,Winner_2022,0.1,5.0,0,True,0.0,
4VozWQ,44,86,Winner_2022,0.1,5.0,1,True,0.0,
4VozWQ,44,87,Winner_2022,0.1,5.0,0,True,0.0,
4VozWQ,44,88,Winner_2022,0.1,5.0,0,True,0.0,
4VozWQ,44,89,Winner_2022,0.1,5.0,1,True,0.0,
4VozWQ,44,90,Winner_2022,0.1,5.0,1,True,0.0,
4VozWQ,44,91,Winner_2022,0.1,5.0,1,True,0.0,
4VozWQ,44,92,Winner_2022,0.1,5.0,1,True,0.0,
4VozWQ,44,93,Winner_2022,0.1,5.0,1,True,0.0,
4VozWQ,44,94,Winner_2022,0.1,5.0,0,True,0.0,
4VozWQ,44,95,Winner_2022,0.1,5.0,1,True,0.0,
4VozWQ,44,96,Winner_2022,0.1,5.0,0,True,0.0,
4VozWQ,44,97,Winner_2022,0.1,5.0,1,True,0.0,
4VozWQ,44,98,Winner_2022,0.1,5.0,0,True,0.0,
4VozWQ,44,99,Winner_2022,0.1,5.0,0,True,0.0,
4VozWQ,44,100,Winner_2022,0.1,5.0,3,True,0.0,
4VozWQ,45,1,Winner_2022,1.1,56.0,0,True,0.0,
4VozWQ,45,2,Winner_2022,0.6,44.8,0,True,0.0,
4VozWQ,45,3,Winner_2022,0.1,35.8,0,True,0.0,
4VozWQ,45,4,Winner_2022,0.1,28.7,0,True,0.0,
4VozWQ,45,5,Winner_2022,0.1,22.9,0,True,0.0,
4VozWQ,45,6,Winner_2022,0.1,18.4,0,True,0.0,
4VozWQ,45,7,Winner_2022,0.1,14.7,0,True,0.0,
4VozWQ,45,8,Winner_2022,0.1,11.7,0,True,0.0,
4VozWQ,45,9,Winner_2022,0.1,9.4,0,True,0.0,
4VozWQ,45,10,Winner_2022,0.1,7.5,0,True,0.0,
4VozWQ,45,11,Winner_2022,0.1,6.0,1,True,0.0,
4VozWQ,45,12,Winner_2022,0.1,5.0,1,True,0.0,
4VozWQ,45,13,Winner_2022,0.1,5.0,1,True,0.0,
4VozWQ,45,14,Winner_2022,0.1,5.0,1,True,0.0,
4VozWQ,45,15,Winner_2022,0.1,5.0,0,True,0.0,
4VozWQ,45,16,Winner_2022,0.1,5.0,0,True,0.0,
4VozWQ,45,17,Winner_2022,0.1,5.0,0,True,0.0,
4VozWQ,45,18,Winner_2022,0.1,5.0,0,True,0.0,
4VozWQ,45,19,Winner_2022,0.1,5.0,0,True,0.0,
4VozWQ,45,20,Winner_2022,0.1,5.0,1,True,0.0,
4VozWQ,45,21,Winner_2022,0.1,5.0,1,True,0.0,
4VozWQ,45,22,Winner_2022,0.1,5.0,1,True,0.0,
4VozWQ,45,23,Winner_2022,0.1,5.0,1,True,0.0,
4VozWQ,45,24,Winner_2022,0.1,5.0,0,True,0.0,
4VozWQ,45,25,Winner_2022,0.1,5.0,0,True,0.0,
4VozWQ,45,26,Winner_2022,0.1,5.0,0,True,0.0,
4VozWQ,45,27,Winner_2022,0.1,5.0,0,True,0.0,
4VozWQ,45,28,Winner_2022,0.1,5.0,0,True,0.0,
4VozWQ,45,29,Winner_2022,0.1,5.0,1,True,0.0,
4VozWQ,45,30,Winner_2022,0.1,5.0,1,True,0.0,
4VozWQ,45,31,Winner_2022,0.1,5.0,1,True,0.0,
4VozWQ,45,32,Winner_2022,0.1,5.0,0,True,0.0,
4VozWQ,45,33,Winner_2022,0.1,5.0,0,True,0.0,
4VozWQ,45,34,Winner_2022,0.1,5.0,0,True,0.0,
4VozWQ,45,35,Winner_2022,0.1,5.0,1,True,0.0,
4VozWQ,45,36,Winner_2022,0.1,5.0,0,True,0.0,
4VozWQ,45,37,Winner_2022,0.1,5.0,1,True,0.0,
4VozWQ,45,38,Winner_2022,0.1,5.0,1,True,0.0,
4VozWQ,45,39,Winner_2022,0.1,5.0,1,True,0.0,
4VozWQ,45,40,Winner_2022,0.1,5.0,0,True,0.0,
4VozWQ,45,41,Winner_2022,0.1,5.0,0,True,0.0,
4VozWQ,45,42,Winner_2022,0.1,5.0,0,True,0.0,
4VozWQ,45,43,Winner_2022,0.1,5.0,0,True,0.0,
4VozWQ,45,44,Winner_2022,0.1,5.0,2,True,0.0,
4VozWQ,45,45,Winner_2022,0.1,5.0,2,True,0.0,
4VozWQ,45,46,Winner_2022,0.1,5.0,1,True,0.0,
4VozWQ,45,47,Winner_2022,0.1,5.0,1,True,0.0,
4VozWQ,45,48,Winner_2022,0.1,5.0,0,True,0.0,
4VozWQ,45,49,Winner_2022,0.1,5.0,0,True,0.0,
4VozWQ,45,50,Winner_2022,0.1,5.0,0,True,0.0,
4VozWQ,45,51,Winner_2022,0.1,5.0,0,True,0.0,
4VozWQ,45,52,Winner_2022,0.1,5.0,0,True,0.0,
4VozWQ,45,53,Winner_2022,0.1,5.0,1,True,0.0,
4VozWQ,45,54,Winner_2022,0.1,5.0,1,True,0.0,
4VozWQ,45,55,Winner_2022,0.1,5.0,0,True,0.0,
4VozWQ,45,56,Winner_2022,0.1,5.0,1,True,0.0,
4VozWQ,45,57,Winner_2022,0.1,5.0,1,True,0.0,
4VozWQ,45,58,Winner_2022,0.1,5.0,0,True,0.0,
4VozWQ,45,59,Winner_2022,0.1,5.0,0,True,0.0,
4VozWQ,45,60,Winner_2022,0.1,5.0,0,True,0.0,
4VozWQ,45,61,Winner_2022,0.1,5.0,0,True,0.0,
4VozWQ,45,62,Winner_2022,0.1,5.0,0,True,0.0,
4VozWQ,45,63,Winner_2022,0.1,5.0,0,True,0.0,
4VozWQ,45,64,Winner_2022,0.1,5.0,1,True,0.0,
4VozWQ,45,65,Winner_2022,0.1,5.0,0,True,0.0,
4VozWQ,45,66,Winner_2022,0.1,5.0,0,True,0.0,
4VozWQ,45,67,Winner_2022,0.1,5.0,0,True,0.0,
4VozWQ,45,68,Winner_2022,0.1,5.0,0,True,0.0,
4VozWQ,45,69,Winner_2022,0.1,5.0,0,True,0.0,
4VozWQ,45,70,Winner_2022,0.1,5.0,1,True,0.0,
4VozWQ,45,71,Winner_2022,0.1,5.0,0,True,0.0,
4VozWQ,45,72,Winner_2022,0.1,5.0,1,True,0.0,
4VozWQ,45,73,Winner_2022,0.1,5.0,2,True,0.0,
4VozWQ,45,74,Winner_2022,0.1,5.0,1,True,0.0,
4VozWQ,45,75,Winner_2022,0.1,5.0,0,True,0.0,
4VozWQ,45,76,Winner_2022,0.1,5.0,0,True,0.0,
4VozWQ,45,77,Winner_2022,0.1,5.0,0,True,0.0,
4VozWQ,45,78,Winner_2022,0.1,5.0,1,True,0.0,
4VozWQ,45,79,Winner_2022,0.1,5.0,1,True,0.0,
4VozWQ,45,80,Winner_2022,0.1,5.0,0,True,0.0,
4VozWQ,45,81,Winner_2022,0.1,5.0,1,True,0.0,
4VozWQ,45,82,Winner_2022,0.1,5.0,0,True,0.0,
4VozWQ,45,83,Winner_2022,0.1,5.0,0,True,0.0,
4VozWQ,45,84,Winner_2022,0.1,5.0,2,True,0.0,
4VozWQ,45,85,Winner_2022,0.1,5.0,0,True,0.0,
4VozWQ,45,86,Winner_2022,0.1,5.0,0,True,0.0,
4VozWQ,45,87,Winner_2022,0.1,5.0,1,True,0.0,
4VozWQ,45,88,Winner_2022,0.1,5.0,0,True,0.0,
4VozWQ,45,89,Winner_2022,0.1,5.0,0,True,0.0,
4VozWQ,45,90,Winner_2022,0.1,5.0,1,True,0.0,
4VozWQ,45,91,Winner_2022,0.1,5.0,1,True,0.0,
4VozWQ,45,92,Winner_2022,0.1,5.0,1,True,0.0,
4VozWQ,45,93,Winner_2022,0.1,5.0,1,True,0.0,
4VozWQ,45,94,Winner_2022,0.1,5.0,0,True,0.0,
4VozWQ,45,95,Winner_2022,0.1,5.0,1,True,0.0,
4VozWQ,45,96,Winner_2022,0.1,5.0,0,True,0.0,
4VozWQ,45,97,Winner_2022,0.1,5.0,1,True,0.0,
4VozWQ,45,98,Winner_2022,0.1,5.0,0,True,0.0,
4VozWQ,45,99,Winner_2022,0.1,5.0,1,True,0.0,
4VozWQ,45,100,Winner_2022,0.1,5.0,2,True,0.0,
4VozWQ,46,1,Winner_2022,0.9,69.0,0,True,0.0,
4VozWQ,46,2,Winner_2022,0.4,55.2,0,True,0.0,
4VozWQ,46,3,Winner_2022,0.1,44.2,0,True,0.0,
4VozWQ,46,4,Winner_2022,0.1,35.3,0,True,0.0,
4VozWQ,46,5,Winner_2022,0.1,28.3,0,True,0.0,
4VozWQ,46,6,Winner_2022,0.6,22.6,0,True,0.0,
4VozWQ,46,7,Winner_2022,0.1,18.1,0,True,0.0,
4VozWQ,46,8,Winner_2022,0.1,14.5,0,True,0.0,
4VozWQ,46,9,Winner_2022,0.1,11.6,0,True,0.0,
4VozWQ,46,10,Winner_2022,0.1,9.3,0,True,0.0,
4VozWQ,46,11,Winner_2022,0.1,7.4,0,True,0.0,
4VozWQ,46,12,Winner_2022,0.1,5.9,0,True,0.0,
4VozWQ,46,13,Winner_2022,0.1,5.0,0,True,0.0,
4VozWQ,46,14,Winner_2022,0.1,5.0,0,True,0.0,
4VozWQ,46,15,Winner_2022,0.1,5.0,0,True,0.0,
4VozWQ,46,16,Winner_2022,0.1,5.0,1,True,0.0,
4VozWQ,46,17,Winner_2022,0.1,5.0,0,True,0.0,
4VozWQ,46,18,Winner_2022,0.1,5.0,0,True,0.0,
4VozWQ,46,19,Winner_2022,0.1,5.0,1,True,0.0,
4VozWQ,46,20,Winner_2022,0.1,5.0,0,True,0.0,
4VozWQ,46,21,Winner_2022,0.1,5.0,0,True,0.0,
4VozWQ,46,22,Winner_2022,0.1,5.0,0,True,0.0,
4VozWQ,46,23,Winner_2022,0.1,5.0,0,True,0.0,
4VozWQ,46,24,Winner_2022,0.1,5.0,0,True,0.0,
4VozWQ,46,25,Winner_2022,0.1,5.0,0,True,0.0,
4VozWQ,46,26,Winner_2022,0.1,5.0,0,True,0.0,
4VozWQ,46,27,Winner_2022,0.1,5.0,1,True,0.0,
4VozWQ,46,28,Winner_2022,0.1,5.0,1,True,0.0,
4VozWQ,46,29,Winner_2022,0.1,5.0,1,True,0.0,
4VozWQ,46,30,Winner_2022,0.1,5.0,0,True,0.0,
4VozWQ,46,31,Winner_2022,0.1,5.0,0,True,0.0,
4VozWQ,46,32,Winner_2022,0.1,5.0,0,True,0.0,
4VozWQ,46,33,Winner_2022,0.1,5.0,0,True,0.0,
4VozWQ,46,34,Winner_2022,0.1,5.0,0,True,0.0,
4VozWQ,46,35,Winner_2022,0.1,5.0,0,True,0.0,
4VozWQ,46,36,Winner_2022,0.1,5.0,0,True,0.0,
4VozWQ,46,37,Winner_2022,0.1,5.0,0,True,0.0,
4VozWQ,46,38,Winner_2022,0.1,5.0,0,True,0.0,
4VozWQ,46,39,Winner_2022,0.1,5.0,0,True,0.0,
4VozWQ,46,40,Winner_2022,0.1,5.0,0,True,0.0,
4VozWQ,46,41,Winner_2022,0.1,5.0,0,True,0.0,
4VozWQ,46,42,Winner_2022,0.1,5.0,1,True,0.0,
4VozWQ,46,43,Winner_2022,0.1,5.0,0,True,0.0,
4VozWQ,46,44,Winner_2022,0.1,5.0,0,True,0.0,
4VozWQ,46,45,Winner_2022,0.1,5.0,1,True,0.0,
4VozWQ,46,46,Winner_2022,0.1,5.0,2,True,0.0,
4VozWQ,46,47,Winner_2022,0.1,5.0,0,True,0.0,
4VozWQ,46,48,Winner_2022,0.1,5.0,0,True,0.0,
4VozWQ,46,49,Winner_2022,0.1,5.0,1,True,0.0,
4VozWQ,46,50,Winner_2022,0.1,5.0,0,True,0.0,
4VozWQ,46,51,Winner_2022,0.1,5.0,1,True,0.0,
4VozWQ,46,52,Winner_2022,0.1,5.0,0,True,0.0,
4VozWQ,46,53,Winner_2022,0.1,5.0,0,True,0.0,
4VozWQ,46,54,Winner_2022,0.1,5.0,0,True,0.0,
4VozWQ,46,55,Winner_2022,0.1,5.0,0,True,0.0,
4VozWQ,46,56,Winner_2022,0.1,5.0,1,True,0.0,
4VozWQ,46,57,Winner_2022,0.1,5.0,1,True,0.0,
4VozWQ,46,58,Winner_2022,0.1,5.0,0,True,0.0,
4VozWQ,46,59,Winner_2022,0.1,5.0,0,True,0.0,
4VozWQ,46,60,Winner_2022,0.1,5.0,1,True,0.0,
4VozWQ,46,61,Winner_2022,0.1,5.0,0,True,0.0,
4VozWQ,46,62,Winner_2022,0.1,5.0,0,True,0.0,
4VozWQ,46,63,Winner_2022,0.1,5.0,1,True,0.0,
4VozWQ,46,64,Winner_2022,0.1,5.0,0,True,0.0,
4VozWQ,46,65,Winner_2022,0.1,5.0,0,True,0.0,
4VozWQ,46,66,Winner_2022,0.1,5.0,0,True,0.0,
4VozWQ,46,67,Winner_2022,0.1,5.0,0,True,0.0,
4VozWQ,46,68,Winner_2022,0.1,5.0,0,True,0.0,
4VozWQ,46,69,Winner_2022,0.1,5.0,0,True,0.0,
4VozWQ,46,70,Winner_2022,0.1,5.0,0,True,0.0,
4VozWQ,46,71,Winner_2022,0.1,5.0,2,True,0.0,
4VozWQ,46,72,Winner_2022,0.1,5.0,0,True,0.0,
4VozWQ,46,73,Winner_2022,0.1,5.0,0,True,0.0,
4VozWQ,46,74,Winner_2022,0.1,5.0,0,True,0.0,
4VozWQ,46,75,Winner_2022,0.1,5.0,2,True,0.0,
4VozWQ,46,76,Winner_2022,0.1,5.0,1,True,0.0,
4VozWQ,46,77,Winner_2022,0.1,5.0,2,True,0.0,
4VozWQ,46,78,Winner_2022,0.1,5.0,0,True,0.0,
4VozWQ,46,79,Winner_2022,0.1,5.0,0,True,0.0,
4VozWQ,46,80,Winner_2022,0.1,5.0,0,True,0.0,
4VozWQ,46,81,Winner_2022,0.1,5.0,1,True,0.0,
4VozWQ,46,82,Winner_2022,0.1,5.0,0,True,0.0,
4VozWQ,46,83,Winner_2022,0.1,5.0,0,True,0.0,
4VozWQ,46,84,Winner_2022,0.1,5.0,1,True,0.0,
4VozWQ,46,85,Winner_2022,0.1,5.0,0,True,0.0,
4VozWQ,46,86,Winner_2022,0.1,5.0,2,True,0.0,
4VozWQ,46,87,Winner_2022,0.1,5.0,1,True,0.0,
4VozWQ,46,88,Winner_2022,0.1,5.0,1,True,0.0,
4VozWQ,46,89,Winner_2022,0.1,5.0,1,True,0.0,
4VozWQ,46,90,Winner_2022,0.1,5.0,1,True,0.0,
4VozWQ,46,91,Winner_2022,0.1,5.0,0,True,0.0,
4VozWQ,46,92,Winner_2022,0.1,5.0,0,True,0.0,
4VozWQ,46,93,Winner_2022,0.1,5.0,1,True,0.0,
4VozWQ,46,94,Winner_2022,0.1,5.0,1,True,0.0,
4VozWQ,46,95,Winner_2022,0.1,5.0,0,True,0.0,
4VozWQ,46,96,Winner_2022,0.1,5.0,0,True,0.0,
4VozWQ,46,97,Winner_2022,0.1,5.0,0,True,0.0,
4VozWQ,46,98,Winner_2022,0.1,5.0,2,True,0.0,
4VozWQ,46,99,Winner_2022,0.1,5.0,1,True,0.0,
4VozWQ,46,100,Winner_2022,0.1,5.0,1,True,0.0,
4VozWQ,47,1,Winner_2022,0.1,82.0,0,True,0.0,
4VozWQ,47,2,Winner_2022,0.6,65.6,0,True,0.0,
4VozWQ,47,3,Winner_2022,1.1,52.5,0,True,0.0,
4VozWQ,47,4,Winner_2022,0.6,42.0,0,True,0.0,
4VozWQ,47,5,Winner_2022,0.1,33.6,0,True,0.0,
4VozWQ,47,6,Winner_2022,0.6,26.9,0,True,0.0,
4VozWQ,47,7,Winner_2022,1.1,21.5,0,True,0.0,
4VozWQ,47,8,Winner_2022,0.6,17.2,0,True,0.0,
4VozWQ,47,9,Winner_2022,0.1,13.8,0,True,0.0,
4VozWQ,47,10,Winner_2022,0.6,11.0,1,True,0.0,
4VozWQ,47,11,Winner_2022,1.1,9.3,0,True,0.0,
4VozWQ,47,12,Winner_2022,0.6,7.7,0,True,0.0,
4VozWQ,47,13,Winner_2022,1.1,6.5,0,True,0.0,
4VozWQ,47,14,Winner_2022,0.6,5.4,0,True,0.0,
4VozWQ,47,15,Winner_2022,0.1,5.0,0,True,0.0,
4VozWQ,47,16,Winner_2022,0.1,5.0,0,True,0.0,
4VozWQ,47,17,Winner_2022,0.1,5.0,0,True,0.0,
4VozWQ,47,18,Winner_2022,0.1,5.0,0,True,0.0,
4VozWQ,47,19,Winner_2022,0.1,5.0,0,True,0.0,
4VozWQ,47,20,Winner_2022,0.1,5.0,0,True,0.0,
4VozWQ,47,21,Winner_2022,0.1,5.0,1,True,0.0,
4VozWQ,47,22,Winner_2022,0.1,5.0,0,True,0.0,
4VozWQ,47,23,Winner_2022,0.1,5.0,0,True,0.0,
4VozWQ,47,24,Winner_2022,0.1,5.0,0,True,0.0,
4VozWQ,47,25,Winner_2022,0.1,5.0,1,True,0.0,
4VozWQ,47,26,Winner_2022,0.1,5.0,0,True,0.0,
4VozWQ,47,27,Winner_2022,0.1,5.0,0,True,0.0,
4VozWQ,47,28,Winner_2022,0.1,5.0,1,True,0.0,
4VozWQ,47,29,Winner_2022,0.1,5.0,0,True,0.0,
4VozWQ,47,30,Winner_2022,0.1,5.0,0,True,0.0,
4VozWQ,47,31,Winner_2022,0.1,5.0,0,True,0.0,
4VozWQ,47,32,Winner_2022,0.1,5.0,0,True,0.0,
4VozWQ,47,33,Winner_2022,0.1,5.0,1,True,0.0,
4VozWQ,47,34,Winner_2022,0.1,5.0,0,True,0.0,
4VozWQ,47,35,Winner_2022,0.1,5.0,0,True,0.0,
4VozWQ,47,36,Winner_2022,0.1,5.0,0,True,0.0,
4VozWQ,47,37,Winner_2022,0.1,5.0,0,True,0.0,
4VozWQ,47,38,Winner_2022,0.1,5.0,1,True,0.0,
4VozWQ,47,39,Winner_2022,0.1,5.0,0,True,0.0,
4VozWQ,47,40,Winner_2022,0.1,5.0,0,True,0.0,
4VozWQ,47,41,Winner_2022,0.1,5.0,0,True,0.0,
4VozWQ,47,42,Winner_2022,0.1,5.0,0,True,0.0,
4VozWQ,47,43,Winner_2022,0.1,5.0,0,True,0.0,
4VozWQ,47,44,Winner_2022,0.1,5.0,1,True,0.0,
4VozWQ,47,45,Winner_2022,0.1,5.0,0,True,0.0,
4VozWQ,47,46,Winner_2022,0.1,5.0,0,True,0.0,
4VozWQ,47,47,Winner_2022,0.1,5.0,2,True,0.0,
4VozWQ,47,48,Winner_2022,0.1,5.0,1,True,0.0,
4VozWQ,47,49,Winner_2022,0.1,5.0,0,True,0.0,
4VozWQ,47,50,Winner_2022,0.1,5.0,0,True,0.0,
4VozWQ,47,51,Winner_2022,0.1,5.0,1,True,0.0,
4VozWQ,47,52,Winner_2022,0.1,5.0,0,True,0.0,
4VozWQ,47,53,Winner_2022,0.1,5.0,2,True,0.0,
4VozWQ,47,54,Winner_2022,0.1,5.0,0,True,0.0,
4VozWQ,47,55,Winner_2022,0.1,5.0,1,True,0.0,
4VozWQ,47,56,Winner_2022,0.1,5.0,0,True,0.0,
4VozWQ,47,57,Winner_2022,0.1,5.0,0,True,0.0,
4VozWQ,47,58,Winner_2022,0.1,5.0,0,True,0.0,
4VozWQ,47,59,Winner_2022,0.1,5.0,2,True,0.0,
4VozWQ,47,60,Winner_2022,0.1,5.0,0,True,0.0,
4VozWQ,47,61,Winner_2022,0.1,5.0,0,True,0.0,
4VozWQ,47,62,Winner_2022,0.1,5.0,0,True,0.0,
4VozWQ,47,63,Winner_2022,0.1,5.0,0,True,0.0,
4VozWQ,47,64,Winner_2022,0.1,5.0,0,True,0.0,
4VozWQ,47,65,Winner_2022,0.1,5.0,0,True,0.0,
4VozWQ,47,66,Winner_2022,0.6,5.0,0,True,0.0,
4VozWQ,47,67,Winner_2022,0.1,5.0,0,True,0.0,
4VozWQ,47,68,Winner_2022,0.1,5.0,0,True,0.0,
4VozWQ,47,69,Winner_2022,0.6,5.0,1,True,0.0,
4VozWQ,47,70,Winner_2022,1.1,5.0,1,True,0.0,
4VozWQ,47,71,Winner_2022,1.6,5.0,0,True,0.0,
4VozWQ,47,72,Winner_2022,2.1,5.0,0,True,0.0,
4VozWQ,47,73,Winner_2022,2.6,5.0,2,True,0.0,
4VozWQ,47,74,Winner_2022,3.1,5.0,1,True,0.0,
4VozWQ,47,75,Winner_2022,3.6,5.0,0,True,0.0,
4VozWQ,47,76,Winner_2022,4.1,5.0,1,True,0.0,
4VozWQ,47,77,Winner_2022,4.5,5.0,3,True,0.0,
4VozWQ,47,78,Winner_2022,4.8,5.0,2,True,0.0,
4VozWQ,47,79,Winner_2022,4.9,5.0,1,True,0.0,
4VozWQ,47,80,Winner_2022,4.9,5.0,1,True,0.0,
4VozWQ,47,81,Winner_2022,5.0,5.0,1,True,0.0,
4VozWQ,47,82,Winner_2022,5.0,5.0,0,True,0.0,
4VozWQ,47,83,Winner_2022,5.0,5.0,1,True,0.0,
4VozWQ,47,84,Winner_2022,5.0,5.0,3,True,0.0,
4VozWQ,47,85,Winner_2022,5.0,5.0,2,True,0.0,
4VozWQ,47,86,Winner_2022,5.0,5.0,1,True,0.0,
4VozWQ,47,87,Winner_2022,5.0,5.0,0,True,0.0,
4VozWQ,47,88,Winner_2022,5.0,5.0,2,True,0.0,
4VozWQ,47,89,Winner_2022,5.0,5.0,1,True,0.0,
4VozWQ,47,90,Winner_2022,5.0,5.0,1,True,0.0,
4VozWQ,47,91,Winner_2022,5.0,5.0,1,True,0.0,
4VozWQ,47,92,Winner_2022,5.0,5.0,0,True,0.0,
4VozWQ,47,93,Winner_2022,5.0,5.0,0,True,0.0,
4VozWQ,47,94,Winner_2022,5.0,5.0,0,True,0.0,
4VozWQ,47,95,Winner_2022,5.0,5.0,0,True,0.0,
4VozWQ,47,96,Winner_2022,5.0,5.0,0,True,0.0,
4VozWQ,47,97,Winner_2022,5.0,5.0,2,True,0.0,
4VozWQ,47,98,Winner_2022,5.0,5.0,0,True,0.0,
4VozWQ,47,99,Winner_2022,5.0,5.0,0,True,0.0,
4VozWQ,47,100,Winner_2022,5.0,5.0,0,True,0.0,
4VozWQ,48,1,Winner_2022,0.8,54.0,0,True,0.0,
4VozWQ,48,2,Winner_2022,1.3,43.2,0,True,0.0,
4VozWQ,48,3,Winner_2022,1.8,34.6,0,True,0.0,
4VozWQ,48,4,Winner_2022,2.3,27.6,0,True,0.0,
4VozWQ,48,5,Winner_2022,2.8,22.1,0,True,0.0,
4VozWQ,48,6,Winner_2022,3.3,17.7,0,True,0.0,
4VozWQ,48,7,Winner_2022,3.8,14.2,0,True,0.0,
4VozWQ,48,8,Winner_2022,4.3,11.3,1,True,0.0,
4VozWQ,48,9,Winner_2022,4.8,9.6,0,True,0.0,
4VozWQ,48,10,Winner_2022,4.3,8.1,0,True,0.0,
4VozWQ,48,11,Winner_2022,3.8,6.8,1,True,0.0,
4VozWQ,48,12,Winner_2022,3.3,6.0,0,True,0.0,
4VozWQ,48,13,Winner_2022,2.8,5.2,0,True,0.0,
4VozWQ,48,14,Winner_2022,2.3,5.0,0,True,0.0,
4VozWQ,48,15,Winner_2022,1.8,5.0,1,True,0.0,
4VozWQ,48,16,Winner_2022,1.3,5.0,2,True,0.0,
4VozWQ,48,17,Winner_2022,0.8,5.0,0,True,0.0,
4VozWQ,48,18,Winner_2022,0.3,5.0,0,True,0.0,
4VozWQ,48,19,Winner_2022,0.1,5.0,0,True,0.0,
4VozWQ,48,20,Winner_2022,0.1,5.0,0,True,0.0,
4VozWQ,48,21,Winner_2022,0.1,5.0,0,True,0.0,
4VozWQ,48,22,Winner_2022,0.1,5.0,0,True,0.0,
4VozWQ,48,23,Winner_2022,0.1,5.0,1,True,0.0,
4VozWQ,48,24,Winner_2022,0.1,5.0,0,True,0.0,
4VozWQ,48,25,Winner_2022,0.1,5.0,0,True,0.0,
4VozWQ,48,26,Winner_2022,0.1,5.0,0,True,0.0,
4VozWQ,48,27,Winner_2022,0.1,5.0,0,True,0.0,
4VozWQ,48,28,Winner_2022,0.1,5.0,0,True,0.0,
4VozWQ,48,29,Winner_2022,0.1,5.0,1,True,0.0,
4VozWQ,48,30,Winner_2022,0.1,5.0,2,True,0.0,
4VozWQ,48,31,Winner_2022,0.1,5.0,0,True,0.0,
4VozWQ,48,32,Winner_2022,0.1,5.0,1,True,0.0,
4VozWQ,48,33,Winner_2022,0.1,5.0,0,True,0.0,
4VozWQ,48,34,Winner_2022,0.1,5.0,0,True,0.0,
4VozWQ,48,35,Winner_2022,0.1,5.0,1,True,0.0,
4VozWQ,48,36,Winner_2022,0.1,5.0,1,True,0.0,
4VozWQ,48,37,Winner_2022,0.1,5.0,0,True,0.0,
4VozWQ,48,38,Winner_2022,0.1,5.0,0,True,0.0,
4VozWQ,48,39,Winner_2022,0.1,5.0,1,True,0.0,
4VozWQ,48,40,Winner_2022,0.1,5.0,1,True,0.0,
4VozWQ,48,41,Winner_2022,0.1,5.0,0,True,0.0,
4VozWQ,48,42,Winner_2022,0.1,5.0,0,True,0.0,
4VozWQ,48,43,Winner_2022,0.1,5.0,1,True,0.0,
4VozWQ,48,44,Winner_2022,0.1,5.0,1,True,0.0,
4VozWQ,48,45,Winner_2022,0.1,5.0,1,True,0.0,
4VozWQ,48,46,Winner_2022,0.1,5.0,1,True,0.0,
4VozWQ,48,47,Winner_2022,0.1,5.0,0,True,0.0,
4VozWQ,48,48,Winner_2022,0.1,5.0,1,True,0.0,
4VozWQ,48,49,Winner_2022,0.1,5.0,1,True,0.0,
4VozWQ,48,50,Winner_2022,0.1,5.0,1,True,0.0,
4VozWQ,48,51,Winner_2022,0.6,5.0,0,True,0.0,
4VozWQ,48,52,Winner_2022,1.1,5.0,0,True,0.0,
4VozWQ,48,53,Winner_2022,1.6,5.0,0,True,0.0,
4VozWQ,48,54,Winner_2022,2.1,5.0,0,True,0.0,
4VozWQ,48,55,Winner_2022,2.6,5.0,0,True,0.0,
4VozWQ,48,56,Winner_2022,3.1,5.0,1,True,0.0,
4VozWQ,48,57,Winner_2022,3.6,5.0,0,True,0.0,
4VozWQ,48,58,Winner_2022,4.1,5.0,0,True,0.0,
4VozWQ,48,59,Winner_2022,3.6,5.0,0,True,0.0,
4VozWQ,48,60,Winner_2022,3.1,5.0,1,True,0.0,
4VozWQ,48,61,Winner_2022,3.6,5.0,0,True,0.0,
4VozWQ,48,62,Winner_2022,4.1,5.0,0,True,0.0,
4VozWQ,48,63,Winner_2022,4.6,5.0,3,True,0.0,
4VozWQ,48,64,Winner_2022,4.8,5.0,0,True,0.0,
4VozWQ,48,65,Winner_2022,4.9,5.0,1,True,0.0,
4VozWQ,48,66,Winner_2022,4.9,5.0,0,True,0.0,
4VozWQ,48,67,Winner_2022,5.0,5.0,1,True,0.0,
4VozWQ,48,68,Winner_2022,5.0,5.0,0,True,0.0,
4VozWQ,48,69,Winner_2022,5.0,5.0,2,True,0.0,
4VozWQ,48,70,Winner_2022,5.0,5.0,1,True,0.0,
4VozWQ,48,71,Winner_2022,5.0,5.0,1,True,0.0,
4VozWQ,48,72,Winner_2022,5.0,5.0,0,True,0.0,
4VozWQ,48,73,Winner_2022,5.0,5.0,1,True,0.0,
4VozWQ,48,74,Winner_2022,5.0,5.0,0,True,0.0,
4VozWQ,48,75,Winner_2022,5.0,5.0,1,True,0.0,
4VozWQ,48,76,Winner_2022,5.0,5.0,1,True,0.0,
4VozWQ,48,77,Winner_2022,5.0,5.0,1,True,0.0,
4VozWQ,48,78,Winner_2022,5.0,5.0,0,True,0.0,
4VozWQ,48,79,Winner_2022,5.0,5.0,1,True,0.0,
4VozWQ,48,80,Winner_2022,5.0,5.0,1,True,0.0,
4VozWQ,48,81,Winner_2022,5.0,5.0,2,True,0.0,
4VozWQ,48,82,Winner_2022,5.0,5.0,1,True,0.0,
4VozWQ,48,83,Winner_2022,5.0,5.0,1,True,0.0,
4VozWQ,48,84,Winner_2022,5.0,5.0,1,True,0.0,
4VozWQ,48,85,Winner_2022,5.0,5.0,0,True,0.0,
4VozWQ,48,86,Winner_2022,5.0,5.0,1,True,0.0,
4VozWQ,48,87,Winner_2022,5.0,5.0,1,True,0.0,
4VozWQ,48,88,Winner_2022,5.0,5.0,0,True,0.0,
4VozWQ,48,89,Winner_2022,5.0,5.0,1,True,0.0,
4VozWQ,48,90,Winner_2022,5.0,5.0,0,True,0.0,
4VozWQ,48,91,Winner_2022,5.0,5.0,0,True,0.0,
4VozWQ,48,92,Winner_2022,5.0,5.0,0,True,0.0,
4VozWQ,48,93,Winner_2022,5.0,5.0,0,True,0.0,
4VozWQ,48,94,Winner_2022,5.0,5.0,0,True,0.0,
4VozWQ,48,95,Winner_2022,5.0,5.0,0,True,0.0,
4VozWQ,48,96,Winner_2022,5.0,5.0,3,True,0.0,
4VozWQ,48,97,Winner_2022,5.0,5.0,0,True,0.0,
4VozWQ,48,98,Winner_2022,5.0,5.0,0,True,0.0,
4VozWQ,48,99,Winner_2022,0.1,5.0,2,False,0.0,
4VozWQ,48,100,Winner_2022,0.1,5.0,3,False,0.0,
4VozWQ,49,1,Winner_2022,2.1,44.0,0,True,0.0,
4VozWQ,49,2,Winner_2022,2.6,35.2,0,True,0.0,
4VozWQ,49,3,Winner_2022,3.1,28.2,0,True,0.0,
4VozWQ,49,4,Winner_2022,3.6,22.5,0,True,0.0,
4VozWQ,49,5,Winner_2022,4.1,18.0,1,True,0.0,
4VozWQ,49,6,Winner_2022,4.6,15.8,0,True,0.0,
4VozWQ,49,7,Winner_2022,5.1,13.7,0,True,0.0,
4VozWQ,49,8,Winner_2022,5.6,11.7,1,True,0.0,
4VozWQ,49,9,Winner_2022,6.1,10.5,1,True,0.0,
4VozWQ,49,10,Winner_2022,6.6,9.8,0,True,0.0,
4VozWQ,49,11,Winner_2022,6.1,9.0,0,True,0.0,
4VozWQ,49,12,Winner_2022,5.6,8.2,1,True,0.0,
4VozWQ,49,13,Winner_2022,5.1,7.7,1,True,0.0,
4VozWQ,49,14,Winner_2022,4.6,7.3,0,True,0.0,
4VozWQ,49,15,Winner_2022,4.1,6.8,0,True,0.0,
4VozWQ,49,16,Winner_2022,3.6,6.3,1,True,0.0,
4VozWQ,49,17,Winner_2022,3.1,5.9,0,True,0.0,
4VozWQ,49,18,Winner_2022,2.6,5.5,0,True,0.0,
4VozWQ,49,19,Winner_2022,2.1,5.1,3,True,0.0,
4VozWQ,49,20,Winner_2022,1.6,5.0,0,True,0.0,
4VozWQ,49,21,Winner_2022,1.1,5.0,1,True,0.0,
4VozWQ,49,22,Winner_2022,0.6,5.0,0,True,0.0,
4VozWQ,49,23,Winner_2022,0.1,5.0,0,True,0.0,
4VozWQ,49,24,Winner_2022,0.6,5.0,0,True,0.0,
4VozWQ,49,25,Winner_2022,1.1,5.0,0,True,0.0,
4VozWQ,49,26,Winner_2022,1.6,5.0,1,True,0.0,
4VozWQ,49,27,Winner_2022,2.1,5.0,0,True,0.0,
4VozWQ,49,28,Winner_2022,2.6,5.0,1,True,0.0,
4VozWQ,49,29,Winner_2022,3.1,5.0,1,True,0.0,
4VozWQ,49,30,Winner_2022,3.6,5.0,0,True,0.0,
4VozWQ,49,31,Winner_2022,4.1,5.0,2,True,0.0,
4VozWQ,49,32,Winner_2022,4.5,5.0,0,True,0.0,
4VozWQ,49,33,Winner_2022,4.8,5.0,0,True,0.0,
4VozWQ,49,34,Winner_2022,4.9,5.0,0,True,0.0,
4VozWQ,49,35,Winner_2022,4.9,5.0,0,True,0.0,
4VozWQ,49,36,Winner_2022,5.0,5.0,0,True,0.0,
4VozWQ,49,37,Winner_2022,5.0,5.0,0,True,0.0,
4VozWQ,49,38,Winner_2022,5.0,5.0,0,True,0.0,
4VozWQ,49,39,Winner_2022,5.0,5.0,0,True,0.0,
4VozWQ,49,40,Winner_2022,5.0,5.0,0,True,0.0,
4VozWQ,49,41,Winner_2022,4.9,5.0,0,True,0.0,
4VozWQ,49,42,Winner_2022,4.9,5.0,3,True,0.0,
4VozWQ,49,43,Winner_2022,4.8,5.0,0,True,0.0,
4VozWQ,49,44,Winner_2022,4.8,5.0,0,True,0.0,
4VozWQ,49,45,Winner_2022,4.6,5.0,0,True,0.0,
4VozWQ,49,46,Winner_2022,4.5,5.0,1,True,0.0,
4VozWQ,49,47,Winner_2022,4.2,5.0,1,True,0.0,
4VozWQ,49,48,Winner_2022,3.8,5.0,1,True,0.0,
4VozWQ,49,49,Winner_2022,3.3,5.0,0,True,0.0,
4VozWQ,49,50,Winner_2022,3.8,5.0,0,True,0.0,
4VozWQ,49,51,Winner_2022,4.3,5.0,0,True,0.0,
4VozWQ,49,52,Winner_2022,4.6,5.0,1,True,0.0,
4VozWQ,49,53,Winner_2022,4.8,5.0,1,True,0.0,
4VozWQ,49,54,Winner_2022,4.9,5.0,0,True,0.0,
4VozWQ,49,55,Winner_2022,4.9,5.0,1,True,0.0,
4VozWQ,49,56,Winner_2022,4.9,5.0,1,True,0.0,
4VozWQ,49,57,Winner_2022,4.9,5.0,0,True,0.0,
4VozWQ,49,58,Winner_2022,4.8,5.0,0,True,0.0,
4VozWQ,49,59,Winner_2022,4.8,5.0,0,True,0.0,
4VozWQ,49,60,Winner_2022,4.7,5.0,2,True,0.0,
4VozWQ,49,61,Winner_2022,4.8,5.0,0,True,0.0,
4VozWQ,49,62,Winner_2022,4.7,5.0,1,True,0.0,
4VozWQ,49,63,Winner_2022,4.6,5.0,1,True,0.0,
4VozWQ,49,64,Winner_2022,4.4,5.0,0,True,0.0,
4VozWQ,49,65,Winner_2022,4.1,5.0,1,True,0.0,
4VozWQ,49,66,Winner_2022,3.7,5.0,1,True,0.0,
4VozWQ,49,67,Winner_2022,3.2,5.0,0,True,0.0,
4VozWQ,49,68,Winner_2022,2.7,5.0,1,True,0.0,
4VozWQ,49,69,Winner_2022,2.2,5.0,0,True,0.0,
4VozWQ,49,70,Winner_2022,1.7,5.0,0,True,0.0,
4VozWQ,49,71,Winner_2022,1.2,5.0,0,True,0.0,
4VozWQ,49,72,Winner_2022,0.7,5.0,1,True,0.0,
4VozWQ,49,73,Winner_2022,0.2,5.0,2,True,0.0,
4VozWQ,49,74,Winner_2022,0.1,5.0,0,True,0.0,
4VozWQ,49,75,Winner_2022,0.1,5.0,0,True,0.0,
4VozWQ,49,76,Winner_2022,0.1,5.0,1,True,0.0,
4VozWQ,49,77,Winner_2022,0.1,5.0,0,True,0.0,
4VozWQ,49,78,Winner_2022,0.1,5.0,2,True,0.0,
4VozWQ,49,79,Winner_2022,0.1,5.0,0,True,0.0,
4VozWQ,49,80,Winner_2022,0.1,5.0,0,True,0.0,
4VozWQ,49,81,Winner_2022,0.1,5.0,1,True,0.0,
4VozWQ,49,82,Winner_2022,0.1,5.0,2,True,0.0,
4VozWQ,49,83,Winner_2022,0.1,5.0,0,True,0.0,
4VozWQ,49,84,Winner_2022,0.1,5.0,1,True,0.0,
4VozWQ,49,85,Winner_2022,0.1,5.0,0,True,0.0,
4VozWQ,49,86,Winner_2022,0.1,5.0,0,True,0.0,
4VozWQ,49,87,Winner_2022,0.1,5.0,0,True,0.0,
4VozWQ,49,88,Winner_2022,0.1,5.0,0,True,0.0,
4VozWQ,49,89,Winner_2022,0.1,5.0,0,True,0.0,
4VozWQ,49,90,Winner_2022,0.1,5.0,0,True,0.0,
4VozWQ,49,91,Winner_2022,0.1,5.0,2,True,0.0,
4VozWQ,49,92,Winner_2022,0.1,5.0,0,True,0.0,
4VozWQ,49,93,Winner_2022,0.1,5.0,2,True,0.0,
4VozWQ,49,94,Winner_2022,0.1,5.0,1,True,0.0,
4VozWQ,49,95,Winner_2022,0.1,5.0,0,True,0.0,
4VozWQ,49,96,Winner_2022,0.1,5.0,1,True,0.0,
4VozWQ,49,97,Winner_2022,0.1,5.0,2,True,0.0,
4VozWQ,49,98,Winner_2022,0.1,5.0,0,True,0.0,
4VozWQ,49,99,Winner_2022,0.1,5.0,0,True,0.0,
4VozWQ,49,100,Winner_2022,0.1,5.0,1,True,0.0,
4VozWQ,50,1,Winner_2022,2.8,73.0,0,True,0.0,
4VozWQ,50,2,Winner_2022,2.3,58.4,0,True,0.0,
4VozWQ,50,3,Winner_2022,2.8,46.7,0,True,0.0,
4VozWQ,50,4,Winner_2022,3.3,37.4,0,True,0.0,
4VozWQ,50,5,Winner_2022,3.8,29.9,0,True,0.0,
4VozWQ,50,6,Winner_2022,4.3,23.9,0,True,0.0,
4VozWQ,50,7,Winner_2022,4.8,19.1,0,True,0.0,
4VozWQ,50,8,Winner_2022,5.3,15.3,0,True,0.0,
4VozWQ,50,9,Winner_2022,5.8,12.2,2,True,0.0,
4VozWQ,50,10,Winner_2022,6.3,10.9,0,True,0.0,
4VozWQ,50,11,Winner_2022,6.8,9.6,1,True,0.0,
4VozWQ,50,12,Winner_2022,7.3,8.7,0,True,0.0,
4VozWQ,50,13,Winner_2022,7.8,7.9,0,True,0.0,
4VozWQ,50,14,Winner_2022,7.8,7.0,0,True,0.0,
4VozWQ,50,15,Winner_2022,8.2,6.1,0,True,0.0,
4VozWQ,50,16,Winner_2022,8.7,5.4,1,True,0.0,
4VozWQ,50,17,Winner_2022,9.2,5.0,2,True,0.0,
4VozWQ,50,18,Winner_2022,9.7,5.0,0,True,0.0,
4VozWQ,50,19,Winner_2022,10.2,5.0,0,True,0.0,
4VozWQ,50,20,Winner_2022,9.7,5.0,0,True,0.0,
4VozWQ,50,21,Winner_2022,9.2,5.0,1,True,0.0,
4VozWQ,50,22,Winner_2022,8.7,5.0,0,True,0.0,
4VozWQ,50,23,Winner_2022,8.2,5.0,0,True,0.0,
4VozWQ,50,24,Winner_2022,7.7,5.0,0,True,0.0,
4VozWQ,50,25,Winner_2022,7.2,5.0,1,True,0.0,
4VozWQ,50,26,Winner_2022,6.7,5.0,1,True,0.0,
4VozWQ,50,27,Winner_2022,6.2,5.0,0,True,0.0,
4VozWQ,50,28,Winner_2022,5.7,5.0,1,True,0.0,
4VozWQ,50,29,Winner_2022,5.4,5.0,0,True,0.0,
4VozWQ,50,30,Winner_2022,5.2,5.0,0,True,0.0,
4VozWQ,50,31,Winner_2022,5.1,5.0,0,True,0.0,
4VozWQ,50,32,Winner_2022,5.0,5.0,0,True,0.0,
4VozWQ,50,33,Winner_2022,5.0,5.0,0,True,0.0,
4VozWQ,50,34,Winner_2022,5.0,5.0,0,True,0.0,
4VozWQ,50,35,Winner_2022,5.0,5.0,1,True,0.0,
4VozWQ,50,36,Winner_2022,5.0,5.0,0,True,0.0,
4VozWQ,50,37,Winner_2022,5.0,5.0,1,True,0.0,
4VozWQ,50,38,Winner_2022,5.0,5.0,0,True,0.0,
4VozWQ,50,39,Winner_2022,5.0,5.0,1,True,0.0,
4VozWQ,50,40,Winner_2022,5.0,5.0,0,True,0.0,
4VozWQ,50,41,Winner_2022,5.0,5.0,1,True,0.0,
4VozWQ,50,42,Winner_2022,5.0,5.0,2,True,0.0,
4VozWQ,50,43,Winner_2022,5.0,5.0,0,True,0.0,
4VozWQ,50,44,Winner_2022,5.0,5.0,1,True,0.0,
4VozWQ,50,45,Winner_2022,5.0,5.0,2,True,0.0,
4VozWQ,50,46,Winner_2022,5.0,5.0,0,True,0.0,
4VozWQ,50,47,Winner_2022,5.0,5.0,0,True,0.0,
4VozWQ,50,48,Winner_2022,5.0,5.0,0,True,0.0,
4VozWQ,50,49,Winner_2022,5.0,5.0,0,True,0.0,
4VozWQ,50,50,Winner_2022,5.0,5.0,1,True,0.0,
4VozWQ,50,51,Winner_2022,5.0,5.0,0,True,0.0,
4VozWQ,50,52,Winner_2022,5.0,5.0,0,True,0.0,
4VozWQ,50,53,Winner_2022,5.0,5.0,0,True,0.0,
4VozWQ,50,54,Winner_2022,5.0,5.0,1,True,0.0,
4VozWQ,50,55,Winner_2022,5.0,5.0,0,True,0.0,
4VozWQ,50,56,Winner_2022,5.0,5.0,2,True,0.0,
4VozWQ,50,57,Winner_2022,5.0,5.0,1,True,0.0,
4VozWQ,50,58,Winner_2022,5.0,5.0,0,True,0.0,
4VozWQ,50,59,Winner_2022,5.0,5.0,0,True,0.0,
4VozWQ,50,60,Winner_2022,5.0,5.0,0,True,0.0,
4VozWQ,50,61,Winner_2022,5.0,5.0,1,True,0.0,
4VozWQ,50,62,Winner_2022,5.0,5.0,0,True,0.0,
4VozWQ,50,63,Winner_2022,5.0,5.0,0,True,0.0,
4VozWQ,50,64,Winner_2022,5.0,5.0,1,True,0.0,
4VozWQ,50,65,Winner_2022,5.0,5.0,0,True,0.0,
4VozWQ,50,66,Winner_2022,5.0,5.0,0,True,0.0,
4VozWQ,50,67,Winner_2022,5.0,5.0,0,True,0.0,
4VozWQ,50,68,Winner_2022,5.0,5.0,0,True,0.0,
4VozWQ,50,69,Winner_2022,5.0,5.0,3,True,0.0,
4VozWQ,50,70,Winner_2022,5.0,5.0,0,True,0.0,
4VozWQ,50,71,Winner_2022,5.0,5.0,0,True,0.0,
4VozWQ,50,72,Winner_2022,5.0,5.0,2,True,0.0,
4VozWQ,50,73,Winner_2022,5.0,5.0,1,True,0.0,
4VozWQ,50,74,Winner_2022,5.0,5.0,0,True,0.0,
4VozWQ,50,75,Winner_2022,5.0,5.0,3,True,0.0,
4VozWQ,50,76,Winner_2022,5.0,5.0,0,True,0.0,
4VozWQ,50,77,Winner_2022,5.0,5.0,0,True,0.0,
4VozWQ,50,78,Winner_2022,5.0,5.0,1,True,0.0,
4VozWQ,50,79,Winner_2022,5.0,5.0,1,True,0.0,
4VozWQ,50,80,Winner_2022,5.0,5.0,0,True,0.0,
4VozWQ,50,81,Winner_2022,5.0,5.0,1,True,0.0,
4VozWQ,50,82,Winner_2022,5.0,5.0,1,True,0.0,
4VozWQ,50,83,Winner_2022,5.0,5.0,0,True,0.0,
4VozWQ,50,84,Winner_2022,5.0,5.0,0,True,0.0,
4VozWQ,50,85,Winner_2022,5.0,5.0,0,True,0.0,
4VozWQ,50,86,Winner_2022,5.0,5.0,1,True,0.0,
4VozWQ,50,87,Winner_2022,5.0,5.0,2,True,0.0,
4VozWQ,50,88,Winner_2022,5.0,5.0,0,True,0.0,
4VozWQ,50,89,Winner_2022,5.0,5.0,0,True,0.0,
4VozWQ,50,90,Winner_2022,5.0,5.0,1,True,0.0,
4VozWQ,50,91,Winner_2022,5.0,5.0,0,True,0.0,
4VozWQ,50,92,Winner_2022,5.0,5.0,0,True,0.0,
4VozWQ,50,93,Winner_2022,5.0,5.0,1,True,0.0,
4VozWQ,50,94,Winner_2022,5.0,5.0,0,True,0.0,
4VozWQ,50,95,Winner_2022,5.0,5.0,1,True,0.0,
4VozWQ,50,96,Winner_2022,5.0,5.0,1,True,0.0,
4VozWQ,50,97,Winner_2022,5.0,5.0,1,True,0.0,
4VozWQ,50,98,Winner_2022,5.0,5.0,0,True,0.0,
4VozWQ,50,99,Winner_2022,5.0,5.0,3,True,0.0,
4VozWQ,50,100,Winner_2022,5.0,5.0,0,True,0.0,
4VozWQ,51,1,Winner_2022,4.1,39.0,0,True,0.0,
4VozWQ,51,2,Winner_2022,4.6,31.2,0,True,0.0,
4VozWQ,51,3,Winner_2022,5.1,25.0,0,True,0.0,
4VozWQ,51,4,Winner_2022,5.6,20.0,0,True,0.0,
4VozWQ,51,5,Winner_2022,6.1,16.0,0,True,0.0,
4VozWQ,51,6,Winner_2022,5.6,12.8,0,True,0.0,
4VozWQ,51,7,Winner_2022,5.1,10.2,0,True,0.0,
4VozWQ,51,8,Winner_2022,4.6,8.2,0,True,0.0,
4VozWQ,51,9,Winner_2022,4.1,6.5,0,True,0.0,
4VozWQ,51,10,Winner_2022,3.6,5.2,0,True,0.0,
4VozWQ,51,11,Winner_2022,3.1,5.0,0,True,0.0,
4VozWQ,51,12,Winner_2022,2.6,5.0,1,True,0.0,
4VozWQ,51,13,Winner_2022,2.1,5.0,0,True,0.0,
4VozWQ,51,14,Winner_2022,1.6,5.0,1,True,0.0,
4VozWQ,51,15,Winner_2022,1.1,5.0,0,True,0.0,
4VozWQ,51,16,Winner_2022,0.6,5.0,0,True,0.0,
4VozWQ,51,17,Winner_2022,0.1,5.0,0,True,0.0,
4VozWQ,51,18,Winner_2022,0.1,5.0,0,True,0.0,
4VozWQ,51,19,Winner_2022,0.1,5.0,0,True,0.0,
4VozWQ,51,20,Winner_2022,0.1,5.0,1,True,0.0,
4VozWQ,51,21,Winner_2022,0.1,5.0,0,True,0.0,
4VozWQ,51,22,Winner_2022,0.1,5.0,0,True,0.0,
4VozWQ,51,23,Winner_2022,0.1,5.0,1,True,0.0,
4VozWQ,51,24,Winner_2022,0.1,5.0,1,True,0.0,
4VozWQ,51,25,Winner_2022,0.1,5.0,0,True,0.0,
4VozWQ,51,26,Winner_2022,0.1,5.0,0,True,0.0,
4VozWQ,51,27,Winner_2022,0.1,5.0,0,True,0.0,
4VozWQ,51,28,Winner_2022,0.1,5.0,0,True,0.0,
4VozWQ,51,29,Winner_2022,0.1,5.0,0,True,0.0,
4VozWQ,51,30,Winner_2022,0.1,5.0,0,True,0.0,
4VozWQ,51,31,Winner_2022,0.1,5.0,1,True,0.0,
4VozWQ,51,32,Winner_2022,0.1,5.0,0,True,0.0,
4VozWQ,51,33,Winner_2022,0.6,5.0,0,True,0.0,
4VozWQ,51,34,Winner_2022,1.1,5.0,1,True,0.0,
4VozWQ,51,35,Winner_2022,1.6,5.0,0,True,0.0,
4VozWQ,51,36,Winner_2022,2.1,5.0,0,True,0.0,
4VozWQ,51,37,Winner_2022,1.6,5.0,0,True,0.0,
4VozWQ,51,38,Winner_2022,2.1,5.0,0,True,0.0,
4VozWQ,51,39,Winner_2022,2.6,5.0,0,True,0.0,
4VozWQ,51,40,Winner_2022,3.1,5.0,1,True,0.0,
4VozWQ,51,41,Winner_2022,3.6,5.0,0,True,0.0,
4VozWQ,51,42,Winner_2022,4.1,5.0,1,True,0.0,
4VozWQ,51,43,Winner_2022,3.6,5.0,0,True,0.0,
4VozWQ,51,44,Winner_2022,3.1,5.0,1,True,0.0,
4VozWQ,51,45,Winner_2022,2.6,5.0,0,True,0.0,
4VozWQ,51,46,Winner_2022,2.1,5.0,0,True,0.0,
4VozWQ,51,47,Winner_2022,1.6,5.0,1,True,0.0,
4VozWQ,51,48,Winner_2022,1.1,5.0,0,True,0.0,
4VozWQ,51,49,Winner_2022,0.6,5.0,1,True,0.0,
4VozWQ,51,50,Winner_2022,0.1,5.0,0,True,0.0,
4VozWQ,51,51,Winner_2022,0.6,5.0,0,True,0.0,
4VozWQ,51,52,Winner_2022,1.1,5.0,0,True,0.0,
4VozWQ,51,53,Winner_2022,1.6,5.0,1,True,0.0,
4VozWQ,51,54,Winner_2022,2.1,5.0,1,True,0.0,
4VozWQ,51,55,Winner_2022,2.6,5.0,1,True,0.0,
4VozWQ,51,56,Winner_2022,3.1,5.0,0,True,0.0,
4VozWQ,51,57,Winner_2022,3.6,5.0,0,True,0.0,
4VozWQ,51,58,Winner_2022,4.1,5.0,0,True,0.0,
4VozWQ,51,59,Winner_2022,4.6,5.0,0,True,0.0,
4VozWQ,51,60,Winner_2022,4.8,5.0,0,True,0.0,
4VozWQ,51,61,Winner_2022,4.9,5.0,2,True,0.0,
4VozWQ,51,62,Winner_2022,4.9,5.0,0,True,0.0,
4VozWQ,51,63,Winner_2022,5.0,5.0,1,True,0.0,
4VozWQ,51,64,Winner_2022,5.0,5.0,0,True,0.0,
4VozWQ,51,65,Winner_2022,5.0,5.0,0,True,0.0,
4VozWQ,51,66,Winner_2022,5.0,5.0,1,True,0.0,
4VozWQ,51,67,Winner_2022,5.0,5.0,0,True,0.0,
4VozWQ,51,68,Winner_2022,4.9,5.0,2,True,0.0,
4VozWQ,51,69,Winner_2022,4.9,5.0,0,True,0.0,
4VozWQ,51,70,Winner_2022,4.8,5.0,1,True,0.0,
4VozWQ,51,71,Winner_2022,4.8,5.0,0,True,0.0,
4VozWQ,51,72,Winner_2022,4.7,5.0,1,True,0.0,
4VozWQ,51,73,Winner_2022,4.5,5.0,1,True,0.0,
4VozWQ,51,74,Winner_2022,4.2,5.0,1,True,0.0,
4VozWQ,51,75,Winner_2022,3.9,5.0,2,True,0.0,
4VozWQ,51,76,Winner_2022,3.4,5.0,0,True,0.0,
4VozWQ,51,77,Winner_2022,2.9,5.0,1,True,0.0,
4VozWQ,51,78,Winner_2022,2.4,5.0,0,True,0.0,
4VozWQ,51,79,Winner_2022,1.9,5.0,1,True,0.0,
4VozWQ,51,80,Winner_2022,1.4,5.0,0,True,0.0,
4VozWQ,51,81,Winner_2022,0.9,5.0,0,True,0.0,
4VozWQ,51,82,Winner_2022,0.4,5.0,1,True,0.0,
4VozWQ,51,83,Winner_2022,0.1,5.0,1,True,0.0,
4VozWQ,51,84,Winner_2022,0.1,5.0,2,True,0.0,
4VozWQ,51,85,Winner_2022,0.1,5.0,1,True,0.0,
4VozWQ,51,86,Winner_2022,0.1,5.0,0,True,0.0,
4VozWQ,51,87,Winner_2022,0.1,5.0,1,True,0.0,
4VozWQ,51,88,Winner_2022,0.1,5.0,1,True,0.0,
4VozWQ,51,89,Winner_2022,0.1,5.0,0,True,0.0,
4VozWQ,51,90,Winner_2022,0.1,5.0,0,True,0.0,
4VozWQ,51,91,Winner_2022,0.1,5.0,1,True,0.0,
4VozWQ,51,92,Winner_2022,0.1,5.0,0,True,0.0,
4VozWQ,51,93,Winner_2022,0.1,5.0,0,True,0.0,
4VozWQ,51,94,Winner_2022,0.1,5.0,1,True,0.0,
4VozWQ,51,95,Winner_2022,0.1,5.0,1,True,0.0,
4VozWQ,51,96,Winner_2022,0.1,5.0,0,True,0.0,
4VozWQ,51,97,Winner_2022,0.1,5.0,1,True,0.0,
4VozWQ,51,98,Winner_2022,0.1,5.0,0,True,0.0,
4VozWQ,51,99,Winner_2022,0.1,5.0,2,True,0.0,
4VozWQ,51,100,Winner_2022,0.1,5.0,2,True,0.0,
4VozWQ,52,1,Winner_2022,3.8,41.0,0,True,0.0,
4VozWQ,52,2,Winner_2022,3.3,32.8,0,True,0.0,
4VozWQ,52,3,Winner_2022,2.8,26.2,0,True,0.0,
4VozWQ,52,4,Winner_2022,2.3,21.0,0,True,0.0,
4VozWQ,52,5,Winner_2022,2.8,16.8,0,True,0.0,
4VozWQ,52,6,Winner_2022,3.3,13.4,0,True,0.0,
4VozWQ,52,7,Winner_2022,3.8,10.7,1,True,0.0,
4VozWQ,52,8,Winner_2022,3.3,9.2,0,True,0.0,
4VozWQ,52,9,Winner_2022,2.8,7.8,1,True,0.0,
4VozWQ,52,10,Winner_2022,2.3,6.9,0,True,0.0,
4VozWQ,52,11,Winner_2022,1.8,6.1,2,True,0.0,
4VozWQ,52,12,Winner_2022,1.3,5.8,0,True,0.0,
4VozWQ,52,13,Winner_2022,0.8,5.4,0,True,0.0,
4VozWQ,52,14,Winner_2022,0.3,5.0,0,True,0.0,
4VozWQ,52,15,Winner_2022,0.1,5.0,0,True,0.0,
4VozWQ,52,16,Winner_2022,0.1,5.0,0,True,0.0,
4VozWQ,52,17,Winner_2022,0.1,5.0,1,True,0.0,
4VozWQ,52,18,Winner_2022,0.1,5.0,0,True,0.0,
4VozWQ,52,19,Winner_2022,0.1,5.0,0,True,0.0,
4VozWQ,52,20,Winner_2022,0.1,5.0,0,True,0.0,
4VozWQ,52,21,Winner_2022,0.1,5.0,0,True,0.0,
4VozWQ,52,22,Winner_2022,0.1,5.0,0,True,0.0,
4VozWQ,52,23,Winner_2022,0.1,5.0,0,True,0.0,
4VozWQ,52,24,Winner_2022,0.1,5.0,0,True,0.0,
4VozWQ,52,25,Winner_2022,0.1,5.0,0,True,0.0,
4VozWQ,52,26,Winner_2022,0.1,5.0,0,True,0.0,
4VozWQ,52,27,Winner_2022,0.1,5.0,1,True,0.0,
4VozWQ,52,28,Winner_2022,0.1,5.0,0,True,0.0,
4VozWQ,52,29,Winner_2022,0.1,5.0,0,True,0.0,
4VozWQ,52,30,Winner_2022,0.1,5.0,0,True,0.0,
4VozWQ,52,31,Winner_2022,0.1,5.0,1,True,0.0,
4VozWQ,52,32,Winner_2022,0.1,5.0,0,True,0.0,
4VozWQ,52,33,Winner_2022,0.1,5.0,0,True,0.0,
4VozWQ,52,34,Winner_2022,0.1,5.0,0,True,0.0,
4VozWQ,52,35,Winner_2022,0.1,5.0,0,True,0.0,
4VozWQ,52,36,Winner_2022,0.1,5.0,0,True,0.0,
4VozWQ,52,37,Winner_2022,0.1,5.0,0,True,0.0,
4VozWQ,52,38,Winner_2022,0.1,5.0,0,True,0.0,
4VozWQ,52,39,Winner_2022,0.1,5.0,1,True,0.0,
4VozWQ,52,40,Winner_2022,0.1,5.0,0,True,0.0,
4VozWQ,52,41,Winner_2022,0.1,5.0,0,True,0.0,
4VozWQ,52,42,Winner_2022,0.1,5.0,0,True,0.0,
4VozWQ,52,43,Winner_2022,0.1,5.0,0,True,0.0,
4VozWQ,52,44,Winner_2022,0.1,5.0,1,True,0.0,
4VozWQ,52,45,Winner_2022,0.1,5.0,0,True,0.0,
4VozWQ,52,46,Winner_2022,0.1,5.0,0,True,0.0,
4VozWQ,52,47,Winner_2022,0.1,5.0,2,True,0.0,
4VozWQ,52,48,Winner_2022,0.1,5.0,0,True,0.0,
4VozWQ,52,49,Winner_2022,0.1,5.0,0,True,0.0,
4VozWQ,52,50,Winner_2022,0.1,5.0,1,True,0.0,
4VozWQ,52,51,Winner_2022,0.1,5.0,0,True,0.0,
4VozWQ,52,52,Winner_2022,0.1,5.0,1,True,0.0,
4VozWQ,52,53,Winner_2022,0.1,5.0,1,True,0.0,
4VozWQ,52,54,Winner_2022,0.1,5.0,0,True,0.0,
4VozWQ,52,55,Winner_2022,0.1,5.0,0,True,0.0,
4VozWQ,52,56,Winner_2022,0.1,5.0,1,True,0.0,
4VozWQ,52,57,Winner_2022,0.1,5.0,0,True,0.0,
4VozWQ,52,58,Winner_2022,0.1,5.0,1,True,0.0,
4VozWQ,52,59,Winner_2022,0.1,5.0,0,True,0.0,
4VozWQ,52,60,Winner_2022,0.1,5.0,0,True,0.0,
4VozWQ,52,61,Winner_2022,0.1,5.0,0,True,0.0,
4VozWQ,52,62,Winner_2022,0.1,5.0,0,True,0.0,
4VozWQ,52,63,Winner_2022,0.1,5.0,1,True,0.0,
4VozWQ,52,64,Winner_2022,0.1,5.0,0,True,0.0,
4VozWQ,52,65,Winner_2022,0.1,5.0,0,True,0.0,
4VozWQ,52,66,Winner_2022,0.1,5.0,0,True,0.0,
4VozWQ,52,67,Winner_2022,0.1,5.0,1,True,0.0,
4VozWQ,52,68,Winner_2022,0.1,5.0,0,True,0.0,
4VozWQ,52,69,Winner_2022,0.1,5.0,0,True,0.0,
4VozWQ,52,70,Winner_2022,0.1,5.0,0,True,0.0,
4VozWQ,52,71,Winner_2022,0.1,5.0,0,True,0.0,
4VozWQ,52,72,Winner_2022,0.1,5.0,0,True,0.0,
4VozWQ,52,73,Winner_2022,0.1,5.0,2,True,0.0,
4VozWQ,52,74,Winner_2022,0.1,5.0,1,True,0.0,
4VozWQ,52,75,Winner_2022,0.1,5.0,0,True,0.0,
4VozWQ,52,76,Winner_2022,0.1,5.0,0,True,0.0,
4VozWQ,52,77,Winner_2022,0.1,5.0,0,True,0.0,
4VozWQ,52,78,Winner_2022,0.1,5.0,1,True,0.0,
4VozWQ,52,79,Winner_2022,0.1,5.0,0,True,0.0,
4VozWQ,52,80,Winner_2022,0.1,5.0,4,True,0.0,
4VozWQ,52,81,Winner_2022,0.1,5.0,1,True,0.0,
4VozWQ,52,82,Winner_2022,0.1,5.0,0,True,0.0,
4VozWQ,52,83,Winner_2022,0.1,5.0,0,True,0.0,
4VozWQ,52,84,Winner_2022,0.1,5.0,2,True,0.0,
4VozWQ,52,85,Winner_2022,0.1,5.0,0,True,0.0,
4VozWQ,52,86,Winner_2022,0.1,5.0,0,True,0.0,
4VozWQ,52,87,Winner_2022,0.1,5.0,0,True,0.0,
4VozWQ,52,88,Winner_2022,0.1,5.0,2,True,0.0,
4VozWQ,52,89,Winner_2022,0.1,5.0,0,True,0.0,
4VozWQ,52,90,Winner_2022,0.1,5.0,2,True,0.0,
4VozWQ,52,91,Winner_2022,0.1,5.0,0,True,0.0,
4VozWQ,52,92,Winner_2022,0.1,5.0,3,True,0.0,
4VozWQ,52,93,Winner_2022,0.1,5.0,1,True,0.0,
4VozWQ,52,94,Winner_2022,0.1,5.0,0,True,0.0,
4VozWQ,52,95,Winner_2022,0.1,5.0,0,True,0.0,
4VozWQ,52,96,Winner_2022,0.1,5.0,0,True,0.0,
4VozWQ,52,97,Winner_2022,0.1,5.0,0,True,0.0,
4VozWQ,52,98,Winner_2022,0.1,5.0,0,True,0.0,
4VozWQ,52,99,Winner_2022,0.1,5.0,1,True,0.0,
4VozWQ,52,100,Winner_2022,0.1,5.0,0,True,0.0,
4VozWQ,53,1,Winner_2022,1.3,62.0,0,True,0.0,
4VozWQ,53,2,Winner_2022,0.8,49.6,0,True,0.0,
4VozWQ,53,3,Winner_2022,1.3,39.7,0,True,0.0,
4VozWQ,53,4,Winner_2022,1.8,31.7,0,True,0.0,
4VozWQ,53,5,Winner_2022,1.3,25.4,0,True,0.0,
4VozWQ,53,6,Winner_2022,1.8,20.3,0,True,0.0,
4VozWQ,53,7,Winner_2022,2.3,16.3,0,True,0.0,
4VozWQ,53,8,Winner_2022,1.8,13.0,0,True,0.0,
4VozWQ,53,9,Winner_2022,2.3,10.4,0,True,0.0,
4VozWQ,53,10,Winner_2022,2.8,8.3,0,True,0.0,
4VozWQ,53,11,Winner_2022,3.3,6.7,2,True,0.0,
4VozWQ,53,12,Winner_2022,2.8,5.8,0,True,0.0,
4VozWQ,53,13,Winner_2022,3.3,5.0,2,True,0.0,
4VozWQ,53,14,Winner_2022,3.8,5.0,0,True,0.0,
4VozWQ,53,15,Winner_2022,4.3,5.0,1,True,0.0,
4VozWQ,53,16,Winner_2022,4.6,5.0,2,True,0.0,
4VozWQ,53,17,Winner_2022,4.5,5.0,0,True,0.0,
4VozWQ,53,18,Winner_2022,4.7,5.0,1,True,0.0,
4VozWQ,53,19,Winner_2022,4.9,5.0,2,True,0.0,
4VozWQ,53,20,Winner_2022,4.8,5.0,0,True,0.0,
4VozWQ,53,21,Winner_2022,4.7,5.0,1,True,0.0,
4VozWQ,53,22,Winner_2022,4.5,5.0,0,True,0.0,
4VozWQ,53,23,Winner_2022,4.3,5.0,0,True,0.0,
4VozWQ,53,24,Winner_2022,4.0,5.0,0,True,0.0,
4VozWQ,53,25,Winner_2022,3.5,5.0,0,True,0.0,
4VozWQ,53,26,Winner_2022,3.0,5.0,2,True,0.0,
4VozWQ,53,27,Winner_2022,2.5,5.0,0,True,0.0,
4VozWQ,53,28,Winner_2022,2.0,5.0,0,True,0.0,
4VozWQ,53,29,Winner_2022,1.5,5.0,2,True,0.0,
4VozWQ,53,30,Winner_2022,1.0,5.0,0,True,0.0,
4VozWQ,53,31,Winner_2022,0.5,5.0,0,True,0.0,
4VozWQ,53,32,Winner_2022,0.1,5.0,0,True,0.0,
4VozWQ,53,33,Winner_2022,0.1,5.0,0,True,0.0,
4VozWQ,53,34,Winner_2022,0.1,5.0,0,True,0.0,
4VozWQ,53,35,Winner_2022,0.1,5.0,0,True,0.0,
4VozWQ,53,36,Winner_2022,0.1,5.0,0,True,0.0,
4VozWQ,53,37,Winner_2022,0.1,5.0,1,True,0.0,
4VozWQ,53,38,Winner_2022,0.1,5.0,1,True,0.0,
4VozWQ,53,39,Winner_2022,0.1,5.0,0,True,0.0,
4VozWQ,53,40,Winner_2022,0.1,5.0,1,True,0.0,
4VozWQ,53,41,Winner_2022,0.1,5.0,0,True,0.0,
4VozWQ,53,42,Winner_2022,0.1,5.0,0,True,0.0,
4VozWQ,53,43,Winner_2022,0.1,5.0,0,True,0.0,
4VozWQ,53,44,Winner_2022,0.1,5.0,0,True,0.0,
4VozWQ,53,45,Winner_2022,0.1,5.0,0,True,0.0,
4VozWQ,53,46,Winner_2022,0.1,5.0,1,True,0.0,
4VozWQ,53,47,Winner_2022,0.1,5.0,1,True,0.0,
4VozWQ,53,48,Winner_2022,0.1,5.0,0,True,0.0,
4VozWQ,53,49,Winner_2022,0.1,5.0,1,True,0.0,
4VozWQ,53,50,Winner_2022,0.1,5.0,1,True,0.0,
4VozWQ,53,51,Winner_2022,0.1,5.0,1,True,0.0,
4VozWQ,53,52,Winner_2022,0.1,5.0,0,True,0.0,
4VozWQ,53,53,Winner_2022,0.1,5.0,0,True,0.0,
4VozWQ,53,54,Winner_2022,0.1,5.0,0,True,0.0,
4VozWQ,53,55,Winner_2022,0.1,5.0,1,True,0.0,
4VozWQ,53,56,Winner_2022,0.1,5.0,0,True,0.0,
4VozWQ,53,57,Winner_2022,0.1,5.0,0,True,0.0,
4VozWQ,53,58,Winner_2022,0.1,5.0,0,True,0.0,
4VozWQ,53,59,Winner_2022,0.1,5.0,0,True,0.0,
4VozWQ,53,60,Winner_2022,0.1,5.0,0,True,0.0,
4VozWQ,53,61,Winner_2022,0.1,5.0,2,True,0.0,
4VozWQ,53,62,Winner_2022,0.1,5.0,0,True,0.0,
4VozWQ,53,63,Winner_2022,0.1,5.0,1,True,0.0,
4VozWQ,53,64,Winner_2022,0.1,5.0,1,True,0.0,
4VozWQ,53,65,Winner_2022,0.1,5.0,2,True,0.0,
4VozWQ,53,66,Winner_2022,0.1,5.0,0,True,0.0,
4VozWQ,53,67,Winner_2022,0.1,5.0,1,True,0.0,
4VozWQ,53,68,Winner_2022,0.1,5.0,1,True,0.0,
4VozWQ,53,69,Winner_2022,0.1,5.0,1,True,0.0,
4VozWQ,53,70,Winner_2022,0.1,5.0,4,True,0.0,
4VozWQ,53,71,Winner_2022,0.1,5.0,1,True,0.0,
4VozWQ,53,72,Winner_2022,0.1,5.0,3,True,0.0,
4VozWQ,53,73,Winner_2022,0.1,5.0,0,True,0.0,
4VozWQ,53,74,Winner_2022,0.1,5.0,0,True,0.0,
4VozWQ,53,75,Winner_2022,0.1,5.0,1,True,0.0,
4VozWQ,53,76,Winner_2022,0.1,5.0,1,True,0.0,
4VozWQ,53,77,Winner_2022,0.1,5.0,0,True,0.0,
4VozWQ,53,78,Winner_2022,0.1,5.0,1,True,0.0,
4VozWQ,53,79,Winner_2022,0.1,5.0,0,True,0.0,
4VozWQ,53,80,Winner_2022,0.1,5.0,1,True,0.0,
4VozWQ,53,81,Winner_2022,0.1,5.0,0,True,0.0,
4VozWQ,53,82,Winner_2022,0.1,5.0,0,True,0.0,
4VozWQ,53,83,Winner_2022,0.1,5.0,0,True,0.0,
4VozWQ,53,84,Winner_2022,0.1,5.0,0,True,0.0,
4VozWQ,53,85,Winner_2022,0.1,5.0,2,True,0.0,
4VozWQ,53,86,Winner_2022,0.1,5.0,1,True,0.0,
4VozWQ,53,87,Winner_2022,0.1,5.0,0,True,0.0,
4VozWQ,53,88,Winner_2022,0.1,5.0,0,True,0.0,
4VozWQ,53,89,Winner_2022,0.1,5.0,0,True,0.0,
4VozWQ,53,90,Winner_2022,0.1,5.0,1,True,0.0,
4VozWQ,53,91,Winner_2022,0.1,5.0,0,True,0.0,
4VozWQ,53,92,Winner_2022,0.1,5.0,1,True,0.0,
4VozWQ,53,93,Winner_2022,0.1,5.0,0,True,0.0,
4VozWQ,53,94,Winner_2022,0.1,5.0,0,True,0.0,
4VozWQ,53,95,Winner_2022,0.1,5.0,0,True,0.0,
4VozWQ,53,96,Winner_2022,0.1,5.0,0,True,0.0,
4VozWQ,53,97,Winner_2022,0.1,5.0,1,True,0.0,
4VozWQ,53,98,Winner_2022,0.1,5.0,0,True,0.0,
4VozWQ,53,99,Winner_2022,0.1,5.0,0,True,0.0,
4VozWQ,53,100,Winner_2022,0.1,5.0,0,True,0.0,
4VozWQ,54,1,Winner_2022,0.7,49.0,0,True,0.0,
4VozWQ,54,2,Winner_2022,0.2,39.2,0,True,0.0,
4VozWQ,54,3,Winner_2022,0.1,31.4,0,True,0.0,
4VozWQ,54,4,Winner_2022,0.1,25.1,0,True,0.0,
4VozWQ,54,5,Winner_2022,0.1,20.1,0,True,0.0,
4VozWQ,54,6,Winner_2022,0.1,16.1,0,True,0.0,
4VozWQ,54,7,Winner_2022,0.1,12.8,1,True,0.0,
4VozWQ,54,8,Winner_2022,0.1,11.0,0,True,0.0,
4VozWQ,54,9,Winner_2022,0.1,9.3,0,True,0.0,
4VozWQ,54,10,Winner_2022,0.1,7.9,0,True,0.0,
4VozWQ,54,11,Winner_2022,0.1,6.6,0,True,0.0,
4VozWQ,54,12,Winner_2022,0.1,5.6,0,True,0.0,
4VozWQ,54,13,Winner_2022,0.1,5.0,1,True,0.0,
4VozWQ,54,14,Winner_2022,0.1,5.0,2,True,0.0,
4VozWQ,54,15,Winner_2022,0.1,5.0,0,True,0.0,
4VozWQ,54,16,Winner_2022,0.1,5.0,0,True,0.0,
4VozWQ,54,17,Winner_2022,0.1,5.0,0,True,0.0,
4VozWQ,54,18,Winner_2022,0.1,5.0,0,True,0.0,
4VozWQ,54,19,Winner_2022,0.1,5.0,0,True,0.0,
4VozWQ,54,20,Winner_2022,0.1,5.0,1,True,0.0,
4VozWQ,54,21,Winner_2022,0.1,5.0,0,True,0.0,
4VozWQ,54,22,Winner_2022,0.1,5.0,0,True,0.0,
4VozWQ,54,23,Winner_2022,0.1,5.0,2,True,0.0,
4VozWQ,54,24,Winner_2022,0.1,5.0,1,True,0.0,
4VozWQ,54,25,Winner_2022,0.1,5.0,0,True,0.0,
4VozWQ,54,26,Winner_2022,0.1,5.0,0,True,0.0,
4VozWQ,54,27,Winner_2022,0.1,5.0,0,True,0.0,
4VozWQ,54,28,Winner_2022,0.1,5.0,1,True,0.0,
4VozWQ,54,29,Winner_2022,0.1,5.0,0,True,0.0,
4VozWQ,54,30,Winner_2022,0.1,5.0,0,True,0.0,
4VozWQ,54,31,Winner_2022,0.1,5.0,0,True,0.0,
4VozWQ,54,32,Winner_2022,0.1,5.0,1,True,0.0,
4VozWQ,54,33,Winner_2022,0.1,5.0,0,True,0.0,
4VozWQ,54,34,Winner_2022,0.1,5.0,0,True,0.0,
4VozWQ,54,35,Winner_2022,0.1,5.0,1,True,0.0,
4VozWQ,54,36,Winner_2022,0.1,5.0,2,True,0.0,
4VozWQ,54,37,Winner_2022,0.1,5.0,0,True,0.0,
4VozWQ,54,38,Winner_2022,0.1,5.0,0,True,0.0,
4VozWQ,54,39,Winner_2022,0.1,5.0,1,True,0.0,
4VozWQ,54,40,Winner_2022,0.1,5.0,0,True,0.0,
4VozWQ,54,41,Winner_2022,0.1,5.0,1,True,0.0,
4VozWQ,54,42,Winner_2022,0.1,5.0,1,True,0.0,
4VozWQ,54,43,Winner_2022,0.1,5.0,0,True,0.0,
4VozWQ,54,44,Winner_2022,0.1,5.0,0,True,0.0,
4VozWQ,54,45,Winner_2022,0.1,5.0,0,True,0.0,
4VozWQ,54,46,Winner_2022,0.1,5.0,0,True,0.0,
4VozWQ,54,47,Winner_2022,0.1,5.0,2,True,0.0,
4VozWQ,54,48,Winner_2022,0.1,5.0,1,True,0.0,
4VozWQ,54,49,Winner_2022,0.1,5.0,0,True,0.0,
4VozWQ,54,50,Winner_2022,0.1,5.0,0,True,0.0,
4VozWQ,54,51,Winner_2022,0.1,5.0,0,True,0.0,
4VozWQ,54,52,Winner_2022,0.1,5.0,0,True,0.0,
4VozWQ,54,53,Winner_2022,0.1,5.0,0,True,0.0,
4VozWQ,54,54,Winner_2022,0.1,5.0,0,True,0.0,
4VozWQ,54,55,Winner_2022,0.1,5.0,0,True,0.0,
4VozWQ,54,56,Winner_2022,0.1,5.0,1,True,0.0,
4VozWQ,54,57,Winner_2022,0.1,5.0,0,True,0.0,
4VozWQ,54,58,Winner_2022,0.1,5.0,0,True,0.001,
4VozWQ,54,59,Winner_2022,0.1,5.0,0,True,0.0,
4VozWQ,54,60,Winner_2022,0.1,5.0,0,True,0.0,
4VozWQ,54,61,Winner_2022,0.1,5.0,0,True,0.0,
4VozWQ,54,62,Winner_2022,0.1,5.0,1,True,0.0,
4VozWQ,54,63,Winner_2022,0.1,5.0,0,True,0.0,
4VozWQ,54,64,Winner_2022,0.1,5.0,0,True,0.0,
4VozWQ,54,65,Winner_2022,0.1,5.0,1,True,0.0,
4VozWQ,54,66,Winner_2022,0.1,5.0,0,True,0.0,
4VozWQ,54,67,Winner_2022,0.1,5.0,0,True,0.0,
4VozWQ,54,68,Winner_2022,0.1,5.0,0,True,0.0,
4VozWQ,54,69,Winner_2022,0.1,5.0,2,True,0.0,
4VozWQ,54,70,Winner_2022,0.1,5.0,0,True,0.0,
4VozWQ,54,71,Winner_2022,0.1,5.0,3,True,0.0,
4VozWQ,54,72,Winner_2022,0.1,5.0,0,True,0.0,
4VozWQ,54,73,Winner_2022,0.1,5.0,0,True,0.0,
4VozWQ,54,74,Winner_2022,0.1,5.0,2,True,0.0,
4VozWQ,54,75,Winner_2022,0.1,5.0,2,True,0.0,
4VozWQ,54,76,Winner_2022,0.1,5.0,0,True,0.0,
4VozWQ,54,77,Winner_2022,0.1,5.0,0,True,0.0,
4VozWQ,54,78,Winner_2022,0.1,5.0,0,True,0.0,
4VozWQ,54,79,Winner_2022,0.1,5.0,0,True,0.0,
4VozWQ,54,80,Winner_2022,0.1,5.0,0,True,0.0,
4VozWQ,54,81,Winner_2022,0.1,5.0,0,True,0.0,
4VozWQ,54,82,Winner_2022,0.1,5.0,0,True,0.0,
4VozWQ,54,83,Winner_2022,0.1,5.0,1,True,0.0,
4VozWQ,54,84,Winner_2022,0.1,5.0,1,True,0.0,
4VozWQ,54,85,Winner_2022,0.1,5.0,0,True,0.0,
4VozWQ,54,86,Winner_2022,0.1,5.0,1,True,0.0,
4VozWQ,54,87,Winner_2022,0.1,5.0,1,True,0.0,
4VozWQ,54,88,Winner_2022,0.1,5.0,0,True,0.0,
4VozWQ,54,89,Winner_2022,0.1,5.0,0,True,0.0,
4VozWQ,54,90,Winner_2022,0.1,5.0,0,True,0.0,
4VozWQ,54,91,Winner_2022,0.1,5.0,1,True,0.0,
4VozWQ,54,92,Winner_2022,0.1,5.0,1,True,0.0,
4VozWQ,54,93,Winner_2022,0.1,5.0,0,True,0.0,
4VozWQ,54,94,Winner_2022,0.1,5.0,0,True,0.0,
4VozWQ,54,95,Winner_2022,0.1,5.0,1,True,0.0,
4VozWQ,54,96,Winner_2022,0.1,5.0,2,True,0.0,
4VozWQ,54,97,Winner_2022,0.1,5.0,0,True,0.0,
4VozWQ,54,98,Winner_2022,0.1,5.0,1,True,0.0,
4VozWQ,54,99,Winner_2022,0.1,5.0,0,True,0.0,
4VozWQ,54,100,Winner_2022,0.1,5.0,0,True,0.0,
4VozWQ,55,1,Winner_2022,0.5,83.0,0,True,0.0,
4VozWQ,55,2,Winner_2022,1.0,66.4,0,True,0.0,
4VozWQ,55,3,Winner_2022,1.5,53.1,0,True,0.0,
4VozWQ,55,4,Winner_2022,2.0,42.5,0,True,0.0,
4VozWQ,55,5,Winner_2022,2.5,34.0,0,True,0.0,
4VozWQ,55,6,Winner_2022,3.0,27.2,0,True,0.0,
4VozWQ,55,7,Winner_2022,3.5,21.8,0,True,0.0,
4VozWQ,55,8,Winner_2022,4.0,17.4,0,True,0.0,
4VozWQ,55,9,Winner_2022,4.5,13.9,0,True,0.0,
4VozWQ,55,10,Winner_2022,5.0,11.1,0,True,0.0,
4VozWQ,55,11,Winner_2022,4.5,8.9,0,True,0.0,
4VozWQ,55,12,Winner_2022,4.0,7.1,0,True,0.0,
4VozWQ,55,13,Winner_2022,3.5,5.7,1,True,0.0,
4VozWQ,55,14,Winner_2022,3.0,5.0,1,True,0.0,
4VozWQ,55,15,Winner_2022,2.5,5.0,0,True,0.0,
4VozWQ,55,16,Winner_2022,2.0,5.0,0,True,0.0,
4VozWQ,55,17,Winner_2022,1.5,5.0,1,True,0.0,
4VozWQ,55,18,Winner_2022,1.0,5.0,2,True,0.0,
4VozWQ,55,19,Winner_2022,0.5,5.0,1,True,0.0,
4VozWQ,55,20,Winner_2022,0.1,5.0,0,True,0.0,
4VozWQ,55,21,Winner_2022,0.1,5.0,1,True,0.0,
4VozWQ,55,22,Winner_2022,0.1,5.0,0,True,0.0,
4VozWQ,55,23,Winner_2022,0.1,5.0,0,True,0.0,
4VozWQ,55,24,Winner_2022,0.1,5.0,0,True,0.0,
4VozWQ,55,25,Winner_2022,0.1,5.0,0,True,0.0,
4VozWQ,55,26,Winner_2022,0.1,5.0,0,True,0.0,
4VozWQ,55,27,Winner_2022,0.1,5.0,2,True,0.0,
4VozWQ,55,28,Winner_2022,0.1,5.0,1,True,0.0,
4VozWQ,55,29,Winner_2022,0.1,5.0,1,True,0.0,
4VozWQ,55,30,Winner_2022,0.1,5.0,0,True,0.0,
4VozWQ,55,31,Winner_2022,0.1,5.0,0,True,0.0,
4VozWQ,55,32,Winner_2022,0.1,5.0,2,True,0.0,
4VozWQ,55,33,Winner_2022,0.1,5.0,0,True,0.0,
4VozWQ,55,34,Winner_2022,0.1,5.0,0,True,0.0,
4VozWQ,55,35,Winner_2022,0.1,5.0,0,True,0.0,
4VozWQ,55,36,Winner_2022,0.1,5.0,0,True,0.0,
4VozWQ,55,37,Winner_2022,0.1,5.0,1,True,0.0,
4VozWQ,55,38,Winner_2022,0.1,5.0,0,True,0.0,
4VozWQ,55,39,Winner_2022,0.1,5.0,0,True,0.0,
4VozWQ,55,40,Winner_2022,0.1,5.0,0,True,0.0,
4VozWQ,55,41,Winner_2022,0.1,5.0,2,True,0.0,
4VozWQ,55,42,Winner_2022,0.1,5.0,1,True,0.0,
4VozWQ,55,43,Winner_2022,0.1,5.0,0,True,0.0,
4VozWQ,55,44,Winner_2022,0.1,5.0,2,True,0.0,
4VozWQ,55,45,Winner_2022,0.1,5.0,0,True,0.0,
4VozWQ,55,46,Winner_2022,0.1,5.0,0,True,0.0,
4VozWQ,55,47,Winner_2022,0.1,5.0,0,True,0.0,
4VozWQ,55,48,Winner_2022,0.1,5.0,0,True,0.0,
4VozWQ,55,49,Winner_2022,0.1,5.0,0,True,0.0,
4VozWQ,55,50,Winner_2022,0.1,5.0,2,True,0.0,
4VozWQ,55,51,Winner_2022,0.1,5.0,2,True,0.0,
4VozWQ,55,52,Winner_2022,0.1,5.0,2,True,0.0,
4VozWQ,55,53,Winner_2022,0.1,5.0,1,True,0.0,
4VozWQ,55,54,Winner_2022,0.1,5.0,0,True,0.0,
4VozWQ,55,55,Winner_2022,0.1,5.0,0,True,0.0,
4VozWQ,55,56,Winner_2022,0.1,5.0,0,True,0.0,
4VozWQ,55,57,Winner_2022,0.1,5.0,0,True,0.0,
4VozWQ,55,58,Winner_2022,0.1,5.0,1,True,0.0,
4VozWQ,55,59,Winner_2022,0.1,5.0,0,True,0.0,
4VozWQ,55,60,Winner_2022,0.1,5.0,0,True,0.0,
4VozWQ,55,61,Winner_2022,0.1,5.0,0,True,0.0,
4VozWQ,55,62,Winner_2022,0.1,5.0,1,True,0.0,
4VozWQ,55,63,Winner_2022,0.1,5.0,0,True,0.0,
4VozWQ,55,64,Winner_2022,0.1,5.0,0,True,0.0,
4VozWQ,55,65,Winner_2022,0.1,5.0,0,True,0.0,
4VozWQ,55,66,Winner_2022,0.1,5.0,0,True,0.0,
4VozWQ,55,67,Winner_2022,0.1,5.0,0,True,0.0,
4VozWQ,55,68,Winner_2022,0.1,5.0,1,True,0.0,
4VozWQ,55,69,Winner_2022,0.1,5.0,0,True,0.0,
4VozWQ,55,70,Winner_2022,0.1,5.0,0,True,0.0,
4VozWQ,55,71,Winner_2022,0.1,5.0,0,True,0.0,
4VozWQ,55,72,Winner_2022,0.1,5.0,0,True,0.0,
4VozWQ,55,73,Winner_2022,0.1,5.0,2,True,0.0,
4VozWQ,55,74,Winner_2022,0.1,5.0,1,True,0.0,
4VozWQ,55,75,Winner_2022,0.1,5.0,0,True,0.0,
4VozWQ,55,76,Winner_2022,0.1,5.0,1,True,0.0,
4VozWQ,55,77,Winner_2022,0.1,5.0,0,True,0.0,
4VozWQ,55,78,Winner_2022,0.1,5.0,1,True,0.0,
4VozWQ,55,79,Winner_2022,0.1,5.0,1,True,0.0,
4VozWQ,55,80,Winner_2022,0.1,5.0,0,True,0.0,
4VozWQ,55,81,Winner_2022,0.1,5.0,1,True,0.0,
4VozWQ,55,82,Winner_2022,0.1,5.0,0,True,0.0,
4VozWQ,55,83,Winner_2022,0.1,5.0,0,True,0.0,
4VozWQ,55,84,Winner_2022,0.1,5.0,0,True,0.0,
4VozWQ,55,85,Winner_2022,0.1,5.0,1,True,0.0,
4VozWQ,55,86,Winner_2022,0.1,5.0,0,True,0.0,
4VozWQ,55,87,Winner_2022,0.1,5.0,0,True,0.0,
4VozWQ,55,88,Winner_2022,0.1,5.0,0,True,0.0,
4VozWQ,55,89,Winner_2022,0.1,5.0,0,True,0.0,
4VozWQ,55,90,Winner_2022,0.1,5.0,2,True,0.0,
4VozWQ,55,91,Winner_2022,0.1,5.0,0,True,0.0,
4VozWQ,55,92,Winner_2022,0.1,5.0,0,True,0.0,
4VozWQ,55,93,Winner_2022,0.1,5.0,0,True,0.0,
4VozWQ,55,94,Winner_2022,0.1,5.0,0,True,0.0,
4VozWQ,55,95,Winner_2022,0.1,5.0,0,True,0.0,
4VozWQ,55,96,Winner_2022,0.1,5.0,0,True,0.0,
4VozWQ,55,97,Winner_2022,0.1,5.0,0,True,0.0,
4VozWQ,55,98,Winner_2022,0.1,5.0,1,True,0.0,
4VozWQ,55,99,Winner_2022,0.1,5.0,0,True,0.0,
4VozWQ,55,100,Winner_2022,0.1,5.0,0,True,0.0,
4VozWQ,56,1,Winner_2022,0.3,79.0,0,True,0.0,
4VozWQ,56,2,Winner_2022,0.1,63.2,0,True,0.0,
4VozWQ,56,3,Winner_2022,0.1,50.6,0,True,0.0,
4VozWQ,56,4,Winner_2022,0.1,40.4,0,True,0.0,
4VozWQ,56,5,Winner_2022,0.1,32.4,0,True,0.0,
4VozWQ,56,6,Winner_2022,0.1,25.9,0,True,0.0,
4VozWQ,56,7,Winner_2022,0.1,20.7,0,True,0.0,
4VozWQ,56,8,Winner_2022,0.1,16.6,0,True,0.0,
4VozWQ,56,9,Winner_2022,0.1,13.3,0,True,0.0,
4VozWQ,56,10,Winner_2022,0.1,10.6,0,True,0.0,
4VozWQ,56,11,Winner_2022,0.1,8.5,0,True,0.0,
4VozWQ,56,12,Winner_2022,0.1,6.8,1,True,0.0,
4VozWQ,56,13,Winner_2022,0.1,5.7,2,True,0.0,
4VozWQ,56,14,Winner_2022,0.1,5.0,0,True,0.0,
4VozWQ,56,15,Winner_2022,0.1,5.0,0,True,0.0,
4VozWQ,56,16,Winner_2022,0.1,5.0,1,True,0.0,
4VozWQ,56,17,Winner_2022,0.1,5.0,0,True,0.0,
4VozWQ,56,18,Winner_2022,0.1,5.0,1,True,0.0,
4VozWQ,56,19,Winner_2022,0.1,5.0,1,True,0.0,
4VozWQ,56,20,Winner_2022,0.1,5.0,0,True,0.0,
4VozWQ,56,21,Winner_2022,0.1,5.0,0,True,0.0,
4VozWQ,56,22,Winner_2022,0.1,5.0,0,True,0.0,
4VozWQ,56,23,Winner_2022,0.1,5.0,1,True,0.0,
4VozWQ,56,24,Winner_2022,0.1,5.0,0,True,0.0,
4VozWQ,56,25,Winner_2022,0.1,5.0,0,True,0.0,
4VozWQ,56,26,Winner_2022,0.1,5.0,0,True,0.0,
4VozWQ,56,27,Winner_2022,0.1,5.0,1,True,0.0,
4VozWQ,56,28,Winner_2022,0.1,5.0,1,True,0.0,
4VozWQ,56,29,Winner_2022,0.1,5.0,0,True,0.0,
4VozWQ,56,30,Winner_2022,0.1,5.0,0,True,0.0,
4VozWQ,56,31,Winner_2022,0.1,5.0,0,True,0.0,
4VozWQ,56,32,Winner_2022,0.1,5.0,0,True,0.0,
4VozWQ,56,33,Winner_2022,0.1,5.0,1,True,0.0,
4VozWQ,56,34,Winner_2022,0.1,5.0,0,True,0.0,
4VozWQ,56,35,Winner_2022,0.1,5.0,0,True,0.0,
4VozWQ,56,36,Winner_2022,0.1,5.0,0,True,0.0,
4VozWQ,56,37,Winner_2022,0.1,5.0,0,True,0.0,
4VozWQ,56,38,Winner_2022,0.1,5.0,0,True,0.0,
4VozWQ,56,39,Winner_2022,0.1,5.0,0,True,0.0,
4VozWQ,56,40,Winner_2022,0.1,5.0,0,True,0.0,
4VozWQ,56,41,Winner_2022,0.1,5.0,0,True,0.0,
4VozWQ,56,42,Winner_2022,0.1,5.0,0,True,0.0,
4VozWQ,56,43,Winner_2022,0.1,5.0,0,True,0.0,
4VozWQ,56,44,Winner_2022,0.1,5.0,1,True,0.0,
4VozWQ,56,45,Winner_2022,0.1,5.0,1,True,0.0,
4VozWQ,56,46,Winner_2022,0.1,5.0,0,True,0.0,
4VozWQ,56,47,Winner_2022,0.1,5.0,1,True,0.0,
4VozWQ,56,48,Winner_2022,0.1,5.0,0,True,0.0,
4VozWQ,56,49,Winner_2022,0.1,5.0,1,True,0.0,
4VozWQ,56,50,Winner_2022,0.1,5.0,3,True,0.0,
4VozWQ,56,51,Winner_2022,0.1,5.0,0,True,0.0,
4VozWQ,56,52,Winner_2022,0.1,5.0,1,True,0.0,
4VozWQ,56,53,Winner_2022,0.1,5.0,0,True,0.0,
4VozWQ,56,54,Winner_2022,0.1,5.0,0,True,0.0,
4VozWQ,56,55,Winner_2022,0.1,5.0,1,True,0.0,
4VozWQ,56,56,Winner_2022,0.1,5.0,0,True,0.0,
4VozWQ,56,57,Winner_2022,0.1,5.0,1,True,0.0,
4VozWQ,56,58,Winner_2022,0.1,5.0,0,True,0.0,
4VozWQ,56,59,Winner_2022,0.1,5.0,0,True,0.0,
4VozWQ,56,60,Winner_2022,0.1,5.0,0,True,0.0,
4VozWQ,56,61,Winner_2022,0.1,5.0,1,True,0.0,
4VozWQ,56,62,Winner_2022,0.1,5.0,1,True,0.0,
4VozWQ,56,63,Winner_2022,0.1,5.0,0,True,0.0,
4VozWQ,56,64,Winner_2022,0.1,5.0,0,True,0.0,
4VozWQ,56,65,Winner_2022,0.1,5.0,0,True,0.0,
4VozWQ,56,66,Winner_2022,0.1,5.0,0,True,0.0,
4VozWQ,56,67,Winner_2022,0.1,5.0,0,True,0.0,
4VozWQ,56,68,Winner_2022,0.1,5.0,0,True,0.0,
4VozWQ,56,69,Winner_2022,0.1,5.0,1,True,0.0,
4VozWQ,56,70,Winner_2022,0.1,5.0,0,True,0.0,
4VozWQ,56,71,Winner_2022,0.1,5.0,0,True,0.0,
4VozWQ,56,72,Winner_2022,0.1,5.0,0,True,0.0,
4VozWQ,56,73,Winner_2022,0.1,5.0,2,True,0.0,
4VozWQ,56,74,Winner_2022,0.1,5.0,1,True,0.0,
4VozWQ,56,75,Winner_2022,0.1,5.0,0,True,0.0,
4VozWQ,56,76,Winner_2022,0.1,5.0,0,True,0.0,
4VozWQ,56,77,Winner_2022,0.1,5.0,0,True,0.0,
4VozWQ,56,78,Winner_2022,0.1,5.0,0,True,0.0,
4VozWQ,56,79,Winner_2022,0.1,5.0,0,True,0.0,
4VozWQ,56,80,Winner_2022,0.1,5.0,0,True,0.0,
4VozWQ,56,81,Winner_2022,0.1,5.0,1,True,0.0,
4VozWQ,56,82,Winner_2022,0.1,5.0,2,True,0.0,
4VozWQ,56,83,Winner_2022,0.1,5.0,1,True,0.0,
4VozWQ,56,84,Winner_2022,0.1,5.0,1,True,0.0,
4VozWQ,56,85,Winner_2022,0.1,5.0,0,True,0.0,
4VozWQ,56,86,Winner_2022,0.1,5.0,0,True,0.0,
4VozWQ,56,87,Winner_2022,0.1,5.0,0,True,0.0,
4VozWQ,56,88,Winner_2022,0.1,5.0,0,True,0.0,
4VozWQ,56,89,Winner_2022,0.1,5.0,1,True,0.0,
4VozWQ,56,90,Winner_2022,0.1,5.0,0,True,0.0,
4VozWQ,56,91,Winner_2022,0.1,5.0,0,True,0.0,
4VozWQ,56,92,Winner_2022,0.1,5.0,1,True,0.0,
4VozWQ,56,93,Winner_2022,0.1,5.0,0,True,0.0,
4VozWQ,56,94,Winner_2022,0.1,5.0,1,True,0.0,
4VozWQ,56,95,Winner_2022,0.1,5.0,0,True,0.0,
4VozWQ,56,96,Winner_2022,0.1,5.0,1,True,0.0,
4VozWQ,56,97,Winner_2022,0.1,5.0,0,True,0.0,
4VozWQ,56,98,Winner_2022,0.1,5.0,0,True,0.0,
4VozWQ,56,99,Winner_2022,0.1,5.0,0,True,0.0,
4VozWQ,56,100,Winner_2022,0.1,5.0,0,True,0.0,
4VozWQ,57,1,Winner_2022,0.3,40.0,0,True,0.0,
4VozWQ,57,2,Winner_2022,0.8,32.0,0,True,0.0,
4VozWQ,57,3,Winner_2022,1.3,25.6,0,True,0.0,
4VozWQ,57,4,Winner_2022,1.8,20.5,0,True,0.0,
4VozWQ,57,5,Winner_2022,2.3,16.4,0,True,0.0,
4VozWQ,57,6,Winner_2022,2.8,13.1,1,True,0.0,
4VozWQ,57,7,Winner_2022,3.3,11.4,1,True,0.0,
4VozWQ,57,8,Winner_2022,2.8,10.4,0,True,0.0,
4VozWQ,57,9,Winner_2022,3.3,9.3,0,True,0.0,
4VozWQ,57,10,Winner_2022,2.8,8.3,0,True,0.0,
4VozWQ,57,11,Winner_2022,3.3,7.3,1,True,0.0,
4VozWQ,57,12,Winner_2022,3.8,6.7,0,True,0.0,
4VozWQ,57,13,Winner_2022,4.3,6.0,0,True,0.0,
4VozWQ,57,14,Winner_2022,3.8,5.3,0,True,0.0,
4VozWQ,57,15,Winner_2022,3.3,5.0,0,True,0.0,
4VozWQ,57,16,Winner_2022,2.8,5.0,1,True,0.0,
4VozWQ,57,17,Winner_2022,2.3,5.0,0,True,0.0,
4VozWQ,57,18,Winner_2022,1.8,5.0,0,True,0.0,
4VozWQ,57,19,Winner_2022,1.3,5.0,0,True,0.0,
4VozWQ,57,20,Winner_2022,0.8,5.0,0,True,0.0,
4VozWQ,57,21,Winner_2022,0.3,5.0,0,True,0.0,
4VozWQ,57,22,Winner_2022,0.1,5.0,1,True,0.0,
4VozWQ,57,23,Winner_2022,0.1,5.0,0,True,0.0,
4VozWQ,57,24,Winner_2022,0.1,5.0,0,True,0.0,
4VozWQ,57,25,Winner_2022,0.1,5.0,0,True,0.0,
4VozWQ,57,26,Winner_2022,0.1,5.0,2,True,0.0,
4VozWQ,57,27,Winner_2022,0.1,5.0,1,True,0.0,
4VozWQ,57,28,Winner_2022,0.1,5.0,0,True,0.0,
4VozWQ,57,29,Winner_2022,0.1,5.0,0,True,0.0,
4VozWQ,57,30,Winner_2022,0.1,5.0,0,True,0.0,
4VozWQ,57,31,Winner_2022,0.1,5.0,0,True,0.0,
4VozWQ,57,32,Winner_2022,0.1,5.0,0,True,0.0,
4VozWQ,57,33,Winner_2022,0.1,5.0,0,True,0.0,
4VozWQ,57,34,Winner_2022,0.1,5.0,0,True,0.0,
4VozWQ,57,35,Winner_2022,0.1,5.0,0,True,0.0,
4VozWQ,57,36,Winner_2022,0.1,5.0,1,True,0.0,
4VozWQ,57,37,Winner_2022,0.1,5.0,1,True,0.0,
4VozWQ,57,38,Winner_2022,0.1,5.0,0,True,0.0,
4VozWQ,57,39,Winner_2022,0.1,5.0,0,True,0.0,
4VozWQ,57,40,Winner_2022,0.1,5.0,2,True,0.0,
4VozWQ,57,41,Winner_2022,0.1,5.0,0,True,0.0,
4VozWQ,57,42,Winner_2022,0.1,5.0,0,True,0.0,
4VozWQ,57,43,Winner_2022,0.1,5.0,1,True,0.0,
4VozWQ,57,44,Winner_2022,0.1,5.0,0,True,0.0,
4VozWQ,57,45,Winner_2022,0.1,5.0,0,True,0.0,
4VozWQ,57,46,Winner_2022,0.1,5.0,0,True,0.0,
4VozWQ,57,47,Winner_2022,0.1,5.0,0,True,0.0,
4VozWQ,57,48,Winner_2022,0.1,5.0,0,True,0.0,
4VozWQ,57,49,Winner_2022,0.1,5.0,0,True,0.0,
4VozWQ,57,50,Winner_2022,0.1,5.0,1,True,0.0,
4VozWQ,57,51,Winner_2022,0.1,5.0,1,True,0.0,
4VozWQ,57,52,Winner_2022,0.1,5.0,2,True,0.0,
4VozWQ,57,53,Winner_2022,0.1,5.0,1,True,0.0,
4VozWQ,57,54,Winner_2022,0.1,5.0,1,True,0.0,
4VozWQ,57,55,Winner_2022,0.1,5.0,0,True,0.0,
4VozWQ,57,56,Winner_2022,0.1,5.0,0,True,0.0,
4VozWQ,57,57,Winner_2022,0.1,5.0,0,True,0.0,
4VozWQ,57,58,Winner_2022,0.1,5.0,0,True,0.0,
4VozWQ,57,59,Winner_2022,0.1,5.0,1,True,0.0,
4VozWQ,57,60,Winner_2022,0.1,5.0,0,True,0.0,
4VozWQ,57,61,Winner_2022,0.1,5.0,0,True,0.0,
4VozWQ,57,62,Winner_2022,0.1,5.0,0,True,0.0,
4VozWQ,57,63,Winner_2022,0.1,5.0,0,True,0.0,
4VozWQ,57,64,Winner_2022,0.1,5.0,0,True,0.0,
4VozWQ,57,65,Winner_2022,0.1,5.0,2,True,0.0,
4VozWQ,57,66,Winner_2022,0.1,5.0,0,True,0.0,
4VozWQ,57,67,Winner_2022,0.1,5.0,0,True,0.0,
4VozWQ,57,68,Winner_2022,0.1,5.0,0,True,0.0,
4VozWQ,57,69,Winner_2022,0.1,5.0,0,True,0.0,
4VozWQ,57,70,Winner_2022,0.1,5.0,0,True,0.0,
4VozWQ,57,71,Winner_2022,0.1,5.0,0,True,0.0,
4VozWQ,57,72,Winner_2022,0.1,5.0,0,True,0.0,
4VozWQ,57,73,Winner_2022,0.1,5.0,1,True,0.0,
4VozWQ,57,74,Winner_2022,0.1,5.0,0,True,0.0,
4VozWQ,57,75,Winner_2022,0.1,5.0,0,True,0.0,
4VozWQ,57,76,Winner_2022,0.1,5.0,0,True,0.0,
4VozWQ,57,77,Winner_2022,0.1,5.0,0,True,0.0,
4VozWQ,57,78,Winner_2022,0.1,5.0,2,True,0.0,
4VozWQ,57,79,Winner_2022,0.1,5.0,2,True,0.0,
4VozWQ,57,80,Winner_2022,0.1,5.0,0,True,0.0,
4VozWQ,57,81,Winner_2022,0.1,5.0,2,True,0.0,
4VozWQ,57,82,Winner_2022,0.1,5.0,0,True,0.0,
4VozWQ,57,83,Winner_2022,0.1,5.0,0,True,0.0,
4VozWQ,57,84,Winner_2022,0.1,5.0,1,True,0.0,
4VozWQ,57,85,Winner_2022,0.1,5.0,0,True,0.0,
4VozWQ,57,86,Winner_2022,0.1,5.0,1,True,0.0,
4VozWQ,57,87,Winner_2022,0.1,5.0,0,True,0.0,
4VozWQ,57,88,Winner_2022,0.1,5.0,0,True,0.0,
4VozWQ,57,89,Winner_2022,0.1,5.0,0,True,0.0,
4VozWQ,57,90,Winner_2022,0.1,5.0,0,True,0.0,
4VozWQ,57,91,Winner_2022,0.1,5.0,0,True,0.0,
4VozWQ,57,92,Winner_2022,0.1,5.0,2,True,0.0,
4VozWQ,57,93,Winner_2022,0.1,5.0,1,True,0.0,
4VozWQ,57,94,Winner_2022,0.1,5.0,0,True,0.0,
4VozWQ,57,95,Winner_2022,0.1,5.0,0,True,0.0,
4VozWQ,57,96,Winner_2022,0.1,5.0,0,True,0.0,
4VozWQ,57,97,Winner_2022,0.1,5.0,0,True,0.0,
4VozWQ,57,98,Winner_2022,0.1,5.0,2,True,0.0,
4VozWQ,57,99,Winner_2022,0.1,5.0,0,True,0.0,
4VozWQ,57,100,Winner_2022,0.1,5.0,0,True,0.0,
4VozWQ,58,1,Winner_2022,0.3,56.0,0,True,0.0,
4VozWQ,58,2,Winner_2022,0.8,44.8,0,True,0.0,
4VozWQ,58,3,Winner_2022,1.3,35.8,0,True,0.0,
4VozWQ,58,4,Winner_2022,0.8,28.7,0,True,0.0,
4VozWQ,58,5,Winner_2022,1.3,22.9,0,True,0.0,
4VozWQ,58,6,Winner_2022,1.8,18.4,0,True,0.0,
4VozWQ,58,7,Winner_2022,2.3,14.7,0,True,0.0,
4VozWQ,58,8,Winner_2022,2.8,11.7,0,True,0.0,
4VozWQ,58,9,Winner_2022,3.3,9.4,0,True,0.0,
4VozWQ,58,10,Winner_2022,3.8,7.5,0,True,0.0,
4VozWQ,58,11,Winner_2022,4.3,6.0,0,True,0.0,
4VozWQ,58,12,Winner_2022,4.8,5.0,0,True,0.0,
4VozWQ,58,13,Winner_2022,4.9,5.0,1,True,0.0,
4VozWQ,58,14,Winner_2022,4.9,5.0,0,True,0.0,
4VozWQ,58,15,Winner_2022,4.8,5.0,0,True,0.0,
4VozWQ,58,16,Winner_2022,4.7,5.0,0,True,0.0,
4VozWQ,58,17,Winner_2022,4.6,5.0,1,True,0.0,
4VozWQ,58,18,Winner_2022,4.4,5.0,0,True,0.0,
4VozWQ,58,19,Winner_2022,4.1,5.0,1,True,0.0,
4VozWQ,58,20,Winner_2022,3.7,5.0,0,True,0.0,
4VozWQ,58,21,Winner_2022,3.2,5.0,1,True,0.0,
4VozWQ,58,22,Winner_2022,2.7,5.0,4,True,0.0,
4VozWQ,58,23,Winner_2022,2.2,5.0,0,True,0.0,
4VozWQ,58,24,Winner_2022,1.7,5.0,1,True,0.0,
4VozWQ,58,25,Winner_2022,1.2,5.0,0,True,0.0,
4VozWQ,58,26,Winner_2022,0.7,5.0,0,True,0.0,
4VozWQ,58,27,Winner_2022,0.2,5.0,1,True,0.0,
4VozWQ,58,28,Winner_2022,0.1,5.0,1,True,0.0,
4VozWQ,58,29,Winner_2022,0.1,5.0,0,True,0.0,
4VozWQ,58,30,Winner_2022,0.1,5.0,1,True,0.0,
4VozWQ,58,31,Winner_2022,0.1,5.0,0,True,0.0,
4VozWQ,58,32,Winner_2022,0.1,5.0,1,True,0.0,
4VozWQ,58,33,Winner_2022,0.1,5.0,0,True,0.0,
4VozWQ,58,34,Winner_2022,0.1,5.0,0,True,0.0,
4VozWQ,58,35,Winner_2022,0.1,5.0,0,True,0.0,
4VozWQ,58,36,Winner_2022,0.1,5.0,1,True,0.0,
4VozWQ,58,37,Winner_2022,0.1,5.0,2,True,0.0,
4VozWQ,58,38,Winner_2022,0.1,5.0,1,True,0.0,
4VozWQ,58,39,Winner_2022,0.1,5.0,1,True,0.0,
4VozWQ,58,40,Winner_2022,0.1,5.0,1,True,0.0,
4VozWQ,58,41,Winner_2022,0.1,5.0,1,True,0.0,
4VozWQ,58,42,Winner_2022,0.1,5.0,3,True,0.0,
4VozWQ,58,43,Winner_2022,0.1,5.0,0,True,0.0,
4VozWQ,58,44,Winner_2022,0.1,5.1,0,True,0.0,
4VozWQ,58,45,Winner_2022,0.1,5.0,0,True,0.0,
4VozWQ,58,46,Winner_2022,0.1,5.0,2,True,0.0,
4VozWQ,58,47,Winner_2022,0.1,5.1,0,True,0.0,
4VozWQ,58,48,Winner_2022,0.1,5.1,1,True,0.0,
4VozWQ,58,49,Winner_2022,0.1,5.1,0,True,0.0,
4VozWQ,58,50,Winner_2022,0.1,5.1,0,True,0.0,
4VozWQ,58,51,Winner_2022,0.1,5.1,0,True,0.0,
4VozWQ,58,52,Winner_2022,0.1,5.1,0,True,0.0,
4VozWQ,58,53,Winner_2022,0.1,5.0,0,True,0.0,
4VozWQ,58,54,Winner_2022,0.1,5.0,0,True,0.0,
4VozWQ,58,55,Winner_2022,0.1,5.0,0,True,0.0,
4VozWQ,58,56,Winner_2022,0.1,5.0,0,True,0.0,
4VozWQ,58,57,Winner_2022,0.1,5.0,0,True,0.0,
4VozWQ,58,58,Winner_2022,0.1,5.0,2,True,0.0,
4VozWQ,58,59,Winner_2022,0.1,5.0,0,True,0.0,
4VozWQ,58,60,Winner_2022,0.1,5.0,0,True,0.0,
4VozWQ,58,61,Winner_2022,0.1,5.0,2,True,0.0,
4VozWQ,58,62,Winner_2022,0.1,5.0,1,True,0.0,
4VozWQ,58,63,Winner_2022,0.1,5.0,1,True,0.0,
4VozWQ,58,64,Winner_2022,0.1,5.0,0,True,0.0,
4VozWQ,58,65,Winner_2022,0.1,5.0,0,True,0.0,
4VozWQ,58,66,Winner_2022,0.1,5.0,0,True,0.0,
4VozWQ,58,67,Winner_2022,0.1,5.0,0,True,0.0,
4VozWQ,58,68,Winner_2022,0.1,5.0,0,True,0.0,
4VozWQ,58,69,Winner_2022,0.1,5.0,0,True,0.0,
4VozWQ,58,70,Winner_2022,0.1,5.0,0,True,0.0,
4VozWQ,58,71,Winner_2022,0.1,5.0,1,True,0.0,
4VozWQ,58,72,Winner_2022,0.1,5.0,1,True,0.0,
4VozWQ,58,73,Winner_2022,0.1,5.0,1,True,0.0,
4VozWQ,58,74,Winner_2022,0.1,5.0,0,True,0.0,
4VozWQ,58,75,Winner_2022,0.1,5.0,0,True,0.0,
4VozWQ,58,76,Winner_2022,0.1,5.0,1,True,0.0,
4VozWQ,58,77,Winner_2022,0.1,5.0,1,True,0.0,
4VozWQ,58,78,Winner_2022,0.1,5.0,1,True,0.0,
4VozWQ,58,79,Winner_2022,0.1,5.0,0,True,0.0,
4VozWQ,58,80,Winner_2022,0.1,5.0,2,True,0.0,
4VozWQ,58,81,Winner_2022,0.1,5.0,0,True,0.0,
4VozWQ,58,82,Winner_2022,0.1,5.0,0,True,0.0,
4VozWQ,58,83,Winner_2022,0.1,5.0,1,True,0.0,
4VozWQ,58,84,Winner_2022,0.1,5.0,0,True,0.0,
4VozWQ,58,85,Winner_2022,0.1,5.0,0,True,0.0,
4VozWQ,58,86,Winner_2022,0.1,5.0,0,True,0.0,
4VozWQ,58,87,Winner_2022,0.1,5.0,0,True,0.0,
4VozWQ,58,88,Winner_2022,0.1,5.0,0,True,0.0,
4VozWQ,58,89,Winner_2022,0.1,5.0,0,True,0.0,
4VozWQ,58,90,Winner_2022,0.1,5.0,3,True,0.0,
4VozWQ,58,91,Winner_2022,0.1,5.0,1,True,0.0,
4VozWQ,58,92,Winner_2022,0.1,5.0,0,True,0.0,
4VozWQ,58,93,Winner_2022,0.1,5.0,0,True,0.0,
4VozWQ,58,94,Winner_2022,0.1,5.0,0,True,0.0,
4VozWQ,58,95,Winner_2022,0.1,5.0,0,True,0.0,
4VozWQ,58,96,Winner_2022,0.1,5.0,0,True,0.0,
4VozWQ,58,97,Winner_2022,0.1,5.0,1,True,0.0,
4VozWQ,58,98,Winner_2022,0.1,5.0,0,True,0.0,
4VozWQ,58,99,Winner_2022,0.1,5.0,1,True,0.0,
4VozWQ,58,100,Winner_2022,0.1,5.0,0,True,0.0,
4VozWQ,59,1,Winner_2022,0.7,78.0,0,True,0.0,
4VozWQ,59,2,Winner_2022,0.2,62.4,0,True,0.0,
4VozWQ,59,3,Winner_2022,0.1,49.9,0,True,0.0,
4VozWQ,59,4,Winner_2022,0.1,39.9,0,True,0.0,
4VozWQ,59,5,Winner_2022,0.1,31.9,0,True,0.0,
4VozWQ,59,6,Winner_2022,0.1,25.6,0,True,0.0,
4VozWQ,59,7,Winner_2022,0.1,20.4,0,True,0.0,
4VozWQ,59,8,Winner_2022,0.6,16.4,0,True,0.0,
4VozWQ,59,9,Winner_2022,1.1,13.1,0,True,0.0,
4VozWQ,59,10,Winner_2022,1.6,10.5,0,True,0.0,
4VozWQ,59,11,Winner_2022,2.1,8.4,0,True,0.0,
4VozWQ,59,12,Winner_2022,2.6,6.7,0,True,0.0,
4VozWQ,59,13,Winner_2022,3.1,5.4,0,True,0.0,
4VozWQ,59,14,Winner_2022,3.6,5.0,1,True,0.0,
4VozWQ,59,15,Winner_2022,4.1,5.0,1,True,0.0,
4VozWQ,59,16,Winner_2022,4.5,5.0,1,True,0.0,
4VozWQ,59,17,Winner_2022,4.8,5.0,0,True,0.0,
4VozWQ,59,18,Winner_2022,4.9,5.0,0,True,0.0,
4VozWQ,59,19,Winner_2022,4.9,5.0,0,True,0.0,
4VozWQ,59,20,Winner_2022,5.0,5.0,1,True,0.0,
4VozWQ,59,21,Winner_2022,5.0,5.0,1,True,0.0,
4VozWQ,59,22,Winner_2022,5.0,5.0,1,True,0.0,
4VozWQ,59,23,Winner_2022,5.0,5.0,1,True,0.0,
4VozWQ,59,24,Winner_2022,5.0,5.0,0,True,0.0,
4VozWQ,59,25,Winner_2022,5.0,5.0,1,True,0.0,
4VozWQ,59,26,Winner_2022,5.0,5.0,0,True,0.0,
4VozWQ,59,27,Winner_2022,5.0,5.0,0,True,0.0,
4VozWQ,59,28,Winner_2022,5.0,5.0,0,True,0.0,
4VozWQ,59,29,Winner_2022,5.0,5.0,1,True,0.0,
4VozWQ,59,30,Winner_2022,5.0,5.0,0,True,0.0,
4VozWQ,59,31,Winner_2022,5.0,5.0,0,True,0.0,
4VozWQ,59,32,Winner_2022,5.0,5.0,0,True,0.0,
4VozWQ,59,33,Winner_2022,5.0,5.0,0,True,0.0,
4VozWQ,59,34,Winner_2022,5.0,5.0,1,True,0.0,
4VozWQ,59,35,Winner_2022,5.0,5.0,0,True,0.0,
4VozWQ,59,36,Winner_2022,5.0,5.0,0,True,0.0,
4VozWQ,59,37,Winner_2022,5.0,5.0,0,True,0.0,
4VozWQ,59,38,Winner_2022,4.9,5.0,1,True,0.0,
4VozWQ,59,39,Winner_2022,4.9,5.0,1,True,0.0,
4VozWQ,59,40,Winner_2022,4.9,5.0,0,True,0.0,
4VozWQ,59,41,Winner_2022,4.8,5.0,1,True,0.0,
4VozWQ,59,42,Winner_2022,4.7,5.0,2,True,0.0,
4VozWQ,59,43,Winner_2022,4.6,5.0,0,True,0.0,
4VozWQ,59,44,Winner_2022,4.4,5.0,0,True,0.0,
4VozWQ,59,45,Winner_2022,4.0,5.0,1,True,0.0,
4VozWQ,59,46,Winner_2022,3.5,5.0,1,True,0.0,
4VozWQ,59,47,Winner_2022,3.0,5.0,1,True,0.0,
4VozWQ,59,48,Winner_2022,2.5,5.0,2,True,0.0,
4VozWQ,59,49,Winner_2022,2.0,5.0,2,True,0.0,
4VozWQ,59,50,Winner_2022,1.5,5.0,0,True,0.0,
4VozWQ,59,51,Winner_2022,1.0,5.0,0,True,0.0,
4VozWQ,59,52,Winner_2022,0.5,5.0,2,True,0.0,
4VozWQ,59,53,Winner_2022,0.1,5.0,0,True,0.0,
4VozWQ,59,54,Winner_2022,0.1,5.0,1,True,0.0,
4VozWQ,59,55,Winner_2022,0.1,5.0,0,True,0.0,
4VozWQ,59,56,Winner_2022,0.1,5.0,0,True,0.0,
4VozWQ,59,57,Winner_2022,0.1,5.0,0,True,0.0,
4VozWQ,59,58,Winner_2022,0.1,5.0,0,True,0.0,
4VozWQ,59,59,Winner_2022,0.1,5.0,0,True,0.0,
4VozWQ,59,60,Winner_2022,0.1,5.0,1,True,0.0,
4VozWQ,59,61,Winner_2022,0.1,5.0,0,True,0.0,
4VozWQ,59,62,Winner_2022,0.1,5.0,0,True,0.0,
4VozWQ,59,63,Winner_2022,0.1,5.0,0,True,0.0,
4VozWQ,59,64,Winner_2022,0.1,5.0,0,True,0.0,
4VozWQ,59,65,Winner_2022,0.1,5.0,0,True,0.0,
4VozWQ,59,66,Winner_2022,0.1,5.0,0,True,0.0,
4VozWQ,59,67,Winner_2022,0.1,5.0,1,True,0.0,
4VozWQ,59,68,Winner_2022,0.1,5.0,1,True,0.0,
4VozWQ,59,69,Winner_2022,0.1,5.0,1,True,0.0,
4VozWQ,59,70,Winner_2022,0.1,5.0,0,True,0.0,
4VozWQ,59,71,Winner_2022,0.1,5.0,1,True,0.0,
4VozWQ,59,72,Winner_2022,0.1,5.0,0,True,0.0,
4VozWQ,59,73,Winner_2022,0.1,5.0,0,True,0.0,
4VozWQ,59,74,Winner_2022,0.1,5.0,0,True,0.0,
4VozWQ,59,75,Winner_2022,0.1,5.0,1,True,0.0,
4VozWQ,59,76,Winner_2022,0.1,5.0,0,True,0.0,
4VozWQ,59,77,Winner_2022,0.1,5.0,1,True,0.0,
4VozWQ,59,78,Winner_2022,0.1,5.0,0,True,0.0,
4VozWQ,59,79,Winner_2022,0.1,5.0,1,True,0.0,
4VozWQ,59,80,Winner_2022,0.1,5.0,0,True,0.0,
4VozWQ,59,81,Winner_2022,0.1,5.0,0,True,0.0,
4VozWQ,59,82,Winner_2022,0.1,5.0,0,True,0.0,
4VozWQ,59,83,Winner_2022,0.1,5.0,0,True,0.0,
4VozWQ,59,84,Winner_2022,0.1,5.0,0,True,0.0,
4VozWQ,59,85,Winner_2022,0.1,5.0,0,True,0.0,
4VozWQ,59,86,Winner_2022,0.1,5.0,0,True,0.0,
4VozWQ,59,87,Winner_2022,0.1,5.0,0,True,0.0,
4VozWQ,59,88,Winner_2022,0.1,5.0,1,True,0.0,
4VozWQ,59,89,Winner_2022,0.1,5.0,1,True,0.0,
4VozWQ,59,90,Winner_2022,0.1,5.0,2,True,0.0,
4VozWQ,59,91,Winner_2022,0.1,5.0,2,True,0.0,
4VozWQ,59,92,Winner_2022,0.1,5.0,1,True,0.0,
4VozWQ,59,93,Winner_2022,0.1,5.0,0,True,0.0,
4VozWQ,59,94,Winner_2022,0.1,5.0,0,True,0.0,
4VozWQ,59,95,Winner_2022,0.1,5.0,0,True,0.0,
4VozWQ,59,96,Winner_2022,0.1,5.0,0,True,0.0,
4VozWQ,59,97,Winner_2022,0.1,5.0,0,True,0.0,
4VozWQ,59,98,Winner_2022,0.1,5.0,0,True,0.0,
4VozWQ,59,99,Winner_2022,0.1,5.0,2,True,0.0,
4VozWQ,59,100,Winner_2022,0.1,5.0,0,True,0.0,
4VozWQ,60,1,Winner_2022,1.3,78.0,0,True,0.0,
4VozWQ,60,2,Winner_2022,1.8,62.4,0,True,0.0,
4VozWQ,60,3,Winner_2022,2.3,49.9,0,True,0.0,
4VozWQ,60,4,Winner_2022,2.8,39.9,0,True,0.0,
4VozWQ,60,5,Winner_2022,3.3,31.9,0,True,0.0,
4VozWQ,60,6,Winner_2022,3.8,25.6,0,True,0.0,
4VozWQ,60,7,Winner_2022,4.3,20.4,0,True,0.0,
4VozWQ,60,8,Winner_2022,4.8,16.4,0,True,0.0,
4VozWQ,60,9,Winner_2022,5.3,13.1,0,True,0.0,
4VozWQ,60,10,Winner_2022,5.8,10.5,0,True,0.0,
4VozWQ,60,11,Winner_2022,6.3,8.4,0,True,0.0,
4VozWQ,60,12,Winner_2022,6.8,6.7,0,True,0.0,
4VozWQ,60,13,Winner_2022,6.9,5.4,1,True,0.0,
4VozWQ,60,14,Winner_2022,7.4,5.0,0,True,0.0,
4VozWQ,60,15,Winner_2022,7.9,5.0,1,True,0.0,
4VozWQ,60,16,Winner_2022,8.4,5.0,0,True,0.0,
4VozWQ,60,17,Winner_2022,8.9,5.0,0,True,0.0,
4VozWQ,60,18,Winner_2022,9.4,5.0,0,True,0.0,
4VozWQ,60,19,Winner_2022,9.9,5.0,1,True,0.0,
4VozWQ,60,20,Winner_2022,10.4,5.0,0,True,0.0,
4VozWQ,60,21,Winner_2022,10.9,5.0,2,True,0.0,
4VozWQ,60,22,Winner_2022,11.4,5.0,0,True,0.0,
4VozWQ,60,23,Winner_2022,11.9,5.0,0,True,0.0,
4VozWQ,60,24,Winner_2022,12.4,5.0,2,True,0.0,
4VozWQ,60,25,Winner_2022,12.9,5.0,1,True,0.0,
4VozWQ,60,26,Winner_2022,13.4,5.0,0,True,0.0,
4VozWQ,60,27,Winner_2022,13.9,5.0,1,True,0.0,
4VozWQ,60,28,Winner_2022,14.4,5.0,1,True,0.0,
4VozWQ,60,29,Winner_2022,14.9,5.0,1,True,0.0,
4VozWQ,60,30,Winner_2022,15.4,5.0,0,True,0.0,
4VozWQ,60,31,Winner_2022,15.9,5.0,0,True,0.0,
4VozWQ,60,32,Winner_2022,16.4,5.0,0,True,0.0,
4VozWQ,60,33,Winner_2022,16.9,5.0,2,True,0.0,
4VozWQ,60,34,Winner_2022,16.4,5.0,1,True,0.0,
4VozWQ,60,35,Winner_2022,15.9,5.0,3,True,0.0,
4VozWQ,60,36,Winner_2022,15.4,5.0,1,True,0.0,
4VozWQ,60,37,Winner_2022,14.9,5.0,1,True,0.0,
4VozWQ,60,38,Winner_2022,14.4,5.0,0,True,0.0,
4VozWQ,60,39,Winner_2022,13.9,5.0,0,True,0.0,
4VozWQ,60,40,Winner_2022,13.4,5.0,1,True,0.0,
4VozWQ,60,41,Winner_2022,12.9,5.0,2,True,0.0,
4VozWQ,60,42,Winner_2022,12.4,5.0,1,True,0.0,
4VozWQ,60,43,Winner_2022,11.9,5.1,0,True,0.0,
4VozWQ,60,44,Winner_2022,11.4,5.1,0,True,0.0,
4VozWQ,60,45,Winner_2022,10.9,5.1,1,True,0.0,
4VozWQ,60,46,Winner_2022,10.4,5.1,1,True,0.0,
4VozWQ,60,47,Winner_2022,9.9,5.1,1,True,0.0,
4VozWQ,60,48,Winner_2022,9.4,5.2,3,True,0.0,
4VozWQ,60,49,Winner_2022,8.9,5.3,0,True,0.0,
4VozWQ,60,50,Winner_2022,8.4,5.5,3,True,0.0,
4VozWQ,60,51,Winner_2022,7.9,5.7,1,True,0.0,
4VozWQ,60,52,Winner_2022,7.4,6.0,0,True,0.0,
4VozWQ,60,53,Winner_2022,6.9,6.2,1,True,0.0,
4VozWQ,60,54,Winner_2022,6.6,6.5,0,True,0.0,
4VozWQ,60,55,Winner_2022,6.5,6.7,1,True,0.0,
4VozWQ,60,56,Winner_2022,6.4,6.9,0,True,0.0,
4VozWQ,60,57,Winner_2022,6.2,7.1,2,True,0.0,
4VozWQ,60,58,Winner_2022,5.8,7.3,1,True,0.0,
4VozWQ,60,59,Winner_2022,5.3,7.6,1,True,0.0,
4VozWQ,60,60,Winner_2022,4.8,7.9,0,True,0.0,
4VozWQ,60,61,Winner_2022,4.3,8.2,0,True,0.0,
4VozWQ,60,62,Winner_2022,3.8,8.4,1,True,0.0,
4VozWQ,60,63,Winner_2022,3.3,8.6,1,True,0.0,
4VozWQ,60,64,Winner_2022,2.8,8.9,0,True,0.0,
4VozWQ,60,65,Winner_2022,2.3,9.0,1,True,0.0,
4VozWQ,60,66,Winner_2022,1.8,9.2,0,True,0.0,
4VozWQ,60,67,Winner_2022,1.3,9.3,1,True,0.0,
4VozWQ,60,68,Winner_2022,0.8,9.4,1,True,0.0,
4VozWQ,60,69,Winner_2022,0.3,9.5,2,True,0.0,
4VozWQ,60,70,Winner_2022,0.1,9.6,0,True,0.0,
4VozWQ,60,71,Winner_2022,0.1,9.7,0,True,0.0,
4VozWQ,60,72,Winner_2022,0.1,9.7,0,True,0.0,
4VozWQ,60,73,Winner_2022,0.1,9.7,1,True,0.0,
4VozWQ,60,74,Winner_2022,0.1,9.7,1,True,0.0,
4VozWQ,60,75,Winner_2022,0.1,9.6,1,True,0.0,
4VozWQ,60,76,Winner_2022,0.1,9.5,0,True,0.0,
4VozWQ,60,77,Winner_2022,0.1,9.4,1,True,0.0,
4VozWQ,60,78,Winner_2022,0.1,9.3,0,True,0.0,
4VozWQ,60,79,Winner_2022,0.1,9.1,1,True,0.0,
4VozWQ,60,80,Winner_2022,0.1,8.9,0,True,0.0,
4VozWQ,60,81,Winner_2022,0.1,8.7,0,True,0.0,
4VozWQ,60,82,Winner_2022,0.1,8.5,2,True,0.0,
4VozWQ,60,83,Winner_2022,0.1,8.3,1,True,0.0,
4VozWQ,60,84,Winner_2022,0.1,8.1,0,True,0.0,
4VozWQ,60,85,Winner_2022,0.1,7.9,0,True,0.0,
4VozWQ,60,86,Winner_2022,0.1,7.6,0,True,0.0,
4VozWQ,60,87,Winner_2022,0.1,7.3,0,True,0.0,
4VozWQ,60,88,Winner_2022,0.1,7.0,0,True,0.0,
4VozWQ,60,89,Winner_2022,0.1,6.7,0,True,0.0,
4VozWQ,60,90,Winner_2022,0.1,6.4,1,True,0.0,
4VozWQ,60,91,Winner_2022,0.1,6.1,0,True,0.0,
4VozWQ,60,92,Winner_2022,0.1,5.9,1,True,0.0,
4VozWQ,60,93,Winner_2022,0.1,5.6,0,True,0.0,
4VozWQ,60,94,Winner_2022,0.1,5.3,1,True,0.0,
4VozWQ,60,95,Winner_2022,0.1,5.1,2,True,0.0,
4VozWQ,60,96,Winner_2022,0.1,5.0,1,True,0.0,
4VozWQ,60,97,Winner_2022,0.1,5.0,2,True,0.0,
4VozWQ,60,98,Winner_2022,0.1,5.0,0,True,0.0,
4VozWQ,60,99,Winner_2022,0.1,5.0,0,True,0.0,
4VozWQ,60,100,Winner_2022,0.1,5.0,0,True,0.0,
4VozWQ,61,1,Winner_2022,3.9,51.0,0,True,0.0,
4VozWQ,61,2,Winner_2022,3.4,40.8,0,True,0.0,
4VozWQ,61,3,Winner_2022,2.9,32.6,0,True,0.0,
4VozWQ,61,4,Winner_2022,2.4,26.1,0,True,0.0,
4VozWQ,61,5,Winner_2022,1.9,20.9,0,True,0.0,
4VozWQ,61,6,Winner_2022,1.4,16.7,0,True,0.0,
4VozWQ,61,7,Winner_2022,0.9,13.4,1,True,0.0,
4VozWQ,61,8,Winner_2022,0.4,11.5,0,True,0.0,
4VozWQ,61,9,Winner_2022,0.1,9.7,1,True,0.0,
4VozWQ,61,10,Winner_2022,0.6,8.6,0,True,0.0,
4VozWQ,61,11,Winner_2022,1.1,7.6,0,True,0.0,
4VozWQ,61,12,Winner_2022,1.6,6.7,1,True,0.0,
4VozWQ,61,13,Winner_2022,2.1,6.0,0,True,0.0,
4VozWQ,61,14,Winner_2022,2.6,5.3,0,True,0.0,
4VozWQ,61,15,Winner_2022,3.1,5.0,0,True,0.0,
4VozWQ,61,16,Winner_2022,3.6,5.0,0,True,0.0,
4VozWQ,61,17,Winner_2022,4.1,5.0,0,True,0.0,
4VozWQ,61,18,Winner_2022,3.6,5.0,2,True,0.0,
4VozWQ,61,19,Winner_2022,3.1,5.0,0,True,0.0,
4VozWQ,61,20,Winner_2022,2.6,5.0,0,True,0.0,
4VozWQ,61,21,Winner_2022,2.1,5.0,0,True,0.0,
4VozWQ,61,22,Winner_2022,2.6,5.0,0,True,0.0,
4VozWQ,61,23,Winner_2022,3.1,5.0,0,True,0.0,
4VozWQ,61,24,Winner_2022,3.6,5.0,0,True,0.0,
4VozWQ,61,25,Winner_2022,4.1,5.0,0,True,0.0,
4VozWQ,61,26,Winner_2022,4.6,5.0,1,True,0.0,
4VozWQ,61,27,Winner_2022,4.8,5.0,3,True,0.0,
4VozWQ,61,28,Winner_2022,4.9,5.0,0,True,0.0,
4VozWQ,61,29,Winner_2022,4.9,5.0,1,True,0.0,
4VozWQ,61,30,Winner_2022,5.0,5.0,3,True,0.0,
4VozWQ,61,31,Winner_2022,5.0,5.0,0,True,0.0,
4VozWQ,61,32,Winner_2022,5.0,5.0,1,True,0.0,
4VozWQ,61,33,Winner_2022,5.0,5.0,1,True,0.0,
4VozWQ,61,34,Winner_2022,5.0,5.0,0,True,0.0,
4VozWQ,61,35,Winner_2022,5.0,5.0,0,True,0.0,
4VozWQ,61,36,Winner_2022,5.0,5.0,0,True,0.0,
4VozWQ,61,37,Winner_2022,5.0,5.0,1,True,0.0,
4VozWQ,61,38,Winner_2022,5.0,5.0,0,True,0.0,
4VozWQ,61,39,Winner_2022,5.0,5.0,1,True,0.0,
4VozWQ,61,40,Winner_2022,5.0,5.0,0,True,0.0,
4VozWQ,61,41,Winner_2022,5.0,5.0,1,True,0.0,
4VozWQ,61,42,Winner_2022,5.0,5.0,0,True,0.0,
4VozWQ,61,43,Winner_2022,5.0,5.0,2,True,0.0,
4VozWQ,61,44,Winner_2022,5.0,5.0,1,True,0.0,
4VozWQ,61,45,Winner_2022,5.0,5.0,0,True,0.0,
4VozWQ,61,46,Winner_2022,5.0,5.0,0,True,0.0,
4VozWQ,61,47,Winner_2022,5.0,5.0,0,True,0.0,
4VozWQ,61,48,Winner_2022,5.0,5.0,0,True,0.0,
4VozWQ,61,49,Winner_2022,5.0,5.0,1,True,0.0,
4VozWQ,61,50,Winner_2022,5.0,5.0,2,True,0.0,
4VozWQ,61,51,Winner_2022,5.0,5.0,0,True,0.0,
4VozWQ,61,52,Winner_2022,5.0,5.0,1,True,0.0,
4VozWQ,61,53,Winner_2022,5.0,5.0,0,True,0.0,
4VozWQ,61,54,Winner_2022,5.0,5.0,1,True,0.0,
4VozWQ,61,55,Winner_2022,5.0,5.0,0,True,0.0,
4VozWQ,61,56,Winner_2022,5.0,5.0,0,True,0.0,
4VozWQ,61,57,Winner_2022,5.0,5.0,0,True,0.0,
4VozWQ,61,58,Winner_2022,5.0,5.0,0,True,0.0,
4VozWQ,61,59,Winner_2022,5.0,5.0,0,True,0.0,
4VozWQ,61,60,Winner_2022,5.0,5.0,0,True,0.0,
4VozWQ,61,61,Winner_2022,5.0,5.0,0,True,0.0,
4VozWQ,61,62,Winner_2022,5.0,5.0,0,True,0.0,
4VozWQ,61,63,Winner_2022,5.0,5.0,1,True,0.0,
4VozWQ,61,64,Winner_2022,5.0,5.0,1,True,0.0,
4VozWQ,61,65,Winner_2022,5.0,5.0,0,True,0.0,
4VozWQ,61,66,Winner_2022,5.0,5.0,1,True,0.0,
4VozWQ,61,67,Winner_2022,5.0,5.0,1,True,0.0,
4VozWQ,61,68,Winner_2022,5.0,5.0,3,True,0.0,
4VozWQ,61,69,Winner_2022,5.0,5.0,1,True,0.0,
4VozWQ,61,70,Winner_2022,5.0,5.0,1,True,0.0,
4VozWQ,61,71,Winner_2022,5.0,5.0,1,True,0.0,
4VozWQ,61,72,Winner_2022,5.0,5.0,2,True,0.0,
4VozWQ,61,73,Winner_2022,5.0,5.0,0,True,0.0,
4VozWQ,61,74,Winner_2022,5.0,5.0,0,True,0.0,
4VozWQ,61,75,Winner_2022,5.0,5.0,2,True,0.0,
4VozWQ,61,76,Winner_2022,5.0,5.0,0,True,0.0,
4VozWQ,61,77,Winner_2022,5.0,5.0,0,True,0.0,
4VozWQ,61,78,Winner_2022,5.0,5.0,1,True,0.0,
4VozWQ,61,79,Winner_2022,5.0,5.0,2,True,0.0,
4VozWQ,61,80,Winner_2022,5.0,5.0,0,True,0.0,
4VozWQ,61,81,Winner_2022,4.9,5.0,0,True,0.0,
4VozWQ,61,82,Winner_2022,4.9,5.0,0,True,0.0,
4VozWQ,61,83,Winner_2022,4.9,5.0,1,True,0.0,
4VozWQ,61,84,Winner_2022,4.8,5.0,0,True,0.0,
4VozWQ,61,85,Winner_2022,4.7,5.0,1,True,0.0,
4VozWQ,61,86,Winner_2022,4.5,5.0,1,True,0.0,
4VozWQ,61,87,Winner_2022,4.3,5.0,0,True,0.0,
4VozWQ,61,88,Winner_2022,3.9,5.0,3,True,0.0,
4VozWQ,61,89,Winner_2022,3.4,5.0,2,True,0.0,
4VozWQ,61,90,Winner_2022,2.9,5.0,1,True,0.0,
4VozWQ,61,91,Winner_2022,2.4,5.0,0,True,0.0,
4VozWQ,61,92,Winner_2022,1.9,5.0,0,True,0.0,
4VozWQ,61,93,Winner_2022,1.4,5.0,1,True,0.0,
4VozWQ,61,94,Winner_2022,0.9,5.0,0,True,0.0,
4VozWQ,61,95,Winner_2022,0.4,5.0,2,True,0.0,
4VozWQ,61,96,Winner_2022,0.1,5.0,0,True,0.0,
4VozWQ,61,97,Winner_2022,0.1,5.0,0,True,0.0,
4VozWQ,61,98,Winner_2022,0.1,5.0,0,True,0.0,
4VozWQ,61,99,Winner_2022,0.1,5.0,0,True,0.0,
4VozWQ,61,100,Winner_2022,0.1,5.0,0,True,0.0,
4VozWQ,62,1,Winner_2022,4.9,73.0,0,True,0.0,
4VozWQ,62,2,Winner_2022,5.4,58.4,0,True,0.0,
4VozWQ,62,3,Winner_2022,5.9,46.7,0,True,0.0,
4VozWQ,62,4,Winner_2022,5.4,37.4,0,True,0.0,
4VozWQ,62,5,Winner_2022,4.9,29.9,0,True,0.0,
4VozWQ,62,6,Winner_2022,4.4,23.9,0,True,0.0,
4VozWQ,62,7,Winner_2022,3.9,19.1,0,True,0.0,
4VozWQ,62,8,Winner_2022,3.4,15.3,0,True,0.0,
4VozWQ,62,9,Winner_2022,2.9,12.2,1,True,0.0,
4VozWQ,62,10,Winner_2022,2.4,10.3,0,True,0.0,
4VozWQ,62,11,Winner_2022,1.9,8.7,0,True,0.0,
4VozWQ,62,12,Winner_2022,1.4,7.3,0,True,0.0,
4VozWQ,62,13,Winner_2022,0.9,6.1,0,True,0.0,
4VozWQ,62,14,Winner_2022,0.4,5.0,0,True,0.0,
4VozWQ,62,15,Winner_2022,0.1,5.0,0,True,0.0,
4VozWQ,62,16,Winner_2022,0.1,5.0,1,True,0.0,
4VozWQ,62,17,Winner_2022,0.1,5.0,0,True,0.0,
4VozWQ,62,18,Winner_2022,0.1,5.0,1,True,0.0,
4VozWQ,62,19,Winner_2022,0.1,5.0,1,True,0.0,
4VozWQ,62,20,Winner_2022,0.1,5.0,0,True,0.0,
4VozWQ,62,21,Winner_2022,0.1,5.0,0,True,0.0,
4VozWQ,62,22,Winner_2022,0.1,5.0,0,True,0.0,
4VozWQ,62,23,Winner_2022,0.1,5.0,0,True,0.0,
4VozWQ,62,24,Winner_2022,0.1,5.0,1,True,0.0,
4VozWQ,62,25,Winner_2022,0.1,5.0,0,True,0.0,
4VozWQ,62,26,Winner_2022,0.1,5.0,0,True,0.0,
4VozWQ,62,27,Winner_2022,0.1,5.0,1,True,0.0,
4VozWQ,62,28,Winner_2022,0.1,5.0,0,True,0.0,
4VozWQ,62,29,Winner_2022,0.1,5.0,0,True,0.0,
4VozWQ,62,30,Winner_2022,0.1,5.0,0,True,0.0,
4VozWQ,62,31,Winner_2022,0.1,5.0,0,True,0.0,
4VozWQ,62,32,Winner_2022,0.1,5.0,0,True,0.0,
4VozWQ,62,33,Winner_2022,0.1,5.0,0,True,0.0,
4VozWQ,62,34,Winner_2022,0.1,5.0,0,True,0.0,
4VozWQ,62,35,Winner_2022,0.1,5.0,0,True,0.0,
4VozWQ,62,36,Winner_2022,0.1,5.0,0,True,0.0,
4VozWQ,62,37,Winner_2022,0.1,5.0,0,True,0.0,
4VozWQ,62,38,Winner_2022,0.1,5.0,1,True,0.0,
4VozWQ,62,39,Winner_2022,0.1,5.0,0,True,0.0,
4VozWQ,62,40,Winner_2022,0.1,5.0,1,True,0.0,
4VozWQ,62,41,Winner_2022,0.1,5.0,0,True,0.0,
4VozWQ,62,42,Winner_2022,0.1,5.0,0,True,0.0,
4VozWQ,62,43,Winner_2022,0.1,5.0,1,True,0.0,
4VozWQ,62,44,Winner_2022,0.1,5.0,0,True,0.0,
4VozWQ,62,45,Winner_2022,0.1,5.0,0,True,0.0,
4VozWQ,62,46,Winner_2022,0.1,5.0,0,True,0.0,
4VozWQ,62,47,Winner_2022,0.1,5.0,1,True,0.0,
4VozWQ,62,48,Winner_2022,0.1,5.0,0,True,0.0,
4VozWQ,62,49,Winner_2022,0.1,5.0,1,True,0.0,
4VozWQ,62,50,Winner_2022,0.1,5.0,1,True,0.0,
4VozWQ,62,51,Winner_2022,0.1,5.0,0,True,0.0,
4VozWQ,62,52,Winner_2022,0.1,5.0,1,True,0.0,
4VozWQ,62,53,Winner_2022,0.1,5.0,1,True,0.0,
4VozWQ,62,54,Winner_2022,0.1,5.0,1,True,0.0,
4VozWQ,62,55,Winner_2022,0.1,5.0,1,True,0.0,
4VozWQ,62,56,Winner_2022,0.1,5.0,0,True,0.0,
4VozWQ,62,57,Winner_2022,0.1,5.0,0,True,0.0,
4VozWQ,62,58,Winner_2022,0.1,5.0,0,True,0.0,
4VozWQ,62,59,Winner_2022,0.1,5.0,1,True,0.0,
4VozWQ,62,60,Winner_2022,0.1,5.0,0,True,0.0,
4VozWQ,62,61,Winner_2022,0.1,5.0,0,True,0.0,
4VozWQ,62,62,Winner_2022,0.1,5.0,1,True,0.0,
4VozWQ,62,63,Winner_2022,0.1,5.0,1,True,0.0,
4VozWQ,62,64,Winner_2022,0.1,5.0,1,True,0.0,
4VozWQ,62,65,Winner_2022,0.1,5.0,0,True,0.0,
4VozWQ,62,66,Winner_2022,0.1,5.0,0,True,0.0,
4VozWQ,62,67,Winner_2022,0.1,5.0,0,True,0.0,
4VozWQ,62,68,Winner_2022,0.1,5.0,0,True,0.0,
4VozWQ,62,69,Winner_2022,0.1,5.0,1,True,0.0,
4VozWQ,62,70,Winner_2022,0.1,5.0,0,True,0.0,
4VozWQ,62,71,Winner_2022,0.1,5.0,0,True,0.0,
4VozWQ,62,72,Winner_2022,0.1,5.0,0,True,0.0,
4VozWQ,62,73,Winner_2022,0.1,5.0,0,True,0.0,
4VozWQ,62,74,Winner_2022,0.1,5.0,1,True,0.0,
4VozWQ,62,75,Winner_2022,0.1,5.0,0,True,0.0,
4VozWQ,62,76,Winner_2022,0.1,5.0,2,True,0.0,
4VozWQ,62,77,Winner_2022,0.1,5.0,1,True,0.0,
4VozWQ,62,78,Winner_2022,0.1,5.0,0,True,0.0,
4VozWQ,62,79,Winner_2022,0.1,5.0,1,True,0.0,
4VozWQ,62,80,Winner_2022,0.1,5.0,0,True,0.0,
4VozWQ,62,81,Winner_2022,0.1,5.0,1,True,0.0,
4VozWQ,62,82,Winner_2022,0.1,5.0,0,True,0.0,
4VozWQ,62,83,Winner_2022,0.1,5.0,0,True,0.0,
4VozWQ,62,84,Winner_2022,0.1,5.0,0,True,0.0,
4VozWQ,62,85,Winner_2022,0.1,5.0,1,True,0.0,
4VozWQ,62,86,Winner_2022,0.1,5.0,0,True,0.0,
4VozWQ,62,87,Winner_2022,0.1,5.0,1,True,0.0,
4VozWQ,62,88,Winner_2022,0.1,5.0,1,True,0.0,
4VozWQ,62,89,Winner_2022,0.1,5.0,1,True,0.0,
4VozWQ,62,90,Winner_2022,0.1,5.0,0,True,0.0,
4VozWQ,62,91,Winner_2022,0.1,5.0,0,True,0.0,
4VozWQ,62,92,Winner_2022,0.1,5.0,0,True,0.0,
4VozWQ,62,93,Winner_2022,0.1,5.0,0,True,0.0,
4VozWQ,62,94,Winner_2022,0.1,5.0,1,True,0.0,
4VozWQ,62,95,Winner_2022,0.1,5.0,1,True,0.0,
4VozWQ,62,96,Winner_2022,0.1,5.0,0,True,0.0,
4VozWQ,62,97,Winner_2022,0.1,5.0,0,True,0.0,
4VozWQ,62,98,Winner_2022,0.1,5.0,0,True,0.0,
4VozWQ,62,99,Winner_2022,0.1,5.0,1,True,0.0,
4VozWQ,62,100,Winner_2022,0.1,5.0,0,True,0.0,
4VozWQ,63,1,Winner_2022,2.2,51.0,0,True,0.0,
4VozWQ,63,2,Winner_2022,1.7,40.8,0,True,0.0,
4VozWQ,63,3,Winner_2022,1.2,32.6,0,True,0.0,
4VozWQ,63,4,Winner_2022,0.7,26.1,0,True,0.0,
4VozWQ,63,5,Winner_2022,0.2,20.9,0,True,0.0,
4VozWQ,63,6,Winner_2022,0.1,16.7,0,True,0.0,
4VozWQ,63,7,Winner_2022,0.1,13.4,0,True,0.0,
4VozWQ,63,8,Winner_2022,0.1,10.7,0,True,0.0,
4VozWQ,63,9,Winner_2022,0.6,8.6,0,True,0.0,
4VozWQ,63,10,Winner_2022,0.1,6.8,1,True,0.0,
4VozWQ,63,11,Winner_2022,0.1,5.8,0,True,0.0,
4VozWQ,63,12,Winner_2022,0.1,5.0,0,True,0.0,
4VozWQ,63,13,Winner_2022,0.1,5.0,0,True,0.0,
4VozWQ,63,14,Winner_2022,0.1,5.0,0,True,0.0,
4VozWQ,63,15,Winner_2022,0.1,5.0,2,True,0.0,
4VozWQ,63,16,Winner_2022,0.1,5.0,0,True,0.0,
4VozWQ,63,17,Winner_2022,0.1,5.0,0,True,0.0,
4VozWQ,63,18,Winner_2022,0.1,5.0,0,True,0.0,
4VozWQ,63,19,Winner_2022,0.1,5.0,1,True,0.0,
4VozWQ,63,20,Winner_2022,0.1,5.0,1,True,0.0,
4VozWQ,63,21,Winner_2022,0.1,5.0,0,True,0.0,
4VozWQ,63,22,Winner_2022,0.1,5.0,0,True,0.0,
4VozWQ,63,23,Winner_2022,0.1,5.0,2,True,0.0,
4VozWQ,63,24,Winner_2022,0.1,5.0,0,True,0.0,
4VozWQ,63,25,Winner_2022,0.1,5.0,1,True,0.0,
4VozWQ,63,26,Winner_2022,0.1,5.0,0,True,0.001,
4VozWQ,63,27,Winner_2022,0.1,5.0,0,True,0.0,
4VozWQ,63,28,Winner_2022,0.1,5.0,0,True,0.0,
4VozWQ,63,29,Winner_2022,0.1,5.0,0,True,0.0,
4VozWQ,63,30,Winner_2022,0.1,5.0,0,True,0.0,
4VozWQ,63,31,Winner_2022,0.1,5.0,0,True,0.0,
4VozWQ,63,32,Winner_2022,0.1,5.0,0,True,0.0,
4VozWQ,63,33,Winner_2022,0.1,5.0,0,True,0.0,
4VozWQ,63,34,Winner_2022,0.1,5.0,1,True,0.0,
4VozWQ,63,35,Winner_2022,0.1,5.0,0,True,0.0,
4VozWQ,63,36,Winner_2022,0.1,5.0,0,True,0.0,
4VozWQ,63,37,Winner_2022,0.1,5.0,0,True,0.0,
4VozWQ,63,38,Winner_2022,0.1,5.0,0,True,0.0,
4VozWQ,63,39,Winner_2022,0.1,5.0,0,True,0.0,
4VozWQ,63,40,Winner_2022,0.1,5.0,1,True,0.0,
4VozWQ,63,41,Winner_2022,0.1,5.0,0,True,0.0,
4VozWQ,63,42,Winner_2022,0.1,5.0,0,True,0.0,
4VozWQ,63,43,Winner_2022,0.1,5.0,0,True,0.0,
4VozWQ,63,44,Winner_2022,0.1,5.0,0,True,0.0,
4VozWQ,63,45,Winner_2022,0.1,5.0,0,True,0.0,
4VozWQ,63,46,Winner_2022,0.1,5.0,0,True,0.0,
4VozWQ,63,47,Winner_2022,0.1,5.0,0,True,0.0,
4VozWQ,63,48,Winner_2022,0.1,5.0,0,True,0.0,
4VozWQ,63,49,Winner_2022,0.1,5.0,1,True,0.0,
4VozWQ,63,50,Winner_2022,0.1,5.0,1,True,0.0,
4VozWQ,63,51,Winner_2022,0.1,5.0,0,True,0.0,
4VozWQ,63,52,Winner_2022,0.1,5.0,1,True,0.003,
4VozWQ,63,53,Winner_2022,0.1,5.0,0,True,0.0,
4VozWQ,63,54,Winner_2022,0.1,5.0,0,True,0.0,
4VozWQ,63,55,Winner_2022,0.1,5.0,0,True,0.0,
4VozWQ,63,56,Winner_2022,0.1,5.0,1,True,0.0,
4VozWQ,63,57,Winner_2022,0.6,5.0,0,True,0.0,
4VozWQ,63,58,Winner_2022,1.1,5.0,0,True,0.0,
4VozWQ,63,59,Winner_2022,1.6,5.0,0,True,0.0,
4VozWQ,63,60,Winner_2022,2.1,5.0,0,True,0.0,
4VozWQ,63,61,Winner_2022,2.6,5.0,0,True,0.0,
4VozWQ,63,62,Winner_2022,2.1,5.0,1,True,0.0,
4VozWQ,63,63,Winner_2022,1.6,5.0,0,True,0.0,
4VozWQ,63,64,Winner_2022,1.1,5.0,4,True,0.0,
4VozWQ,63,65,Winner_2022,0.6,5.0,0,True,0.0,
4VozWQ,63,66,Winner_2022,0.1,5.0,1,True,0.0,
4VozWQ,63,67,Winner_2022,0.1,5.0,1,True,0.0,
4VozWQ,63,68,Winner_2022,0.1,5.0,0,True,0.0,
4VozWQ,63,69,Winner_2022,0.1,5.0,1,True,0.0,
4VozWQ,63,70,Winner_2022,0.1,5.0,0,True,0.0,
4VozWQ,63,71,Winner_2022,0.1,5.0,1,True,0.0,
4VozWQ,63,72,Winner_2022,0.1,5.0,0,True,0.0,
4VozWQ,63,73,Winner_2022,0.1,5.0,0,True,0.0,
4VozWQ,63,74,Winner_2022,0.1,5.0,1,True,0.0,
4VozWQ,63,75,Winner_2022,0.1,5.0,1,True,0.0,
4VozWQ,63,76,Winner_2022,0.1,5.0,1,True,0.0,
4VozWQ,63,77,Winner_2022,0.1,5.0,0,True,0.0,
4VozWQ,63,78,Winner_2022,0.1,5.0,0,True,0.0,
4VozWQ,63,79,Winner_2022,0.1,5.0,0,True,0.0,
4VozWQ,63,80,Winner_2022,0.1,5.0,0,True,0.0,
4VozWQ,63,81,Winner_2022,0.1,5.0,1,True,0.0,
4VozWQ,63,82,Winner_2022,0.1,5.0,0,True,0.0,
4VozWQ,63,83,Winner_2022,0.1,5.0,0,True,0.0,
4VozWQ,63,84,Winner_2022,0.1,5.0,0,True,0.0,
4VozWQ,63,85,Winner_2022,0.1,5.0,0,True,0.0,
4VozWQ,63,86,Winner_2022,0.1,5.0,2,True,0.0,
4VozWQ,63,87,Winner_2022,0.1,5.0,0,True,0.0,
4VozWQ,63,88,Winner_2022,0.1,5.0,1,True,0.0,
4VozWQ,63,89,Winner_2022,0.1,5.0,0,True,0.0,
4VozWQ,63,90,Winner_2022,0.1,5.0,1,True,0.0,
4VozWQ,63,91,Winner_2022,0.1,5.0,0,True,0.0,
4VozWQ,63,92,Winner_2022,0.1,5.0,0,True,0.0,
4VozWQ,63,93,Winner_2022,0.1,5.0,0,True,0.0,
4VozWQ,63,94,Winner_2022,0.1,5.0,0,True,0.0,
4VozWQ,63,95,Winner_2022,0.1,5.0,2,True,0.0,
4VozWQ,63,96,Winner_2022,0.1,5.0,1,True,0.0,
4VozWQ,63,97,Winner_2022,0.1,5.0,1,True,0.0,
4VozWQ,63,98,Winner_2022,0.1,5.0,0,True,0.0,
4VozWQ,63,99,Winner_2022,0.1,5.0,0,True,0.0,
4VozWQ,63,100,Winner_2022,0.1,5.0,0,True,0.0,
4VozWQ,64,1,Winner_2022,0.4,69.0,0,True,0.0,
4VozWQ,64,2,Winner_2022,0.1,55.2,0,True,0.0,
4VozWQ,64,3,Winner_2022,0.1,44.2,0,True,0.0,
4VozWQ,64,4,Winner_2022,0.1,35.3,0,True,0.0,
4VozWQ,64,5,Winner_2022,0.1,28.3,0,True,0.0,
4VozWQ,64,6,Winner_2022,0.1,22.6,1,True,0.0,
4VozWQ,64,7,Winner_2022,0.1,19.6,0,True,0.0,
4VozWQ,64,8,Winner_2022,0.1,16.8,0,True,0.0,
4VozWQ,64,9,Winner_2022,0.1,14.3,0,True,0.0,
4VozWQ,64,10,Winner_2022,0.1,12.0,0,True,0.0,
4VozWQ,64,11,Winner_2022,0.1,10.1,0,True,0.0,
4VozWQ,64,12,Winner_2022,0.1,8.5,0,True,0.0,
4VozWQ,64,13,Winner_2022,0.1,7.1,0,True,0.0,
4VozWQ,64,14,Winner_2022,0.1,5.9,0,True,0.0,
4VozWQ,64,15,Winner_2022,0.1,5.0,0,True,0.0,
4VozWQ,64,16,Winner_2022,0.1,5.0,0,True,0.0,
4VozWQ,64,17,Winner_2022,0.1,5.0,1,True,0.0,
4VozWQ,64,18,Winner_2022,0.1,5.0,0,True,0.0,
4VozWQ,64,19,Winner_2022,0.1,5.0,1,True,0.0,
4VozWQ,64,20,Winner_2022,0.1,5.0,0,True,0.0,
4VozWQ,64,21,Winner_2022,0.6,5.0,0,True,0.0,
4VozWQ,64,22,Winner_2022,1.1,5.0,0,True,0.0,
4VozWQ,64,23,Winner_2022,1.6,5.0,0,True,0.0,
4VozWQ,64,24,Winner_2022,2.1,5.0,0,True,0.0,
4VozWQ,64,25,Winner_2022,2.6,5.0,0,True,0.0,
4VozWQ,64,26,Winner_2022,3.1,5.0,1,True,0.0,
4VozWQ,64,27,Winner_2022,3.6,5.0,1,True,0.0,
4VozWQ,64,28,Winner_2022,4.1,5.0,0,True,0.0,
4VozWQ,64,29,Winner_2022,4.5,5.0,1,True,0.0,
4VozWQ,64,30,Winner_2022,4.8,5.0,0,True,0.0,
4VozWQ,64,31,Winner_2022,4.9,5.0,1,True,0.0,
4VozWQ,64,32,Winner_2022,4.9,5.0,0,True,0.0,
4VozWQ,64,33,Winner_2022,5.0,5.0,1,True,0.0,
4VozWQ,64,34,Winner_2022,5.0,5.0,0,True,0.0,
4VozWQ,64,35,Winner_2022,5.0,5.0,0,True,0.0,
4VozWQ,64,36,Winner_2022,5.0,5.0,0,True,0.0,
4VozWQ,64,37,Winner_2022,5.0,5.0,0,True,0.0,
4VozWQ,64,38,Winner_2022,5.0,5.0,2,True,0.0,
4VozWQ,64,39,Winner_2022,5.0,5.0,1,True,0.0,
4VozWQ,64,40,Winner_2022,5.0,5.0,2,True,0.0,
4VozWQ,64,41,Winner_2022,5.0,5.0,1,True,0.0,
4VozWQ,64,42,Winner_2022,5.0,5.0,1,True,0.0,
4VozWQ,64,43,Winner_2022,5.0,5.0,1,True,0.0,
4VozWQ,64,44,Winner_2022,5.0,5.0,2,True,0.0,
4VozWQ,64,45,Winner_2022,5.0,5.0,1,True,0.0,
4VozWQ,64,46,Winner_2022,5.0,5.0,1,True,0.0,
4VozWQ,64,47,Winner_2022,5.0,5.0,0,True,0.0,
4VozWQ,64,48,Winner_2022,5.0,5.0,0,True,0.0,
4VozWQ,64,49,Winner_2022,5.0,5.0,0,True,0.0,
4VozWQ,64,50,Winner_2022,5.0,5.0,2,True,0.0,
4VozWQ,64,51,Winner_2022,5.0,5.0,1,True,0.0,
4VozWQ,64,52,Winner_2022,5.0,5.0,0,True,0.0,
4VozWQ,64,53,Winner_2022,5.0,5.0,1,True,0.0,
4VozWQ,64,54,Winner_2022,5.0,5.0,1,True,0.0,
4VozWQ,64,55,Winner_2022,5.0,5.0,0,True,0.0,
4VozWQ,64,56,Winner_2022,5.0,5.0,1,True,0.0,
4VozWQ,64,57,Winner_2022,5.0,5.0,0,True,0.0,
4VozWQ,64,58,Winner_2022,5.0,5.0,0,True,0.0,
4VozWQ,64,59,Winner_2022,5.0,5.0,1,True,0.0,
4VozWQ,64,60,Winner_2022,5.0,5.0,0,True,0.0,
4VozWQ,64,61,Winner_2022,5.0,5.0,0,True,0.0,
4VozWQ,64,62,Winner_2022,5.0,5.0,1,True,0.0,
4VozWQ,64,63,Winner_2022,5.0,5.0,0,True,0.0,
4VozWQ,64,64,Winner_2022,5.0,5.0,0,True,0.0,
4VozWQ,64,65,Winner_2022,5.0,5.0,1,True,0.0,
4VozWQ,64,66,Winner_2022,5.0,5.0,1,True,0.0,
4VozWQ,64,67,Winner_2022,5.0,5.0,2,True,0.0,
4VozWQ,64,68,Winner_2022,5.0,5.0,1,True,0.0,
4VozWQ,64,69,Winner_2022,5.0,5.0,1,True,0.0,
4VozWQ,64,70,Winner_2022,5.0,5.0,3,True,0.0,
4VozWQ,64,71,Winner_2022,5.0,5.0,1,True,0.0,
4VozWQ,64,72,Winner_2022,5.0,5.0,0,True,0.0,
4VozWQ,64,73,Winner_2022,5.0,5.0,2,True,0.0,
4VozWQ,64,74,Winner_2022,5.0,5.0,1,True,0.0,
4VozWQ,64,75,Winner_2022,5.0,5.0,2,True,0.0,
4VozWQ,64,76,Winner_2022,5.0,5.0,1,True,0.0,
4VozWQ,64,77,Winner_2022,5.0,5.0,0,True,0.0,
4VozWQ,64,78,Winner_2022,5.0,5.0,0,True,0.0,
4VozWQ,64,79,Winner_2022,5.0,5.0,1,True,0.0,
4VozWQ,64,80,Winner_2022,5.0,5.0,1,True,0.0,
4VozWQ,64,81,Winner_2022,4.9,5.0,0,True,0.0,
4VozWQ,64,82,Winner_2022,4.9,5.0,0,True,0.0,
4VozWQ,64,83,Winner_2022,4.9,5.0,1,True,0.0,
4VozWQ,64,84,Winner_2022,4.8,5.0,0,True,0.0,
4VozWQ,64,85,Winner_2022,4.7,5.0,0,True,0.0,
4VozWQ,64,86,Winner_2022,4.5,5.0,0,True,0.0,
4VozWQ,64,87,Winner_2022,4.3,5.0,0,True,0.0,
4VozWQ,64,88,Winner_2022,3.9,5.0,0,True,0.0,
4VozWQ,64,89,Winner_2022,3.4,5.0,0,True,0.0,
4VozWQ,64,90,Winner_2022,2.9,5.0,1,True,0.0,
4VozWQ,64,91,Winner_2022,2.4,5.0,1,True,0.0,
4VozWQ,64,92,Winner_2022,1.9,5.0,1,True,0.0,
4VozWQ,64,93,Winner_2022,1.4,5.0,1,True,0.0,
4VozWQ,64,94,Winner_2022,0.9,5.0,3,True,0.001,
4VozWQ,64,95,Winner_2022,0.4,5.0,0,True,0.0,
4VozWQ,64,96,Winner_2022,0.1,5.0,0,True,0.0,
4VozWQ,64,97,Winner_2022,0.1,5.0,1,True,0.0,
4VozWQ,64,98,Winner_2022,0.1,5.0,0,True,0.0,
4VozWQ,64,99,Winner_2022,0.1,5.0,1,True,0.0,
4VozWQ,64,100,Winner_2022,0.1,5.0,2,True,0.0,
4VozWQ,65,1,Winner_2022,1.8,75.0,0,True,0.0,
4VozWQ,65,2,Winner_2022,1.3,60.0,0,True,0.0,
4VozWQ,65,3,Winner_2022,0.8,48.0,0,True,0.0,
4VozWQ,65,4,Winner_2022,0.3,38.4,0,True,0.0,
4VozWQ,65,5,Winner_2022,0.1,30.7,0,True,0.0,
4VozWQ,65,6,Winner_2022,0.1,24.6,0,True,0.0,
4VozWQ,65,7,Winner_2022,0.1,19.7,0,True,0.0,
4VozWQ,65,8,Winner_2022,0.1,15.7,0,True,0.0,
4VozWQ,65,9,Winner_2022,0.1,12.6,0,True,0.0,
4VozWQ,65,10,Winner_2022,0.1,10.1,0,True,0.0,
4VozWQ,65,11,Winner_2022,0.1,8.1,0,True,0.0,
4VozWQ,65,12,Winner_2022,0.1,6.4,1,True,0.0,
4VozWQ,65,13,Winner_2022,0.1,5.4,1,True,0.0,
4VozWQ,65,14,Winner_2022,0.1,5.0,1,True,0.0,
4VozWQ,65,15,Winner_2022,0.1,5.0,1,True,0.0,
4VozWQ,65,16,Winner_2022,0.1,5.0,1,True,0.0,
4VozWQ,65,17,Winner_2022,0.1,5.0,1,True,0.0,
4VozWQ,65,18,Winner_2022,0.1,5.0,2,True,0.0,
4VozWQ,65,19,Winner_2022,0.1,5.0,0,True,0.0,
4VozWQ,65,20,Winner_2022,0.1,5.0,0,True,0.0,
4VozWQ,65,21,Winner_2022,0.1,5.0,0,True,0.0,
4VozWQ,65,22,Winner_2022,0.1,5.0,1,True,0.0,
4VozWQ,65,23,Winner_2022,0.1,5.0,0,True,0.0,
4VozWQ,65,24,Winner_2022,0.1,5.0,0,True,0.0,
4VozWQ,65,25,Winner_2022,0.1,5.0,0,True,0.0,
4VozWQ,65,26,Winner_2022,0.1,5.0,0,True,0.0,
4VozWQ,65,27,Winner_2022,0.1,5.0,0,True,0.0,
4VozWQ,65,28,Winner_2022,0.1,5.0,0,True,0.0,
4VozWQ,65,29,Winner_2022,0.1,5.0,0,True,0.0,
4VozWQ,65,30,Winner_2022,0.1,5.0,0,True,0.0,
4VozWQ,65,31,Winner_2022,0.1,5.0,0,True,0.0,
4VozWQ,65,32,Winner_2022,0.1,5.0,0,True,0.0,
4VozWQ,65,33,Winner_2022,0.1,5.0,1,True,0.0,
4VozWQ,65,34,Winner_2022,0.1,5.0,0,True,0.0,
4VozWQ,65,35,Winner_2022,0.1,5.0,0,True,0.0,
4VozWQ,65,36,Winner_2022,0.1,5.0,0,True,0.0,
4VozWQ,65,37,Winner_2022,0.1,5.0,2,True,0.0,
4VozWQ,65,38,Winner_2022,0.1,5.0,0,True,0.0,
4VozWQ,65,39,Winner_2022,0.1,5.0,0,True,0.0,
4VozWQ,65,40,Winner_2022,0.1,5.0,0,True,0.0,
4VozWQ,65,41,Winner_2022,0.1,5.0,0,True,0.0,
4VozWQ,65,42,Winner_2022,0.1,5.0,0,True,0.0,
4VozWQ,65,43,Winner_2022,0.1,5.0,0,True,0.0,
4VozWQ,65,44,Winner_2022,0.1,5.0,1,True,0.0,
4VozWQ,65,45,Winner_2022,0.1,5.0,0,True,0.0,
4VozWQ,65,46,Winner_2022,0.1,5.0,1,True,0.0,
4VozWQ,65,47,Winner_2022,0.1,5.0,1,True,0.0,
4VozWQ,65,48,Winner_2022,0.1,5.0,0,True,0.0,
4VozWQ,65,49,Winner_2022,0.1,5.0,0,True,0.0,
4VozWQ,65,50,Winner_2022,0.1,5.0,0,True,0.0,
4VozWQ,65,51,Winner_2022,0.1,5.0,1,True,0.0,
4VozWQ,65,52,Winner_2022,0.1,5.0,1,True,0.0,
4VozWQ,65,53,Winner_2022,0.1,5.0,0,True,0.0,
4VozWQ,65,54,Winner_2022,0.1,5.0,1,True,0.0,
4VozWQ,65,55,Winner_2022,0.1,5.0,0,True,0.0,
4VozWQ,65,56,Winner_2022,0.1,5.0,1,True,0.0,
4VozWQ,65,57,Winner_2022,0.1,5.0,1,True,0.0,
4VozWQ,65,58,Winner_2022,0.1,5.0,0,True,0.0,
4VozWQ,65,59,Winner_2022,0.1,5.0,0,True,0.0,
4VozWQ,65,60,Winner_2022,0.1,5.0,0,True,0.0,
4VozWQ,65,61,Winner_2022,0.1,5.0,0,True,0.0,
4VozWQ,65,62,Winner_2022,0.1,5.0,0,True,0.0,
4VozWQ,65,63,Winner_2022,0.1,5.0,0,True,0.0,
4VozWQ,65,64,Winner_2022,0.1,5.0,0,True,0.0,
4VozWQ,65,65,Winner_2022,0.1,5.0,0,True,0.0,
4VozWQ,65,66,Winner_2022,0.1,5.0,0,True,0.0,
4VozWQ,65,67,Winner_2022,0.1,5.0,0,True,0.0,
4VozWQ,65,68,Winner_2022,0.1,5.0,0,True,0.0,
4VozWQ,65,69,Winner_2022,0.1,5.0,1,True,0.0,
4VozWQ,65,70,Winner_2022,0.1,5.0,0,True,0.0,
4VozWQ,65,71,Winner_2022,0.1,5.0,1,True,0.0,
4VozWQ,65,72,Winner_2022,0.1,5.0,0,True,0.0,
4VozWQ,65,73,Winner_2022,0.1,5.0,2,True,0.0,
4VozWQ,65,74,Winner_2022,0.1,5.0,1,True,0.0,
4VozWQ,65,75,Winner_2022,0.1,5.0,0,True,0.0,
4VozWQ,65,76,Winner_2022,0.1,5.0,0,True,0.0,
4VozWQ,65,77,Winner_2022,0.1,5.0,1,True,0.0,
4VozWQ,65,78,Winner_2022,0.1,5.0,0,True,0.0,
4VozWQ,65,79,Winner_2022,0.1,5.0,1,True,0.0,
4VozWQ,65,80,Winner_2022,0.1,5.0,0,True,0.0,
4VozWQ,65,81,Winner_2022,0.1,5.0,3,True,0.0,
4VozWQ,65,82,Winner_2022,0.1,5.0,0,True,0.0,
4VozWQ,65,83,Winner_2022,0.1,5.0,0,True,0.0,
4VozWQ,65,84,Winner_2022,0.1,5.0,0,True,0.0,
4VozWQ,65,85,Winner_2022,0.1,5.0,0,True,0.0,
4VozWQ,65,86,Winner_2022,0.1,5.0,0,True,0.0,
4VozWQ,65,87,Winner_2022,0.1,5.0,1,True,0.0,
4VozWQ,65,88,Winner_2022,0.1,5.0,0,True,0.0,
4VozWQ,65,89,Winner_2022,0.1,5.0,0,True,0.0,
4VozWQ,65,90,Winner_2022,0.1,5.0,0,True,0.0,
4VozWQ,65,91,Winner_2022,0.1,5.0,0,True,0.0,
4VozWQ,65,92,Winner_2022,0.1,5.0,1,True,0.0,
4VozWQ,65,93,Winner_2022,0.1,5.0,0,True,0.0,
4VozWQ,65,94,Winner_2022,0.1,5.0,1,True,0.0,
4VozWQ,65,95,Winner_2022,0.1,5.0,0,True,0.0,
4VozWQ,65,96,Winner_2022,0.1,5.0,0,True,0.0,
4VozWQ,65,97,Winner_2022,0.1,5.0,0,True,0.0,
4VozWQ,65,98,Winner_2022,0.1,5.0,2,True,0.0,
4VozWQ,65,99,Winner_2022,0.1,5.0,0,True,0.0,
4VozWQ,65,100,Winner_2022,0.1,5.0,0,True,0.0,
4VozWQ,66,1,Winner_2022,1.7,68.0,0,True,0.0,
4VozWQ,66,2,Winner_2022,1.2,54.4,0,True,0.0,
4VozWQ,66,3,Winner_2022,0.7,43.5,0,True,0.0,
4VozWQ,66,4,Winner_2022,0.2,34.8,0,True,0.0,
4VozWQ,66,5,Winner_2022,0.1,27.9,0,True,0.0,
4VozWQ,66,6,Winner_2022,0.1,22.3,0,True,0.0,
4VozWQ,66,7,Winner_2022,0.6,17.8,0,True,0.0,
4VozWQ,66,8,Winner_2022,0.1,14.3,0,True,0.0,
4VozWQ,66,9,Winner_2022,0.1,11.4,0,True,0.0,
4VozWQ,66,10,Winner_2022,0.1,9.1,0,True,0.0,
4VozWQ,66,11,Winner_2022,0.1,7.3,0,True,0.0,
4VozWQ,66,12,Winner_2022,0.1,5.8,0,True,0.0,
4VozWQ,66,13,Winner_2022,0.1,5.0,0,True,0.0,
4VozWQ,66,14,Winner_2022,0.1,5.0,0,True,0.0,
4VozWQ,66,15,Winner_2022,0.1,5.0,0,True,0.0,
4VozWQ,66,16,Winner_2022,0.1,5.0,0,True,0.0,
4VozWQ,66,17,Winner_2022,0.1,5.0,0,True,0.0,
4VozWQ,66,18,Winner_2022,0.1,5.0,0,True,0.0,
4VozWQ,66,19,Winner_2022,0.1,5.0,0,True,0.0,
4VozWQ,66,20,Winner_2022,0.1,5.0,0,True,0.0,
4VozWQ,66,21,Winner_2022,0.1,5.0,0,True,0.0,
4VozWQ,66,22,Winner_2022,0.1,5.0,1,True,0.0,
4VozWQ,66,23,Winner_2022,0.1,5.0,0,True,0.0,
4VozWQ,66,24,Winner_2022,0.1,5.0,3,True,0.0,
4VozWQ,66,25,Winner_2022,0.1,5.0,0,True,0.0,
4VozWQ,66,26,Winner_2022,0.1,5.0,0,True,0.0,
4VozWQ,66,27,Winner_2022,0.1,5.0,1,True,0.0,
4VozWQ,66,28,Winner_2022,0.1,5.0,0,True,0.0,
4VozWQ,66,29,Winner_2022,0.1,5.0,0,True,0.0,
4VozWQ,66,30,Winner_2022,0.1,5.0,1,True,0.0,
4VozWQ,66,31,Winner_2022,0.1,5.0,1,True,0.0,
4VozWQ,66,32,Winner_2022,0.1,5.0,0,True,0.0,
4VozWQ,66,33,Winner_2022,0.1,5.0,0,True,0.0,
4VozWQ,66,34,Winner_2022,0.1,5.0,1,True,0.0,
4VozWQ,66,35,Winner_2022,0.1,5.0,0,True,0.0,
4VozWQ,66,36,Winner_2022,0.1,5.0,0,True,0.0,
4VozWQ,66,37,Winner_2022,0.1,5.0,0,True,0.0,
4VozWQ,66,38,Winner_2022,0.1,5.0,0,True,0.0,
4VozWQ,66,39,Winner_2022,0.1,5.0,1,True,0.0,
4VozWQ,66,40,Winner_2022,0.1,5.0,0,True,0.0,
4VozWQ,66,41,Winner_2022,0.1,5.0,0,True,0.0,
4VozWQ,66,42,Winner_2022,0.1,5.0,0,True,0.0,
4VozWQ,66,43,Winner_2022,0.1,5.0,1,True,0.0,
4VozWQ,66,44,Winner_2022,0.1,5.0,1,True,0.0,
4VozWQ,66,45,Winner_2022,0.1,5.0,0,True,0.0,
4VozWQ,66,46,Winner_2022,0.1,5.0,1,True,0.0,
4VozWQ,66,47,Winner_2022,0.1,5.0,1,True,0.0,
4VozWQ,66,48,Winner_2022,0.1,5.0,1,True,0.0,
4VozWQ,66,49,Winner_2022,0.1,5.0,0,True,0.0,
4VozWQ,66,50,Winner_2022,0.1,5.0,0,True,0.0,
4VozWQ,66,51,Winner_2022,0.1,5.0,0,True,0.0,
4VozWQ,66,52,Winner_2022,0.1,5.0,1,True,0.0,
4VozWQ,66,53,Winner_2022,0.1,5.0,0,True,0.0,
4VozWQ,66,54,Winner_2022,0.1,5.0,1,True,0.0,
4VozWQ,66,55,Winner_2022,0.1,5.0,0,True,0.0,
4VozWQ,66,56,Winner_2022,0.1,5.0,0,True,0.0,
4VozWQ,66,57,Winner_2022,0.1,5.0,0,True,0.0,
4VozWQ,66,58,Winner_2022,0.1,5.0,1,True,0.0,
4VozWQ,66,59,Winner_2022,0.1,5.0,0,True,0.0,
4VozWQ,66,60,Winner_2022,0.1,5.0,1,True,0.0,
4VozWQ,66,61,Winner_2022,0.1,5.0,1,True,0.0,
4VozWQ,66,62,Winner_2022,0.1,5.0,1,True,0.0,
4VozWQ,66,63,Winner_2022,0.1,5.0,0,True,0.0,
4VozWQ,66,64,Winner_2022,0.1,5.0,1,True,0.0,
4VozWQ,66,65,Winner_2022,0.1,5.0,0,True,0.0,
4VozWQ,66,66,Winner_2022,0.1,5.0,4,True,0.0,
4VozWQ,66,67,Winner_2022,0.1,5.0,2,True,0.0,
4VozWQ,66,68,Winner_2022,0.1,5.0,0,True,0.0,
4VozWQ,66,69,Winner_2022,0.1,5.0,0,True,0.0,
4VozWQ,66,70,Winner_2022,0.1,5.0,1,True,0.0,
4VozWQ,66,71,Winner_2022,0.1,5.0,1,True,0.0,
4VozWQ,66,72,Winner_2022,0.1,5.0,1,True,0.0,
4VozWQ,66,73,Winner_2022,0.1,5.0,3,True,0.0,
4VozWQ,66,74,Winner_2022,0.1,5.0,0,True,0.0,
4VozWQ,66,75,Winner_2022,0.1,5.0,0,True,0.0,
4VozWQ,66,76,Winner_2022,0.1,5.0,0,True,0.0,
4VozWQ,66,77,Winner_2022,0.1,5.0,0,True,0.0,
4VozWQ,66,78,Winner_2022,0.1,5.0,0,True,0.0,
4VozWQ,66,79,Winner_2022,0.1,5.0,0,True,0.0,
4VozWQ,66,80,Winner_2022,0.1,5.0,1,True,0.0,
4VozWQ,66,81,Winner_2022,0.1,5.0,1,True,0.0,
4VozWQ,66,82,Winner_2022,0.1,5.0,0,True,0.0,
4VozWQ,66,83,Winner_2022,0.1,5.0,1,True,0.0,
4VozWQ,66,84,Winner_2022,0.1,5.0,0,True,0.0,
4VozWQ,66,85,Winner_2022,0.1,5.0,0,True,0.0,
4VozWQ,66,86,Winner_2022,0.1,5.0,0,True,0.0,
4VozWQ,66,87,Winner_2022,0.1,5.0,0,True,0.0,
4VozWQ,66,88,Winner_2022,0.1,5.0,1,True,0.0,
4VozWQ,66,89,Winner_2022,0.1,5.0,3,True,0.0,
4VozWQ,66,90,Winner_2022,0.1,5.0,0,True,0.0,
4VozWQ,66,91,Winner_2022,0.1,5.0,0,True,0.0,
4VozWQ,66,92,Winner_2022,0.1,5.0,0,True,0.0,
4VozWQ,66,93,Winner_2022,0.1,5.0,0,True,0.0,
4VozWQ,66,94,Winner_2022,0.1,5.0,0,True,0.0,
4VozWQ,66,95,Winner_2022,0.1,5.0,0,True,0.0,
4VozWQ,66,96,Winner_2022,0.1,5.0,0,True,0.0,
4VozWQ,66,97,Winner_2022,0.1,5.0,2,True,0.0,
4VozWQ,66,98,Winner_2022,0.1,5.0,1,True,0.0,
4VozWQ,66,99,Winner_2022,0.1,5.0,1,True,0.0,
4VozWQ,66,100,Winner_2022,0.1,5.0,1,True,0.0,
4VozWQ,67,1,Winner_2022,0.1,31.0,0,True,0.0,
4VozWQ,67,2,Winner_2022,0.1,24.8,2,True,0.0,
4VozWQ,67,3,Winner_2022,0.1,28.1,0,True,0.0,
4VozWQ,67,4,Winner_2022,0.1,29.6,0,True,0.0,
4VozWQ,67,5,Winner_2022,0.1,29.4,0,True,0.0,
4VozWQ,67,6,Winner_2022,0.6,27.9,0,True,0.0,
4VozWQ,67,7,Winner_2022,1.1,26.0,0,True,0.0,
4VozWQ,67,8,Winner_2022,1.6,23.8,0,True,0.0,
4VozWQ,67,9,Winner_2022,2.1,21.4,0,True,0.0,
4VozWQ,67,10,Winner_2022,2.6,19.0,0,True,0.0,
4VozWQ,67,11,Winner_2022,2.1,16.7,0,True,0.0,
4VozWQ,67,12,Winner_2022,2.6,14.6,0,True,0.0,
4VozWQ,67,13,Winner_2022,3.1,12.7,0,True,0.0,
4VozWQ,67,14,Winner_2022,3.6,10.9,1,True,0.0,
4VozWQ,67,15,Winner_2022,4.1,9.6,0,True,0.0,
4VozWQ,67,16,Winner_2022,3.6,8.4,1,True,0.0,
4VozWQ,67,17,Winner_2022,3.1,7.5,0,True,0.0,
4VozWQ,67,18,Winner_2022,2.6,6.6,1,True,0.0,
4VozWQ,67,19,Winner_2022,2.1,6.0,1,True,0.0,
4VozWQ,67,20,Winner_2022,1.6,5.5,2,True,0.0,
4VozWQ,67,21,Winner_2022,1.1,5.2,0,True,0.0,
4VozWQ,67,22,Winner_2022,0.6,5.0,1,True,0.0,
4VozWQ,67,23,Winner_2022,0.1,5.0,1,True,0.0,
4VozWQ,67,24,Winner_2022,0.1,5.0,0,True,0.0,
4VozWQ,67,25,Winner_2022,0.1,5.0,0,True,0.0,
4VozWQ,67,26,Winner_2022,0.1,5.0,0,True,0.0,
4VozWQ,67,27,Winner_2022,0.1,5.0,0,True,0.0,
4VozWQ,67,28,Winner_2022,0.1,5.0,0,True,0.0,
4VozWQ,67,29,Winner_2022,0.1,5.0,0,True,0.0,
4VozWQ,67,30,Winner_2022,0.1,5.0,0,True,0.0,
4VozWQ,67,31,Winner_2022,0.1,5.0,0,True,0.0,
4VozWQ,67,32,Winner_2022,0.1,5.0,0,True,0.0,
4VozWQ,67,33,Winner_2022,0.1,5.0,0,True,0.0,
4VozWQ,67,34,Winner_2022,0.1,5.0,0,True,0.0,
4VozWQ,67,35,Winner_2022,0.1,5.0,0,True,0.0,
4VozWQ,67,36,Winner_2022,0.1,5.0,0,True,0.0,
4VozWQ,67,37,Winner_2022,0.1,5.0,1,True,0.0,
4VozWQ,67,38,Winner_2022,0.1,5.0,0,True,0.0,
4VozWQ,67,39,Winner_2022,0.1,5.0,1,True,0.0,
4VozWQ,67,40,Winner_2022,0.1,5.0,0,True,0.0,
4VozWQ,67,41,Winner_2022,0.1,5.0,1,True,0.0,
4VozWQ,67,42,Winner_2022,0.1,5.0,2,True,0.0,
4VozWQ,67,43,Winner_2022,0.1,5.0,0,True,0.0,
4VozWQ,67,44,Winner_2022,0.1,5.0,1,True,0.0,
4VozWQ,67,45,Winner_2022,0.1,5.0,0,True,0.0,
4VozWQ,67,46,Winner_2022,0.1,5.0,0,True,0.0,
4VozWQ,67,47,Winner_2022,0.1,5.0,1,True,0.0,
4VozWQ,67,48,Winner_2022,0.1,5.0,1,True,0.0,
4VozWQ,67,49,Winner_2022,0.1,5.0,0,True,0.0,
4VozWQ,67,50,Winner_2022,0.1,5.0,1,True,0.0,
4VozWQ,67,51,Winner_2022,0.1,5.0,0,True,0.0,
4VozWQ,67,52,Winner_2022,0.1,5.0,2,True,0.0,
4VozWQ,67,53,Winner_2022,0.1,5.0,0,True,0.0,
4VozWQ,67,54,Winner_2022,0.1,5.0,1,True,0.0,
4VozWQ,67,55,Winner_2022,0.1,5.0,1,True,0.0,
4VozWQ,67,56,Winner_2022,0.1,5.0,0,True,0.0,
4VozWQ,67,57,Winner_2022,0.1,5.0,0,True,0.0,
4VozWQ,67,58,Winner_2022,0.1,5.0,0,True,0.0,
4VozWQ,67,59,Winner_2022,0.1,5.0,0,True,0.0,
4VozWQ,67,60,Winner_2022,0.1,5.0,0,True,0.0,
4VozWQ,67,61,Winner_2022,0.1,5.0,0,True,0.0,
4VozWQ,67,62,Winner_2022,0.1,5.0,0,True,0.0,
4VozWQ,67,63,Winner_2022,0.1,5.0,1,True,0.0,
4VozWQ,67,64,Winner_2022,0.1,5.0,0,True,0.0,
4VozWQ,67,65,Winner_2022,0.1,5.0,0,True,0.0,
4VozWQ,67,66,Winner_2022,0.1,5.0,0,True,0.0,
4VozWQ,67,67,Winner_2022,0.1,5.0,1,True,0.0,
4VozWQ,67,68,Winner_2022,0.1,5.0,0,True,0.0,
4VozWQ,67,69,Winner_2022,0.1,5.0,0,True,0.0,
4VozWQ,67,70,Winner_2022,0.1,5.0,0,True,0.0,
4VozWQ,67,71,Winner_2022,0.1,5.0,1,True,0.0,
4VozWQ,67,72,Winner_2022,0.1,5.0,1,True,0.0,
4VozWQ,67,73,Winner_2022,0.1,5.0,0,True,0.0,
4VozWQ,67,74,Winner_2022,0.1,5.0,0,True,0.0,
4VozWQ,67,75,Winner_2022,0.1,5.0,0,True,0.0,
4VozWQ,67,76,Winner_2022,0.1,5.0,3,True,0.0,
4VozWQ,67,77,Winner_2022,0.1,5.0,0,True,0.0,
4VozWQ,67,78,Winner_2022,0.1,5.0,0,True,0.0,
4VozWQ,67,79,Winner_2022,0.1,5.0,0,True,0.0,
4VozWQ,67,80,Winner_2022,0.1,5.0,0,True,0.0,
4VozWQ,67,81,Winner_2022,0.1,5.0,0,True,0.0,
4VozWQ,67,82,Winner_2022,0.1,5.0,2,True,0.0,
4VozWQ,67,83,Winner_2022,0.1,5.0,0,True,0.0,
4VozWQ,67,84,Winner_2022,0.1,5.0,1,True,0.0,
4VozWQ,67,85,Winner_2022,0.1,5.0,0,True,0.0,
4VozWQ,67,86,Winner_2022,0.1,5.0,0,True,0.0,
4VozWQ,67,87,Winner_2022,0.1,5.0,0,True,0.0,
4VozWQ,67,88,Winner_2022,0.1,5.0,0,True,0.0,
4VozWQ,67,89,Winner_2022,0.1,5.0,2,True,0.0,
4VozWQ,67,90,Winner_2022,0.1,5.0,2,True,0.0,
4VozWQ,67,91,Winner_2022,0.1,5.0,0,True,0.0,
4VozWQ,67,92,Winner_2022,0.1,5.0,2,True,0.0,
4VozWQ,67,93,Winner_2022,0.1,5.0,2,True,0.0,
4VozWQ,67,94,Winner_2022,0.1,5.0,0,True,0.0,
4VozWQ,67,95,Winner_2022,0.1,5.0,0,True,0.0,
4VozWQ,67,96,Winner_2022,0.1,5.0,0,True,0.0,
4VozWQ,67,97,Winner_2022,0.1,5.0,0,True,0.0,
4VozWQ,67,98,Winner_2022,0.1,5.0,1,True,0.0,
4VozWQ,67,99,Winner_2022,0.1,5.0,1,True,0.0,
4VozWQ,67,100,Winner_2022,0.1,5.0,1,True,0.0,
4VozWQ,68,1,Winner_2022,0.3,86.0,0,True,0.0,
4VozWQ,68,2,Winner_2022,0.1,68.8,0,True,0.0,
4VozWQ,68,3,Winner_2022,0.6,55.0,0,True,0.0,
4VozWQ,68,4,Winner_2022,0.1,44.0,0,True,0.0,
4VozWQ,68,5,Winner_2022,0.1,35.2,0,True,0.0,
4VozWQ,68,6,Winner_2022,0.6,28.2,0,True,0.0,
4VozWQ,68,7,Winner_2022,0.1,22.5,0,True,0.0,
4VozWQ,68,8,Winner_2022,0.1,18.0,1,True,0.0,
4VozWQ,68,9,Winner_2022,0.1,15.3,0,True,0.0,
4VozWQ,68,10,Winner_2022,0.1,12.9,0,True,0.0,
4VozWQ,68,11,Winner_2022,0.1,10.9,0,True,0.0,
4VozWQ,68,12,Winner_2022,0.1,9.1,0,True,0.0,
4VozWQ,68,13,Winner_2022,0.1,7.6,0,True,0.0,
4VozWQ,68,14,Winner_2022,0.1,6.3,1,True,0.0,
4VozWQ,68,15,Winner_2022,0.1,5.4,0,True,0.0,
4VozWQ,68,16,Winner_2022,0.1,5.0,0,True,0.0,
4VozWQ,68,17,Winner_2022,0.1,5.0,0,True,0.0,
4VozWQ,68,18,Winner_2022,0.1,5.0,0,True,0.0,
4VozWQ,68,19,Winner_2022,0.1,5.0,0,True,0.0,
4VozWQ,68,20,Winner_2022,0.1,5.0,0,True,0.0,
4VozWQ,68,21,Winner_2022,0.1,5.0,0,True,0.0,
4VozWQ,68,22,Winner_2022,0.1,5.0,0,True,0.0,
4VozWQ,68,23,Winner_2022,0.1,5.0,0,True,0.0,
4VozWQ,68,24,Winner_2022,0.1,5.0,0,True,0.0,
4VozWQ,68,25,Winner_2022,0.1,5.0,0,True,0.0,
4VozWQ,68,26,Winner_2022,0.1,5.0,0,True,0.0,
4VozWQ,68,27,Winner_2022,0.1,5.0,0,True,0.0,
4VozWQ,68,28,Winner_2022,0.1,5.0,1,True,0.0,
4VozWQ,68,29,Winner_2022,0.1,5.0,2,True,0.0,
4VozWQ,68,30,Winner_2022,0.1,5.0,0,True,0.0,
4VozWQ,68,31,Winner_2022,0.1,5.0,1,True,0.0,
4VozWQ,68,32,Winner_2022,0.1,5.0,0,True,0.0,
4VozWQ,68,33,Winner_2022,0.1,5.0,0,True,0.0,
4VozWQ,68,34,Winner_2022,0.1,5.0,0,True,0.0,
4VozWQ,68,35,Winner_2022,0.1,5.0,2,True,0.0,
4VozWQ,68,36,Winner_2022,0.1,5.0,1,True,0.0,
4VozWQ,68,37,Winner_2022,0.1,5.0,0,True,0.0,
4VozWQ,68,38,Winner_2022,0.1,5.0,1,True,0.0,
4VozWQ,68,39,Winner_2022,0.1,5.0,0,True,0.0,
4VozWQ,68,40,Winner_2022,0.1,5.0,1,True,0.0,
4VozWQ,68,41,Winner_2022,0.1,5.0,0,True,0.0,
4VozWQ,68,42,Winner_2022,0.1,5.0,0,True,0.0,
4VozWQ,68,43,Winner_2022,0.1,5.0,1,True,0.0,
4VozWQ,68,44,Winner_2022,0.1,5.0,0,True,0.0,
4VozWQ,68,45,Winner_2022,0.1,5.0,0,True,0.0,
4VozWQ,68,46,Winner_2022,0.1,5.0,1,True,0.0,
4VozWQ,68,47,Winner_2022,0.1,5.0,0,True,0.0,
4VozWQ,68,48,Winner_2022,0.1,5.0,0,True,0.0,
4VozWQ,68,49,Winner_2022,0.1,5.0,1,True,0.0,
4VozWQ,68,50,Winner_2022,0.1,5.0,0,True,0.0,
4VozWQ,68,51,Winner_2022,0.1,5.0,1,True,0.0,
4VozWQ,68,52,Winner_2022,0.1,5.0,0,True,0.0,
4VozWQ,68,53,Winner_2022,0.1,5.0,0,True,0.0,
4VozWQ,68,54,Winner_2022,0.1,5.0,0,True,0.0,
4VozWQ,68,55,Winner_2022,0.1,5.0,0,True,0.0,
4VozWQ,68,56,Winner_2022,0.1,5.0,0,True,0.0,
4VozWQ,68,57,Winner_2022,0.1,5.0,1,True,0.0,
4VozWQ,68,58,Winner_2022,0.1,5.0,0,True,0.0,
4VozWQ,68,59,Winner_2022,0.1,5.0,1,True,0.0,
4VozWQ,68,60,Winner_2022,0.1,5.0,1,True,0.0,
4VozWQ,68,61,Winner_2022,0.1,5.0,0,True,0.0,
4VozWQ,68,62,Winner_2022,0.1,5.0,1,True,0.0,
4VozWQ,68,63,Winner_2022,0.1,5.0,0,True,0.0,
4VozWQ,68,64,Winner_2022,0.1,5.0,0,True,0.0,
4VozWQ,68,65,Winner_2022,0.1,5.0,0,True,0.0,
4VozWQ,68,66,Winner_2022,0.1,5.0,1,True,0.0,
4VozWQ,68,67,Winner_2022,0.1,5.0,0,True,0.0,
4VozWQ,68,68,Winner_2022,0.1,5.0,0,True,0.0,
4VozWQ,68,69,Winner_2022,0.1,5.0,0,True,0.0,
4VozWQ,68,70,Winner_2022,0.1,5.0,0,True,0.0,
4VozWQ,68,71,Winner_2022,0.1,5.0,2,True,0.0,
4VozWQ,68,72,Winner_2022,0.1,5.0,2,True,0.0,
4VozWQ,68,73,Winner_2022,0.1,5.0,1,True,0.0,
4VozWQ,68,74,Winner_2022,0.1,5.0,2,True,0.0,
4VozWQ,68,75,Winner_2022,0.1,5.0,2,True,0.0,
4VozWQ,68,76,Winner_2022,0.1,5.0,0,True,0.0,
4VozWQ,68,77,Winner_2022,0.1,5.0,0,True,0.0,
4VozWQ,68,78,Winner_2022,0.1,5.0,3,True,0.0,
4VozWQ,68,79,Winner_2022,0.1,5.0,0,True,0.0,
4VozWQ,68,80,Winner_2022,0.1,5.0,0,True,0.0,
4VozWQ,68,81,Winner_2022,0.1,5.0,1,True,0.0,
4VozWQ,68,82,Winner_2022,0.1,5.0,1,True,0.0,
4VozWQ,68,83,Winner_2022,0.1,5.0,1,True,0.0,
4VozWQ,68,84,Winner_2022,0.1,5.0,0,True,0.0,
4VozWQ,68,85,Winner_2022,0.1,5.0,0,True,0.0,
4VozWQ,68,86,Winner_2022,0.1,5.0,0,True,0.0,
4VozWQ,68,87,Winner_2022,0.1,5.0,1,True,0.0,
4VozWQ,68,88,Winner_2022,0.1,5.0,0,True,0.0,
4VozWQ,68,89,Winner_2022,0.1,5.0,1,True,0.0,
4VozWQ,68,90,Winner_2022,0.1,5.0,3,True,0.0,
4VozWQ,68,91,Winner_2022,0.1,5.0,2,True,0.0,
4VozWQ,68,92,Winner_2022,0.1,5.0,1,True,0.0,
4VozWQ,68,93,Winner_2022,0.1,5.0,1,True,0.0,
4VozWQ,68,94,Winner_2022,0.1,5.0,0,True,0.0,
4VozWQ,68,95,Winner_2022,0.1,5.0,0,True,0.0,
4VozWQ,68,96,Winner_2022,0.1,5.0,0,True,0.0,
4VozWQ,68,97,Winner_2022,0.1,5.0,1,True,0.0,
4VozWQ,68,98,Winner_2022,0.1,5.0,2,True,0.0,
4VozWQ,68,99,Winner_2022,0.1,5.0,0,True,0.0,
4VozWQ,68,100,Winner_2022,0.1,5.0,1,True,0.0,
4VozWQ,69,1,Winner_2022,0.3,64.0,0,True,0.0,
4VozWQ,69,2,Winner_2022,0.1,51.2,0,True,0.0,
4VozWQ,69,3,Winner_2022,0.1,41.0,0,True,0.0,
4VozWQ,69,4,Winner_2022,0.1,32.8,0,True,0.0,
4VozWQ,69,5,Winner_2022,0.1,26.2,0,True,0.0,
4VozWQ,69,6,Winner_2022,0.6,21.0,0,True,0.0,
4VozWQ,69,7,Winner_2022,0.1,16.8,0,True,0.0,
4VozWQ,69,8,Winner_2022,0.1,13.4,0,True,0.0,
4VozWQ,69,9,Winner_2022,0.1,10.7,0,True,0.0,
4VozWQ,69,10,Winner_2022,0.1,8.6,0,True,0.0,
4VozWQ,69,11,Winner_2022,0.1,6.9,0,True,0.0,
4VozWQ,69,12,Winner_2022,0.1,5.5,1,True,0.0,
4VozWQ,69,13,Winner_2022,0.1,5.0,0,True,0.0,
4VozWQ,69,14,Winner_2022,0.1,5.0,0,True,0.0,
4VozWQ,69,15,Winner_2022,0.1,5.0,1,True,0.0,
4VozWQ,69,16,Winner_2022,0.1,5.0,0,True,0.0,
4VozWQ,69,17,Winner_2022,0.1,5.0,0,True,0.0,
4VozWQ,69,18,Winner_2022,0.1,5.0,1,True,0.0,
4VozWQ,69,19,Winner_2022,0.1,5.0,0,True,0.0,
4VozWQ,69,20,Winner_2022,0.1,5.0,1,True,0.0,
4VozWQ,69,21,Winner_2022,0.1,5.0,0,True,0.0,
4VozWQ,69,22,Winner_2022,0.6,5.0,0,True,0.0,
4VozWQ,69,23,Winner_2022,1.1,5.0,1,True,0.0,
4VozWQ,69,24,Winner_2022,1.6,5.0,0,True,0.0,
4VozWQ,69,25,Winner_2022,2.1,5.0,0,True,0.0,
4VozWQ,69,26,Winner_2022,2.6,5.0,1,True,0.0,
4VozWQ,69,27,Winner_2022,3.1,5.0,0,True,0.0,
4VozWQ,69,28,Winner_2022,3.6,5.0,1,True,0.0,
4VozWQ,69,29,Winner_2022,4.1,5.0,0,True,0.0,
4VozWQ,69,30,Winner_2022,4.5,5.0,0,True,0.0,
4VozWQ,69,31,Winner_2022,4.3,5.0,1,True,0.0,
4VozWQ,69,32,Winner_2022,4.0,5.0,0,True,0.0,
4VozWQ,69,33,Winner_2022,3.5,5.0,2,True,0.0,
4VozWQ,69,34,Winner_2022,3.0,5.0,0,True,0.0,
4VozWQ,69,35,Winner_2022,2.5,5.0,0,True,0.0,
4VozWQ,69,36,Winner_2022,3.0,5.0,1,True,0.0,
4VozWQ,69,37,Winner_2022,3.5,5.0,1,True,0.0,
4VozWQ,69,38,Winner_2022,4.0,5.0,0,True,0.0,
4VozWQ,69,39,Winner_2022,3.5,5.0,0,True,0.0,
4VozWQ,69,40,Winner_2022,3.0,5.0,1,True,0.0,
4VozWQ,69,41,Winner_2022,2.5,5.0,1,True,0.0,
4VozWQ,69,42,Winner_2022,2.0,5.0,0,True,0.0,
4VozWQ,69,43,Winner_2022,1.5,5.0,0,True,0.0,
4VozWQ,69,44,Winner_2022,1.0,5.0,0,True,0.0,
4VozWQ,69,45,Winner_2022,1.5,5.0,0,True,0.0,
4VozWQ,69,46,Winner_2022,2.0,5.0,0,True,0.0,
4VozWQ,69,47,Winner_2022,2.5,5.0,1,True,0.0,
4VozWQ,69,48,Winner_2022,2.0,5.0,2,True,0.0,
4VozWQ,69,49,Winner_2022,1.5,5.0,0,True,0.0,
4VozWQ,69,50,Winner_2022,1.0,5.0,0,True,0.0,
4VozWQ,69,51,Winner_2022,0.5,5.0,0,True,0.0,
4VozWQ,69,52,Winner_2022,0.1,5.0,0,True,0.0,
4VozWQ,69,53,Winner_2022,0.1,5.0,0,True,0.0,
4VozWQ,69,54,Winner_2022,0.6,5.0,0,True,0.0,
4VozWQ,69,55,Winner_2022,1.1,5.0,0,True,0.0,
4VozWQ,69,56,Winner_2022,1.6,5.0,0,True,0.0,
4VozWQ,69,57,Winner_2022,2.1,5.0,0,True,0.0,
4VozWQ,69,58,Winner_2022,2.6,5.0,0,True,0.0,
4VozWQ,69,59,Winner_2022,3.1,5.0,1,True,0.0,
4VozWQ,69,60,Winner_2022,3.6,5.0,1,True,0.0,
4VozWQ,69,61,Winner_2022,3.1,5.0,0,True,0.0,
4VozWQ,69,62,Winner_2022,2.6,5.0,0,True,0.0,
4VozWQ,69,63,Winner_2022,2.1,5.0,1,True,0.0,
4VozWQ,69,64,Winner_2022,1.6,5.0,0,True,0.0,
4VozWQ,69,65,Winner_2022,1.1,5.0,0,True,0.0,
4VozWQ,69,66,Winner_2022,0.6,5.0,2,True,0.0,
4VozWQ,69,67,Winner_2022,1.1,5.0,1,True,0.0,
4VozWQ,69,68,Winner_2022,1.6,5.0,0,True,0.0,
4VozWQ,69,69,Winner_2022,2.1,5.0,0,True,0.0,
4VozWQ,69,70,Winner_2022,2.6,5.0,1,True,0.0,
4VozWQ,69,71,Winner_2022,3.1,5.0,0,True,0.0,
4VozWQ,69,72,Winner_2022,3.6,5.0,3,True,0.0,
4VozWQ,69,73,Winner_2022,4.1,5.0,0,True,0.0,
4VozWQ,69,74,Winner_2022,4.5,5.0,0,True,0.0,
4VozWQ,69,75,Winner_2022,4.8,5.0,1,True,0.0,
4VozWQ,69,76,Winner_2022,4.9,5.0,0,True,0.0,
4VozWQ,69,77,Winner_2022,4.9,5.0,1,True,0.0,
4VozWQ,69,78,Winner_2022,5.0,5.0,0,True,0.0,
4VozWQ,69,79,Winner_2022,5.0,5.0,1,True,0.0,
4VozWQ,69,80,Winner_2022,5.0,5.0,2,True,0.0,
4VozWQ,69,81,Winner_2022,5.0,5.0,0,True,0.0,
4VozWQ,69,82,Winner_2022,5.0,5.0,2,True,0.0,
4VozWQ,69,83,Winner_2022,5.0,5.0,0,True,0.0,
4VozWQ,69,84,Winner_2022,5.0,5.0,0,True,0.0,
4VozWQ,69,85,Winner_2022,5.0,5.0,2,True,0.0,
4VozWQ,69,86,Winner_2022,5.0,5.0,2,True,0.0,
4VozWQ,69,87,Winner_2022,5.0,5.0,0,True,0.0,
4VozWQ,69,88,Winner_2022,5.0,5.0,1,True,0.0,
4VozWQ,69,89,Winner_2022,5.0,5.0,0,True,0.0,
4VozWQ,69,90,Winner_2022,5.0,5.0,0,True,0.0,
4VozWQ,69,91,Winner_2022,5.0,5.0,1,True,0.0,
4VozWQ,69,92,Winner_2022,5.0,5.0,1,True,0.0,
4VozWQ,69,93,Winner_2022,5.0,5.0,2,True,0.0,
4VozWQ,69,94,Winner_2022,5.0,5.0,1,True,0.0,
4VozWQ,69,95,Winner_2022,5.0,5.0,1,True,0.0,
4VozWQ,69,96,Winner_2022,5.0,5.0,0,True,0.0,
4VozWQ,69,97,Winner_2022,5.0,5.0,1,True,0.0,
4VozWQ,69,98,Winner_2022,5.0,5.0,1,True,0.0,
4VozWQ,69,99,Winner_2022,5.0,5.0,0,True,0.0,
4VozWQ,69,100,Winner_2022,0.1,5.0,0,False,0.0,
4VozWQ,70,1,Winner_2022,1.3,87.0,0,True,0.0,
4VozWQ,70,2,Winner_2022,0.8,69.6,0,True,0.0,
4VozWQ,70,3,Winner_2022,1.3,55.7,0,True,0.0,
4VozWQ,70,4,Winner_2022,0.8,44.5,0,True,0.0,
4VozWQ,70,5,Winner_2022,0.3,35.6,0,True,0.0,
4VozWQ,70,6,Winner_2022,0.1,28.5,0,True,0.0,
4VozWQ,70,7,Winner_2022,0.1,22.8,0,True,0.0,
4VozWQ,70,8,Winner_2022,0.1,18.2,1,True,0.0,
4VozWQ,70,9,Winner_2022,0.6,15.5,0,True,0.0,
4VozWQ,70,10,Winner_2022,0.1,13.1,0,True,0.0,
4VozWQ,70,11,Winner_2022,0.1,11.0,0,True,0.0,
4VozWQ,70,12,Winner_2022,0.1,9.2,0,True,0.0,
4VozWQ,70,13,Winner_2022,0.1,7.7,0,True,0.0,
4VozWQ,70,14,Winner_2022,0.1,6.4,0,True,0.0,
4VozWQ,70,15,Winner_2022,0.1,5.3,0,True,0.0,
4VozWQ,70,16,Winner_2022,0.1,5.0,1,True,0.0,
4VozWQ,70,17,Winner_2022,0.1,5.0,0,True,0.0,
4VozWQ,70,18,Winner_2022,0.1,5.0,0,True,0.0,
4VozWQ,70,19,Winner_2022,0.1,5.0,0,True,0.0,
4VozWQ,70,20,Winner_2022,0.1,5.0,0,True,0.0,
4VozWQ,70,21,Winner_2022,0.1,5.0,1,True,0.0,
4VozWQ,70,22,Winner_2022,0.1,5.0,0,True,0.0,
4VozWQ,70,23,Winner_2022,0.1,5.0,1,True,0.0,
4VozWQ,70,24,Winner_2022,0.1,5.0,1,True,0.0,
4VozWQ,70,25,Winner_2022,0.1,5.0,0,True,0.0,
4VozWQ,70,26,Winner_2022,0.1,5.0,0,True,0.0,
4VozWQ,70,27,Winner_2022,0.1,5.0,0,True,0.0,
4VozWQ,70,28,Winner_2022,0.1,5.0,0,True,0.0,
4VozWQ,70,29,Winner_2022,0.1,5.0,0,True,0.0,
4VozWQ,70,30,Winner_2022,0.1,5.0,0,True,0.0,
4VozWQ,70,31,Winner_2022,0.1,5.0,0,True,0.0,
4VozWQ,70,32,Winner_2022,0.1,5.0,0,True,0.0,
4VozWQ,70,33,Winner_2022,0.1,5.0,0,True,0.0,
4VozWQ,70,34,Winner_2022,0.6,5.0,1,True,0.0,
4VozWQ,70,35,Winner_2022,1.1,5.0,0,True,0.0,
4VozWQ,70,36,Winner_2022,1.6,5.0,0,True,0.0,
4VozWQ,70,37,Winner_2022,2.1,5.0,0,True,0.0,
4VozWQ,70,38,Winner_2022,1.6,5.0,1,True,0.0,
4VozWQ,70,39,Winner_2022,2.1,5.0,0,True,0.0,
4VozWQ,70,40,Winner_2022,2.6,5.0,0,True,0.0,
4VozWQ,70,41,Winner_2022,3.1,5.0,0,True,0.0,
4VozWQ,70,42,Winner_2022,3.6,5.0,0,True,0.0,
4VozWQ,70,43,Winner_2022,3.1,5.0,0,True,0.0,
4VozWQ,70,44,Winner_2022,2.6,5.0,2,True,0.0,
4VozWQ,70,45,Winner_2022,2.1,5.0,0,True,0.0,
4VozWQ,70,46,Winner_2022,1.6,5.0,0,True,0.0,
4VozWQ,70,47,Winner_2022,1.1,5.0,1,True,0.0,
4VozWQ,70,48,Winner_2022,0.6,5.0,0,True,0.0,
4VozWQ,70,49,Winner_2022,0.1,5.0,0,True,0.0,
4VozWQ,70,50,Winner_2022,0.1,5.0,1,True,0.0,
4VozWQ,70,51,Winner_2022,0.1,5.0,2,True,0.0,
4VozWQ,70,52,Winner_2022,0.1,5.0,3,True,0.0,
4VozWQ,70,53,Winner_2022,0.1,5.0,0,True,0.0,
4VozWQ,70,54,Winner_2022,0.1,5.0,0,True,0.0,
4VozWQ,70,55,Winner_2022,0.1,5.0,1,True,0.0,
4VozWQ,70,56,Winner_2022,0.1,5.0,1,True,0.0,
4VozWQ,70,57,Winner_2022,0.1,5.0,0,True,0.0,
4VozWQ,70,58,Winner_2022,0.1,5.0,1,True,0.0,
4VozWQ,70,59,Winner_2022,0.1,5.0,0,True,0.0,
4VozWQ,70,60,Winner_2022,0.1,5.0,0,True,0.0,
4VozWQ,70,61,Winner_2022,0.1,5.0,0,True,0.0,
4VozWQ,70,62,Winner_2022,0.1,5.0,0,True,0.0,
4VozWQ,70,63,Winner_2022,0.1,5.0,0,True,0.0,
4VozWQ,70,64,Winner_2022,0.6,5.0,0,True,0.0,
4VozWQ,70,65,Winner_2022,1.1,5.0,1,True,0.0,
4VozWQ,70,66,Winner_2022,1.6,5.0,0,True,0.0,
4VozWQ,70,67,Winner_2022,1.1,5.0,1,True,0.0,
4VozWQ,70,68,Winner_2022,0.6,5.0,1,True,0.0,
4VozWQ,70,69,Winner_2022,0.1,5.0,0,True,0.0,
4VozWQ,70,70,Winner_2022,0.1,5.0,2,True,0.0,
4VozWQ,70,71,Winner_2022,0.1,5.0,0,True,0.0,
4VozWQ,70,72,Winner_2022,0.1,5.0,0,True,0.0,
4VozWQ,70,73,Winner_2022,0.1,5.0,0,True,0.0,
4VozWQ,70,74,Winner_2022,0.1,5.0,0,True,0.0,
4VozWQ,70,75,Winner_2022,0.1,5.0,0,True,0.0,
4VozWQ,70,76,Winner_2022,0.1,5.0,1,True,0.0,
4VozWQ,70,77,Winner_2022,0.1,5.0,0,True,0.0,
4VozWQ,70,78,Winner_2022,0.1,5.0,0,True,0.0,
4VozWQ,70,79,Winner_2022,0.1,5.0,0,True,0.0,
4VozWQ,70,80,Winner_2022,0.1,5.0,1,True,0.0,
4VozWQ,70,81,Winner_2022,0.1,5.0,0,True,0.0,
4VozWQ,70,82,Winner_2022,0.1,5.0,1,True,0.0,
4VozWQ,70,83,Winner_2022,0.1,5.0,0,True,0.0,
4VozWQ,70,84,Winner_2022,0.1,5.0,0,True,0.0,
4VozWQ,70,85,Winner_2022,0.1,5.0,1,True,0.0,
4VozWQ,70,86,Winner_2022,0.1,5.0,1,True,0.0,
4VozWQ,70,87,Winner_2022,0.1,5.0,1,True,0.0,
4VozWQ,70,88,Winner_2022,0.1,5.0,0,True,0.0,
4VozWQ,70,89,Winner_2022,0.1,5.0,1,True,0.0,
4VozWQ,70,90,Winner_2022,0.1,5.0,0,True,0.0,
4VozWQ,70,91,Winner_2022,0.1,5.0,1,True,0.0,
4VozWQ,70,92,Winner_2022,0.1,5.0,0,True,0.0,
4VozWQ,70,93,Winner_2022,0.1,5.0,0,True,0.0,
4VozWQ,70,94,Winner_2022,0.1,5.0,0,True,0.0,
4VozWQ,70,95,Winner_2022,0.1,5.0,1,True,0.0,
4VozWQ,70,96,Winner_2022,0.1,5.0,1,True,0.0,
4VozWQ,70,97,Winner_2022,0.1,5.0,0,True,0.0,
4VozWQ,70,98,Winner_2022,0.1,5.0,0,True,0.0,
4VozWQ,70,99,Winner_2022,0.1,5.0,1,True,0.0,
4VozWQ,70,100,Winner_2022,0.1,5.0,1,True,0.0,
4VozWQ,71,1,Winner_2022,1.5,43.0,0,True,0.0,
4VozWQ,71,2,Winner_2022,2.0,34.4,0,True,0.0,
4VozWQ,71,3,Winner_2022,2.5,27.5,0,True,0.0,
4VozWQ,71,4,Winner_2022,3.0,22.0,0,True,0.0,
4VozWQ,71,5,Winner_2022,3.5,17.6,0,True,0.0,
4VozWQ,71,6,Winner_2022,4.0,14.1,1,True,0.0,
4VozWQ,71,7,Winner_2022,4.5,12.2,0,True,0.0,
4VozWQ,71,8,Winner_2022,5.0,10.5,0,True,0.0,
4VozWQ,71,9,Winner_2022,5.5,8.9,0,True,0.0,
4VozWQ,71,10,Winner_2022,6.0,7.5,0,True,0.0,
4VozWQ,71,11,Winner_2022,6.5,6.3,0,True,0.001,
4VozWQ,71,12,Winner_2022,6.6,5.3,0,True,0.0,
4VozWQ,71,13,Winner_2022,7.1,5.0,2,True,0.0,
4VozWQ,71,14,Winner_2022,7.6,5.0,0,True,0.0,
4VozWQ,71,15,Winner_2022,8.1,5.0,0,True,0.0,
4VozWQ,71,16,Winner_2022,8.6,5.0,0,True,0.0,
4VozWQ,71,17,Winner_2022,9.1,5.0,0,True,0.0,
4VozWQ,71,18,Winner_2022,9.6,5.0,1,True,0.0,
4VozWQ,71,19,Winner_2022,10.1,5.0,1,True,0.0,
4VozWQ,71,20,Winner_2022,10.6,5.0,1,True,0.0,
4VozWQ,71,21,Winner_2022,11.1,5.0,0,True,0.0,
4VozWQ,71,22,Winner_2022,11.6,5.0,0,True,0.0,
4VozWQ,71,23,Winner_2022,12.1,5.0,1,True,0.0,
4VozWQ,71,24,Winner_2022,12.6,5.0,0,True,0.0,
4VozWQ,71,25,Winner_2022,13.1,5.0,3,True,0.0,
4VozWQ,71,26,Winner_2022,13.6,5.0,0,True,0.0,
4VozWQ,71,27,Winner_2022,14.1,5.0,0,True,0.0,
4VozWQ,71,28,Winner_2022,14.6,5.0,0,True,0.0,
4VozWQ,71,29,Winner_2022,15.1,5.0,2,True,0.0,
4VozWQ,71,30,Winner_2022,15.6,5.0,0,True,0.0,
4VozWQ,71,31,Winner_2022,16.1,5.0,0,True,0.0,
4VozWQ,71,32,Winner_2022,16.6,5.0,1,True,0.0,
4VozWQ,71,33,Winner_2022,17.1,5.0,1,True,0.0,
4VozWQ,71,34,Winner_2022,17.6,5.0,1,True,0.0,
4VozWQ,71,35,Winner_2022,18.1,5.0,2,True,0.0,
4VozWQ,71,36,Winner_2022,17.6,5.0,1,True,0.0,
4VozWQ,71,37,Winner_2022,18.1,5.0,0,True,0.0,
4VozWQ,71,38,Winner_2022,17.6,5.0,1,True,0.0,
4VozWQ,71,39,Winner_2022,17.1,5.0,0,True,0.0,
4VozWQ,71,40,Winner_2022,16.6,5.0,0,True,0.0,
4VozWQ,71,41,Winner_2022,16.1,5.0,1,True,0.0,
4VozWQ,71,42,Winner_2022,15.6,5.0,0,True,0.0,
4VozWQ,71,43,Winner_2022,15.1,5.0,1,True,0.0,
4VozWQ,71,44,Winner_2022,14.6,5.0,1,True,0.0,
4VozWQ,71,45,Winner_2022,14.1,5.0,1,True,0.0,
4VozWQ,71,46,Winner_2022,13.6,5.0,1,True,0.0,
4VozWQ,71,47,Winner_2022,13.1,5.0,1,True,0.0,
4VozWQ,71,48,Winner_2022,12.6,5.0,2,True,0.0,
4VozWQ,71,49,Winner_2022,12.1,5.1,1,True,0.0,
4VozWQ,71,50,Winner_2022,11.6,5.2,0,True,0.0,
4VozWQ,71,51,Winner_2022,11.1,5.3,0,True,0.0,
4VozWQ,71,52,Winner_2022,10.6,5.3,0,True,0.0,
4VozWQ,71,53,Winner_2022,10.1,5.3,3,True,0.0,
4VozWQ,71,54,Winner_2022,9.6,5.4,1,True,0.0,
4VozWQ,71,55,Winner_2022,9.1,5.5,0,True,0.0,
4VozWQ,71,56,Winner_2022,8.6,5.6,0,True,0.0,
4VozWQ,71,57,Winner_2022,8.1,5.6,0,True,0.0,
4VozWQ,71,58,Winner_2022,7.6,5.7,0,True,0.0,
4VozWQ,71,59,Winner_2022,7.1,5.7,1,True,0.0,
4VozWQ,71,60,Winner_2022,6.6,5.7,0,True,0.0,
4VozWQ,71,61,Winner_2022,6.1,5.7,1,True,0.0,
4VozWQ,71,62,Winner_2022,5.9,5.7,0,True,0.0,
4VozWQ,71,63,Winner_2022,5.8,5.6,2,True,0.0,
4VozWQ,71,64,Winner_2022,5.7,5.6,0,True,0.0,
4VozWQ,71,65,Winner_2022,5.7,5.6,1,True,0.0,
4VozWQ,71,66,Winner_2022,5.6,5.5,0,True,0.0,
4VozWQ,71,67,Winner_2022,5.6,5.4,1,True,0.0,
4VozWQ,71,68,Winner_2022,5.5,5.4,1,True,0.0,
4VozWQ,71,69,Winner_2022,5.4,5.3,0,True,0.0,
4VozWQ,71,70,Winner_2022,5.4,5.2,0,True,0.0,
4VozWQ,71,71,Winner_2022,5.3,5.1,1,True,0.0,
4VozWQ,71,72,Winner_2022,5.2,5.0,0,True,0.0,
4VozWQ,71,73,Winner_2022,5.1,5.0,0,True,0.0,
4VozWQ,71,74,Winner_2022,5.0,5.0,0,True,0.0,
4VozWQ,71,75,Winner_2022,5.0,5.0,1,True,0.0,
4VozWQ,71,76,Winner_2022,5.0,5.0,0,True,0.0,
4VozWQ,71,77,Winner_2022,5.0,5.0,1,True,0.0,
4VozWQ,71,78,Winner_2022,5.0,5.0,0,True,0.0,
4VozWQ,71,79,Winner_2022,5.0,5.0,1,True,0.0,
4VozWQ,71,80,Winner_2022,5.0,5.0,0,True,0.0,
4VozWQ,71,81,Winner_2022,5.0,5.0,1,True,0.0,
4VozWQ,71,82,Winner_2022,5.0,5.0,1,True,0.0,
4VozWQ,71,83,Winner_2022,5.0,5.0,2,True,0.0,
4VozWQ,71,84,Winner_2022,5.0,5.0,0,True,0.0,
4VozWQ,71,85,Winner_2022,5.0,5.0,1,True,0.0,
4VozWQ,71,86,Winner_2022,5.0,5.0,2,True,0.0,
4VozWQ,71,87,Winner_2022,5.0,5.0,3,True,0.0,
4VozWQ,71,88,Winner_2022,5.0,5.0,0,True,0.0,
4VozWQ,71,89,Winner_2022,5.0,5.0,1,True,0.0,
4VozWQ,71,90,Winner_2022,5.0,5.0,1,True,0.0,
4VozWQ,71,91,Winner_2022,5.0,5.0,1,True,0.0,
4VozWQ,71,92,Winner_2022,5.0,5.0,3,True,0.0,
4VozWQ,71,93,Winner_2022,5.0,5.0,0,True,0.0,
4VozWQ,71,94,Winner_2022,5.0,5.0,0,True,0.0,
4VozWQ,71,95,Winner_2022,5.0,5.0,1,True,0.0,
4VozWQ,71,96,Winner_2022,5.0,5.0,0,True,0.0,
4VozWQ,71,97,Winner_2022,5.0,5.0,1,True,0.0,
4VozWQ,71,98,Winner_2022,5.0,5.0,0,True,0.0,
4VozWQ,71,99,Winner_2022,5.0,5.0,2,True,0.0,
4VozWQ,71,100,Winner_2022,5.0,5.0,0,True,0.0,
4VozWQ,72,1,Winner_2022,4.5,35.0,0,True,0.0,
4VozWQ,72,2,Winner_2022,5.0,28.0,1,True,0.0,
4VozWQ,72,3,Winner_2022,5.5,27.1,0,True,0.0,
4VozWQ,72,4,Winner_2022,6.0,25.1,0,True,0.0,
4VozWQ,72,5,Winner_2022,6.5,22.5,0,True,0.0,
4VozWQ,72,6,Winner_2022,7.0,19.7,0,True,0.0,
4VozWQ,72,7,Winner_2022,7.5,17.0,0,True,0.0,
4VozWQ,72,8,Winner_2022,8.0,14.6,1,True,0.0,
4VozWQ,72,9,Winner_2022,8.5,13.1,2,True,0.0,
4VozWQ,72,10,Winner_2022,9.0,12.8,0,True,0.0,
4VozWQ,72,11,Winner_2022,9.5,12.3,0,True,0.0,
4VozWQ,72,12,Winner_2022,10.0,11.7,0,True,0.0,
4VozWQ,72,13,Winner_2022,10.5,10.9,0,True,0.0,
4VozWQ,72,14,Winner_2022,10.7,10.0,1,True,0.0,
4VozWQ,72,15,Winner_2022,11.1,9.4,0,True,0.0,
4VozWQ,72,16,Winner_2022,11.6,8.6,2,True,0.0,
4VozWQ,72,17,Winner_2022,12.1,8.3,1,True,0.0,
4VozWQ,72,18,Winner_2022,12.6,8.1,0,True,0.0,
4VozWQ,72,19,Winner_2022,13.1,7.8,1,True,0.0,
4VozWQ,72,20,Winner_2022,13.6,7.6,0,True,0.0,
4VozWQ,72,21,Winner_2022,14.1,7.4,1,True,0.0,
4VozWQ,72,22,Winner_2022,14.6,7.3,0,True,0.0,
4VozWQ,72,23,Winner_2022,15.1,7.1,1,True,0.0,
4VozWQ,72,24,Winner_2022,15.6,6.9,0,True,0.0,
4VozWQ,72,25,Winner_2022,16.1,6.7,0,True,0.0,
4VozWQ,72,26,Winner_2022,16.6,6.5,2,True,0.0,
4VozWQ,72,27,Winner_2022,16.1,6.4,0,True,0.0,
4VozWQ,72,28,Winner_2022,15.6,6.3,2,True,0.0,
4VozWQ,72,29,Winner_2022,16.1,6.3,0,True,0.0,
4VozWQ,72,30,Winner_2022,15.6,6.2,0,True,0.0,
4VozWQ,72,31,Winner_2022,15.1,6.1,0,True,0.0,
4VozWQ,72,32,Winner_2022,15.6,6.0,1,True,0.0,
4VozWQ,72,33,Winner_2022,16.1,5.9,1,True,0.0,
4VozWQ,72,34,Winner_2022,16.6,5.9,0,True,0.0,
4VozWQ,72,35,Winner_2022,17.1,5.8,1,True,0.0,
4VozWQ,72,36,Winner_2022,16.6,5.7,1,True,0.0,
4VozWQ,72,37,Winner_2022,16.1,5.7,0,True,0.0,
4VozWQ,72,38,Winner_2022,15.6,5.7,1,True,0.0,
4VozWQ,72,39,Winner_2022,15.1,5.7,0,True,0.0,
4VozWQ,72,40,Winner_2022,14.6,5.6,2,True,0.0,
4VozWQ,72,41,Winner_2022,14.1,5.7,3,True,0.0,
4VozWQ,72,42,Winner_2022,13.6,5.8,0,True,0.0,
4VozWQ,72,43,Winner_2022,13.1,6.0,0,True,0.0,
4VozWQ,72,44,Winner_2022,12.6,6.1,1,True,0.0,
4VozWQ,72,45,Winner_2022,12.1,6.3,0,True,0.0,
4VozWQ,72,46,Winner_2022,11.6,6.4,0,True,0.0,
4VozWQ,72,47,Winner_2022,11.1,6.5,1,True,0.0,
4VozWQ,72,48,Winner_2022,10.6,6.6,1,True,0.0,
4VozWQ,72,49,Winner_2022,10.1,6.8,1,True,0.0,
4VozWQ,72,50,Winner_2022,9.6,7.0,0,True,0.0,
4VozWQ,72,51,Winner_2022,9.1,7.1,0,True,0.0,
4VozWQ,72,52,Winner_2022,8.6,7.2,0,True,0.0,
4VozWQ,72,53,Winner_2022,8.1,7.3,1,True,0.0,
4VozWQ,72,54,Winner_2022,7.7,7.4,0,True,0.0,
4VozWQ,72,55,Winner_2022,7.5,7.4,1,True,0.0,
4VozWQ,72,56,Winner_2022,7.5,7.5,1,True,0.0,
4VozWQ,72,57,Winner_2022,7.5,7.5,0,True,0.0,
4VozWQ,72,58,Winner_2022,7.4,7.6,1,True,0.0,
4VozWQ,72,59,Winner_2022,7.4,7.6,0,True,0.0,
4VozWQ,72,60,Winner_2022,7.2,7.6,0,True,0.0,
4VozWQ,72,61,Winner_2022,7.0,7.6,0,True,0.0,
4VozWQ,72,62,Winner_2022,6.8,7.5,1,True,0.0,
4VozWQ,72,63,Winner_2022,6.4,7.5,0,True,0.0,
4VozWQ,72,64,Winner_2022,5.9,7.4,0,True,0.0,
4VozWQ,72,65,Winner_2022,5.4,7.3,0,True,0.0,
4VozWQ,72,66,Winner_2022,4.9,7.1,1,True,0.0,
4VozWQ,72,67,Winner_2022,4.4,6.9,0,True,0.0,
4VozWQ,72,68,Winner_2022,3.9,6.7,0,True,0.0,
4VozWQ,72,69,Winner_2022,3.4,6.5,0,True,0.0,
4VozWQ,72,70,Winner_2022,2.9,6.3,0,True,0.0,
4VozWQ,72,71,Winner_2022,2.4,6.0,1,True,0.0,
4VozWQ,72,72,Winner_2022,1.9,5.8,1,True,0.0,
4VozWQ,72,73,Winner_2022,1.4,5.5,1,True,0.0,
4VozWQ,72,74,Winner_2022,0.9,5.3,0,True,0.0,
4VozWQ,72,75,Winner_2022,0.4,5.0,0,True,0.0,
4VozWQ,72,76,Winner_2022,0.1,5.0,2,True,0.0,
4VozWQ,72,77,Winner_2022,0.1,5.0,1,True,0.0,
4VozWQ,72,78,Winner_2022,0.1,5.0,0,True,0.0,
4VozWQ,72,79,Winner_2022,0.1,5.0,0,True,0.0,
4VozWQ,72,80,Winner_2022,0.1,5.0,0,True,0.0,
4VozWQ,72,81,Winner_2022,0.1,5.0,0,True,0.0,
4VozWQ,72,82,Winner_2022,0.1,5.0,0,True,0.0,
4VozWQ,72,83,Winner_2022,0.1,5.0,1,True,0.0,
4VozWQ,72,84,Winner_2022,0.1,5.0,2,True,0.0,
4VozWQ,72,85,Winner_2022,0.1,5.0,1,True,0.0,
4VozWQ,72,86,Winner_2022,0.1,5.0,0,True,0.0,
4VozWQ,72,87,Winner_2022,0.1,5.0,0,True,0.0,
4VozWQ,72,88,Winner_2022,0.1,5.0,0,True,0.0,
4VozWQ,72,89,Winner_2022,0.1,5.0,0,True,0.0,
4VozWQ,72,90,Winner_2022,0.1,5.0,1,True,0.0,
4VozWQ,72,91,Winner_2022,0.1,5.0,0,True,0.0,
4VozWQ,72,92,Winner_2022,0.1,5.0,2,True,0.0,
4VozWQ,72,93,Winner_2022,0.1,5.0,0,True,0.0,
4VozWQ,72,94,Winner_2022,0.1,5.0,0,True,0.0,
4VozWQ,72,95,Winner_2022,0.1,5.0,0,True,0.0,
4VozWQ,72,96,Winner_2022,0.1,5.0,0,True,0.0,
4VozWQ,72,97,Winner_2022,0.1,5.0,2,True,0.0,
4VozWQ,72,98,Winner_2022,0.1,5.0,0,True,0.0,
4VozWQ,72,99,Winner_2022,0.1,5.0,0,True,0.0,
4VozWQ,72,100,Winner_2022,0.1,5.0,1,True,0.0,
4VozWQ,73,1,Winner_2022,8.1,65.0,0,True,0.0,
4VozWQ,73,2,Winner_2022,7.6,52.0,0,True,0.0,
4VozWQ,73,3,Winner_2022,7.1,41.6,0,True,0.0,
4VozWQ,73,4,Winner_2022,6.6,33.3,0,True,0.0,
4VozWQ,73,5,Winner_2022,7.1,26.6,0,True,0.0,
4VozWQ,73,6,Winner_2022,7.6,21.3,0,True,0.0,
4VozWQ,73,7,Winner_2022,8.1,17.0,0,True,0.0,
4VozWQ,73,8,Winner_2022,8.6,13.6,0,True,0.0,
4VozWQ,73,9,Winner_2022,9.1,10.9,0,True,0.0,
4VozWQ,73,10,Winner_2022,9.6,8.7,0,True,0.0,
4VozWQ,73,11,Winner_2022,10.0,7.0,0,True,0.0,
4VozWQ,73,12,Winner_2022,10.5,5.6,1,True,0.0,
4VozWQ,73,13,Winner_2022,10.0,5.0,0,True,0.0,
4VozWQ,73,14,Winner_2022,9.5,5.0,0,True,0.0,
4VozWQ,73,15,Winner_2022,9.0,5.0,0,True,0.0,
4VozWQ,73,16,Winner_2022,8.5,5.0,1,True,0.0,
4VozWQ,73,17,Winner_2022,8.0,5.0,1,True,0.0,
4VozWQ,73,18,Winner_2022,7.5,5.0,0,True,0.0,
4VozWQ,73,19,Winner_2022,7.0,5.0,0,True,0.0,
4VozWQ,73,20,Winner_2022,6.5,5.0,2,True,0.0,
4VozWQ,73,21,Winner_2022,6.0,5.0,0,True,0.0,
4VozWQ,73,22,Winner_2022,5.5,5.0,1,True,0.0,
4VozWQ,73,23,Winner_2022,5.2,5.0,1,True,0.0,
4VozWQ,73,24,Winner_2022,5.1,5.0,0,True,0.0,
4VozWQ,73,25,Winner_2022,5.1,5.0,0,True,0.0,
4VozWQ,73,26,Winner_2022,5.0,5.0,0,True,0.0,
4VozWQ,73,27,Winner_2022,5.0,5.0,0,True,0.0,
4VozWQ,73,28,Winner_2022,5.0,5.0,0,True,0.0,
4VozWQ,73,29,Winner_2022,5.0,5.0,0,True,0.0,
4VozWQ,73,30,Winner_2022,5.0,5.0,0,True,0.0,
4VozWQ,73,31,Winner_2022,5.0,5.0,0,True,0.0,
4VozWQ,73,32,Winner_2022,5.0,5.0,1,True,0.0,
4VozWQ,73,33,Winner_2022,5.0,5.0,0,True,0.0,
4VozWQ,73,34,Winner_2022,5.0,5.0,1,True,0.0,
4VozWQ,73,35,Winner_2022,5.0,5.0,0,True,0.0,
4VozWQ,73,36,Winner_2022,5.0,5.0,1,True,0.0,
4VozWQ,73,37,Winner_2022,5.0,5.0,1,True,0.0,
4VozWQ,73,38,Winner_2022,5.0,5.0,0,True,0.0,
4VozWQ,73,39,Winner_2022,5.0,5.0,1,True,0.0,
4VozWQ,73,40,Winner_2022,5.0,5.0,0,True,0.0,
4VozWQ,73,41,Winner_2022,5.0,5.0,0,True,0.0,
4VozWQ,73,42,Winner_2022,5.0,5.0,1,True,0.0,
4VozWQ,73,43,Winner_2022,5.0,5.0,0,True,0.0,
4VozWQ,73,44,Winner_2022,5.0,5.0,0,True,0.0,
4VozWQ,73,45,Winner_2022,5.0,5.0,1,True,0.0,
4VozWQ,73,46,Winner_2022,5.0,5.0,0,True,0.0,
4VozWQ,73,47,Winner_2022,5.0,5.0,0,True,0.0,
4VozWQ,73,48,Winner_2022,5.0,5.0,1,True,0.0,
4VozWQ,73,49,Winner_2022,5.0,5.0,0,True,0.0,
4VozWQ,73,50,Winner_2022,5.0,5.0,0,True,0.0,
4VozWQ,73,51,Winner_2022,5.0,5.0,0,True,0.0,
4VozWQ,73,52,Winner_2022,5.0,5.0,0,True,0.0,
4VozWQ,73,53,Winner_2022,5.0,5.0,0,True,0.0,
4VozWQ,73,54,Winner_2022,5.0,5.0,0,True,0.0,
4VozWQ,73,55,Winner_2022,5.0,5.0,0,True,0.0,
4VozWQ,73,56,Winner_2022,5.0,5.0,1,True,0.0,
4VozWQ,73,57,Winner_2022,5.0,5.0,1,True,0.0,
4VozWQ,73,58,Winner_2022,5.0,5.0,1,True,0.0,
4VozWQ,73,59,Winner_2022,5.0,5.0,1,True,0.0,
4VozWQ,73,60,Winner_2022,5.0,5.0,0,True,0.0,
4VozWQ,73,61,Winner_2022,5.0,5.0,2,True,0.0,
4VozWQ,73,62,Winner_2022,5.0,5.0,0,True,0.0,
4VozWQ,73,63,Winner_2022,5.0,5.0,0,True,0.0,
4VozWQ,73,64,Winner_2022,5.0,5.0,0,True,0.0,
4VozWQ,73,65,Winner_2022,5.0,5.0,0,True,0.0,
4VozWQ,73,66,Winner_2022,5.0,5.0,1,True,0.0,
4VozWQ,73,67,Winner_2022,5.0,5.0,0,True,0.0,
4VozWQ,73,68,Winner_2022,5.0,5.0,0,True,0.0,
4VozWQ,73,69,Winner_2022,5.0,5.0,0,True,0.0,
4VozWQ,73,70,Winner_2022,5.0,5.0,0,True,0.0,
4VozWQ,73,71,Winner_2022,5.0,5.0,0,True,0.0,
4VozWQ,73,72,Winner_2022,5.0,5.0,0,True,0.0,
4VozWQ,73,73,Winner_2022,5.0,5.0,2,True,0.0,
4VozWQ,73,74,Winner_2022,5.0,5.0,0,True,0.0,
4VozWQ,73,75,Winner_2022,5.0,5.0,1,True,0.0,
4VozWQ,73,76,Winner_2022,5.0,5.0,0,True,0.0,
4VozWQ,73,77,Winner_2022,5.0,5.0,1,True,0.0,
4VozWQ,73,78,Winner_2022,5.0,5.0,0,True,0.0,
4VozWQ,73,79,Winner_2022,5.0,5.0,0,True,0.0,
4VozWQ,73,80,Winner_2022,5.0,5.0,1,True,0.0,
4VozWQ,73,81,Winner_2022,5.0,5.0,0,True,0.0,
4VozWQ,73,82,Winner_2022,5.0,5.0,0,True,0.0,
4VozWQ,73,83,Winner_2022,5.0,5.0,2,True,0.0,
4VozWQ,73,84,Winner_2022,5.0,5.0,0,True,0.0,
4VozWQ,73,85,Winner_2022,5.0,5.0,2,True,0.0,
4VozWQ,73,86,Winner_2022,5.0,5.0,0,True,0.0,
4VozWQ,73,87,Winner_2022,5.0,5.0,1,True,0.0,
4VozWQ,73,88,Winner_2022,5.0,5.0,1,True,0.0,
4VozWQ,73,89,Winner_2022,5.0,5.0,0,True,0.0,
4VozWQ,73,90,Winner_2022,5.0,5.0,1,True,0.0,
4VozWQ,73,91,Winner_2022,5.0,5.0,0,True,0.0,
4VozWQ,73,92,Winner_2022,5.0,5.0,1,True,0.0,
4VozWQ,73,93,Winner_2022,5.0,5.0,1,True,0.0,
4VozWQ,73,94,Winner_2022,5.0,5.0,1,True,0.0,
4VozWQ,73,95,Winner_2022,5.0,5.0,0,True,0.0,
4VozWQ,73,96,Winner_2022,5.0,5.0,3,True,0.0,
4VozWQ,73,97,Winner_2022,5.0,5.0,3,True,0.0,
4VozWQ,73,98,Winner_2022,5.0,5.0,2,True,0.0,
4VozWQ,73,99,Winner_2022,5.0,5.0,0,True,0.0,
4VozWQ,73,100,Winner_2022,5.0,5.0,0,True,0.0,
4VozWQ,74,1,Winner_2022,6.6,55.0,0,True,0.0,
4VozWQ,74,2,Winner_2022,6.1,44.0,0,True,0.0,
4VozWQ,74,3,Winner_2022,5.6,35.2,0,True,0.0,
4VozWQ,74,4,Winner_2022,5.1,28.2,0,True,0.0,
4VozWQ,74,5,Winner_2022,4.6,22.5,0,True,0.0,
4VozWQ,74,6,Winner_2022,4.1,18.0,0,True,0.0,
4VozWQ,74,7,Winner_2022,3.6,14.4,0,True,0.0,
4VozWQ,74,8,Winner_2022,3.1,11.5,0,True,0.0,
4VozWQ,74,9,Winner_2022,2.6,9.2,0,True,0.0,
4VozWQ,74,10,Winner_2022,2.1,7.4,0,True,0.0,
4VozWQ,74,11,Winner_2022,1.6,5.9,0,True,0.0,
4VozWQ,74,12,Winner_2022,1.1,5.0,0,True,0.0,
4VozWQ,74,13,Winner_2022,0.6,5.0,1,True,0.0,
4VozWQ,74,14,Winner_2022,0.1,5.0,2,True,0.0,
4VozWQ,74,15,Winner_2022,0.1,5.0,1,True,0.0,
4VozWQ,74,16,Winner_2022,0.1,5.0,0,True,0.0,
4VozWQ,74,17,Winner_2022,0.1,5.0,0,True,0.0,
4VozWQ,74,18,Winner_2022,0.1,5.0,0,True,0.0,
4VozWQ,74,19,Winner_2022,0.1,5.0,0,True,0.0,
4VozWQ,74,20,Winner_2022,0.1,5.0,1,True,0.0,
4VozWQ,74,21,Winner_2022,0.1,5.0,0,True,0.0,
4VozWQ,74,22,Winner_2022,0.1,5.0,0,True,0.0,
4VozWQ,74,23,Winner_2022,0.1,5.0,0,True,0.0,
4VozWQ,74,24,Winner_2022,0.1,5.0,0,True,0.0,
4VozWQ,74,25,Winner_2022,0.1,5.0,0,True,0.0,
4VozWQ,74,26,Winner_2022,0.1,5.0,2,True,0.0,
4VozWQ,74,27,Winner_2022,0.1,5.0,0,True,0.0,
4VozWQ,74,28,Winner_2022,0.1,5.0,0,True,0.0,
4VozWQ,74,29,Winner_2022,0.1,5.0,0,True,0.0,
4VozWQ,74,30,Winner_2022,0.1,5.0,0,True,0.0,
4VozWQ,74,31,Winner_2022,0.1,5.0,1,True,0.0,
4VozWQ,74,32,Winner_2022,0.1,5.0,1,True,0.0,
4VozWQ,74,33,Winner_2022,0.1,5.0,0,True,0.0,
4VozWQ,74,34,Winner_2022,0.1,5.0,0,True,0.0,
4VozWQ,74,35,Winner_2022,0.1,5.0,0,True,0.0,
4VozWQ,74,36,Winner_2022,0.1,5.0,1,True,0.0,
4VozWQ,74,37,Winner_2022,0.1,5.0,0,True,0.0,
4VozWQ,74,38,Winner_2022,0.1,5.0,0,True,0.0,
4VozWQ,74,39,Winner_2022,0.1,5.0,0,True,0.0,
4VozWQ,74,40,Winner_2022,0.1,5.0,1,True,0.0,
4VozWQ,74,41,Winner_2022,0.1,5.0,0,True,0.0,
4VozWQ,74,42,Winner_2022,0.1,5.0,0,True,0.0,
4VozWQ,74,43,Winner_2022,0.1,5.0,0,True,0.0,
4VozWQ,74,44,Winner_2022,0.1,5.0,1,True,0.0,
4VozWQ,74,45,Winner_2022,0.1,5.0,0,True,0.0,
4VozWQ,74,46,Winner_2022,0.1,5.0,1,True,0.0,
4VozWQ,74,47,Winner_2022,0.1,5.0,0,True,0.0,
4VozWQ,74,48,Winner_2022,0.1,5.0,0,True,0.0,
4VozWQ,74,49,Winner_2022,0.1,5.0,1,True,0.0,
4VozWQ,74,50,Winner_2022,0.1,5.0,0,True,0.0,
4VozWQ,74,51,Winner_2022,0.1,5.0,1,True,0.0,
4VozWQ,74,52,Winner_2022,0.1,5.0,0,True,0.0,
4VozWQ,74,53,Winner_2022,0.1,5.0,2,True,0.0,
4VozWQ,74,54,Winner_2022,0.1,5.0,0,True,0.0,
4VozWQ,74,55,Winner_2022,0.1,5.0,0,True,0.0,
4VozWQ,74,56,Winner_2022,0.1,5.0,0,True,0.0,
4VozWQ,74,57,Winner_2022,0.1,5.0,0,True,0.0,
4VozWQ,74,58,Winner_2022,0.1,5.0,1,True,0.0,
4VozWQ,74,59,Winner_2022,0.1,5.0,0,True,0.0,
4VozWQ,74,60,Winner_2022,0.1,5.0,1,True,0.0,
4VozWQ,74,61,Winner_2022,0.1,5.0,1,True,0.0,
4VozWQ,74,62,Winner_2022,0.1,5.0,1,True,0.0,
4VozWQ,74,63,Winner_2022,0.1,5.0,0,True,0.0,
4VozWQ,74,64,Winner_2022,0.1,5.0,1,True,0.001,
4VozWQ,74,65,Winner_2022,0.1,5.0,0,True,0.0,
4VozWQ,74,66,Winner_2022,0.1,5.0,0,True,0.0,
4VozWQ,74,67,Winner_2022,0.1,5.0,1,True,0.0,
4VozWQ,74,68,Winner_2022,0.1,5.0,0,True,0.0,
4VozWQ,74,69,Winner_2022,0.1,5.0,0,True,0.0,
4VozWQ,74,70,Winner_2022,0.1,5.0,0,True,0.0,
4VozWQ,74,71,Winner_2022,0.1,5.0,0,True,0.0,
4VozWQ,74,72,Winner_2022,0.1,5.0,0,True,0.0,
4VozWQ,74,73,Winner_2022,0.1,5.0,1,True,0.0,
4VozWQ,74,74,Winner_2022,0.1,5.0,1,True,0.0,
4VozWQ,74,75,Winner_2022,0.1,5.0,1,True,0.0,
4VozWQ,74,76,Winner_2022,0.1,5.0,0,True,0.0,
4VozWQ,74,77,Winner_2022,0.1,5.0,0,True,0.0,
4VozWQ,74,78,Winner_2022,0.1,5.0,1,True,0.0,
4VozWQ,74,79,Winner_2022,0.1,5.0,1,True,0.0,
4VozWQ,74,80,Winner_2022,0.1,5.0,0,True,0.0,
4VozWQ,74,81,Winner_2022,0.1,5.0,0,True,0.0,
4VozWQ,74,82,Winner_2022,0.1,5.0,2,True,0.0,
4VozWQ,74,83,Winner_2022,0.1,5.0,0,True,0.0,
4VozWQ,74,84,Winner_2022,0.1,5.0,0,True,0.0,
4VozWQ,74,85,Winner_2022,0.1,5.0,1,True,0.0,
4VozWQ,74,86,Winner_2022,0.1,5.0,1,True,0.0,
4VozWQ,74,87,Winner_2022,0.1,5.0,2,True,0.0,
4VozWQ,74,88,Winner_2022,0.1,5.0,0,True,0.0,
4VozWQ,74,89,Winner_2022,0.1,5.0,3,True,0.0,
4VozWQ,74,90,Winner_2022,0.1,5.0,0,True,0.0,
4VozWQ,74,91,Winner_2022,0.1,5.0,0,True,0.0,
4VozWQ,74,92,Winner_2022,0.1,5.0,1,True,0.0,
4VozWQ,74,93,Winner_2022,0.1,5.0,0,True,0.0,
4VozWQ,74,94,Winner_2022,0.1,5.0,0,True,0.0,
4VozWQ,74,95,Winner_2022,0.1,5.0,1,True,0.0,
4VozWQ,74,96,Winner_2022,0.1,5.0,0,True,0.0,
4VozWQ,74,97,Winner_2022,0.1,5.0,1,True,0.0,
4VozWQ,74,98,Winner_2022,0.1,5.0,3,True,0.0,
4VozWQ,74,99,Winner_2022,0.1,5.0,1,True,0.0,
4VozWQ,74,100,Winner_2022,0.1,5.0,0,True,0.0,
4VozWQ,75,1,Winner_2022,3.1,81.0,0,True,0.0,
4VozWQ,75,2,Winner_2022,2.6,64.8,0,True,0.0,
4VozWQ,75,3,Winner_2022,2.1,51.8,0,True,0.0,
4VozWQ,75,4,Winner_2022,1.6,41.5,0,True,0.0,
4VozWQ,75,5,Winner_2022,1.1,33.2,0,True,0.0,
4VozWQ,75,6,Winner_2022,0.6,26.5,0,True,0.0,
4VozWQ,75,7,Winner_2022,0.1,21.2,1,True,0.0,
4VozWQ,75,8,Winner_2022,0.1,18.2,0,True,0.0,
4VozWQ,75,9,Winner_2022,0.1,15.4,0,True,0.0,
4VozWQ,75,10,Winner_2022,0.1,13.0,0,True,0.0,
4VozWQ,75,11,Winner_2022,0.1,11.0,0,True,0.0,
4VozWQ,75,12,Winner_2022,0.1,9.2,0,True,0.0,
4VozWQ,75,13,Winner_2022,0.1,7.6,0,True,0.0,
4VozWQ,75,14,Winner_2022,0.1,6.3,0,True,0.0,
4VozWQ,75,15,Winner_2022,0.1,5.2,2,True,0.0,
4VozWQ,75,16,Winner_2022,0.1,5.0,0,True,0.0,
4VozWQ,75,17,Winner_2022,0.1,5.0,1,True,0.0,
4VozWQ,75,18,Winner_2022,0.1,5.0,0,True,0.0,
4VozWQ,75,19,Winner_2022,0.1,5.0,0,True,0.0,
4VozWQ,75,20,Winner_2022,0.1,5.0,0,True,0.0,
4VozWQ,75,21,Winner_2022,0.1,5.0,0,True,0.0,
4VozWQ,75,22,Winner_2022,0.1,5.0,2,True,0.0,
4VozWQ,75,23,Winner_2022,0.1,5.0,0,True,0.0,
4VozWQ,75,24,Winner_2022,0.1,5.0,0,True,0.0,
4VozWQ,75,25,Winner_2022,0.1,5.0,0,True,0.0,
4VozWQ,75,26,Winner_2022,0.1,5.0,0,True,0.0,
4VozWQ,75,27,Winner_2022,0.1,5.0,0,True,0.0,
4VozWQ,75,28,Winner_2022,0.1,5.0,0,True,0.0,
4VozWQ,75,29,Winner_2022,0.1,5.0,0,True,0.0,
4VozWQ,75,30,Winner_2022,0.1,5.0,1,True,0.0,
4VozWQ,75,31,Winner_2022,0.1,5.0,0,True,0.0,
4VozWQ,75,32,Winner_2022,0.1,5.0,0,True,0.0,
4VozWQ,75,33,Winner_2022,0.1,5.0,0,True,0.0,
4VozWQ,75,34,Winner_2022,0.1,5.0,1,True,0.0,
4VozWQ,75,35,Winner_2022,0.1,5.0,0,True,0.0,
4VozWQ,75,36,Winner_2022,0.1,5.0,0,True,0.0,
4VozWQ,75,37,Winner_2022,0.1,5.0,0,True,0.0,
4VozWQ,75,38,Winner_2022,0.1,5.0,0,True,0.0,
4VozWQ,75,39,Winner_2022,0.1,5.0,0,True,0.0,
4VozWQ,75,40,Winner_2022,0.1,5.0,1,True,0.0,
4VozWQ,75,41,Winner_2022,0.1,5.0,1,True,0.0,
4VozWQ,75,42,Winner_2022,0.1,5.0,0,True,0.0,
4VozWQ,75,43,Winner_2022,0.1,5.0,0,True,0.0,
4VozWQ,75,44,Winner_2022,0.1,5.0,0,True,0.0,
4VozWQ,75,45,Winner_2022,0.1,5.0,0,True,0.0,
4VozWQ,75,46,Winner_2022,0.1,5.0,2,True,0.0,
4VozWQ,75,47,Winner_2022,0.1,5.0,0,True,0.0,
4VozWQ,75,48,Winner_2022,0.1,5.0,1,True,0.0,
4VozWQ,75,49,Winner_2022,0.1,5.0,1,True,0.0,
4VozWQ,75,50,Winner_2022,0.1,5.0,0,True,0.0,
4VozWQ,75,51,Winner_2022,0.1,5.0,1,True,0.0,
4VozWQ,75,52,Winner_2022,0.1,5.0,2,True,0.0,
4VozWQ,75,53,Winner_2022,0.1,5.0,1,True,0.0,
4VozWQ,75,54,Winner_2022,0.1,5.0,1,True,0.0,
4VozWQ,75,55,Winner_2022,0.1,5.0,0,True,0.0,
4VozWQ,75,56,Winner_2022,0.1,5.0,0,True,0.0,
4VozWQ,75,57,Winner_2022,0.1,5.0,0,True,0.0,
4VozWQ,75,58,Winner_2022,0.1,5.0,1,True,0.0,
4VozWQ,75,59,Winner_2022,0.1,5.0,0,True,0.0,
4VozWQ,75,60,Winner_2022,0.1,5.0,0,True,0.0,
4VozWQ,75,61,Winner_2022,0.1,5.0,0,True,0.0,
4VozWQ,75,62,Winner_2022,0.1,5.0,0,True,0.0,
4VozWQ,75,63,Winner_2022,0.1,5.0,0,True,0.0,
4VozWQ,75,64,Winner_2022,0.1,5.0,0,True,0.0,
4VozWQ,75,65,Winner_2022,0.1,5.0,0,True,0.0,
4VozWQ,75,66,Winner_2022,0.1,5.0,0,True,0.0,
4VozWQ,75,67,Winner_2022,0.1,5.0,0,True,0.0,
4VozWQ,75,68,Winner_2022,0.1,5.0,0,True,0.0,
4VozWQ,75,69,Winner_2022,0.1,5.0,0,True,0.0,
4VozWQ,75,70,Winner_2022,0.1,5.0,1,True,0.0,
4VozWQ,75,71,Winner_2022,0.1,5.0,0,True,0.0,
4VozWQ,75,72,Winner_2022,0.1,5.0,1,True,0.0,
4VozWQ,75,73,Winner_2022,0.1,5.0,2,True,0.0,
4VozWQ,75,74,Winner_2022,0.1,5.0,1,True,0.0,
4VozWQ,75,75,Winner_2022,0.1,5.0,0,True,0.0,
4VozWQ,75,76,Winner_2022,0.1,5.0,0,True,0.0,
4VozWQ,75,77,Winner_2022,0.1,5.0,0,True,0.0,
4VozWQ,75,78,Winner_2022,0.1,5.0,0,True,0.0,
4VozWQ,75,79,Winner_2022,0.1,5.0,0,True,0.0,
4VozWQ,75,80,Winner_2022,0.1,5.0,1,True,0.0,
4VozWQ,75,81,Winner_2022,0.1,5.0,0,True,0.0,
4VozWQ,75,82,Winner_2022,0.1,5.0,0,True,0.0,
4VozWQ,75,83,Winner_2022,0.1,5.0,0,True,0.0,
4VozWQ,75,84,Winner_2022,0.1,5.0,0,True,0.0,
4VozWQ,75,85,Winner_2022,0.1,5.0,1,True,0.0,
4VozWQ,75,86,Winner_2022,0.1,5.0,1,True,0.0,
4VozWQ,75,87,Winner_2022,0.1,5.0,1,True,0.0,
4VozWQ,75,88,Winner_2022,0.1,5.0,0,True,0.0,
4VozWQ,75,89,Winner_2022,0.1,5.0,1,True,0.0,
4VozWQ,75,90,Winner_2022,0.1,5.0,1,True,0.0,
4VozWQ,75,91,Winner_2022,0.1,5.0,1,True,0.0,
4VozWQ,75,92,Winner_2022,0.1,5.0,1,True,0.0,
4VozWQ,75,93,Winner_2022,0.1,5.0,1,True,0.0,
4VozWQ,75,94,Winner_2022,0.1,5.0,0,True,0.0,
4VozWQ,75,95,Winner_2022,0.1,5.0,0,True,0.0,
4VozWQ,75,96,Winner_2022,0.1,5.0,1,True,0.0,
4VozWQ,75,97,Winner_2022,0.1,5.0,5,True,0.0,
4VozWQ,75,98,Winner_2022,0.1,5.0,1,True,0.0,
4VozWQ,75,99,Winner_2022,0.1,5.0,1,True,0.0,
4VozWQ,75,100,Winner_2022,0.1,5.0,0,True,0.0,
4VozWQ,76,1,Winner_2022,0.4,79.0,0,True,0.0,
4VozWQ,76,2,Winner_2022,0.1,63.2,0,True,0.0,
4VozWQ,76,3,Winner_2022,0.1,50.6,0,True,0.0,
4VozWQ,76,4,Winner_2022,0.1,40.4,0,True,0.0,
4VozWQ,76,5,Winner_2022,0.1,32.4,0,True,0.0,
4VozWQ,76,6,Winner_2022,0.1,25.9,0,True,0.0,
4VozWQ,76,7,Winner_2022,0.1,20.7,0,True,0.0,
4VozWQ,76,8,Winner_2022,0.1,16.6,0,True,0.0,
4VozWQ,76,9,Winner_2022,0.1,13.3,2,True,0.0,
4VozWQ,76,10,Winner_2022,0.1,11.8,0,True,0.0,
4VozWQ,76,11,Winner_2022,0.1,10.4,0,True,0.0,
4VozWQ,76,12,Winner_2022,0.1,9.1,2,True,0.0,
4VozWQ,76,13,Winner_2022,0.1,8.4,0,True,0.0,
4VozWQ,76,14,Winner_2022,0.1,7.8,1,True,0.0,
4VozWQ,76,15,Winner_2022,0.1,7.3,0,True,0.0,
4VozWQ,76,16,Winner_2022,0.1,6.7,0,True,0.0,
4VozWQ,76,17,Winner_2022,0.1,6.1,0,True,0.0,
4VozWQ,76,18,Winner_2022,0.1,5.6,2,True,0.0,
4VozWQ,76,19,Winner_2022,0.1,5.3,0,True,0.0,
4VozWQ,76,20,Winner_2022,0.1,5.0,0,True,0.0,
4VozWQ,76,21,Winner_2022,0.1,5.0,0,True,0.0,
4VozWQ,76,22,Winner_2022,0.1,5.0,1,True,0.0,
4VozWQ,76,23,Winner_2022,0.1,5.0,0,True,0.0,
4VozWQ,76,24,Winner_2022,0.1,5.0,0,True,0.0,
4VozWQ,76,25,Winner_2022,0.1,5.0,0,True,0.0,
4VozWQ,76,26,Winner_2022,0.1,5.0,0,True,0.0,
4VozWQ,76,27,Winner_2022,0.1,5.0,0,True,0.0,
4VozWQ,76,28,Winner_2022,0.1,5.0,0,True,0.0,
4VozWQ,76,29,Winner_2022,0.1,5.0,1,True,0.0,
4VozWQ,76,30,Winner_2022,0.1,5.0,0,True,0.0,
4VozWQ,76,31,Winner_2022,0.1,5.0,0,True,0.0,
4VozWQ,76,32,Winner_2022,0.1,5.0,1,True,0.0,
4VozWQ,76,33,Winner_2022,0.6,5.0,0,True,0.0,
4VozWQ,76,34,Winner_2022,0.1,5.0,0,True,0.0,
4VozWQ,76,35,Winner_2022,0.1,5.0,1,True,0.0,
4VozWQ,76,36,Winner_2022,0.1,5.0,0,True,0.0,
4VozWQ,76,37,Winner_2022,0.6,5.0,0,True,0.0,
4VozWQ,76,38,Winner_2022,1.1,5.0,0,True,0.0,
4VozWQ,76,39,Winner_2022,0.6,5.0,0,True,0.0,
4VozWQ,76,40,Winner_2022,0.1,5.0,1,True,0.0,
4VozWQ,76,41,Winner_2022,0.6,5.0,0,True,0.0,
4VozWQ,76,42,Winner_2022,1.1,5.0,1,True,0.0,
4VozWQ,76,43,Winner_2022,0.6,5.0,0,True,0.0,
4VozWQ,76,44,Winner_2022,0.1,5.0,0,True,0.0,
4VozWQ,76,45,Winner_2022,0.1,5.0,0,True,0.0,
4VozWQ,76,46,Winner_2022,0.1,5.0,1,True,0.0,
4VozWQ,76,47,Winner_2022,0.1,5.0,0,True,0.0,
4VozWQ,76,48,Winner_2022,0.1,5.0,1,True,0.0,
4VozWQ,76,49,Winner_2022,0.1,5.0,0,True,0.0,
4VozWQ,76,50,Winner_2022,0.6,5.0,0,True,0.0,
4VozWQ,76,51,Winner_2022,0.1,5.0,1,True,0.0,
4VozWQ,76,52,Winner_2022,0.1,5.0,3,True,0.0,
4VozWQ,76,53,Winner_2022,0.1,5.0,0,True,0.0,
4VozWQ,76,54,Winner_2022,0.1,5.0,1,True,0.0,
4VozWQ,76,55,Winner_2022,0.1,5.0,1,True,0.0,
4VozWQ,76,56,Winner_2022,0.1,5.0,0,True,0.0,
4VozWQ,76,57,Winner_2022,0.1,5.0,0,True,0.0,
4VozWQ,76,58,Winner_2022,0.1,5.0,0,True,0.0,
4VozWQ,76,59,Winner_2022,0.1,5.0,0,True,0.0,
4VozWQ,76,60,Winner_2022,0.1,5.0,1,True,0.0,
4VozWQ,76,61,Winner_2022,0.6,5.0,0,True,0.0,
4VozWQ,76,62,Winner_2022,1.1,5.0,1,True,0.0,
4VozWQ,76,63,Winner_2022,1.6,5.0,1,True,0.0,
4VozWQ,76,64,Winner_2022,2.1,5.0,0,True,0.0,
4VozWQ,76,65,Winner_2022,2.6,5.0,1,True,0.0,
4VozWQ,76,66,Winner_2022,3.1,5.0,0,True,0.0,
4VozWQ,76,67,Winner_2022,3.6,5.0,0,True,0.0,
4VozWQ,76,68,Winner_2022,4.1,5.0,1,True,0.0,
4VozWQ,76,69,Winner_2022,4.5,5.0,0,True,0.0,
4VozWQ,76,70,Winner_2022,4.3,5.0,1,True,0.0,
4VozWQ,76,71,Winner_2022,4.0,5.0,0,True,0.0,
4VozWQ,76,72,Winner_2022,3.5,5.0,2,True,0.0,
4VozWQ,76,73,Winner_2022,3.0,5.0,0,True,0.0,
4VozWQ,76,74,Winner_2022,2.5,5.0,0,True,0.0,
4VozWQ,76,75,Winner_2022,2.0,5.0,0,True,0.0,
4VozWQ,76,76,Winner_2022,1.5,5.0,1,True,0.0,
4VozWQ,76,77,Winner_2022,1.0,5.0,0,True,0.0,
4VozWQ,76,78,Winner_2022,0.5,5.0,1,True,0.0,
4VozWQ,76,79,Winner_2022,0.1,5.0,0,True,0.0,
4VozWQ,76,80,Winner_2022,0.1,5.0,0,True,0.0,
4VozWQ,76,81,Winner_2022,0.1,5.0,1,True,0.0,
4VozWQ,76,82,Winner_2022,0.1,5.0,2,True,0.0,
4VozWQ,76,83,Winner_2022,0.1,5.0,0,True,0.0,
4VozWQ,76,84,Winner_2022,0.1,5.0,1,True,0.0,
4VozWQ,76,85,Winner_2022,0.1,5.0,0,True,0.0,
4VozWQ,76,86,Winner_2022,0.1,5.0,2,True,0.0,
4VozWQ,76,87,Winner_2022,0.1,5.0,1,True,0.0,
4VozWQ,76,88,Winner_2022,0.6,5.0,0,True,0.0,
4VozWQ,76,89,Winner_2022,0.1,5.0,1,True,0.0,
4VozWQ,76,90,Winner_2022,0.6,5.0,3,True,0.0,
4VozWQ,76,91,Winner_2022,1.1,5.0,1,True,0.0,
4VozWQ,76,92,Winner_2022,1.6,5.0,3,True,0.0,
4VozWQ,76,93,Winner_2022,2.1,5.0,1,True,0.0,
4VozWQ,76,94,Winner_2022,0.1,5.0,1,False,0.0,
4VozWQ,76,95,Winner_2022,0.1,5.0,0,False,0.0,
4VozWQ,76,96,Winner_2022,0.1,5.0,0,False,0.0,
4VozWQ,76,97,Winner_2022,0.1,5.0,2,False,0.0,
4VozWQ,76,98,Winner_2022,0.1,5.0,1,False,0.0,
4VozWQ,76,99,Winner_2022,0.1,5.0,3,False,0.0,
4VozWQ,76,100,Winner_2022,0.1,5.0,1,False,0.0,
4VozWQ,77,1,Winner_2022,0.4,37.0,0,True,0.0,
4VozWQ,77,2,Winner_2022,0.1,29.6,0,True,0.0,
4VozWQ,77,3,Winner_2022,0.6,23.7,0,True,0.0,
4VozWQ,77,4,Winner_2022,1.1,18.9,0,True,0.0,
4VozWQ,77,5,Winner_2022,1.6,15.2,0,True,0.0,
4VozWQ,77,6,Winner_2022,2.1,12.1,0,True,0.0,
4VozWQ,77,7,Winner_2022,1.6,9.7,0,True,0.0,
4VozWQ,77,8,Winner_2022,1.1,7.8,0,True,0.0,
4VozWQ,77,9,Winner_2022,0.6,6.2,1,True,0.0,
4VozWQ,77,10,Winner_2022,0.1,5.2,1,True,0.0,
4VozWQ,77,11,Winner_2022,0.1,5.0,0,True,0.0,
4VozWQ,77,12,Winner_2022,0.1,5.0,0,True,0.0,
4VozWQ,77,13,Winner_2022,0.1,5.0,0,True,0.0,
4VozWQ,77,14,Winner_2022,0.1,5.0,1,True,0.0,
4VozWQ,77,15,Winner_2022,0.1,5.0,0,True,0.0,
4VozWQ,77,16,Winner_2022,0.1,5.0,0,True,0.0,
4VozWQ,77,17,Winner_2022,0.6,5.0,1,True,0.0,
4VozWQ,77,18,Winner_2022,1.1,5.0,1,True,0.0,
4VozWQ,77,19,Winner_2022,1.6,5.0,0,True,0.0,
4VozWQ,77,20,Winner_2022,1.1,5.0,0,True,0.0,
4VozWQ,77,21,Winner_2022,0.6,5.0,0,True,0.0,
4VozWQ,77,22,Winner_2022,0.1,5.0,0,True,0.0,
4VozWQ,77,23,Winner_2022,0.1,5.0,1,True,0.0,
4VozWQ,77,24,Winner_2022,0.1,5.0,0,True,0.0,
4VozWQ,77,25,Winner_2022,0.1,5.0,0,True,0.0,
4VozWQ,77,26,Winner_2022,0.1,5.0,0,True,0.0,
4VozWQ,77,27,Winner_2022,0.6,5.0,0,True,0.0,
4VozWQ,77,28,Winner_2022,0.1,5.0,0,True,0.0,
4VozWQ,77,29,Winner_2022,0.6,5.0,0,True,0.0,
4VozWQ,77,30,Winner_2022,1.1,5.0,0,True,0.0,
4VozWQ,77,31,Winner_2022,0.6,5.0,0,True,0.0,
4VozWQ,77,32,Winner_2022,0.1,5.0,0,True,0.0,
4VozWQ,77,33,Winner_2022,0.6,5.0,1,True,0.0,
4VozWQ,77,34,Winner_2022,1.1,5.0,0,True,0.0,
4VozWQ,77,35,Winner_2022,0.6,5.0,0,True,0.0,
4VozWQ,77,36,Winner_2022,0.1,5.0,0,True,0.0,
4VozWQ,77,37,Winner_2022,0.1,5.0,0,True,0.0,
4VozWQ,77,38,Winner_2022,0.1,5.0,1,True,0.0,
4VozWQ,77,39,Winner_2022,0.1,5.0,0,True,0.0,
4VozWQ,77,40,Winner_2022,0.1,5.0,1,True,0.0,
4VozWQ,77,41,Winner_2022,0.1,5.0,0,True,0.0,
4VozWQ,77,42,Winner_2022,0.6,5.0,0,True,0.0,
4VozWQ,77,43,Winner_2022,0.1,5.0,1,True,0.0,
4VozWQ,77,44,Winner_2022,0.1,5.0,0,True,0.0,
4VozWQ,77,45,Winner_2022,0.6,5.0,1,True,0.0,
4VozWQ,77,46,Winner_2022,1.1,5.0,1,True,0.0,
4VozWQ,77,47,Winner_2022,1.6,5.0,0,True,0.0,
4VozWQ,77,48,Winner_2022,2.1,5.0,1,True,0.0,
4VozWQ,77,49,Winner_2022,2.6,5.0,0,True,0.0,
4VozWQ,77,50,Winner_2022,3.1,5.0,2,True,0.0,
4VozWQ,77,51,Winner_2022,3.6,5.0,0,True,0.0,
4VozWQ,77,52,Winner_2022,4.1,5.0,0,True,0.0,
4VozWQ,77,53,Winner_2022,4.5,5.0,2,True,0.0,
4VozWQ,77,54,Winner_2022,4.8,5.0,1,True,0.0,
4VozWQ,77,55,Winner_2022,4.9,5.0,0,True,0.0,
4VozWQ,77,56,Winner_2022,4.9,5.0,2,True,0.0,
4VozWQ,77,57,Winner_2022,5.0,5.0,2,True,0.0,
4VozWQ,77,58,Winner_2022,5.0,5.0,1,True,0.0,
4VozWQ,77,59,Winner_2022,5.0,5.0,0,True,0.0,
4VozWQ,77,60,Winner_2022,5.0,5.0,0,True,0.0,
4VozWQ,77,61,Winner_2022,5.0,5.0,0,True,0.0,
4VozWQ,77,62,Winner_2022,5.0,5.0,0,True,0.0,
4VozWQ,77,63,Winner_2022,5.0,5.0,1,True,0.0,
4VozWQ,77,64,Winner_2022,5.0,5.0,2,True,0.0,
4VozWQ,77,65,Winner_2022,5.0,5.0,0,True,0.0,
4VozWQ,77,66,Winner_2022,5.0,5.0,0,True,0.0,
4VozWQ,77,67,Winner_2022,5.0,5.0,0,True,0.0,
4VozWQ,77,68,Winner_2022,5.0,5.0,2,True,0.0,
4VozWQ,77,69,Winner_2022,5.0,5.0,2,True,0.0,
4VozWQ,77,70,Winner_2022,5.0,5.0,0,True,0.0,
4VozWQ,77,71,Winner_2022,5.0,5.0,0,True,0.0,
4VozWQ,77,72,Winner_2022,5.0,5.0,0,True,0.0,
4VozWQ,77,73,Winner_2022,5.0,5.0,0,True,0.0,
4VozWQ,77,74,Winner_2022,5.0,5.0,0,True,0.0,
4VozWQ,77,75,Winner_2022,5.0,5.0,1,True,0.0,
4VozWQ,77,76,Winner_2022,5.0,5.0,1,True,0.0,
4VozWQ,77,77,Winner_2022,5.0,5.0,0,True,0.0,
4VozWQ,77,78,Winner_2022,5.0,5.0,1,True,0.0,
4VozWQ,77,79,Winner_2022,5.0,5.0,2,True,0.0,
4VozWQ,77,80,Winner_2022,5.0,5.0,1,True,0.0,
4VozWQ,77,81,Winner_2022,5.0,5.0,0,True,0.0,
4VozWQ,77,82,Winner_2022,5.0,5.0,1,True,0.0,
4VozWQ,77,83,Winner_2022,5.0,5.0,1,True,0.0,
4VozWQ,77,84,Winner_2022,5.0,5.0,1,True,0.0,
4VozWQ,77,85,Winner_2022,5.0,5.0,0,True,0.0,
4VozWQ,77,86,Winner_2022,5.0,5.0,0,True,0.0,
4VozWQ,77,87,Winner_2022,5.0,5.0,1,True,0.0,
4VozWQ,77,88,Winner_2022,5.0,5.0,0,True,0.0,
4VozWQ,77,89,Winner_2022,0.1,5.0,3,False,0.0,
4VozWQ,77,90,Winner_2022,0.1,5.0,0,False,0.0,
4VozWQ,77,91,Winner_2022,0.1,5.0,1,False,0.0,
4VozWQ,77,92,Winner_2022,0.1,5.0,2,False,0.0,
4VozWQ,77,93,Winner_2022,0.1,5.0,1,False,0.0,
4VozWQ,77,94,Winner_2022,0.1,5.0,2,False,0.0,
4VozWQ,77,95,Winner_2022,0.1,5.0,1,False,0.0,
4VozWQ,77,96,Winner_2022,0.1,5.0,2,False,0.0,
4VozWQ,77,97,Winner_2022,0.1,5.0,2,False,0.0,
4VozWQ,77,98,Winner_2022,0.1,5.0,2,False,0.0,
4VozWQ,77,99,Winner_2022,0.1,5.0,0,False,0.0,
4VozWQ,77,100,Winner_2022,0.1,5.0,0,False,0.0,
4VozWQ,78,1,Winner_2022,1.4,89.0,0,True,0.0,
4VozWQ,78,2,Winner_2022,0.9,71.2,0,True,0.002,
4VozWQ,78,3,Winner_2022,0.4,57.0,0,True,0.0,
4VozWQ,78,4,Winner_2022,0.1,45.6,0,True,0.0,
4VozWQ,78,5,Winner_2022,0.1,36.5,0,True,0.0,
4VozWQ,78,6,Winner_2022,0.6,29.2,0,True,0.0,
4VozWQ,78,7,Winner_2022,0.1,23.3,0,True,0.0,
4VozWQ,78,8,Winner_2022,0.6,18.7,0,True,0.0,
4VozWQ,78,9,Winner_2022,1.1,14.9,0,True,0.0,
4VozWQ,78,10,Winner_2022,1.6,11.9,2,True,0.0,
4VozWQ,78,11,Winner_2022,2.1,10.5,0,True,0.0,
4VozWQ,78,12,Winner_2022,2.6,9.2,0,True,0.0,
4VozWQ,78,13,Winner_2022,3.1,8.0,0,True,0.0,
4VozWQ,78,14,Winner_2022,2.6,6.8,0,True,0.0,
4VozWQ,78,15,Winner_2022,2.1,5.8,0,True,0.0,
4VozWQ,78,16,Winner_2022,1.6,5.0,1,True,0.0,
4VozWQ,78,17,Winner_2022,1.1,5.0,2,True,0.0,
4VozWQ,78,18,Winner_2022,0.6,5.0,0,True,0.0,
4VozWQ,78,19,Winner_2022,1.1,5.0,0,True,0.0,
4VozWQ,78,20,Winner_2022,1.6,5.0,0,True,0.0,
4VozWQ,78,21,Winner_2022,2.1,5.0,0,True,0.0,
4VozWQ,78,22,Winner_2022,2.6,5.0,0,True,0.0,
4VozWQ,78,23,Winner_2022,3.1,5.0,0,True,0.0,
4VozWQ,78,24,Winner_2022,3.6,5.0,0,True,0.0,
4VozWQ,78,25,Winner_2022,4.1,5.0,0,True,0.0,
4VozWQ,78,26,Winner_2022,4.5,5.0,0,True,0.0,
4VozWQ,78,27,Winner_2022,4.3,5.0,0,True,0.0,
4VozWQ,78,28,Winner_2022,4.7,5.0,0,True,0.0,
4VozWQ,78,29,Winner_2022,4.8,5.0,0,True,0.0,
4VozWQ,78,30,Winner_2022,4.9,5.0,0,True,0.0,
4VozWQ,78,31,Winner_2022,4.9,5.0,0,True,0.0,
4VozWQ,78,32,Winner_2022,4.8,5.0,0,True,0.0,
4VozWQ,78,33,Winner_2022,4.7,5.0,0,True,0.0,
4VozWQ,78,34,Winner_2022,4.6,5.0,0,True,0.0,
4VozWQ,78,35,Winner_2022,4.4,5.0,0,True,0.0,
4VozWQ,78,36,Winner_2022,4.0,5.0,0,True,0.0,
4VozWQ,78,37,Winner_2022,3.6,5.0,0,True,0.0,
4VozWQ,78,38,Winner_2022,3.1,5.0,0,True,0.0,
4VozWQ,78,39,Winner_2022,2.6,5.0,0,True,0.0,
4VozWQ,78,40,Winner_2022,2.1,5.0,0,True,0.0,
4VozWQ,78,41,Winner_2022,1.6,5.0,1,True,0.0,
4VozWQ,78,42,Winner_2022,1.1,5.0,1,True,0.0,
4VozWQ,78,43,Winner_2022,0.6,5.0,0,True,0.0,
4VozWQ,78,44,Winner_2022,0.1,5.0,0,True,0.0,
4VozWQ,78,45,Winner_2022,0.1,5.0,0,True,0.0,
4VozWQ,78,46,Winner_2022,0.1,5.0,1,True,0.0,
4VozWQ,78,47,Winner_2022,0.1,5.0,0,True,0.0,
4VozWQ,78,48,Winner_2022,0.1,5.0,0,True,0.0,
4VozWQ,78,49,Winner_2022,0.1,5.0,0,True,0.0,
4VozWQ,78,50,Winner_2022,0.1,5.0,3,True,0.0,
4VozWQ,78,51,Winner_2022,0.1,5.0,2,True,0.0,
4VozWQ,78,52,Winner_2022,0.1,5.0,1,True,0.0,
4VozWQ,78,53,Winner_2022,0.1,5.0,0,True,0.0,
4VozWQ,78,54,Winner_2022,0.1,5.0,2,True,0.0,
4VozWQ,78,55,Winner_2022,0.1,5.0,0,True,0.0,
4VozWQ,78,56,Winner_2022,0.1,5.0,0,True,0.0,
4VozWQ,78,57,Winner_2022,0.1,5.0,1,True,0.0,
4VozWQ,78,58,Winner_2022,0.1,5.0,2,True,0.0,
4VozWQ,78,59,Winner_2022,0.1,5.0,1,True,0.0,
4VozWQ,78,60,Winner_2022,0.1,5.0,2,True,0.0,
4VozWQ,78,61,Winner_2022,0.1,5.0,0,True,0.0,
4VozWQ,78,62,Winner_2022,0.1,5.0,0,True,0.0,
4VozWQ,78,63,Winner_2022,0.1,5.0,1,True,0.0,
4VozWQ,78,64,Winner_2022,0.1,5.0,1,True,0.0,
4VozWQ,78,65,Winner_2022,0.1,5.0,0,True,0.0,
4VozWQ,78,66,Winner_2022,0.1,5.0,0,True,0.0,
4VozWQ,78,67,Winner_2022,0.1,5.0,0,True,0.0,
4VozWQ,78,68,Winner_2022,0.1,5.0,1,True,0.0,
4VozWQ,78,69,Winner_2022,0.1,5.0,0,True,0.0,
4VozWQ,78,70,Winner_2022,0.1,5.0,0,True,0.0,
4VozWQ,78,71,Winner_2022,0.1,5.0,0,True,0.0,
4VozWQ,78,72,Winner_2022,0.1,5.0,1,True,0.0,
4VozWQ,78,73,Winner_2022,0.1,5.0,2,True,0.0,
4VozWQ,78,74,Winner_2022,0.1,5.0,0,True,0.0,
4VozWQ,78,75,Winner_2022,0.1,5.0,1,True,0.0,
4VozWQ,78,76,Winner_2022,0.1,5.0,0,True,0.0,
4VozWQ,78,77,Winner_2022,0.1,5.0,0,True,0.0,
4VozWQ,78,78,Winner_2022,0.1,5.0,1,True,0.0,
4VozWQ,78,79,Winner_2022,0.1,5.0,0,True,0.0,
4VozWQ,78,80,Winner_2022,0.1,5.0,2,True,0.0,
4VozWQ,78,81,Winner_2022,0.1,5.0,0,True,0.0,
4VozWQ,78,82,Winner_2022,0.1,5.0,0,True,0.0,
4VozWQ,78,83,Winner_2022,0.1,5.0,1,True,0.0,
4VozWQ,78,84,Winner_2022,0.1,5.0,0,True,0.0,
4VozWQ,78,85,Winner_2022,0.1,5.0,1,True,0.0,
4VozWQ,78,86,Winner_2022,0.1,5.0,0,True,0.0,
4VozWQ,78,87,Winner_2022,0.1,5.0,0,True,0.0,
4VozWQ,78,88,Winner_2022,0.1,5.0,0,True,0.0,
4VozWQ,78,89,Winner_2022,0.1,5.0,1,True,0.0,
4VozWQ,78,90,Winner_2022,0.1,5.0,0,True,0.0,
4VozWQ,78,91,Winner_2022,0.1,5.0,0,True,0.0,
4VozWQ,78,92,Winner_2022,0.1,5.0,0,True,0.0,
4VozWQ,78,93,Winner_2022,0.1,5.0,1,True,0.0,
4VozWQ,78,94,Winner_2022,0.1,5.0,1,True,0.0,
4VozWQ,78,95,Winner_2022,0.1,5.0,1,True,0.0,
4VozWQ,78,96,Winner_2022,0.1,5.0,1,True,0.0,
4VozWQ,78,97,Winner_2022,0.1,5.0,2,True,0.0,
4VozWQ,78,98,Winner_2022,0.1,5.0,0,True,0.0,
4VozWQ,78,99,Winner_2022,0.1,5.0,0,True,0.0,
4VozWQ,78,100,Winner_2022,0.1,5.0,0,True,0.0,
4VozWQ,79,1,Winner_2022,1.7,81.0,0,True,0.0,
4VozWQ,79,2,Winner_2022,1.2,64.8,0,True,0.0,
4VozWQ,79,3,Winner_2022,1.7,51.8,0,True,0.0,
4VozWQ,79,4,Winner_2022,1.2,41.5,0,True,0.0,
4VozWQ,79,5,Winner_2022,0.7,33.2,0,True,0.0,
4VozWQ,79,6,Winner_2022,0.2,26.5,0,True,0.0,
4VozWQ,79,7,Winner_2022,0.1,21.2,0,True,0.0,
4VozWQ,79,8,Winner_2022,0.1,17.0,0,True,0.0,
4VozWQ,79,9,Winner_2022,0.1,13.6,0,True,0.0,
4VozWQ,79,10,Winner_2022,0.1,10.9,0,True,0.0,
4VozWQ,79,11,Winner_2022,0.1,8.7,0,True,0.0,
4VozWQ,79,12,Winner_2022,0.1,7.0,0,True,0.0,
4VozWQ,79,13,Winner_2022,0.1,5.6,0,True,0.0,
4VozWQ,79,14,Winner_2022,0.1,5.0,0,True,0.0,
4VozWQ,79,15,Winner_2022,0.1,5.0,0,True,0.0,
4VozWQ,79,16,Winner_2022,0.1,5.0,0,True,0.0,
4VozWQ,79,17,Winner_2022,0.1,5.0,0,True,0.0,
4VozWQ,79,18,Winner_2022,0.1,5.0,2,True,0.0,
4VozWQ,79,19,Winner_2022,0.1,5.0,0,True,0.0,
4VozWQ,79,20,Winner_2022,0.1,5.0,1,True,0.0,
4VozWQ,79,21,Winner_2022,0.1,5.0,0,True,0.0,
4VozWQ,79,22,Winner_2022,0.1,5.0,1,True,0.0,
4VozWQ,79,23,Winner_2022,0.1,5.0,0,True,0.0,
4VozWQ,79,24,Winner_2022,0.1,5.0,0,True,0.0,
4VozWQ,79,25,Winner_2022,0.1,5.0,0,True,0.0,
4VozWQ,79,26,Winner_2022,0.1,5.0,0,True,0.0,
4VozWQ,79,27,Winner_2022,0.1,5.0,2,True,0.0,
4VozWQ,79,28,Winner_2022,0.1,5.0,0,True,0.0,
4VozWQ,79,29,Winner_2022,0.1,5.0,1,True,0.0,
4VozWQ,79,30,Winner_2022,0.1,5.0,1,True,0.0,
4VozWQ,79,31,Winner_2022,0.1,5.0,0,True,0.0,
4VozWQ,79,32,Winner_2022,0.1,5.0,1,True,0.0,
4VozWQ,79,33,Winner_2022,0.1,5.0,1,True,0.0,
4VozWQ,79,34,Winner_2022,0.1,5.0,0,True,0.0,
4VozWQ,79,35,Winner_2022,0.1,5.0,0,True,0.0,
4VozWQ,79,36,Winner_2022,0.1,5.0,2,True,0.0,
4VozWQ,79,37,Winner_2022,0.1,5.0,0,True,0.0,
4VozWQ,79,38,Winner_2022,0.1,5.0,1,True,0.0,
4VozWQ,79,39,Winner_2022,0.1,5.0,0,True,0.001,
4VozWQ,79,40,Winner_2022,0.1,5.0,0,True,0.0,
4VozWQ,79,41,Winner_2022,0.1,5.0,1,True,0.0,
4VozWQ,79,42,Winner_2022,0.1,5.0,0,True,0.0,
4VozWQ,79,43,Winner_2022,0.1,5.0,1,True,0.0,
4VozWQ,79,44,Winner_2022,0.1,5.0,0,True,0.0,
4VozWQ,79,45,Winner_2022,0.1,5.0,0,True,0.0,
4VozWQ,79,46,Winner_2022,0.1,5.0,2,True,0.0,
4VozWQ,79,47,Winner_2022,0.1,5.0,0,True,0.0,
4VozWQ,79,48,Winner_2022,0.1,5.0,0,True,0.0,
4VozWQ,79,49,Winner_2022,0.1,5.0,0,True,0.0,
4VozWQ,79,50,Winner_2022,0.1,5.0,0,True,0.0,
4VozWQ,79,51,Winner_2022,0.1,5.0,0,True,0.0,
4VozWQ,79,52,Winner_2022,0.1,5.0,1,True,0.0,
4VozWQ,79,53,Winner_2022,0.1,5.0,1,True,0.0,
4VozWQ,79,54,Winner_2022,0.1,5.0,1,True,0.0,
4VozWQ,79,55,Winner_2022,0.1,5.0,0,True,0.0,
4VozWQ,79,56,Winner_2022,0.1,5.0,0,True,0.0,
4VozWQ,79,57,Winner_2022,0.1,5.0,0,True,0.0,
4VozWQ,79,58,Winner_2022,0.1,5.0,0,True,0.0,
4VozWQ,79,59,Winner_2022,0.1,5.0,1,True,0.0,
4VozWQ,79,60,Winner_2022,0.1,5.0,0,True,0.0,
4VozWQ,79,61,Winner_2022,0.1,5.0,0,True,0.0,
4VozWQ,79,62,Winner_2022,0.1,5.0,0,True,0.0,
4VozWQ,79,63,Winner_2022,0.1,5.0,0,True,0.0,
4VozWQ,79,64,Winner_2022,0.1,5.0,0,True,0.0,
4VozWQ,79,65,Winner_2022,0.1,5.0,2,True,0.0,
4VozWQ,79,66,Winner_2022,0.1,5.0,0,True,0.0,
4VozWQ,79,67,Winner_2022,0.1,5.0,0,True,0.0,
4VozWQ,79,68,Winner_2022,0.1,5.0,1,True,0.0,
4VozWQ,79,69,Winner_2022,0.1,5.0,1,True,0.0,
4VozWQ,79,70,Winner_2022,0.1,5.0,2,True,0.0,
4VozWQ,79,71,Winner_2022,0.1,5.0,0,True,0.0,
4VozWQ,79,72,Winner_2022,0.1,5.0,0,True,0.0,
4VozWQ,79,73,Winner_2022,0.1,5.0,0,True,0.0,
4VozWQ,79,74,Winner_2022,0.1,5.0,0,True,0.0,
4VozWQ,79,75,Winner_2022,0.1,5.0,1,True,0.0,
4VozWQ,79,76,Winner_2022,0.1,5.0,0,True,0.0,
4VozWQ,79,77,Winner_2022,0.1,5.0,0,True,0.0,
4VozWQ,79,78,Winner_2022,0.1,5.0,1,True,0.0,
4VozWQ,79,79,Winner_2022,0.1,5.0,1,True,0.0,
4VozWQ,79,80,Winner_2022,0.1,5.0,0,True,0.0,
4VozWQ,79,81,Winner_2022,0.1,5.0,1,True,0.0,
4VozWQ,79,82,Winner_2022,0.1,5.0,0,True,0.0,
4VozWQ,79,83,Winner_2022,0.1,5.0,0,True,0.0,
4VozWQ,79,84,Winner_2022,0.1,5.0,0,True,0.0,
4VozWQ,79,85,Winner_2022,0.1,5.0,0,True,0.0,
4VozWQ,79,86,Winner_2022,0.1,5.0,1,True,0.0,
4VozWQ,79,87,Winner_2022,0.1,5.0,0,True,0.0,
4VozWQ,79,88,Winner_2022,0.1,5.0,0,True,0.0,
4VozWQ,79,89,Winner_2022,0.1,5.0,1,True,0.0,
4VozWQ,79,90,Winner_2022,0.1,5.0,0,True,0.0,
4VozWQ,79,91,Winner_2022,0.1,5.0,4,True,0.0,
4VozWQ,79,92,Winner_2022,0.1,5.0,0,True,0.0,
4VozWQ,79,93,Winner_2022,0.1,5.0,0,True,0.0,
4VozWQ,79,94,Winner_2022,0.1,5.0,1,True,0.0,
4VozWQ,79,95,Winner_2022,0.1,5.0,1,True,0.0,
4VozWQ,79,96,Winner_2022,0.1,5.0,2,True,0.0,
4VozWQ,79,97,Winner_2022,0.1,5.0,0,True,0.0,
4VozWQ,79,98,Winner_2022,0.1,5.0,0,True,0.0,
4VozWQ,79,99,Winner_2022,0.1,5.0,0,True,0.0,
4VozWQ,79,100,Winner_2022,0.1,5.0,0,True,0.0,
4VozWQ,80,1,Winner_2022,0.6,76.0,0,True,0.0,
4VozWQ,80,2,Winner_2022,0.1,60.8,0,True,0.0,
4VozWQ,80,3,Winner_2022,0.1,48.6,0,True,0.0,
4VozWQ,80,4,Winner_2022,0.1,38.9,0,True,0.0,
4VozWQ,80,5,Winner_2022,0.1,31.1,0,True,0.0,
4VozWQ,80,6,Winner_2022,0.1,24.9,0,True,0.0,
4VozWQ,80,7,Winner_2022,0.1,19.9,0,True,0.0,
4VozWQ,80,8,Winner_2022,0.1,15.9,0,True,0.0,
4VozWQ,80,9,Winner_2022,0.1,12.8,0,True,0.0,
4VozWQ,80,10,Winner_2022,0.1,10.2,0,True,0.0,
4VozWQ,80,11,Winner_2022,0.1,8.2,0,True,0.0,
4VozWQ,80,12,Winner_2022,0.1,6.5,0,True,0.0,
4VozWQ,80,13,Winner_2022,0.1,5.2,0,True,0.0,
4VozWQ,80,14,Winner_2022,0.1,5.0,0,True,0.0,
4VozWQ,80,15,Winner_2022,0.1,5.0,0,True,0.0,
4VozWQ,80,16,Winner_2022,0.1,5.0,0,True,0.0,
4VozWQ,80,17,Winner_2022,0.1,5.0,0,True,0.0,
4VozWQ,80,18,Winner_2022,0.1,5.0,1,True,0.0,
4VozWQ,80,19,Winner_2022,0.1,5.0,0,True,0.0,
4VozWQ,80,20,Winner_2022,0.1,5.0,0,True,0.0,
4VozWQ,80,21,Winner_2022,0.1,5.0,0,True,0.0,
4VozWQ,80,22,Winner_2022,0.1,5.0,1,True,0.0,
4VozWQ,80,23,Winner_2022,0.1,5.0,0,True,0.0,
4VozWQ,80,24,Winner_2022,0.1,5.0,1,True,0.0,
4VozWQ,80,25,Winner_2022,0.1,5.0,1,True,0.0,
4VozWQ,80,26,Winner_2022,0.1,5.0,0,True,0.0,
4VozWQ,80,27,Winner_2022,0.1,5.0,0,True,0.0,
4VozWQ,80,28,Winner_2022,0.1,5.0,0,True,0.0,
4VozWQ,80,29,Winner_2022,0.1,5.0,0,True,0.0,
4VozWQ,80,30,Winner_2022,0.1,5.0,0,True,0.0,
4VozWQ,80,31,Winner_2022,0.1,5.0,1,True,0.0,
4VozWQ,80,32,Winner_2022,0.1,5.0,2,True,0.0,
4VozWQ,80,33,Winner_2022,0.1,5.0,0,True,0.0,
4VozWQ,80,34,Winner_2022,0.1,5.0,0,True,0.0,
4VozWQ,80,35,Winner_2022,0.1,5.0,0,True,0.0,
4VozWQ,80,36,Winner_2022,0.6,5.0,1,True,0.0,
4VozWQ,80,37,Winner_2022,1.1,5.0,0,True,0.0,
4VozWQ,80,38,Winner_2022,1.6,5.0,0,True,0.0,
4VozWQ,80,39,Winner_2022,1.1,5.0,0,True,0.0,
4VozWQ,80,40,Winner_2022,0.6,5.0,0,True,0.0,
4VozWQ,80,41,Winner_2022,1.1,5.0,0,True,0.0,
4VozWQ,80,42,Winner_2022,0.6,5.0,2,True,0.0,
4VozWQ,80,43,Winner_2022,0.1,5.0,1,True,0.0,
4VozWQ,80,44,Winner_2022,0.1,5.0,0,True,0.0,
4VozWQ,80,45,Winner_2022,0.1,5.0,0,True,0.0,
4VozWQ,80,46,Winner_2022,0.1,5.0,0,True,0.0,
4VozWQ,80,47,Winner_2022,0.1,5.0,1,True,0.0,
4VozWQ,80,48,Winner_2022,0.1,5.0,0,True,0.0,
4VozWQ,80,49,Winner_2022,0.1,5.0,0,True,0.0,
4VozWQ,80,50,Winner_2022,0.6,5.0,0,True,0.0,
4VozWQ,80,51,Winner_2022,1.1,5.0,1,True,0.0,
4VozWQ,80,52,Winner_2022,0.6,5.0,0,True,0.0,
4VozWQ,80,53,Winner_2022,0.1,5.0,0,True,0.0,
4VozWQ,80,54,Winner_2022,0.1,5.0,3,True,0.0,
4VozWQ,80,55,Winner_2022,0.1,5.0,0,True,0.0,
4VozWQ,80,56,Winner_2022,0.1,5.0,1,True,0.0,
4VozWQ,80,57,Winner_2022,0.1,5.0,0,True,0.0,
4VozWQ,80,58,Winner_2022,0.1,5.0,0,True,0.0,
4VozWQ,80,59,Winner_2022,0.1,5.0,0,True,0.0,
4VozWQ,80,60,Winner_2022,0.1,5.0,1,True,0.0,
4VozWQ,80,61,Winner_2022,0.1,5.0,1,True,0.0,
4VozWQ,80,62,Winner_2022,0.1,5.0,0,True,0.0,
4VozWQ,80,63,Winner_2022,0.1,5.0,1,True,0.0,
4VozWQ,80,64,Winner_2022,0.1,5.0,1,True,0.0,
4VozWQ,80,65,Winner_2022,0.1,5.0,0,True,0.0,
4VozWQ,80,66,Winner_2022,0.1,5.0,1,True,0.0,
4VozWQ,80,67,Winner_2022,0.1,5.0,0,True,0.0,
4VozWQ,80,68,Winner_2022,0.1,5.0,0,True,0.0,
4VozWQ,80,69,Winner_2022,0.1,5.0,0,True,0.0,
4VozWQ,80,70,Winner_2022,0.1,5.0,1,True,0.0,
4VozWQ,80,71,Winner_2022,0.1,5.0,1,True,0.0,
4VozWQ,80,72,Winner_2022,0.1,5.0,1,True,0.0,
4VozWQ,80,73,Winner_2022,0.1,5.0,1,True,0.0,
4VozWQ,80,74,Winner_2022,0.1,5.0,0,True,0.0,
4VozWQ,80,75,Winner_2022,0.1,5.0,0,True,0.0,
4VozWQ,80,76,Winner_2022,0.1,5.0,0,True,0.0,
4VozWQ,80,77,Winner_2022,0.1,5.0,0,True,0.0,
4VozWQ,80,78,Winner_2022,0.1,5.0,0,True,0.0,
4VozWQ,80,79,Winner_2022,0.1,5.0,1,True,0.0,
4VozWQ,80,80,Winner_2022,0.1,5.0,1,True,0.0,
4VozWQ,80,81,Winner_2022,0.1,5.0,2,True,0.0,
4VozWQ,80,82,Winner_2022,0.1,5.0,1,True,0.0,
4VozWQ,80,83,Winner_2022,0.1,5.0,2,True,0.0,
4VozWQ,80,84,Winner_2022,0.1,5.0,0,True,0.0,
4VozWQ,80,85,Winner_2022,0.1,5.0,0,True,0.0,
4VozWQ,80,86,Winner_2022,0.1,5.0,0,True,0.0,
4VozWQ,80,87,Winner_2022,0.1,5.0,3,True,0.0,
4VozWQ,80,88,Winner_2022,0.1,5.0,0,True,0.0,
4VozWQ,80,89,Winner_2022,0.1,5.0,0,True,0.0,
4VozWQ,80,90,Winner_2022,0.1,5.0,0,True,0.0,
4VozWQ,80,91,Winner_2022,0.1,5.0,0,True,0.0,
4VozWQ,80,92,Winner_2022,0.1,5.0,0,True,0.0,
4VozWQ,80,93,Winner_2022,0.1,5.0,0,True,0.0,
4VozWQ,80,94,Winner_2022,0.1,5.0,0,True,0.0,
4VozWQ,80,95,Winner_2022,0.1,5.0,1,True,0.0,
4VozWQ,80,96,Winner_2022,0.1,5.0,2,True,0.0,
4VozWQ,80,97,Winner_2022,0.1,5.0,0,True,0.0,
4VozWQ,80,98,Winner_2022,0.1,5.0,0,True,0.0,
4VozWQ,80,99,Winner_2022,0.1,5.0,0,True,0.0,
4VozWQ,80,100,Winner_2022,0.1,5.0,1,True,0.0,
4VozWQ,81,1,Winner_2022,0.2,42.0,0,True,0.0,
4VozWQ,81,2,Winner_2022,0.7,33.6,0,True,0.0,
4VozWQ,81,3,Winner_2022,1.2,26.9,1,True,0.0,
4VozWQ,81,4,Winner_2022,1.7,24.9,0,True,0.0,
4VozWQ,81,5,Winner_2022,2.2,22.3,0,True,0.0,
4VozWQ,81,6,Winner_2022,2.7,19.5,0,True,0.0,
4VozWQ,81,7,Winner_2022,3.2,16.9,0,True,0.0,
4VozWQ,81,8,Winner_2022,3.7,14.5,1,True,0.0,
4VozWQ,81,9,Winner_2022,4.2,13.0,1,True,0.0,
4VozWQ,81,10,Winner_2022,4.7,12.1,0,True,0.0,
4VozWQ,81,11,Winner_2022,5.2,11.2,0,True,0.0,
4VozWQ,81,12,Winner_2022,5.7,10.2,1,True,0.0,
4VozWQ,81,13,Winner_2022,6.2,9.5,1,True,0.0,
4VozWQ,81,14,Winner_2022,6.7,9.0,0,True,0.0,
4VozWQ,81,15,Winner_2022,7.2,8.4,0,True,0.0,
4VozWQ,81,16,Winner_2022,7.7,7.8,0,True,0.0,
4VozWQ,81,17,Winner_2022,7.7,7.1,1,True,0.0,
4VozWQ,81,18,Winner_2022,8.0,6.6,0,True,0.0,
4VozWQ,81,19,Winner_2022,8.5,6.1,1,True,0.0,
4VozWQ,81,20,Winner_2022,9.0,5.7,0,True,0.0,
4VozWQ,81,21,Winner_2022,8.5,5.4,0,True,0.0,
4VozWQ,81,22,Winner_2022,8.0,5.0,1,True,0.0,
4VozWQ,81,23,Winner_2022,7.5,5.0,1,True,0.0,
4VozWQ,81,24,Winner_2022,7.0,5.0,0,True,0.0,
4VozWQ,81,25,Winner_2022,6.5,5.0,1,True,0.0,
4VozWQ,81,26,Winner_2022,6.0,5.0,1,True,0.0,
4VozWQ,81,27,Winner_2022,5.5,5.0,0,True,0.0,
4VozWQ,81,28,Winner_2022,5.3,5.0,2,True,0.0,
4VozWQ,81,29,Winner_2022,5.1,5.0,2,True,0.0,
4VozWQ,81,30,Winner_2022,5.1,5.0,2,True,0.0,
4VozWQ,81,31,Winner_2022,5.0,5.0,0,True,0.0,
4VozWQ,81,32,Winner_2022,5.0,5.1,1,True,0.0,
4VozWQ,81,33,Winner_2022,5.0,5.1,2,True,0.0,
4VozWQ,81,34,Winner_2022,5.0,5.2,0,True,0.0,
4VozWQ,81,35,Winner_2022,4.8,5.3,0,True,0.0,
4VozWQ,81,36,Winner_2022,4.5,5.4,1,True,0.0,
4VozWQ,81,37,Winner_2022,4.1,5.5,3,True,0.0,
4VozWQ,81,38,Winner_2022,3.6,5.8,0,True,0.0,
4VozWQ,81,39,Winner_2022,3.1,6.0,0,True,0.0,
4VozWQ,81,40,Winner_2022,2.6,6.2,2,True,0.0,
4VozWQ,81,41,Winner_2022,2.1,6.5,0,True,0.0,
4VozWQ,81,42,Winner_2022,1.6,6.7,0,True,0.0,
4VozWQ,81,43,Winner_2022,1.1,6.9,0,True,0.0,
4VozWQ,81,44,Winner_2022,0.6,7.2,0,True,0.0,
4VozWQ,81,45,Winner_2022,0.1,7.3,1,True,0.0,
4VozWQ,81,46,Winner_2022,0.1,7.5,1,True,0.0,
4VozWQ,81,47,Winner_2022,0.1,7.8,0,True,0.0,
4VozWQ,81,48,Winner_2022,0.1,8.0,0,True,0.0,
4VozWQ,81,49,Winner_2022,0.1,8.2,1,True,0.0,
4VozWQ,81,50,Winner_2022,0.1,8.4,1,True,0.0,
4VozWQ,81,51,Winner_2022,0.1,8.6,2,True,0.0,
4VozWQ,81,52,Winner_2022,0.1,9.0,0,True,0.0,
4VozWQ,81,53,Winner_2022,0.1,9.3,1,True,0.0,
4VozWQ,81,54,Winner_2022,0.1,9.5,0,True,0.0,
4VozWQ,81,55,Winner_2022,0.1,9.8,0,True,0.0,
4VozWQ,81,56,Winner_2022,0.1,10.0,0,True,0.0,
4VozWQ,81,57,Winner_2022,0.1,10.1,0,True,0.0,
4VozWQ,81,58,Winner_2022,0.1,10.3,0,True,0.0,
4VozWQ,81,59,Winner_2022,0.1,10.3,0,True,0.0,
4VozWQ,81,60,Winner_2022,0.1,10.3,1,True,0.0,
4VozWQ,81,61,Winner_2022,0.1,10.4,0,True,0.0,
4VozWQ,81,62,Winner_2022,0.1,10.4,0,True,0.0,
4VozWQ,81,63,Winner_2022,0.1,10.3,1,True,0.0,
4VozWQ,81,64,Winner_2022,0.1,10.2,0,True,0.0,
4VozWQ,81,65,Winner_2022,0.1,10.1,0,True,0.0,
4VozWQ,81,66,Winner_2022,0.1,9.9,0,True,0.0,
4VozWQ,81,67,Winner_2022,0.1,9.7,1,True,0.0,
4VozWQ,81,68,Winner_2022,0.1,9.4,0,True,0.0,
4VozWQ,81,69,Winner_2022,0.1,9.2,1,True,0.0,
4VozWQ,81,70,Winner_2022,0.1,8.9,0,True,0.0,
4VozWQ,81,71,Winner_2022,0.1,8.6,0,True,0.0,
4VozWQ,81,72,Winner_2022,0.1,8.3,0,True,0.0,
4VozWQ,81,73,Winner_2022,0.1,8.0,1,True,0.0,
4VozWQ,81,74,Winner_2022,0.1,7.6,0,True,0.0,
4VozWQ,81,75,Winner_2022,0.1,7.3,0,True,0.0,
4VozWQ,81,76,Winner_2022,0.1,6.9,0,True,0.0,
4VozWQ,81,77,Winner_2022,0.1,6.5,0,True,0.0,
4VozWQ,81,78,Winner_2022,0.1,6.1,0,True,0.0,
4VozWQ,81,79,Winner_2022,0.1,5.8,0,True,0.0,
4VozWQ,81,80,Winner_2022,0.1,5.4,0,True,0.0,
4VozWQ,81,81,Winner_2022,0.1,5.0,1,True,0.0,
4VozWQ,81,82,Winner_2022,0.1,5.0,1,True,0.0,
4VozWQ,81,83,Winner_2022,0.1,5.0,1,True,0.0,
4VozWQ,81,84,Winner_2022,0.1,5.0,0,True,0.0,
4VozWQ,81,85,Winner_2022,0.1,5.0,1,True,0.0,
4VozWQ,81,86,Winner_2022,0.1,5.0,0,True,0.0,
4VozWQ,81,87,Winner_2022,0.1,5.0,0,True,0.0,
4VozWQ,81,88,Winner_2022,0.1,5.0,0,True,0.0,
4VozWQ,81,89,Winner_2022,0.1,5.0,0,True,0.0,
4VozWQ,81,90,Winner_2022,0.1,5.0,0,True,0.0,
4VozWQ,81,91,Winner_2022,0.1,5.0,0,True,0.0,
4VozWQ,81,92,Winner_2022,0.1,5.0,0,True,0.0,
4VozWQ,81,93,Winner_2022,0.1,5.0,0,True,0.0,
4VozWQ,81,94,Winner_2022,0.1,5.0,0,True,0.0,
4VozWQ,81,95,Winner_2022,0.1,5.0,0,True,0.0,
4VozWQ,81,96,Winner_2022,0.1,5.0,0,True,0.0,
4VozWQ,81,97,Winner_2022,0.1,5.0,0,True,0.0,
4VozWQ,81,98,Winner_2022,0.1,5.0,0,True,0.0,
4VozWQ,81,99,Winner_2022,0.1,5.0,2,True,0.0,
4VozWQ,81,100,Winner_2022,0.1,5.0,2,True,0.0,
4VozWQ,82,1,Winner_2022,1.2,78.0,0,True,0.0,
4VozWQ,82,2,Winner_2022,0.7,62.4,0,True,0.0,
4VozWQ,82,3,Winner_2022,0.2,49.9,0,True,0.0,
4VozWQ,82,4,Winner_2022,0.1,39.9,0,True,0.0,
4VozWQ,82,5,Winner_2022,0.1,31.9,0,True,0.0,
4VozWQ,82,6,Winner_2022,0.1,25.6,1,True,0.0,
4VozWQ,82,7,Winner_2022,0.1,22.2,0,True,0.0,
4VozWQ,82,8,Winner_2022,0.1,19.0,0,True,0.0,
4VozWQ,82,9,Winner_2022,0.1,16.1,0,True,0.0,
4VozWQ,82,10,Winner_2022,0.1,13.6,0,True,0.0,
4VozWQ,82,11,Winner_2022,0.1,11.4,0,True,0.0,
4VozWQ,82,12,Winner_2022,0.1,9.6,0,True,0.0,
4VozWQ,82,13,Winner_2022,0.1,8.0,0,True,0.0,
4VozWQ,82,14,Winner_2022,0.1,6.6,0,True,0.0,
4VozWQ,82,15,Winner_2022,0.1,5.5,0,True,0.0,
4VozWQ,82,16,Winner_2022,0.1,5.0,0,True,0.0,
4VozWQ,82,17,Winner_2022,0.1,5.0,0,True,0.0,
4VozWQ,82,18,Winner_2022,0.1,5.0,1,True,0.0,
4VozWQ,82,19,Winner_2022,0.1,5.0,0,True,0.0,
4VozWQ,82,20,Winner_2022,0.1,5.0,0,True,0.0,
4VozWQ,82,21,Winner_2022,0.1,5.0,0,True,0.0,
4VozWQ,82,22,Winner_2022,0.1,5.0,0,True,0.0,
4VozWQ,82,23,Winner_2022,0.1,5.0,2,True,0.0,
4VozWQ,82,24,Winner_2022,0.1,5.0,0,True,0.0,
4VozWQ,82,25,Winner_2022,0.1,5.0,1,True,0.0,
4VozWQ,82,26,Winner_2022,0.1,5.0,2,True,0.0,
4VozWQ,82,27,Winner_2022,0.1,5.0,2,True,0.0,
4VozWQ,82,28,Winner_2022,0.1,5.0,0,True,0.0,
4VozWQ,82,29,Winner_2022,0.1,5.0,0,True,0.0,
4VozWQ,82,30,Winner_2022,0.1,5.0,1,True,0.0,
4VozWQ,82,31,Winner_2022,0.1,5.0,0,True,0.0,
4VozWQ,82,32,Winner_2022,0.1,5.0,1,True,0.0,
4VozWQ,82,33,Winner_2022,0.1,5.0,1,True,0.0,
4VozWQ,82,34,Winner_2022,0.1,5.0,0,True,0.0,
4VozWQ,82,35,Winner_2022,0.1,5.0,0,True,0.0,
4VozWQ,82,36,Winner_2022,0.1,5.0,2,True,0.0,
4VozWQ,82,37,Winner_2022,0.1,5.0,0,True,0.0,
4VozWQ,82,38,Winner_2022,0.1,5.0,1,True,0.0,
4VozWQ,82,39,Winner_2022,0.1,5.0,0,True,0.0,
4VozWQ,82,40,Winner_2022,0.1,5.0,0,True,0.0,
4VozWQ,82,41,Winner_2022,0.1,5.0,0,True,0.0,
4VozWQ,82,42,Winner_2022,0.1,5.0,0,True,0.0,
4VozWQ,82,43,Winner_2022,0.1,5.0,0,True,0.0,
4VozWQ,82,44,Winner_2022,0.1,5.0,0,True,0.0,
4VozWQ,82,45,Winner_2022,0.1,5.0,0,True,0.0,
4VozWQ,82,46,Winner_2022,0.1,5.0,0,True,0.0,
4VozWQ,82,47,Winner_2022,0.1,5.0,0,True,0.0,
4VozWQ,82,48,Winner_2022,0.1,5.0,0,True,0.0,
4VozWQ,82,49,Winner_2022,0.1,5.0,1,True,0.0,
4VozWQ,82,50,Winner_2022,0.1,5.0,0,True,0.0,
4VozWQ,82,51,Winner_2022,0.1,5.0,2,True,0.0,
4VozWQ,82,52,Winner_2022,0.1,5.0,1,True,0.0,
4VozWQ,82,53,Winner_2022,0.1,5.0,0,True,0.0,
4VozWQ,82,54,Winner_2022,0.1,5.0,0,True,0.0,
4VozWQ,82,55,Winner_2022,0.1,5.0,0,True,0.0,
4VozWQ,82,56,Winner_2022,0.1,5.0,1,True,0.0,
4VozWQ,82,57,Winner_2022,0.1,5.0,0,True,0.0,
4VozWQ,82,58,Winner_2022,0.1,5.0,0,True,0.0,
4VozWQ,82,59,Winner_2022,0.1,5.0,0,True,0.0,
4VozWQ,82,60,Winner_2022,0.1,5.0,1,True,0.0,
4VozWQ,82,61,Winner_2022,0.1,5.0,0,True,0.0,
4VozWQ,82,62,Winner_2022,0.1,5.0,1,True,0.0,
4VozWQ,82,63,Winner_2022,0.1,5.0,0,True,0.0,
4VozWQ,82,64,Winner_2022,0.1,5.0,0,True,0.0,
4VozWQ,82,65,Winner_2022,0.1,5.0,1,True,0.0,
4VozWQ,82,66,Winner_2022,0.1,5.0,0,True,0.0,
4VozWQ,82,67,Winner_2022,0.1,5.0,0,True,0.0,
4VozWQ,82,68,Winner_2022,0.1,5.0,0,True,0.0,
4VozWQ,82,69,Winner_2022,0.1,5.0,1,True,0.0,
4VozWQ,82,70,Winner_2022,0.1,5.0,2,True,0.0,
4VozWQ,82,71,Winner_2022,0.1,5.0,1,True,0.0,
4VozWQ,82,72,Winner_2022,0.1,5.0,0,True,0.0,
4VozWQ,82,73,Winner_2022,0.1,5.0,1,True,0.0,
4VozWQ,82,74,Winner_2022,0.1,5.0,1,True,0.0,
4VozWQ,82,75,Winner_2022,0.1,5.0,1,True,0.0,
4VozWQ,82,76,Winner_2022,0.1,5.0,1,True,0.0,
4VozWQ,82,77,Winner_2022,0.1,5.0,0,True,0.0,
4VozWQ,82,78,Winner_2022,0.1,5.0,0,True,0.0,
4VozWQ,82,79,Winner_2022,0.1,5.0,0,True,0.0,
4VozWQ,82,80,Winner_2022,0.1,5.0,1,True,0.0,
4VozWQ,82,81,Winner_2022,0.1,5.0,1,True,0.0,
4VozWQ,82,82,Winner_2022,0.1,5.0,1,True,0.0,
4VozWQ,82,83,Winner_2022,0.1,5.0,0,True,0.0,
4VozWQ,82,84,Winner_2022,0.1,5.0,1,True,0.0,
4VozWQ,82,85,Winner_2022,0.1,5.0,0,True,0.0,
4VozWQ,82,86,Winner_2022,0.1,5.0,2,True,0.0,
4VozWQ,82,87,Winner_2022,0.1,5.0,1,True,0.0,
4VozWQ,82,88,Winner_2022,0.1,5.0,0,True,0.0,
4VozWQ,82,89,Winner_2022,0.1,5.0,1,True,0.0,
4VozWQ,82,90,Winner_2022,0.1,5.0,0,True,0.0,
4VozWQ,82,91,Winner_2022,0.1,5.0,1,True,0.0,
4VozWQ,82,92,Winner_2022,0.1,5.0,1,True,0.0,
4VozWQ,82,93,Winner_2022,0.1,5.0,2,True,0.0,
4VozWQ,82,94,Winner_2022,0.1,5.0,0,True,0.0,
4VozWQ,82,95,Winner_2022,0.1,5.0,0,True,0.0,
4VozWQ,82,96,Winner_2022,0.1,5.0,1,True,0.0,
4VozWQ,82,97,Winner_2022,0.1,5.0,1,True,0.0,
4VozWQ,82,98,Winner_2022,0.1,5.0,0,True,0.0,
4VozWQ,82,99,Winner_2022,0.1,5.0,0,True,0.0,
4VozWQ,82,100,Winner_2022,0.1,5.0,1,True,0.0,
4VozWQ,83,1,Winner_2022,1.1,31.0,0,True,0.0,
4VozWQ,83,2,Winner_2022,0.6,24.8,0,True,0.0,
4VozWQ,83,3,Winner_2022,0.1,19.8,0,True,0.0,
4VozWQ,83,4,Winner_2022,0.1,15.9,0,True,0.0,
4VozWQ,83,5,Winner_2022,0.1,12.7,0,True,0.0,
4VozWQ,83,6,Winner_2022,0.1,10.2,0,True,0.0,
4VozWQ,83,7,Winner_2022,0.1,8.1,0,True,0.0,
4VozWQ,83,8,Winner_2022,0.1,6.5,0,True,0.0,
4VozWQ,83,9,Winner_2022,0.1,5.2,1,True,0.0,
4VozWQ,83,10,Winner_2022,0.1,5.0,0,True,0.0,
4VozWQ,83,11,Winner_2022,0.1,5.0,0,True,0.0,
4VozWQ,83,12,Winner_2022,0.1,5.0,1,True,0.0,
4VozWQ,83,13,Winner_2022,0.1,5.0,0,True,0.0,
4VozWQ,83,14,Winner_2022,0.1,5.0,0,True,0.0,
4VozWQ,83,15,Winner_2022,0.1,5.0,0,True,0.0,
4VozWQ,83,16,Winner_2022,0.1,5.0,1,True,0.0,
4VozWQ,83,17,Winner_2022,0.1,5.0,0,True,0.0,
4VozWQ,83,18,Winner_2022,0.1,5.0,0,True,0.0,
4VozWQ,83,19,Winner_2022,0.1,5.0,0,True,0.0,
4VozWQ,83,20,Winner_2022,0.1,5.0,1,True,0.0,
4VozWQ,83,21,Winner_2022,0.1,5.0,1,True,0.0,
4VozWQ,83,22,Winner_2022,0.1,5.0,0,True,0.0,
4VozWQ,83,23,Winner_2022,0.1,5.0,0,True,0.0,
4VozWQ,83,24,Winner_2022,0.1,5.0,0,True,0.0,
4VozWQ,83,25,Winner_2022,0.1,5.0,1,True,0.0,
4VozWQ,83,26,Winner_2022,0.1,5.0,0,True,0.0,
4VozWQ,83,27,Winner_2022,0.1,5.0,1,True,0.0,
4VozWQ,83,28,Winner_2022,0.1,5.0,1,True,0.0,
4VozWQ,83,29,Winner_2022,0.1,5.0,2,True,0.0,
4VozWQ,83,30,Winner_2022,0.1,5.0,1,True,0.0,
4VozWQ,83,31,Winner_2022,0.1,5.0,1,True,0.0,
4VozWQ,83,32,Winner_2022,0.1,5.0,1,True,0.0,
4VozWQ,83,33,Winner_2022,0.1,5.0,0,True,0.0,
4VozWQ,83,34,Winner_2022,0.1,5.0,1,True,0.0,
4VozWQ,83,35,Winner_2022,0.1,5.0,1,True,0.0,
4VozWQ,83,36,Winner_2022,0.1,5.0,0,True,0.0,
4VozWQ,83,37,Winner_2022,0.1,5.0,0,True,0.0,
4VozWQ,83,38,Winner_2022,0.1,5.0,3,True,0.0,
4VozWQ,83,39,Winner_2022,0.1,5.0,2,True,0.0,
4VozWQ,83,40,Winner_2022,0.1,5.0,1,True,0.0,
4VozWQ,83,41,Winner_2022,0.1,5.0,1,True,0.0,
4VozWQ,83,42,Winner_2022,0.1,5.0,0,True,0.0,
4VozWQ,83,43,Winner_2022,0.1,5.0,1,True,0.0,
4VozWQ,83,44,Winner_2022,0.1,5.0,0,True,0.0,
4VozWQ,83,45,Winner_2022,0.1,5.0,0,True,0.0,
4VozWQ,83,46,Winner_2022,0.1,5.0,0,True,0.0,
4VozWQ,83,47,Winner_2022,0.1,5.0,1,True,0.0,
4VozWQ,83,48,Winner_2022,0.1,5.0,0,True,0.0,
4VozWQ,83,49,Winner_2022,0.1,5.0,1,True,0.0,
4VozWQ,83,50,Winner_2022,0.1,5.0,0,True,0.0,
4VozWQ,83,51,Winner_2022,0.1,5.0,0,True,0.0,
4VozWQ,83,52,Winner_2022,0.1,5.0,0,True,0.0,
4VozWQ,83,53,Winner_2022,0.1,5.0,0,True,0.0,
4VozWQ,83,54,Winner_2022,0.1,5.0,0,True,0.0,
4VozWQ,83,55,Winner_2022,0.1,5.0,1,True,0.0,
4VozWQ,83,56,Winner_2022,0.1,5.0,0,True,0.0,
4VozWQ,83,57,Winner_2022,0.1,5.0,0,True,0.0,
4VozWQ,83,58,Winner_2022,0.1,5.0,0,True,0.0,
4VozWQ,83,59,Winner_2022,0.1,5.0,0,True,0.0,
4VozWQ,83,60,Winner_2022,0.1,5.0,1,True,0.0,
4VozWQ,83,61,Winner_2022,0.1,5.0,0,True,0.0,
4VozWQ,83,62,Winner_2022,0.1,5.0,0,True,0.0,
4VozWQ,83,63,Winner_2022,0.1,5.0,0,True,0.0,
4VozWQ,83,64,Winner_2022,0.1,5.0,0,True,0.0,
4VozWQ,83,65,Winner_2022,0.1,5.0,0,True,0.0,
4VozWQ,83,66,Winner_2022,0.1,5.0,0,True,0.0,
4VozWQ,83,67,Winner_2022,0.1,5.0,0,True,0.0,
4VozWQ,83,68,Winner_2022,0.1,5.0,0,True,0.0,
4VozWQ,83,69,Winner_2022,0.1,5.0,0,True,0.0,
4VozWQ,83,70,Winner_2022,0.1,5.0,0,True,0.0,
4VozWQ,83,71,Winner_2022,0.1,5.0,1,True,0.0,
4VozWQ,83,72,Winner_2022,0.1,5.0,0,True,0.0,
4VozWQ,83,73,Winner_2022,0.1,5.0,0,True,0.0,
4VozWQ,83,74,Winner_2022,0.1,5.0,1,True,0.0,
4VozWQ,83,75,Winner_2022,0.1,5.0,0,True,0.0,
4VozWQ,83,76,Winner_2022,0.1,5.0,0,True,0.0,
4VozWQ,83,77,Winner_2022,0.1,5.0,1,True,0.0,
4VozWQ,83,78,Winner_2022,0.1,5.0,0,True,0.0,
4VozWQ,83,79,Winner_2022,0.1,5.0,1,True,0.0,
4VozWQ,83,80,Winner_2022,0.1,5.0,1,True,0.0,
4VozWQ,83,81,Winner_2022,0.1,5.0,1,True,0.0,
4VozWQ,83,82,Winner_2022,0.1,5.0,0,True,0.0,
4VozWQ,83,83,Winner_2022,0.1,5.0,0,True,0.0,
4VozWQ,83,84,Winner_2022,0.1,5.0,0,True,0.0,
4VozWQ,83,85,Winner_2022,0.1,5.0,0,True,0.0,
4VozWQ,83,86,Winner_2022,0.1,5.0,1,True,0.0,
4VozWQ,83,87,Winner_2022,0.1,5.0,1,True,0.0,
4VozWQ,83,88,Winner_2022,0.1,5.0,1,True,0.0,
4VozWQ,83,89,Winner_2022,0.1,5.0,1,True,0.0,
4VozWQ,83,90,Winner_2022,0.1,5.0,0,True,0.0,
4VozWQ,83,91,Winner_2022,0.1,5.0,2,True,0.0,
4VozWQ,83,92,Winner_2022,0.1,5.0,0,True,0.0,
4VozWQ,83,93,Winner_2022,0.1,5.0,0,True,0.0,
4VozWQ,83,94,Winner_2022,0.1,5.0,0,True,0.0,
4VozWQ,83,95,Winner_2022,0.1,5.0,0,True,0.0,
4VozWQ,83,96,Winner_2022,0.1,5.0,0,True,0.0,
4VozWQ,83,97,Winner_2022,0.1,5.0,1,True,0.0,
4VozWQ,83,98,Winner_2022,0.1,5.0,3,True,0.0,
4VozWQ,83,99,Winner_2022,0.1,5.0,0,True,0.0,
4VozWQ,83,100,Winner_2022,0.1,5.0,0,True,0.0,
4VozWQ,84,1,Winner_2022,0.1,39.0,0,True,0.0,
4VozWQ,84,2,Winner_2022,0.1,31.2,0,True,0.0,
4VozWQ,84,3,Winner_2022,0.1,25.0,0,True,0.0,
4VozWQ,84,4,Winner_2022,0.1,20.0,0,True,0.0,
4VozWQ,84,5,Winner_2022,0.1,16.0,0,True,0.0,
4VozWQ,84,6,Winner_2022,0.1,12.8,0,True,0.0,
4VozWQ,84,7,Winner_2022,0.1,10.2,0,True,0.0,
4VozWQ,84,8,Winner_2022,0.1,8.2,2,True,0.0,
4VozWQ,84,9,Winner_2022,0.1,7.3,0,True,0.0,
4VozWQ,84,10,Winner_2022,0.1,6.5,0,True,0.0,
4VozWQ,84,11,Winner_2022,0.1,5.8,0,True,0.0,
4VozWQ,84,12,Winner_2022,0.1,5.0,1,True,0.0,
4VozWQ,84,13,Winner_2022,0.1,5.0,2,True,0.0,
4VozWQ,84,14,Winner_2022,0.1,5.0,0,True,0.0,
4VozWQ,84,15,Winner_2022,0.1,5.0,0,True,0.0,
4VozWQ,84,16,Winner_2022,0.1,5.0,0,True,0.0,
4VozWQ,84,17,Winner_2022,0.1,5.0,0,True,0.0,
4VozWQ,84,18,Winner_2022,0.1,5.0,0,True,0.0,
4VozWQ,84,19,Winner_2022,0.1,5.0,1,True,0.0,
4VozWQ,84,20,Winner_2022,0.1,5.0,0,True,0.0,
4VozWQ,84,21,Winner_2022,0.1,5.0,0,True,0.0,
4VozWQ,84,22,Winner_2022,0.1,5.0,1,True,0.0,
4VozWQ,84,23,Winner_2022,0.1,5.0,0,True,0.0,
4VozWQ,84,24,Winner_2022,0.1,5.0,0,True,0.0,
4VozWQ,84,25,Winner_2022,0.1,5.0,0,True,0.0,
4VozWQ,84,26,Winner_2022,0.1,5.0,0,True,0.0,
4VozWQ,84,27,Winner_2022,0.1,5.0,0,True,0.0,
4VozWQ,84,28,Winner_2022,0.1,5.0,0,True,0.0,
4VozWQ,84,29,Winner_2022,0.1,5.0,0,True,0.0,
4VozWQ,84,30,Winner_2022,0.1,5.0,2,True,0.0,
4VozWQ,84,31,Winner_2022,0.1,5.0,1,True,0.0,
4VozWQ,84,32,Winner_2022,0.1,5.0,0,True,0.0,
4VozWQ,84,33,Winner_2022,0.1,5.0,0,True,0.0,
4VozWQ,84,34,Winner_2022,0.1,5.0,1,True,0.0,
4VozWQ,84,35,Winner_2022,0.1,5.0,1,True,0.0,
4VozWQ,84,36,Winner_2022,0.1,5.0,1,True,0.0,
4VozWQ,84,37,Winner_2022,0.1,5.0,0,True,0.0,
4VozWQ,84,38,Winner_2022,0.1,5.0,1,True,0.0,
4VozWQ,84,39,Winner_2022,0.1,5.0,1,True,0.0,
4VozWQ,84,40,Winner_2022,0.1,5.0,0,True,0.0,
4VozWQ,84,41,Winner_2022,0.1,5.0,1,True,0.0,
4VozWQ,84,42,Winner_2022,0.1,5.0,0,True,0.0,
4VozWQ,84,43,Winner_2022,0.1,5.0,0,True,0.0,
4VozWQ,84,44,Winner_2022,0.1,5.0,0,True,0.0,
4VozWQ,84,45,Winner_2022,0.1,5.0,0,True,0.0,
4VozWQ,84,46,Winner_2022,0.1,5.0,0,True,0.0,
4VozWQ,84,47,Winner_2022,0.1,5.0,1,True,0.0,
4VozWQ,84,48,Winner_2022,0.1,5.0,0,True,0.0,
4VozWQ,84,49,Winner_2022,0.1,5.0,1,True,0.0,
4VozWQ,84,50,Winner_2022,0.1,5.0,0,True,0.0,
4VozWQ,84,51,Winner_2022,0.1,5.0,0,True,0.0,
4VozWQ,84,52,Winner_2022,0.1,5.0,0,True,0.0,
4VozWQ,84,53,Winner_2022,0.1,5.0,0,True,0.0,
4VozWQ,84,54,Winner_2022,0.1,5.0,0,True,0.0,
4VozWQ,84,55,Winner_2022,0.1,5.0,0,True,0.0,
4VozWQ,84,56,Winner_2022,0.1,5.0,1,True,0.0,
4VozWQ,84,57,Winner_2022,0.1,5.0,0,True,0.0,
4VozWQ,84,58,Winner_2022,0.1,5.0,0,True,0.0,
4VozWQ,84,59,Winner_2022,0.1,5.0,0,True,0.0,
4VozWQ,84,60,Winner_2022,0.1,5.0,1,True,0.0,
4VozWQ,84,61,Winner_2022,0.1,5.0,0,True,0.0,
4VozWQ,84,62,Winner_2022,0.1,5.0,0,True,0.0,
4VozWQ,84,63,Winner_2022,0.1,5.0,1,True,0.0,
4VozWQ,84,64,Winner_2022,0.1,5.0,1,True,0.0,
4VozWQ,84,65,Winner_2022,0.1,5.0,0,True,0.0,
4VozWQ,84,66,Winner_2022,0.1,5.0,0,True,0.0,
4VozWQ,84,67,Winner_2022,0.1,5.0,0,True,0.0,
4VozWQ,84,68,Winner_2022,0.1,5.0,0,True,0.0,
4VozWQ,84,69,Winner_2022,0.1,5.0,1,True,0.0,
4VozWQ,84,70,Winner_2022,0.1,5.0,0,True,0.0,
4VozWQ,84,71,Winner_2022,0.1,5.0,1,True,0.0,
4VozWQ,84,72,Winner_2022,0.1,5.0,1,True,0.0,
4VozWQ,84,73,Winner_2022,0.1,5.0,0,True,0.0,
4VozWQ,84,74,Winner_2022,0.1,5.0,0,True,0.0,
4VozWQ,84,75,Winner_2022,0.1,5.0,1,True,0.0,
4VozWQ,84,76,Winner_2022,0.1,5.0,0,True,0.0,
4VozWQ,84,77,Winner_2022,0.1,5.0,0,True,0.0,
4VozWQ,84,78,Winner_2022,0.1,5.0,0,True,0.0,
4VozWQ,84,79,Winner_2022,0.1,5.0,0,True,0.0,
4VozWQ,84,80,Winner_2022,0.1,5.0,1,True,0.0,
4VozWQ,84,81,Winner_2022,0.1,5.0,0,True,0.0,
4VozWQ,84,82,Winner_2022,0.1,5.0,2,True,0.0,
4VozWQ,84,83,Winner_2022,0.1,5.0,0,True,0.0,
4VozWQ,84,84,Winner_2022,0.1,5.0,0,True,0.0,
4VozWQ,84,85,Winner_2022,0.1,5.0,0,True,0.0,
4VozWQ,84,86,Winner_2022,0.1,5.0,0,True,0.0,
4VozWQ,84,87,Winner_2022,0.1,5.0,0,True,0.0,
4VozWQ,84,88,Winner_2022,0.1,5.0,1,True,0.0,
4VozWQ,84,89,Winner_2022,0.1,5.0,0,True,0.0,
4VozWQ,84,90,Winner_2022,0.1,5.0,2,True,0.0,
4VozWQ,84,91,Winner_2022,0.1,5.0,0,True,0.0,
4VozWQ,84,92,Winner_2022,0.1,5.0,0,True,0.0,
4VozWQ,84,93,Winner_2022,0.1,5.0,1,True,0.0,
4VozWQ,84,94,Winner_2022,0.1,5.0,0,True,0.0,
4VozWQ,84,95,Winner_2022,0.1,5.0,0,True,0.0,
4VozWQ,84,96,Winner_2022,0.1,5.0,0,True,0.0,
4VozWQ,84,97,Winner_2022,0.1,5.0,1,True,0.0,
4VozWQ,84,98,Winner_2022,0.1,5.0,0,True,0.0,
4VozWQ,84,99,Winner_2022,0.1,5.0,0,True,0.0,
4VozWQ,84,100,Winner_2022,0.1,5.0,0,True,0.0,
4VozWQ,85,1,Winner_2022,0.1,36.0,0,True,0.0,
4VozWQ,85,2,Winner_2022,0.6,28.8,0,True,0.0,
4VozWQ,85,3,Winner_2022,1.1,23.0,0,True,0.0,
4VozWQ,85,4,Winner_2022,1.6,18.4,0,True,0.0,
4VozWQ,85,5,Winner_2022,1.1,14.7,0,True,0.0,
4VozWQ,85,6,Winner_2022,1.6,11.8,0,True,0.0,
4VozWQ,85,7,Winner_2022,2.1,9.4,1,True,0.0,
4VozWQ,85,8,Winner_2022,1.6,8.1,0,True,0.0,
4VozWQ,85,9,Winner_2022,1.1,6.9,0,True,0.0,
4VozWQ,85,10,Winner_2022,0.6,5.8,0,True,0.0,
4VozWQ,85,11,Winner_2022,0.1,5.0,0,True,0.0,
4VozWQ,85,12,Winner_2022,0.1,5.0,0,True,0.0,
4VozWQ,85,13,Winner_2022,0.1,5.0,1,True,0.0,
4VozWQ,85,14,Winner_2022,0.1,5.0,0,True,0.0,
4VozWQ,85,15,Winner_2022,0.1,5.0,0,True,0.001,
4VozWQ,85,16,Winner_2022,0.1,5.0,0,True,0.0,
4VozWQ,85,17,Winner_2022,0.1,5.0,0,True,0.002,
4VozWQ,85,18,Winner_2022,0.1,5.0,0,True,0.0,
4VozWQ,85,19,Winner_2022,0.1,5.0,0,True,0.0,
4VozWQ,85,20,Winner_2022,0.1,5.0,1,True,0.0,
4VozWQ,85,21,Winner_2022,0.1,5.0,0,True,0.0,
4VozWQ,85,22,Winner_2022,0.1,5.0,0,True,0.0,
4VozWQ,85,23,Winner_2022,0.1,5.0,1,True,0.0,
4VozWQ,85,24,Winner_2022,0.1,5.0,0,True,0.0,
4VozWQ,85,25,Winner_2022,0.1,5.0,0,True,0.0,
4VozWQ,85,26,Winner_2022,0.1,5.0,0,True,0.0,
4VozWQ,85,27,Winner_2022,0.1,5.0,1,True,0.0,
4VozWQ,85,28,Winner_2022,0.1,5.0,0,True,0.0,
4VozWQ,85,29,Winner_2022,0.1,5.0,0,True,0.0,
4VozWQ,85,30,Winner_2022,0.1,5.0,0,True,0.0,
4VozWQ,85,31,Winner_2022,0.1,5.0,0,True,0.0,
4VozWQ,85,32,Winner_2022,0.1,5.0,1,True,0.0,
4VozWQ,85,33,Winner_2022,0.1,5.0,0,True,0.0,
4VozWQ,85,34,Winner_2022,0.1,5.0,0,True,0.0,
4VozWQ,85,35,Winner_2022,0.1,5.0,0,True,0.0,
4VozWQ,85,36,Winner_2022,0.1,5.0,0,True,0.0,
4VozWQ,85,37,Winner_2022,0.1,5.0,0,True,0.0,
4VozWQ,85,38,Winner_2022,0.1,5.0,0,True,0.0,
4VozWQ,85,39,Winner_2022,0.1,5.0,0,True,0.0,
4VozWQ,85,40,Winner_2022,0.1,5.0,1,True,0.0,
4VozWQ,85,41,Winner_2022,0.1,5.0,1,True,0.0,
4VozWQ,85,42,Winner_2022,0.1,5.0,0,True,0.0,
4VozWQ,85,43,Winner_2022,0.1,5.0,0,True,0.0,
4VozWQ,85,44,Winner_2022,0.1,5.0,1,True,0.0,
4VozWQ,85,45,Winner_2022,0.1,5.0,0,True,0.0,
4VozWQ,85,46,Winner_2022,0.1,5.0,0,True,0.0,
4VozWQ,85,47,Winner_2022,0.1,5.0,0,True,0.0,
4VozWQ,85,48,Winner_2022,0.1,5.0,0,True,0.0,
4VozWQ,85,49,Winner_2022,0.1,5.0,0,True,0.0,
4VozWQ,85,50,Winner_2022,0.1,5.0,1,True,0.0,
4VozWQ,85,51,Winner_2022,0.1,5.0,0,True,0.0,
4VozWQ,85,52,Winner_2022,0.1,5.0,0,True,0.0,
4VozWQ,85,53,Winner_2022,0.1,5.0,0,True,0.0,
4VozWQ,85,54,Winner_2022,0.1,5.0,1,True,0.0,
4VozWQ,85,55,Winner_2022,0.1,5.0,0,True,0.0,
4VozWQ,85,56,Winner_2022,0.1,5.0,1,True,0.0,
4VozWQ,85,57,Winner_2022,0.1,5.0,1,True,0.0,
4VozWQ,85,58,Winner_2022,0.1,5.0,0,True,0.0,
4VozWQ,85,59,Winner_2022,0.6,5.0,0,True,0.0,
4VozWQ,85,60,Winner_2022,1.1,5.0,0,True,0.0,
4VozWQ,85,61,Winner_2022,1.6,5.0,2,True,0.0,
4VozWQ,85,62,Winner_2022,2.1,5.0,1,True,0.0,
4VozWQ,85,63,Winner_2022,2.6,5.0,0,True,0.0,
4VozWQ,85,64,Winner_2022,3.1,5.0,2,True,0.0,
4VozWQ,85,65,Winner_2022,2.6,5.0,0,True,0.0,
4VozWQ,85,66,Winner_2022,2.1,5.0,1,True,0.0,
4VozWQ,85,67,Winner_2022,1.6,5.0,0,True,0.0,
4VozWQ,85,68,Winner_2022,1.1,5.0,1,True,0.0,
4VozWQ,85,69,Winner_2022,0.6,5.0,0,True,0.0,
4VozWQ,85,70,Winner_2022,0.1,5.0,1,True,0.0,
4VozWQ,85,71,Winner_2022,0.1,5.0,0,True,0.0,
4VozWQ,85,72,Winner_2022,0.1,5.0,0,True,0.0,
4VozWQ,85,73,Winner_2022,0.1,5.0,0,True,0.0,
4VozWQ,85,74,Winner_2022,0.1,5.0,2,True,0.0,
4VozWQ,85,75,Winner_2022,0.1,5.0,0,True,0.0,
4VozWQ,85,76,Winner_2022,0.1,5.0,0,True,0.0,
4VozWQ,85,77,Winner_2022,0.1,5.0,1,True,0.0,
4VozWQ,85,78,Winner_2022,0.1,5.0,0,True,0.0,
4VozWQ,85,79,Winner_2022,0.1,5.0,0,True,0.0,
4VozWQ,85,80,Winner_2022,0.1,5.0,0,True,0.0,
4VozWQ,85,81,Winner_2022,0.1,5.0,2,True,0.0,
4VozWQ,85,82,Winner_2022,0.1,5.0,0,True,0.0,
4VozWQ,85,83,Winner_2022,0.1,5.0,1,True,0.0,
4VozWQ,85,84,Winner_2022,0.1,5.0,0,True,0.0,
4VozWQ,85,85,Winner_2022,0.1,5.0,2,True,0.0,
4VozWQ,85,86,Winner_2022,0.1,5.0,0,True,0.0,
4VozWQ,85,87,Winner_2022,0.1,5.0,1,True,0.0,
4VozWQ,85,88,Winner_2022,0.1,5.0,0,True,0.0,
4VozWQ,85,89,Winner_2022,0.1,5.0,1,True,0.0,
4VozWQ,85,90,Winner_2022,0.1,5.0,1,True,0.0,
4VozWQ,85,91,Winner_2022,0.1,5.0,0,True,0.0,
4VozWQ,85,92,Winner_2022,0.1,5.0,0,True,0.0,
4VozWQ,85,93,Winner_2022,0.1,5.0,1,True,0.0,
4VozWQ,85,94,Winner_2022,0.1,5.0,1,True,0.0,
4VozWQ,85,95,Winner_2022,0.1,5.0,1,True,0.0,
4VozWQ,85,96,Winner_2022,0.1,5.0,1,True,0.0,
4VozWQ,85,97,Winner_2022,0.1,5.0,1,True,0.0,
4VozWQ,85,98,Winner_2022,0.1,5.0,1,True,0.0,
4VozWQ,85,99,Winner_2022,0.1,5.0,0,True,0.0,
4VozWQ,85,100,Winner_2022,0.1,5.0,1,True,0.0,
4VozWQ,86,1,Winner_2022,0.2,72.0,0,True,0.0,
4VozWQ,86,2,Winner_2022,0.1,57.6,0,True,0.0,
4VozWQ,86,3,Winner_2022,0.6,46.1,0,True,0.0,
4VozWQ,86,4,Winner_2022,0.1,36.9,0,True,0.0,
4VozWQ,86,5,Winner_2022,0.1,29.5,0,True,0.0,
4VozWQ,86,6,Winner_2022,0.6,23.6,0,True,0.0,
4VozWQ,86,7,Winner_2022,1.1,18.9,1,True,0.0,
4VozWQ,86,8,Winner_2022,1.6,16.2,0,True,0.0,
4VozWQ,86,9,Winner_2022,2.1,13.7,0,True,0.0,
4VozWQ,86,10,Winner_2022,2.6,11.6,0,True,0.0,
4VozWQ,86,11,Winner_2022,2.1,9.7,0,True,0.0,
4VozWQ,86,12,Winner_2022,1.6,8.2,1,True,0.0,
4VozWQ,86,13,Winner_2022,1.1,7.1,0,True,0.0,
4VozWQ,86,14,Winner_2022,0.6,6.1,0,True,0.0,
4VozWQ,86,15,Winner_2022,0.1,5.2,0,True,0.0,
4VozWQ,86,16,Winner_2022,0.1,5.0,0,True,0.0,
4VozWQ,86,17,Winner_2022,0.1,5.0,1,True,0.0,
4VozWQ,86,18,Winner_2022,0.1,5.0,0,True,0.0,
4VozWQ,86,19,Winner_2022,0.1,5.0,1,True,0.0,
4VozWQ,86,20,Winner_2022,0.1,5.0,0,True,0.0,
4VozWQ,86,21,Winner_2022,0.1,5.0,0,True,0.0,
4VozWQ,86,22,Winner_2022,0.1,5.0,1,True,0.0,
4VozWQ,86,23,Winner_2022,0.1,5.0,0,True,0.0,
4VozWQ,86,24,Winner_2022,0.1,5.0,0,True,0.0,
4VozWQ,86,25,Winner_2022,0.1,5.0,1,True,0.0,
4VozWQ,86,26,Winner_2022,0.1,5.0,1,True,0.0,
4VozWQ,86,27,Winner_2022,0.1,5.0,0,True,0.0,
4VozWQ,86,28,Winner_2022,0.1,5.0,0,True,0.0,
4VozWQ,86,29,Winner_2022,0.1,5.0,0,True,0.0,
4VozWQ,86,30,Winner_2022,0.1,5.0,0,True,0.0,
4VozWQ,86,31,Winner_2022,0.1,5.0,0,True,0.0,
4VozWQ,86,32,Winner_2022,0.1,5.0,2,True,0.0,
4VozWQ,86,33,Winner_2022,0.1,5.0,0,True,0.0,
4VozWQ,86,34,Winner_2022,0.1,5.0,1,True,0.0,
4VozWQ,86,35,Winner_2022,0.1,5.0,0,True,0.0,
4VozWQ,86,36,Winner_2022,0.1,5.0,1,True,0.0,
4VozWQ,86,37,Winner_2022,0.1,5.0,0,True,0.0,
4VozWQ,86,38,Winner_2022,0.1,5.0,0,True,0.0,
4VozWQ,86,39,Winner_2022,0.1,5.0,0,True,0.0,
4VozWQ,86,40,Winner_2022,0.1,5.0,0,True,0.0,
4VozWQ,86,41,Winner_2022,0.1,5.0,0,True,0.0,
4VozWQ,86,42,Winner_2022,0.1,5.0,0,True,0.0,
4VozWQ,86,43,Winner_2022,0.1,5.0,0,True,0.0,
4VozWQ,86,44,Winner_2022,0.1,5.0,1,True,0.0,
4VozWQ,86,45,Winner_2022,0.1,5.0,0,True,0.0,
4VozWQ,86,46,Winner_2022,0.1,5.0,0,True,0.0,
4VozWQ,86,47,Winner_2022,0.1,5.0,0,True,0.0,
4VozWQ,86,48,Winner_2022,0.1,5.0,0,True,0.0,
4VozWQ,86,49,Winner_2022,0.1,5.0,2,True,0.0,
4VozWQ,86,50,Winner_2022,0.1,5.0,1,True,0.0,
4VozWQ,86,51,Winner_2022,0.1,5.0,1,True,0.0,
4VozWQ,86,52,Winner_2022,0.1,5.0,0,True,0.0,
4VozWQ,86,53,Winner_2022,0.1,5.0,1,True,0.0,
4VozWQ,86,54,Winner_2022,0.1,5.0,0,True,0.0,
4VozWQ,86,55,Winner_2022,0.1,5.0,0,True,0.0,
4VozWQ,86,56,Winner_2022,0.1,5.0,0,True,0.0,
4VozWQ,86,57,Winner_2022,0.1,5.0,0,True,0.0,
4VozWQ,86,58,Winner_2022,0.1,5.0,0,True,0.0,
4VozWQ,86,59,Winner_2022,0.1,5.0,1,True,0.0,
4VozWQ,86,60,Winner_2022,0.1,5.0,1,True,0.0,
4VozWQ,86,61,Winner_2022,0.1,5.0,0,True,0.0,
4VozWQ,86,62,Winner_2022,0.1,5.0,0,True,0.0,
4VozWQ,86,63,Winner_2022,0.1,5.0,1,True,0.0,
4VozWQ,86,64,Winner_2022,0.1,5.0,0,True,0.0,
4VozWQ,86,65,Winner_2022,0.1,5.0,0,True,0.0,
4VozWQ,86,66,Winner_2022,0.1,5.0,0,True,0.0,
4VozWQ,86,67,Winner_2022,0.1,5.0,0,True,0.0,
4VozWQ,86,68,Winner_2022,0.1,5.0,0,True,0.0,
4VozWQ,86,69,Winner_2022,0.1,5.0,0,True,0.0,
4VozWQ,86,70,Winner_2022,0.1,5.0,0,True,0.0,
4VozWQ,86,71,Winner_2022,0.1,5.0,0,True,0.0,
4VozWQ,86,72,Winner_2022,0.1,5.0,0,True,0.0,
4VozWQ,86,73,Winner_2022,0.1,5.0,0,True,0.0,
4VozWQ,86,74,Winner_2022,0.1,5.0,0,True,0.0,
4VozWQ,86,75,Winner_2022,0.1,5.0,3,True,0.0,
4VozWQ,86,76,Winner_2022,0.1,5.0,0,True,0.0,
4VozWQ,86,77,Winner_2022,0.1,5.0,0,True,0.0,
4VozWQ,86,78,Winner_2022,0.1,5.0,0,True,0.0,
4VozWQ,86,79,Winner_2022,0.1,5.0,0,True,0.0,
4VozWQ,86,80,Winner_2022,0.1,5.0,0,True,0.0,
4VozWQ,86,81,Winner_2022,0.1,5.0,1,True,0.0,
4VozWQ,86,82,Winner_2022,0.1,5.0,0,True,0.0,
4VozWQ,86,83,Winner_2022,0.1,5.0,1,True,0.0,
4VozWQ,86,84,Winner_2022,0.1,5.0,0,True,0.0,
4VozWQ,86,85,Winner_2022,0.1,5.0,0,True,0.0,
4VozWQ,86,86,Winner_2022,0.1,5.0,0,True,0.0,
4VozWQ,86,87,Winner_2022,0.1,5.0,1,True,0.0,
4VozWQ,86,88,Winner_2022,0.1,5.0,1,True,0.0,
4VozWQ,86,89,Winner_2022,0.1,5.0,0,True,0.0,
4VozWQ,86,90,Winner_2022,0.1,5.0,2,True,0.0,
4VozWQ,86,91,Winner_2022,0.1,5.0,0,True,0.0,
4VozWQ,86,92,Winner_2022,0.1,5.0,1,True,0.0,
4VozWQ,86,93,Winner_2022,0.1,5.0,0,True,0.0,
4VozWQ,86,94,Winner_2022,0.1,5.0,0,True,0.0,
4VozWQ,86,95,Winner_2022,0.1,5.0,0,True,0.0,
4VozWQ,86,96,Winner_2022,0.1,5.0,0,True,0.0,
4VozWQ,86,97,Winner_2022,0.1,5.0,3,True,0.0,
4VozWQ,86,98,Winner_2022,0.1,5.0,1,True,0.0,
4VozWQ,86,99,Winner_2022,0.1,5.0,0,True,0.0,
4VozWQ,86,100,Winner_2022,0.1,5.0,1,True,0.0,
4VozWQ,87,1,Winner_2022,0.3,74.0,0,True,0.0,
4VozWQ,87,2,Winner_2022,0.1,59.2,0,True,0.0,
4VozWQ,87,3,Winner_2022,0.1,47.4,0,True,0.0,
4VozWQ,87,4,Winner_2022,0.1,37.9,0,True,0.0,
4VozWQ,87,5,Winner_2022,0.1,30.3,0,True,0.0,
4VozWQ,87,6,Winner_2022,0.1,24.2,0,True,0.0,
4VozWQ,87,7,Winner_2022,0.1,19.4,0,True,0.0,
4VozWQ,87,8,Winner_2022,0.1,15.5,0,True,0.0,
4VozWQ,87,9,Winner_2022,0.1,12.4,0,True,0.0,
4VozWQ,87,10,Winner_2022,0.1,9.9,0,True,0.0,
4VozWQ,87,11,Winner_2022,0.1,7.9,1,True,0.0,
4VozWQ,87,12,Winner_2022,0.1,6.7,0,True,0.0,
4VozWQ,87,13,Winner_2022,0.1,5.5,0,True,0.0,
4VozWQ,87,14,Winner_2022,0.1,5.0,0,True,0.0,
4VozWQ,87,15,Winner_2022,0.1,5.0,0,True,0.0,
4VozWQ,87,16,Winner_2022,0.1,5.0,0,True,0.0,
4VozWQ,87,17,Winner_2022,0.1,5.0,1,True,0.0,
4VozWQ,87,18,Winner_2022,0.1,5.0,0,True,0.0,
4VozWQ,87,19,Winner_2022,0.1,5.0,0,True,0.0,
4VozWQ,87,20,Winner_2022,0.1,5.0,1,True,0.0,
4VozWQ,87,21,Winner_2022,0.1,5.0,0,True,0.0,
4VozWQ,87,22,Winner_2022,0.1,5.0,1,True,0.0,
4VozWQ,87,23,Winner_2022,0.1,5.0,0,True,0.0,
4VozWQ,87,24,Winner_2022,0.1,5.0,0,True,0.0,
4VozWQ,87,25,Winner_2022,0.1,5.0,1,True,0.0,
4VozWQ,87,26,Winner_2022,0.1,5.0,0,True,0.0,
4VozWQ,87,27,Winner_2022,0.1,5.0,0,True,0.0,
4VozWQ,87,28,Winner_2022,0.1,5.0,0,True,0.0,
4VozWQ,87,29,Winner_2022,0.1,5.0,0,True,0.0,
4VozWQ,87,30,Winner_2022,0.1,5.0,0,True,0.0,
4VozWQ,87,31,Winner_2022,0.6,5.0,0,True,0.0,
4VozWQ,87,32,Winner_2022,0.1,5.0,1,True,0.0,
4VozWQ,87,33,Winner_2022,0.1,5.0,0,True,0.0,
4VozWQ,87,34,Winner_2022,0.1,5.0,2,True,0.0,
4VozWQ,87,35,Winner_2022,0.1,5.0,0,True,0.0,
4VozWQ,87,36,Winner_2022,0.1,5.0,0,True,0.0,
4VozWQ,87,37,Winner_2022,0.1,5.0,1,True,0.0,
4VozWQ,87,38,Winner_2022,0.1,5.0,0,True,0.0,
4VozWQ,87,39,Winner_2022,0.1,5.0,0,True,0.0,
4VozWQ,87,40,Winner_2022,0.1,5.0,1,True,0.0,
4VozWQ,87,41,Winner_2022,0.1,5.0,0,True,0.0,
4VozWQ,87,42,Winner_2022,0.1,5.0,0,True,0.0,
4VozWQ,87,43,Winner_2022,0.1,5.0,0,True,0.0,
4VozWQ,87,44,Winner_2022,0.1,5.0,0,True,0.0,
4VozWQ,87,45,Winner_2022,0.1,5.0,0,True,0.0,
4VozWQ,87,46,Winner_2022,0.1,5.0,0,True,0.0,
4VozWQ,87,47,Winner_2022,0.1,5.0,0,True,0.0,
4VozWQ,87,48,Winner_2022,0.1,5.0,0,True,0.0,
4VozWQ,87,49,Winner_2022,0.1,5.0,0,True,0.0,
4VozWQ,87,50,Winner_2022,0.1,5.0,0,True,0.0,
4VozWQ,87,51,Winner_2022,0.1,5.0,0,True,0.0,
4VozWQ,87,52,Winner_2022,0.1,5.0,1,True,0.0,
4VozWQ,87,53,Winner_2022,0.1,5.0,0,True,0.0,
4VozWQ,87,54,Winner_2022,0.1,5.0,0,True,0.0,
4VozWQ,87,55,Winner_2022,0.1,5.0,0,True,0.0,
4VozWQ,87,56,Winner_2022,0.1,5.0,1,True,0.0,
4VozWQ,87,57,Winner_2022,0.1,5.0,0,True,0.0,
4VozWQ,87,58,Winner_2022,0.1,5.0,1,True,0.0,
4VozWQ,87,59,Winner_2022,0.1,5.0,0,True,0.0,
4VozWQ,87,60,Winner_2022,0.1,5.0,0,True,0.0,
4VozWQ,87,61,Winner_2022,0.1,5.0,1,True,0.0,
4VozWQ,87,62,Winner_2022,0.1,5.0,2,True,0.0,
4VozWQ,87,63,Winner_2022,0.1,5.0,0,True,0.0,
4VozWQ,87,64,Winner_2022,0.1,5.0,0,True,0.0,
4VozWQ,87,65,Winner_2022,0.1,5.0,0,True,0.0,
4VozWQ,87,66,Winner_2022,0.1,5.0,0,True,0.0,
4VozWQ,87,67,Winner_2022,0.1,5.0,0,True,0.0,
4VozWQ,87,68,Winner_2022,0.1,5.0,0,True,0.0,
4VozWQ,87,69,Winner_2022,0.1,5.0,0,True,0.0,
4VozWQ,87,70,Winner_2022,0.1,5.0,0,True,0.0,
4VozWQ,87,71,Winner_2022,0.1,5.0,0,True,0.0,
4VozWQ,87,72,Winner_2022,0.1,5.0,1,True,0.0,
4VozWQ,87,73,Winner_2022,0.1,5.0,0,True,0.0,
4VozWQ,87,74,Winner_2022,0.1,5.0,1,True,0.0,
4VozWQ,87,75,Winner_2022,0.1,5.0,0,True,0.0,
4VozWQ,87,76,Winner_2022,0.1,5.0,0,True,0.0,
4VozWQ,87,77,Winner_2022,0.1,5.0,0,True,0.0,
4VozWQ,87,78,Winner_2022,0.1,5.0,0,True,0.0,
4VozWQ,87,79,Winner_2022,0.1,5.0,0,True,0.0,
4VozWQ,87,80,Winner_2022,0.1,5.0,0,True,0.0,
4VozWQ,87,81,Winner_2022,0.1,5.0,0,True,0.0,
4VozWQ,87,82,Winner_2022,0.1,5.0,3,True,0.0,
4VozWQ,87,83,Winner_2022,0.1,5.0,1,True,0.0,
4VozWQ,87,84,Winner_2022,0.1,5.0,0,True,0.0,
4VozWQ,87,85,Winner_2022,0.1,5.0,0,True,0.0,
4VozWQ,87,86,Winner_2022,0.1,5.0,2,True,0.0,
4VozWQ,87,87,Winner_2022,0.1,5.0,0,True,0.0,
4VozWQ,87,88,Winner_2022,0.1,5.0,0,True,0.0,
4VozWQ,87,89,Winner_2022,0.1,5.0,1,True,0.0,
4VozWQ,87,90,Winner_2022,0.1,5.0,1,True,0.0,
4VozWQ,87,91,Winner_2022,0.1,5.0,1,True,0.0,
4VozWQ,87,92,Winner_2022,0.1,5.0,1,True,0.0,
4VozWQ,87,93,Winner_2022,0.1,5.0,1,True,0.0,
4VozWQ,87,94,Winner_2022,0.1,5.0,2,True,0.0,
4VozWQ,87,95,Winner_2022,0.1,5.0,2,True,0.0,
4VozWQ,87,96,Winner_2022,0.1,5.0,0,True,0.0,
4VozWQ,87,97,Winner_2022,0.1,5.0,0,True,0.0,
4VozWQ,87,98,Winner_2022,0.1,5.0,1,True,0.0,
4VozWQ,87,99,Winner_2022,0.1,5.0,1,True,0.0,
4VozWQ,87,100,Winner_2022,0.1,5.0,1,True,0.0,
4VozWQ,88,1,Winner_2022,0.2,73.0,0,True,0.0,
4VozWQ,88,2,Winner_2022,0.1,58.4,0,True,0.0,
4VozWQ,88,3,Winner_2022,0.1,46.7,0,True,0.0,
4VozWQ,88,4,Winner_2022,0.6,37.4,0,True,0.0,
4VozWQ,88,5,Winner_2022,1.1,29.9,0,True,0.0,
4VozWQ,88,6,Winner_2022,1.6,23.9,0,True,0.0,
4VozWQ,88,7,Winner_2022,2.1,19.1,0,True,0.0,
4VozWQ,88,8,Winner_2022,1.6,15.3,0,True,0.0,
4VozWQ,88,9,Winner_2022,2.1,12.2,0,True,0.0,
4VozWQ,88,10,Winner_2022,1.6,9.8,0,True,0.0,
4VozWQ,88,11,Winner_2022,1.1,7.8,0,True,0.0,
4VozWQ,88,12,Winner_2022,0.6,6.3,0,True,0.0,
4VozWQ,88,13,Winner_2022,0.1,5.0,0,True,0.0,
4VozWQ,88,14,Winner_2022,0.1,5.0,0,True,0.0,
4VozWQ,88,15,Winner_2022,0.1,5.0,1,True,0.0,
4VozWQ,88,16,Winner_2022,0.1,5.0,0,True,0.0,
4VozWQ,88,17,Winner_2022,0.1,5.0,0,True,0.0,
4VozWQ,88,18,Winner_2022,0.1,5.0,0,True,0.0,
4VozWQ,88,19,Winner_2022,0.1,5.0,0,True,0.0,
4VozWQ,88,20,Winner_2022,0.1,5.0,1,True,0.0,
4VozWQ,88,21,Winner_2022,0.1,5.0,0,True,0.0,
4VozWQ,88,22,Winner_2022,0.1,5.0,0,True,0.0,
4VozWQ,88,23,Winner_2022,0.1,5.0,1,True,0.0,
4VozWQ,88,24,Winner_2022,0.1,5.0,0,True,0.0,
4VozWQ,88,25,Winner_2022,0.1,5.0,1,True,0.0,
4VozWQ,88,26,Winner_2022,0.1,5.0,0,True,0.0,
4VozWQ,88,27,Winner_2022,0.1,5.0,0,True,0.0,
4VozWQ,88,28,Winner_2022,0.1,5.0,0,True,0.0,
4VozWQ,88,29,Winner_2022,0.1,5.0,0,True,0.0,
4VozWQ,88,30,Winner_2022,0.1,5.0,0,True,0.0,
4VozWQ,88,31,Winner_2022,0.1,5.0,1,True,0.0,
4VozWQ,88,32,Winner_2022,0.1,5.0,0,True,0.0,
4VozWQ,88,33,Winner_2022,0.1,5.0,0,True,0.0,
4VozWQ,88,34,Winner_2022,0.1,5.0,0,True,0.0,
4VozWQ,88,35,Winner_2022,0.1,5.0,0,True,0.0,
4VozWQ,88,36,Winner_2022,0.1,5.0,0,True,0.0,
4VozWQ,88,37,Winner_2022,0.1,5.0,1,True,0.0,
4VozWQ,88,38,Winner_2022,0.1,5.0,0,True,0.0,
4VozWQ,88,39,Winner_2022,0.1,5.0,0,True,0.0,
4VozWQ,88,40,Winner_2022,0.1,5.0,1,True,0.0,
4VozWQ,88,41,Winner_2022,0.1,5.0,1,True,0.0,
4VozWQ,88,42,Winner_2022,0.1,5.0,0,True,0.0,
4VozWQ,88,43,Winner_2022,0.1,5.0,0,True,0.0,
4VozWQ,88,44,Winner_2022,0.1,5.0,0,True,0.0,
4VozWQ,88,45,Winner_2022,0.1,5.0,0,True,0.0,
4VozWQ,88,46,Winner_2022,0.1,5.0,0,True,0.0,
4VozWQ,88,47,Winner_2022,0.1,5.0,0,True,0.0,
4VozWQ,88,48,Winner_2022,0.1,5.0,0,True,0.0,
4VozWQ,88,49,Winner_2022,0.1,5.0,1,True,0.0,
4VozWQ,88,50,Winner_2022,0.1,5.0,2,True,0.0,
4VozWQ,88,51,Winner_2022,0.1,5.0,0,True,0.0,
4VozWQ,88,52,Winner_2022,0.1,5.0,2,True,0.0,
4VozWQ,88,53,Winner_2022,0.1,5.0,2,True,0.0,
4VozWQ,88,54,Winner_2022,0.1,5.0,0,True,0.0,
4VozWQ,88,55,Winner_2022,0.1,5.0,0,True,0.0,
4VozWQ,88,56,Winner_2022,0.1,5.0,0,True,0.0,
4VozWQ,88,57,Winner_2022,0.1,5.0,0,True,0.0,
4VozWQ,88,58,Winner_2022,0.1,5.0,0,True,0.0,
4VozWQ,88,59,Winner_2022,0.1,5.0,3,True,0.0,
4VozWQ,88,60,Winner_2022,0.1,5.0,1,True,0.0,
4VozWQ,88,61,Winner_2022,0.1,5.0,1,True,0.0,
4VozWQ,88,62,Winner_2022,0.1,5.0,0,True,0.0,
4VozWQ,88,63,Winner_2022,0.1,5.0,1,True,0.0,
4VozWQ,88,64,Winner_2022,0.1,5.0,1,True,0.0,
4VozWQ,88,65,Winner_2022,0.1,5.0,0,True,0.0,
4VozWQ,88,66,Winner_2022,0.1,5.0,1,True,0.0,
4VozWQ,88,67,Winner_2022,0.1,5.0,1,True,0.0,
4VozWQ,88,68,Winner_2022,0.1,5.0,1,True,0.0,
4VozWQ,88,69,Winner_2022,0.1,5.0,1,True,0.0,
4VozWQ,88,70,Winner_2022,0.1,5.0,1,True,0.0,
4VozWQ,88,71,Winner_2022,0.1,5.0,2,True,0.0,
4VozWQ,88,72,Winner_2022,0.1,5.0,0,True,0.0,
4VozWQ,88,73,Winner_2022,0.1,5.0,0,True,0.0,
4VozWQ,88,74,Winner_2022,0.1,5.0,0,True,0.0,
4VozWQ,88,75,Winner_2022,0.1,5.0,2,True,0.0,
4VozWQ,88,76,Winner_2022,0.1,5.0,1,True,0.0,
4VozWQ,88,77,Winner_2022,0.1,5.0,2,True,0.0,
4VozWQ,88,78,Winner_2022,0.1,5.0,0,True,0.0,
4VozWQ,88,79,Winner_2022,0.1,5.0,0,True,0.0,
4VozWQ,88,80,Winner_2022,0.1,5.0,0,True,0.0,
4VozWQ,88,81,Winner_2022,0.1,5.0,1,True,0.0,
4VozWQ,88,82,Winner_2022,0.1,5.0,2,True,0.0,
4VozWQ,88,83,Winner_2022,0.1,5.0,0,True,0.0,
4VozWQ,88,84,Winner_2022,0.1,5.0,0,True,0.0,
4VozWQ,88,85,Winner_2022,0.1,5.0,0,True,0.0,
4VozWQ,88,86,Winner_2022,0.1,5.0,0,True,0.0,
4VozWQ,88,87,Winner_2022,0.1,5.0,1,True,0.0,
4VozWQ,88,88,Winner_2022,0.1,5.0,1,True,0.0,
4VozWQ,88,89,Winner_2022,0.1,5.0,1,True,0.0,
4VozWQ,88,90,Winner_2022,0.1,5.0,1,True,0.0,
4VozWQ,88,91,Winner_2022,0.1,5.0,0,True,0.0,
4VozWQ,88,92,Winner_2022,0.1,5.0,0,True,0.0,
4VozWQ,88,93,Winner_2022,0.1,5.0,2,True,0.0,
4VozWQ,88,94,Winner_2022,0.1,5.0,1,True,0.0,
4VozWQ,88,95,Winner_2022,0.1,5.0,0,True,0.0,
4VozWQ,88,96,Winner_2022,0.1,5.0,1,True,0.0,
4VozWQ,88,97,Winner_2022,0.1,5.0,0,True,0.0,
4VozWQ,88,98,Winner_2022,0.1,5.0,0,True,0.0,
4VozWQ,88,99,Winner_2022,0.1,5.0,0,True,0.0,
4VozWQ,88,100,Winner_2022,0.1,5.0,1,True,0.0,
4VozWQ,89,1,Winner_2022,0.2,66.0,0,True,0.0,
4VozWQ,89,2,Winner_2022,0.7,52.8,0,True,0.0,
4VozWQ,89,3,Winner_2022,1.2,42.2,0,True,0.0,
4VozWQ,89,4,Winner_2022,1.7,33.8,0,True,0.0,
4VozWQ,89,5,Winner_2022,2.2,27.0,0,True,0.0,
4VozWQ,89,6,Winner_2022,2.7,21.6,1,True,0.0,
4VozWQ,89,7,Winner_2022,3.2,18.7,0,True,0.0,
4VozWQ,89,8,Winner_2022,3.7,16.1,0,True,0.0,
4VozWQ,89,9,Winner_2022,4.2,13.6,0,True,0.0,
4VozWQ,89,10,Winner_2022,4.7,11.5,0,True,0.0,
4VozWQ,89,11,Winner_2022,5.2,9.7,0,True,0.0,
4VozWQ,89,12,Winner_2022,5.7,8.1,0,True,0.0,
4VozWQ,89,13,Winner_2022,5.2,6.7,0,True,0.0,
4VozWQ,89,14,Winner_2022,4.7,5.6,1,True,0.0,
4VozWQ,89,15,Winner_2022,4.2,5.0,0,True,0.0,
4VozWQ,89,16,Winner_2022,3.8,5.0,0,True,0.0,
4VozWQ,89,17,Winner_2022,3.3,5.0,1,True,0.0,
4VozWQ,89,18,Winner_2022,2.8,5.0,0,True,0.0,
4VozWQ,89,19,Winner_2022,2.3,5.0,0,True,0.0,
4VozWQ,89,20,Winner_2022,1.8,5.0,0,True,0.0,
4VozWQ,89,21,Winner_2022,1.3,5.0,1,True,0.0,
4VozWQ,89,22,Winner_2022,0.8,5.0,1,True,0.0,
4VozWQ,89,23,Winner_2022,0.3,5.0,0,True,0.0,
4VozWQ,89,24,Winner_2022,0.1,5.0,0,True,0.0,
4VozWQ,89,25,Winner_2022,0.1,5.0,0,True,0.0,
4VozWQ,89,26,Winner_2022,0.1,5.0,0,True,0.0,
4VozWQ,89,27,Winner_2022,0.1,5.0,0,True,0.0,
4VozWQ,89,28,Winner_2022,0.1,5.0,1,True,0.0,
4VozWQ,89,29,Winner_2022,0.1,5.0,0,True,0.0,
4VozWQ,89,30,Winner_2022,0.1,5.0,2,True,0.0,
4VozWQ,89,31,Winner_2022,0.1,5.0,1,True,0.0,
4VozWQ,89,32,Winner_2022,0.1,5.0,0,True,0.0,
4VozWQ,89,33,Winner_2022,0.1,5.0,0,True,0.0,
4VozWQ,89,34,Winner_2022,0.1,5.0,0,True,0.0,
4VozWQ,89,35,Winner_2022,0.1,5.0,0,True,0.0,
4VozWQ,89,36,Winner_2022,0.1,5.0,0,True,0.0,
4VozWQ,89,37,Winner_2022,0.1,5.0,1,True,0.0,
4VozWQ,89,38,Winner_2022,0.1,5.0,0,True,0.0,
4VozWQ,89,39,Winner_2022,0.1,5.0,0,True,0.0,
4VozWQ,89,40,Winner_2022,0.1,5.0,0,True,0.0,
4VozWQ,89,41,Winner_2022,0.1,5.0,0,True,0.0,
4VozWQ,89,42,Winner_2022,0.1,5.0,0,True,0.0,
4VozWQ,89,43,Winner_2022,0.1,5.0,1,True,0.0,
4VozWQ,89,44,Winner_2022,0.1,5.0,0,True,0.0,
4VozWQ,89,45,Winner_2022,0.1,5.0,0,True,0.0,
4VozWQ,89,46,Winner_2022,0.1,5.0,1,True,0.0,
4VozWQ,89,47,Winner_2022,0.1,5.0,1,True,0.0,
4VozWQ,89,48,Winner_2022,0.1,5.0,0,True,0.0,
4VozWQ,89,49,Winner_2022,0.1,5.0,2,True,0.0,
4VozWQ,89,50,Winner_2022,0.1,5.0,0,True,0.0,
4VozWQ,89,51,Winner_2022,0.1,5.0,1,True,0.0,
4VozWQ,89,52,Winner_2022,0.1,5.0,0,True,0.0,
4VozWQ,89,53,Winner_2022,0.1,5.0,0,True,0.0,
4VozWQ,89,54,Winner_2022,0.1,5.0,0,True,0.0,
4VozWQ,89,55,Winner_2022,0.1,5.0,0,True,0.0,
4VozWQ,89,56,Winner_2022,0.1,5.0,0,True,0.0,
4VozWQ,89,57,Winner_2022,0.1,5.0,0,True,0.0,
4VozWQ,89,58,Winner_2022,0.1,5.0,0,True,0.0,
4VozWQ,89,59,Winner_2022,0.1,5.0,0,True,0.0,
4VozWQ,89,60,Winner_2022,0.1,5.0,0,True,0.0,
4VozWQ,89,61,Winner_2022,0.1,5.0,0,True,0.0,
4VozWQ,89,62,Winner_2022,0.1,5.0,1,True,0.0,
4VozWQ,89,63,Winner_2022,0.1,5.0,0,True,0.0,
4VozWQ,89,64,Winner_2022,0.1,5.0,0,True,0.0,
4VozWQ,89,65,Winner_2022,0.1,5.0,3,True,0.0,
4VozWQ,89,66,Winner_2022,0.1,5.0,0,True,0.0,
4VozWQ,89,67,Winner_2022,0.1,5.0,2,True,0.0,
4VozWQ,89,68,Winner_2022,0.1,5.0,0,True,0.0,
4VozWQ,89,69,Winner_2022,0.1,5.0,0,True,0.0,
4VozWQ,89,70,Winner_2022,0.1,5.0,1,True,0.0,
4VozWQ,89,71,Winner_2022,0.1,5.0,0,True,0.0,
4VozWQ,89,72,Winner_2022,0.1,5.0,0,True,0.0,
4VozWQ,89,73,Winner_2022,0.1,5.0,1,True,0.0,
4VozWQ,89,74,Winner_2022,0.1,5.0,0,True,0.0,
4VozWQ,89,75,Winner_2022,0.1,5.0,0,True,0.0,
4VozWQ,89,76,Winner_2022,0.1,5.0,0,True,0.0,
4VozWQ,89,77,Winner_2022,0.1,5.0,0,True,0.0,
4VozWQ,89,78,Winner_2022,0.1,5.0,0,True,0.0,
4VozWQ,89,79,Winner_2022,0.1,5.0,0,True,0.0,
4VozWQ,89,80,Winner_2022,0.1,5.0,1,True,0.0,
4VozWQ,89,81,Winner_2022,0.1,5.0,0,True,0.0,
4VozWQ,89,82,Winner_2022,0.1,5.0,2,True,0.0,
4VozWQ,89,83,Winner_2022,0.1,5.0,1,True,0.0,
4VozWQ,89,84,Winner_2022,0.1,5.0,1,True,0.0,
4VozWQ,89,85,Winner_2022,0.1,5.0,1,True,0.0,
4VozWQ,89,86,Winner_2022,0.1,5.0,0,True,0.0,
4VozWQ,89,87,Winner_2022,0.1,5.0,0,True,0.0,
4VozWQ,89,88,Winner_2022,0.1,5.0,0,True,0.0,
4VozWQ,89,89,Winner_2022,0.1,5.0,0,True,0.0,
4VozWQ,89,90,Winner_2022,0.1,5.0,1,True,0.0,
4VozWQ,89,91,Winner_2022,0.1,5.0,0,True,0.0,
4VozWQ,89,92,Winner_2022,0.1,5.0,0,True,0.0,
4VozWQ,89,93,Winner_2022,0.1,5.0,0,True,0.0,
4VozWQ,89,94,Winner_2022,0.1,5.0,0,True,0.0,
4VozWQ,89,95,Winner_2022,0.1,5.0,1,True,0.0,
4VozWQ,89,96,Winner_2022,0.1,5.0,0,True,0.0,
4VozWQ,89,97,Winner_2022,0.1,5.0,1,True,0.0,
4VozWQ,89,98,Winner_2022,0.1,5.0,0,True,0.0,
4VozWQ,89,99,Winner_2022,0.1,5.0,1,True,0.0,
4VozWQ,89,100,Winner_2022,0.1,5.0,2,True,0.0,
4VozWQ,90,1,Winner_2022,0.5,53.0,0,True,0.0,
4VozWQ,90,2,Winner_2022,0.1,42.4,0,True,0.0,
4VozWQ,90,3,Winner_2022,0.6,33.9,0,True,0.0,
4VozWQ,90,4,Winner_2022,1.1,27.1,0,True,0.0,
4VozWQ,90,5,Winner_2022,0.6,21.7,0,True,0.0,
4VozWQ,90,6,Winner_2022,1.1,17.4,0,True,0.0,
4VozWQ,90,7,Winner_2022,1.6,13.9,0,True,0.0,
4VozWQ,90,8,Winner_2022,2.1,11.1,0,True,0.0,
4VozWQ,90,9,Winner_2022,2.6,8.9,1,True,0.0,
4VozWQ,90,10,Winner_2022,2.1,7.5,0,True,0.0,
4VozWQ,90,11,Winner_2022,1.6,6.3,0,True,0.0,
4VozWQ,90,12,Winner_2022,1.1,5.3,0,True,0.0,
4VozWQ,90,13,Winner_2022,0.6,5.0,0,True,0.0,
4VozWQ,90,14,Winner_2022,0.1,5.0,0,True,0.0,
4VozWQ,90,15,Winner_2022,0.1,5.0,1,True,0.0,
4VozWQ,90,16,Winner_2022,0.1,5.0,0,True,0.0,
4VozWQ,90,17,Winner_2022,0.1,5.0,0,True,0.0,
4VozWQ,90,18,Winner_2022,0.6,5.0,1,True,0.0,
4VozWQ,90,19,Winner_2022,0.1,5.0,0,True,0.0,
4VozWQ,90,20,Winner_2022,0.1,5.0,0,True,0.0,
4VozWQ,90,21,Winner_2022,0.6,5.0,1,True,0.0,
4VozWQ,90,22,Winner_2022,0.1,5.0,1,True,0.0,
4VozWQ,90,23,Winner_2022,0.1,5.0,0,True,0.0,
4VozWQ,90,24,Winner_2022,0.1,5.0,1,True,0.0,
4VozWQ,90,25,Winner_2022,0.1,5.0,1,True,0.0,
4VozWQ,90,26,Winner_2022,0.1,5.0,1,True,0.0,
4VozWQ,90,27,Winner_2022,0.1,5.0,1,True,0.0,
4VozWQ,90,28,Winner_2022,0.1,5.0,1,True,0.0,
4VozWQ,90,29,Winner_2022,0.1,5.0,3,True,0.0,
4VozWQ,90,30,Winner_2022,0.1,5.0,1,True,0.0,
4VozWQ,90,31,Winner_2022,0.1,5.0,1,True,0.0,
4VozWQ,90,32,Winner_2022,0.1,5.0,1,True,0.0,
4VozWQ,90,33,Winner_2022,0.1,5.0,0,True,0.0,
4VozWQ,90,34,Winner_2022,0.1,5.0,0,True,0.0,
4VozWQ,90,35,Winner_2022,0.1,5.0,0,True,0.0,
4VozWQ,90,36,Winner_2022,0.1,5.0,0,True,0.0,
4VozWQ,90,37,Winner_2022,0.1,5.0,0,True,0.0,
4VozWQ,90,38,Winner_2022,0.1,5.0,0,True,0.0,
4VozWQ,90,39,Winner_2022,0.1,5.0,1,True,0.0,
4VozWQ,90,40,Winner_2022,0.1,5.0,0,True,0.0,
4VozWQ,90,41,Winner_2022,0.1,5.0,1,True,0.0,
4VozWQ,90,42,Winner_2022,0.1,5.0,1,True,0.0,
4VozWQ,90,43,Winner_2022,0.1,5.0,0,True,0.0,
4VozWQ,90,44,Winner_2022,0.1,5.0,1,True,0.0,
4VozWQ,90,45,Winner_2022,0.1,5.0,0,True,0.0,
4VozWQ,90,46,Winner_2022,0.1,5.0,1,True,0.0,
4VozWQ,90,47,Winner_2022,0.1,5.0,1,True,0.0,
4VozWQ,90,48,Winner_2022,0.1,5.0,0,True,0.0,
4VozWQ,90,49,Winner_2022,0.1,5.0,1,True,0.0,
4VozWQ,90,50,Winner_2022,0.1,5.0,1,True,0.0,
4VozWQ,90,51,Winner_2022,0.1,5.0,0,True,0.0,
4VozWQ,90,52,Winner_2022,0.1,5.0,0,True,0.0,
4VozWQ,90,53,Winner_2022,0.1,5.0,0,True,0.0,
4VozWQ,90,54,Winner_2022,0.1,5.0,0,True,0.0,
4VozWQ,90,55,Winner_2022,0.1,5.0,1,True,0.0,
4VozWQ,90,56,Winner_2022,0.1,5.0,0,True,0.0,
4VozWQ,90,57,Winner_2022,0.1,5.0,1,True,0.0,
4VozWQ,90,58,Winner_2022,0.1,5.0,0,True,0.0,
4VozWQ,90,59,Winner_2022,0.1,5.0,2,True,0.0,
4VozWQ,90,60,Winner_2022,0.1,5.0,0,True,0.0,
4VozWQ,90,61,Winner_2022,0.1,5.0,0,True,0.0,
4VozWQ,90,62,Winner_2022,0.1,5.0,0,True,0.0,
4VozWQ,90,63,Winner_2022,0.1,5.0,0,True,0.0,
4VozWQ,90,64,Winner_2022,0.1,5.0,1,True,0.0,
4VozWQ,90,65,Winner_2022,0.1,5.0,0,True,0.0,
4VozWQ,90,66,Winner_2022,0.1,5.0,0,True,0.0,
4VozWQ,90,67,Winner_2022,0.1,5.0,1,True,0.0,
4VozWQ,90,68,Winner_2022,0.1,5.0,2,True,0.0,
4VozWQ,90,69,Winner_2022,0.1,5.0,0,True,0.0,
4VozWQ,90,70,Winner_2022,0.1,5.0,1,True,0.0,
4VozWQ,90,71,Winner_2022,0.1,5.0,0,True,0.0,
4VozWQ,90,72,Winner_2022,0.1,5.0,0,True,0.0,
4VozWQ,90,73,Winner_2022,0.1,5.0,0,True,0.0,
4VozWQ,90,74,Winner_2022,0.1,5.0,0,True,0.0,
4VozWQ,90,75,Winner_2022,0.1,5.0,2,True,0.0,
4VozWQ,90,76,Winner_2022,0.1,5.0,1,True,0.0,
4VozWQ,90,77,Winner_2022,0.1,5.0,0,True,0.0,
4VozWQ,90,78,Winner_2022,0.1,5.0,2,True,0.0,
4VozWQ,90,79,Winner_2022,0.1,5.0,1,True,0.0,
4VozWQ,90,80,Winner_2022,0.1,5.0,0,True,0.0,
4VozWQ,90,81,Winner_2022,0.1,5.0,1,True,0.0,
4VozWQ,90,82,Winner_2022,0.1,5.0,1,True,0.0,
4VozWQ,90,83,Winner_2022,0.1,5.0,0,True,0.0,
4VozWQ,90,84,Winner_2022,0.1,5.0,0,True,0.0,
4VozWQ,90,85,Winner_2022,0.1,5.0,0,True,0.0,
4VozWQ,90,86,Winner_2022,0.1,5.0,0,True,0.0,
4VozWQ,90,87,Winner_2022,0.1,5.0,0,True,0.0,
4VozWQ,90,88,Winner_2022,0.1,5.0,1,True,0.0,
4VozWQ,90,89,Winner_2022,0.1,5.0,1,True,0.0,
4VozWQ,90,90,Winner_2022,0.1,5.0,0,True,0.0,
4VozWQ,90,91,Winner_2022,0.1,5.0,0,True,0.0,
4VozWQ,90,92,Winner_2022,0.1,5.0,0,True,0.0,
4VozWQ,90,93,Winner_2022,0.1,5.0,3,True,0.0,
4VozWQ,90,94,Winner_2022,0.1,5.0,0,True,0.0,
4VozWQ,90,95,Winner_2022,0.1,5.0,2,True,0.0,
4VozWQ,90,96,Winner_2022,0.1,5.0,0,True,0.0,
4VozWQ,90,97,Winner_2022,0.1,5.0,0,True,0.0,
4VozWQ,90,98,Winner_2022,0.1,5.0,1,True,0.0,
4VozWQ,90,99,Winner_2022,0.1,5.0,0,True,0.0,
4VozWQ,90,100,Winner_2022,0.1,5.0,0,True,0.0,
4VozWQ,91,1,Winner_2022,0.5,66.0,0,True,0.0,
4VozWQ,91,2,Winner_2022,0.1,52.8,0,True,0.0,
4VozWQ,91,3,Winner_2022,0.1,42.2,0,True,0.0,
4VozWQ,91,4,Winner_2022,0.1,33.8,0,True,0.0,
4VozWQ,91,5,Winner_2022,0.1,27.0,0,True,0.0,
4VozWQ,91,6,Winner_2022,0.1,21.6,1,True,0.0,
4VozWQ,91,7,Winner_2022,0.1,18.7,0,True,0.0,
4VozWQ,91,8,Winner_2022,0.1,16.1,0,True,0.0,
4VozWQ,91,9,Winner_2022,0.1,13.6,1,True,0.0,
4VozWQ,91,10,Winner_2022,0.1,12.1,1,True,0.0,
4VozWQ,91,11,Winner_2022,0.1,11.2,0,True,0.0,
4VozWQ,91,12,Winner_2022,0.1,10.2,0,True,0.0,
4VozWQ,91,13,Winner_2022,0.1,9.1,0,True,0.0,
4VozWQ,91,14,Winner_2022,0.1,8.1,0,True,0.0,
4VozWQ,91,15,Winner_2022,0.1,7.2,0,True,0.0,
4VozWQ,91,16,Winner_2022,0.1,6.3,0,True,0.0,
4VozWQ,91,17,Winner_2022,0.1,5.4,0,True,0.0,
4VozWQ,91,18,Winner_2022,0.1,5.0,0,True,0.0,
4VozWQ,91,19,Winner_2022,0.1,5.0,0,True,0.0,
4VozWQ,91,20,Winner_2022,0.1,5.0,1,True,0.0,
4VozWQ,91,21,Winner_2022,0.1,5.0,2,True,0.0,
4VozWQ,91,22,Winner_2022,0.1,5.0,0,True,0.0,
4VozWQ,91,23,Winner_2022,0.1,5.0,0,True,0.0,
4VozWQ,91,24,Winner_2022,0.1,5.0,1,True,0.0,
4VozWQ,91,25,Winner_2022,0.1,5.0,2,True,0.0,
4VozWQ,91,26,Winner_2022,0.1,5.0,0,True,0.0,
4VozWQ,91,27,Winner_2022,0.1,5.0,1,True,0.0,
4VozWQ,91,28,Winner_2022,0.1,5.0,0,True,0.0,
4VozWQ,91,29,Winner_2022,0.1,5.0,0,True,0.0,
4VozWQ,91,30,Winner_2022,0.1,5.0,0,True,0.0,
4VozWQ,91,31,Winner_2022,0.1,5.0,0,True,0.0,
4VozWQ,91,32,Winner_2022,0.1,5.0,0,True,0.0,
4VozWQ,91,33,Winner_2022,0.1,5.0,0,True,0.0,
4VozWQ,91,34,Winner_2022,0.1,5.0,0,True,0.0,
4VozWQ,91,35,Winner_2022,0.1,5.0,0,True,0.0,
4VozWQ,91,36,Winner_2022,0.1,5.0,1,True,0.0,
4VozWQ,91,37,Winner_2022,0.1,5.0,1,True,0.0,
4VozWQ,91,38,Winner_2022,0.1,5.0,0,True,0.0,
4VozWQ,91,39,Winner_2022,0.1,5.0,1,True,0.0,
4VozWQ,91,40,Winner_2022,0.1,5.0,0,True,0.0,
4VozWQ,91,41,Winner_2022,0.1,5.0,0,True,0.0,
4VozWQ,91,42,Winner_2022,0.1,5.0,0,True,0.0,
4VozWQ,91,43,Winner_2022,0.1,5.0,1,True,0.0,
4VozWQ,91,44,Winner_2022,0.1,5.0,0,True,0.0,
4VozWQ,91,45,Winner_2022,0.1,5.0,0,True,0.0,
4VozWQ,91,46,Winner_2022,0.1,5.0,1,True,0.0,
4VozWQ,91,47,Winner_2022,0.1,5.0,1,True,0.0,
4VozWQ,91,48,Winner_2022,0.1,5.0,2,True,0.0,
4VozWQ,91,49,Winner_2022,0.1,5.0,0,True,0.0,
4VozWQ,91,50,Winner_2022,0.1,5.0,2,True,0.0,
4VozWQ,91,51,Winner_2022,0.1,5.0,0,True,0.0,
4VozWQ,91,52,Winner_2022,0.1,5.0,1,True,0.0,
4VozWQ,91,53,Winner_2022,0.1,5.0,1,True,0.0,
4VozWQ,91,54,Winner_2022,0.1,5.0,0,True,0.0,
4VozWQ,91,55,Winner_2022,0.1,5.0,0,True,0.0,
4VozWQ,91,56,Winner_2022,0.1,5.0,0,True,0.0,
4VozWQ,91,57,Winner_2022,0.1,5.0,0,True,0.0,
4VozWQ,91,58,Winner_2022,0.1,5.0,1,True,0.0,
4VozWQ,91,59,Winner_2022,0.1,5.0,0,True,0.0,
4VozWQ,91,60,Winner_2022,0.1,5.0,1,True,0.0,
4VozWQ,91,61,Winner_2022,0.1,5.0,2,True,0.0,
4VozWQ,91,62,Winner_2022,0.1,5.0,1,True,0.0,
4VozWQ,91,63,Winner_2022,0.1,5.0,1,True,0.0,
4VozWQ,91,64,Winner_2022,0.1,5.0,1,True,0.0,
4VozWQ,91,65,Winner_2022,0.1,5.0,0,True,0.0,
4VozWQ,91,66,Winner_2022,0.1,5.0,0,True,0.0,
4VozWQ,91,67,Winner_2022,0.1,5.0,0,True,0.0,
4VozWQ,91,68,Winner_2022,0.1,5.0,0,True,0.0,
4VozWQ,91,69,Winner_2022,0.1,5.0,0,True,0.0,
4VozWQ,91,70,Winner_2022,0.1,5.0,0,True,0.0,
4VozWQ,91,71,Winner_2022,0.1,5.0,1,True,0.0,
4VozWQ,91,72,Winner_2022,0.1,5.0,0,True,0.0,
4VozWQ,91,73,Winner_2022,0.1,5.0,0,True,0.0,
4VozWQ,91,74,Winner_2022,0.1,5.0,0,True,0.0,
4VozWQ,91,75,Winner_2022,0.1,5.0,0,True,0.0,
4VozWQ,91,76,Winner_2022,0.1,5.0,0,True,0.0,
4VozWQ,91,77,Winner_2022,0.1,5.0,1,True,0.0,
4VozWQ,91,78,Winner_2022,0.1,5.0,0,True,0.0,
4VozWQ,91,79,Winner_2022,0.1,5.0,0,True,0.0,
4VozWQ,91,80,Winner_2022,0.1,5.0,0,True,0.0,
4VozWQ,91,81,Winner_2022,0.1,5.0,1,True,0.0,
4VozWQ,91,82,Winner_2022,0.1,5.0,0,True,0.0,
4VozWQ,91,83,Winner_2022,0.1,5.0,0,True,0.0,
4VozWQ,91,84,Winner_2022,0.1,5.0,0,True,0.0,
4VozWQ,91,85,Winner_2022,0.1,5.0,3,True,0.0,
4VozWQ,91,86,Winner_2022,0.1,5.0,1,True,0.0,
4VozWQ,91,87,Winner_2022,0.1,5.0,2,True,0.0,
4VozWQ,91,88,Winner_2022,0.1,5.0,0,True,0.0,
4VozWQ,91,89,Winner_2022,0.1,5.0,1,True,0.0,
4VozWQ,91,90,Winner_2022,0.1,5.0,0,True,0.0,
4VozWQ,91,91,Winner_2022,0.1,5.0,2,True,0.0,
4VozWQ,91,92,Winner_2022,0.1,5.0,0,True,0.0,
4VozWQ,91,93,Winner_2022,0.1,5.0,0,True,0.0,
4VozWQ,91,94,Winner_2022,0.1,5.0,3,True,0.0,
4VozWQ,91,95,Winner_2022,0.1,5.0,0,True,0.0,
4VozWQ,91,96,Winner_2022,0.1,5.0,0,True,0.0,
4VozWQ,91,97,Winner_2022,0.1,5.0,1,True,0.0,
4VozWQ,91,98,Winner_2022,0.1,5.0,0,True,0.0,
4VozWQ,91,99,Winner_2022,0.1,5.0,1,True,0.0,
4VozWQ,91,100,Winner_2022,0.1,5.0,1,True,0.0,
4VozWQ,92,1,Winner_2022,0.2,77.0,0,True,0.0,
4VozWQ,92,2,Winner_2022,0.1,61.6,0,True,0.0,
4VozWQ,92,3,Winner_2022,0.1,49.3,0,True,0.0,
4VozWQ,92,4,Winner_2022,0.1,39.4,0,True,0.0,
4VozWQ,92,5,Winner_2022,0.1,31.5,0,True,0.0,
4VozWQ,92,6,Winner_2022,0.1,25.2,0,True,0.0,
4VozWQ,92,7,Winner_2022,0.6,20.2,0,True,0.0,
4VozWQ,92,8,Winner_2022,1.1,16.1,0,True,0.0,
4VozWQ,92,9,Winner_2022,1.6,12.9,0,True,0.0,
4VozWQ,92,10,Winner_2022,2.1,10.3,0,True,0.0,
4VozWQ,92,11,Winner_2022,2.6,8.3,0,True,0.0,
4VozWQ,92,12,Winner_2022,3.1,6.6,1,True,0.0,
4VozWQ,92,13,Winner_2022,3.6,5.5,1,True,0.0,
4VozWQ,92,14,Winner_2022,4.1,5.0,0,True,0.0,
4VozWQ,92,15,Winner_2022,4.5,5.0,3,True,0.0,
4VozWQ,92,16,Winner_2022,4.8,5.0,0,True,0.0,
4VozWQ,92,17,Winner_2022,4.9,5.0,0,True,0.0,
4VozWQ,92,18,Winner_2022,4.9,5.0,1,True,0.0,
4VozWQ,92,19,Winner_2022,5.0,5.0,0,True,0.0,
4VozWQ,92,20,Winner_2022,5.0,5.0,0,True,0.0,
4VozWQ,92,21,Winner_2022,4.9,5.0,2,True,0.0,
4VozWQ,92,22,Winner_2022,4.9,5.0,0,True,0.0,
4VozWQ,92,23,Winner_2022,4.9,5.0,0,True,0.003,
4VozWQ,92,24,Winner_2022,4.8,5.0,1,True,0.0,
4VozWQ,92,25,Winner_2022,4.9,5.0,0,True,0.0,
4VozWQ,92,26,Winner_2022,4.9,5.0,0,True,0.0,
4VozWQ,92,27,Winner_2022,5.0,5.0,0,True,0.0,
4VozWQ,92,28,Winner_2022,5.0,5.0,0,True,0.0,
4VozWQ,92,29,Winner_2022,5.0,5.0,0,True,0.0,
4VozWQ,92,30,Winner_2022,5.0,5.0,0,True,0.0,
4VozWQ,92,31,Winner_2022,5.0,5.0,0,True,0.0,
4VozWQ,92,32,Winner_2022,5.0,5.0,0,True,0.0,
4VozWQ,92,33,Winner_2022,5.0,5.0,1,True,0.0,
4VozWQ,92,34,Winner_2022,5.0,5.0,0,True,0.001,
4VozWQ,92,35,Winner_2022,5.0,5.0,1,True,0.0,
4VozWQ,92,36,Winner_2022,5.0,5.0,1,True,0.0,
4VozWQ,92,37,Winner_2022,5.0,5.0,0,True,0.0,
4VozWQ,92,38,Winner_2022,5.0,5.0,0,True,0.0,
4VozWQ,92,39,Winner_2022,5.0,5.0,1,True,0.0,
4VozWQ,92,40,Winner_2022,5.0,5.0,0,True,0.0,
4VozWQ,92,41,Winner_2022,5.0,5.0,0,True,0.0,
4VozWQ,92,42,Winner_2022,5.0,5.0,4,True,0.0,
4VozWQ,92,43,Winner_2022,5.0,5.0,0,True,0.0,
4VozWQ,92,44,Winner_2022,5.0,5.0,0,True,0.0,
4VozWQ,92,45,Winner_2022,5.0,5.0,0,True,0.0,
4VozWQ,92,46,Winner_2022,5.0,5.0,0,True,0.0,
4VozWQ,92,47,Winner_2022,5.0,5.0,0,True,0.0,
4VozWQ,92,48,Winner_2022,5.0,5.0,0,True,0.0,
4VozWQ,92,49,Winner_2022,5.0,5.0,3,True,0.0,
4VozWQ,92,50,Winner_2022,5.0,5.0,2,True,0.0,
4VozWQ,92,51,Winner_2022,5.0,5.0,0,True,0.0,
4VozWQ,92,52,Winner_2022,5.0,5.0,0,True,0.0,
4VozWQ,92,53,Winner_2022,5.0,5.0,1,True,0.0,
4VozWQ,92,54,Winner_2022,5.0,5.0,0,True,0.0,
4VozWQ,92,55,Winner_2022,5.0,5.0,0,True,0.0,
4VozWQ,92,56,Winner_2022,5.0,5.0,1,True,0.0,
4VozWQ,92,57,Winner_2022,5.0,5.0,0,True,0.0,
4VozWQ,92,58,Winner_2022,5.0,5.0,0,True,0.0,
4VozWQ,92,59,Winner_2022,5.0,5.0,0,True,0.0,
4VozWQ,92,60,Winner_2022,5.0,5.0,1,True,0.0,
4VozWQ,92,61,Winner_2022,5.0,5.0,0,True,0.0,
4VozWQ,92,62,Winner_2022,5.0,5.0,0,True,0.0,
4VozWQ,92,63,Winner_2022,5.0,5.0,3,True,0.0,
4VozWQ,92,64,Winner_2022,5.0,5.0,0,True,0.0,
4VozWQ,92,65,Winner_2022,5.0,5.0,0,True,0.0,
4VozWQ,92,66,Winner_2022,5.0,5.0,1,True,0.0,
4VozWQ,92,67,Winner_2022,5.0,5.0,1,True,0.0,
4VozWQ,92,68,Winner_2022,5.0,5.0,0,True,0.0,
4VozWQ,92,69,Winner_2022,5.0,5.0,0,True,0.0,
4VozWQ,92,70,Winner_2022,5.0,5.0,0,True,0.0,
4VozWQ,92,71,Winner_2022,5.0,5.0,1,True,0.0,
4VozWQ,92,72,Winner_2022,5.0,5.0,1,True,0.0,
4VozWQ,92,73,Winner_2022,5.0,5.0,0,True,0.0,
4VozWQ,92,74,Winner_2022,5.0,5.0,0,True,0.0,
4VozWQ,92,75,Winner_2022,5.0,5.0,0,True,0.0,
4VozWQ,92,76,Winner_2022,5.0,5.0,3,True,0.0,
4VozWQ,92,77,Winner_2022,5.0,5.0,0,True,0.0,
4VozWQ,92,78,Winner_2022,5.0,5.0,0,True,0.0,
4VozWQ,92,79,Winner_2022,5.0,5.0,0,True,0.0,
4VozWQ,92,80,Winner_2022,5.0,5.0,0,True,0.0,
4VozWQ,92,81,Winner_2022,4.9,5.0,0,True,0.0,
4VozWQ,92,82,Winner_2022,4.9,5.0,0,True,0.0,
4VozWQ,92,83,Winner_2022,4.8,5.0,0,True,0.0,
4VozWQ,92,84,Winner_2022,4.7,5.0,0,True,0.0,
4VozWQ,92,85,Winner_2022,4.6,5.0,2,True,0.0,
4VozWQ,92,86,Winner_2022,4.4,5.0,1,True,0.0,
4VozWQ,92,87,Winner_2022,4.2,5.0,1,True,0.0,
4VozWQ,92,88,Winner_2022,3.7,5.0,0,True,0.0,
4VozWQ,92,89,Winner_2022,3.2,5.0,2,True,0.0,
4VozWQ,92,90,Winner_2022,2.7,5.0,0,True,0.0,
4VozWQ,92,91,Winner_2022,2.2,5.0,1,True,0.0,
4VozWQ,92,92,Winner_2022,1.7,5.0,1,True,0.0,
4VozWQ,92,93,Winner_2022,1.2,5.0,0,True,0.0,
4VozWQ,92,94,Winner_2022,0.7,5.0,0,True,0.0,
4VozWQ,92,95,Winner_2022,0.2,5.0,0,True,0.0,
4VozWQ,92,96,Winner_2022,0.1,5.0,0,True,0.0,
4VozWQ,92,97,Winner_2022,0.1,5.0,0,True,0.0,
4VozWQ,92,98,Winner_2022,0.1,5.0,1,True,0.0,
4VozWQ,92,99,Winner_2022,0.1,5.0,1,True,0.0,
4VozWQ,92,100,Winner_2022,0.1,5.0,1,True,0.0,
4VozWQ,93,1,Winner_2022,2.0,66.0,0,True,0.0,
4VozWQ,93,2,Winner_2022,2.5,52.8,0,True,0.0,
4VozWQ,93,3,Winner_2022,3.0,42.2,0,True,0.0,
4VozWQ,93,4,Winner_2022,3.5,33.8,0,True,0.0,
4VozWQ,93,5,Winner_2022,4.0,27.0,0,True,0.0,
4VozWQ,93,6,Winner_2022,4.5,21.6,0,True,0.0,
4VozWQ,93,7,Winner_2022,5.0,17.3,1,True,0.0,
4VozWQ,93,8,Winner_2022,5.5,14.8,1,True,0.0,
4VozWQ,93,9,Winner_2022,6.0,13.3,0,True,0.0,
4VozWQ,93,10,Winner_2022,6.5,11.8,0,True,0.0,
4VozWQ,93,11,Winner_2022,7.0,10.4,1,True,0.0,
4VozWQ,93,12,Winner_2022,7.5,9.5,0,True,0.0,
4VozWQ,93,13,Winner_2022,8.0,8.5,0,True,0.0,
4VozWQ,93,14,Winner_2022,8.3,7.6,1,True,0.0,
4VozWQ,93,15,Winner_2022,8.6,6.9,0,True,0.0,
4VozWQ,93,16,Winner_2022,8.1,6.2,1,True,0.0,
4VozWQ,93,17,Winner_2022,7.6,5.7,0,True,0.0,
4VozWQ,93,18,Winner_2022,8.1,5.1,1,True,0.0,
4VozWQ,93,19,Winner_2022,7.6,5.0,0,True,0.0,
4VozWQ,93,20,Winner_2022,7.1,5.0,0,True,0.0,
4VozWQ,93,21,Winner_2022,6.6,5.0,1,True,0.0,
4VozWQ,93,22,Winner_2022,6.1,5.0,2,True,0.0,
4VozWQ,93,23,Winner_2022,6.6,5.0,2,True,0.0,
4VozWQ,93,24,Winner_2022,7.1,5.0,0,True,0.0,
4VozWQ,93,25,Winner_2022,7.6,5.0,1,True,0.0,
4VozWQ,93,26,Winner_2022,8.1,5.0,0,True,0.0,
4VozWQ,93,27,Winner_2022,8.6,5.0,1,True,0.0,
4VozWQ,93,28,Winner_2022,9.1,5.0,1,True,0.0,
4VozWQ,93,29,Winner_2022,9.6,5.0,0,True,0.0,
4VozWQ,93,30,Winner_2022,10.1,5.0,0,True,0.0,
4VozWQ,93,31,Winner_2022,10.6,5.0,1,True,0.0,
4VozWQ,93,32,Winner_2022,11.1,5.0,1,True,0.0,
4VozWQ,93,33,Winner_2022,10.6,5.0,0,True,0.0,
4VozWQ,93,34,Winner_2022,10.1,5.0,1,True,0.0,
4VozWQ,93,35,Winner_2022,9.6,5.0,0,True,0.0,
4VozWQ,93,36,Winner_2022,9.1,5.0,3,True,0.0,
4VozWQ,93,37,Winner_2022,8.6,5.0,0,True,0.0,
4VozWQ,93,38,Winner_2022,8.1,5.1,0,True,0.0,
4VozWQ,93,39,Winner_2022,7.6,5.0,0,True,0.0,
4VozWQ,93,40,Winner_2022,7.1,5.0,0,True,0.0,
4VozWQ,93,41,Winner_2022,6.6,5.0,2,True,0.0,
4VozWQ,93,42,Winner_2022,6.1,5.0,1,True,0.0,
4VozWQ,93,43,Winner_2022,5.6,5.1,2,True,0.0,
4VozWQ,93,44,Winner_2022,5.3,5.2,2,True,0.0,
4VozWQ,93,45,Winner_2022,5.3,5.3,1,True,0.0,
4VozWQ,93,46,Winner_2022,5.2,5.5,0,True,0.0,
4VozWQ,93,47,Winner_2022,5.1,5.7,1,True,0.0,
4VozWQ,93,48,Winner_2022,4.7,5.9,1,True,0.0,
4VozWQ,93,49,Winner_2022,4.2,6.1,0,True,0.0,
4VozWQ,93,50,Winner_2022,3.7,6.4,1,True,0.0,
4VozWQ,93,51,Winner_2022,3.2,6.6,0,True,0.0,
4VozWQ,93,52,Winner_2022,2.7,6.8,0,True,0.0,
4VozWQ,93,53,Winner_2022,2.2,7.0,1,True,0.0,
4VozWQ,93,54,Winner_2022,1.7,7.1,0,True,0.0,
4VozWQ,93,55,Winner_2022,1.2,7.3,0,True,0.0,
4VozWQ,93,56,Winner_2022,0.7,7.3,1,True,0.0,
4VozWQ,93,57,Winner_2022,0.2,7.5,0,True,0.0,
4VozWQ,93,58,Winner_2022,0.1,7.6,0,True,0.0,
4VozWQ,93,59,Winner_2022,0.1,7.6,0,True,0.0,
4VozWQ,93,60,Winner_2022,0.1,7.6,0,True,0.0,
4VozWQ,93,61,Winner_2022,0.1,7.6,0,True,0.0,
4VozWQ,93,62,Winner_2022,0.1,7.5,0,True,0.0,
4VozWQ,93,63,Winner_2022,0.1,7.4,0,True,0.0,
4VozWQ,93,64,Winner_2022,0.1,7.3,0,True,0.0,
4VozWQ,93,65,Winner_2022,0.1,7.1,0,True,0.0,
4VozWQ,93,66,Winner_2022,0.1,6.9,0,True,0.0,
4VozWQ,93,67,Winner_2022,0.1,6.7,0,True,0.0,
4VozWQ,93,68,Winner_2022,0.1,6.4,0,True,0.0,
4VozWQ,93,69,Winner_2022,0.1,6.2,1,True,0.0,
4VozWQ,93,70,Winner_2022,0.1,5.9,0,True,0.0,
4VozWQ,93,71,Winner_2022,0.1,5.6,0,True,0.0,
4VozWQ,93,72,Winner_2022,0.1,5.4,0,True,0.0,
4VozWQ,93,73,Winner_2022,0.1,5.1,0,True,0.0,
4VozWQ,93,74,Winner_2022,0.1,5.0,1,True,0.0,
4VozWQ,93,75,Winner_2022,0.1,5.0,0,True,0.0,
4VozWQ,93,76,Winner_2022,0.1,5.0,0,True,0.0,
4VozWQ,93,77,Winner_2022,0.1,5.0,1,True,0.0,
4VozWQ,93,78,Winner_2022,0.1,5.0,1,True,0.0,
4VozWQ,93,79,Winner_2022,0.1,5.0,1,True,0.0,
4VozWQ,93,80,Winner_2022,0.1,5.0,0,True,0.0,
4VozWQ,93,81,Winner_2022,0.1,5.0,0,True,0.0,
4VozWQ,93,82,Winner_2022,0.1,5.0,1,True,0.0,
4VozWQ,93,83,Winner_2022,0.1,5.0,0,True,0.0,
4VozWQ,93,84,Winner_2022,0.1,5.0,0,True,0.0,
4VozWQ,93,85,Winner_2022,0.1,5.0,1,True,0.0,
4VozWQ,93,86,Winner_2022,0.1,5.0,0,True,0.0,
4VozWQ,93,87,Winner_2022,0.1,5.0,0,True,0.0,
4VozWQ,93,88,Winner_2022,0.1,5.0,0,True,0.0,
4VozWQ,93,89,Winner_2022,0.1,5.0,1,True,0.0,
4VozWQ,93,90,Winner_2022,0.1,5.0,1,True,0.0,
4VozWQ,93,91,Winner_2022,0.1,5.0,2,True,0.0,
4VozWQ,93,92,Winner_2022,0.1,5.0,0,True,0.0,
4VozWQ,93,93,Winner_2022,0.1,5.0,2,True,0.0,
4VozWQ,93,94,Winner_2022,0.1,5.0,1,True,0.0,
4VozWQ,93,95,Winner_2022,0.1,5.0,0,True,0.0,
4VozWQ,93,96,Winner_2022,0.1,5.0,0,True,0.0,
4VozWQ,93,97,Winner_2022,0.1,5.0,0,True,0.0,
4VozWQ,93,98,Winner_2022,0.1,5.0,0,True,0.0,
4VozWQ,93,99,Winner_2022,0.1,5.0,0,True,0.0,
4VozWQ,93,100,Winner_2022,0.1,5.0,0,True,0.0,
4VozWQ,94,1,Winner_2022,3.8,45.0,0,True,0.0,
4VozWQ,94,2,Winner_2022,3.3,36.0,0,True,0.0,
4VozWQ,94,3,Winner_2022,3.8,28.8,0,True,0.0,
4VozWQ,94,4,Winner_2022,4.3,23.0,0,True,0.0,
4VozWQ,94,5,Winner_2022,4.8,18.4,0,True,0.0,
4VozWQ,94,6,Winner_2022,5.3,14.7,0,True,0.0,
4VozWQ,94,7,Winner_2022,5.8,11.8,0,True,0.0,
4VozWQ,94,8,Winner_2022,6.3,9.4,0,True,0.0,
4VozWQ,94,9,Winner_2022,6.8,7.5,0,True,0.0,
4VozWQ,94,10,Winner_2022,7.2,6.0,0,True,0.0,
4VozWQ,94,11,Winner_2022,7.7,5.0,0,True,0.0,
4VozWQ,94,12,Winner_2022,8.2,5.0,1,True,0.0,
4VozWQ,94,13,Winner_2022,8.7,5.0,1,True,0.0,
4VozWQ,94,14,Winner_2022,9.2,5.0,0,True,0.0,
4VozWQ,94,15,Winner_2022,9.7,5.0,1,True,0.0,
4VozWQ,94,16,Winner_2022,10.2,5.0,0,True,0.0,
4VozWQ,94,17,Winner_2022,9.7,5.0,1,True,0.0,
4VozWQ,94,18,Winner_2022,9.2,5.0,0,True,0.0,
4VozWQ,94,19,Winner_2022,8.7,5.0,0,True,0.0,
4VozWQ,94,20,Winner_2022,8.2,5.0,1,True,0.0,
4VozWQ,94,21,Winner_2022,7.7,5.0,0,True,0.0,
4VozWQ,94,22,Winner_2022,7.2,5.0,0,True,0.0,
4VozWQ,94,23,Winner_2022,6.7,5.0,4,True,0.0,
4VozWQ,94,24,Winner_2022,6.2,5.0,1,True,0.0,
4VozWQ,94,25,Winner_2022,5.7,5.0,0,True,0.0,
4VozWQ,94,26,Winner_2022,5.3,5.0,1,True,0.0,
4VozWQ,94,27,Winner_2022,5.2,5.0,0,True,0.0,
4VozWQ,94,28,Winner_2022,5.1,5.0,0,True,0.0,
4VozWQ,94,29,Winner_2022,5.0,5.0,0,True,0.0,
4VozWQ,94,30,Winner_2022,5.0,5.0,3,True,0.0,
4VozWQ,94,31,Winner_2022,5.0,5.0,0,True,0.0,
4VozWQ,94,32,Winner_2022,5.0,5.0,0,True,0.0,
4VozWQ,94,33,Winner_2022,5.0,5.0,1,True,0.0,
4VozWQ,94,34,Winner_2022,5.0,5.0,2,True,0.0,
4VozWQ,94,35,Winner_2022,5.0,5.0,0,True,0.0,
4VozWQ,94,36,Winner_2022,5.0,5.0,2,True,0.0,
4VozWQ,94,37,Winner_2022,5.0,5.0,1,True,0.0,
4VozWQ,94,38,Winner_2022,5.0,5.0,0,True,0.0,
4VozWQ,94,39,Winner_2022,5.0,5.0,0,True,0.0,
4VozWQ,94,40,Winner_2022,5.0,5.0,1,True,0.0,
4VozWQ,94,41,Winner_2022,5.0,5.0,1,True,0.0,
4VozWQ,94,42,Winner_2022,5.0,5.0,0,True,0.0,
4VozWQ,94,43,Winner_2022,5.0,5.0,0,True,0.0,
4VozWQ,94,44,Winner_2022,4.9,5.0,0,True,0.0,
4VozWQ,94,45,Winner_2022,4.9,5.0,0,True,0.0,
4VozWQ,94,46,Winner_2022,4.9,5.0,2,True,0.0,
4VozWQ,94,47,Winner_2022,4.8,5.0,1,True,0.0,
4VozWQ,94,48,Winner_2022,4.7,5.0,0,True,0.0,
4VozWQ,94,49,Winner_2022,4.5,5.0,0,True,0.0,
4VozWQ,94,50,Winner_2022,4.2,5.0,0,True,0.0,
4VozWQ,94,51,Winner_2022,3.9,5.0,0,True,0.0,
4VozWQ,94,52,Winner_2022,3.4,5.0,0,True,0.0,
4VozWQ,94,53,Winner_2022,2.9,5.0,0,True,0.0,
4VozWQ,94,54,Winner_2022,2.4,5.0,2,True,0.0,
4VozWQ,94,55,Winner_2022,1.9,5.0,0,True,0.0,
4VozWQ,94,56,Winner_2022,1.4,5.0,0,True,0.0,
4VozWQ,94,57,Winner_2022,0.9,5.0,0,True,0.0,
4VozWQ,94,58,Winner_2022,0.4,5.0,1,True,0.0,
4VozWQ,94,59,Winner_2022,0.1,5.0,1,True,0.0,
4VozWQ,94,60,Winner_2022,0.1,5.0,1,True,0.0,
4VozWQ,94,61,Winner_2022,0.1,5.0,0,True,0.0,
4VozWQ,94,62,Winner_2022,0.1,5.0,0,True,0.0,
4VozWQ,94,63,Winner_2022,0.1,5.0,1,True,0.0,
4VozWQ,94,64,Winner_2022,0.1,5.0,1,True,0.0,
4VozWQ,94,65,Winner_2022,0.1,5.0,1,True,0.0,
4VozWQ,94,66,Winner_2022,0.1,5.0,0,True,0.0,
4VozWQ,94,67,Winner_2022,0.1,5.0,1,True,0.0,
4VozWQ,94,68,Winner_2022,0.1,5.0,0,True,0.0,
4VozWQ,94,69,Winner_2022,0.1,5.0,1,True,0.0,
4VozWQ,94,70,Winner_2022,0.1,5.0,2,True,0.0,
4VozWQ,94,71,Winner_2022,0.1,5.0,0,True,0.0,
4VozWQ,94,72,Winner_2022,0.1,5.0,0,True,0.0,
4VozWQ,94,73,Winner_2022,0.1,5.0,0,True,0.0,
4VozWQ,94,74,Winner_2022,0.1,5.0,0,True,0.0,
4VozWQ,94,75,Winner_2022,0.1,5.0,1,True,0.0,
4VozWQ,94,76,Winner_2022,0.1,5.0,0,True,0.0,
4VozWQ,94,77,Winner_2022,0.1,5.0,1,True,0.0,
4VozWQ,94,78,Winner_2022,0.1,5.0,1,True,0.0,
4VozWQ,94,79,Winner_2022,0.1,5.0,0,True,0.0,
4VozWQ,94,80,Winner_2022,0.1,5.0,1,True,0.0,
4VozWQ,94,81,Winner_2022,0.1,5.0,1,True,0.0,
4VozWQ,94,82,Winner_2022,0.1,5.0,0,True,0.0,
4VozWQ,94,83,Winner_2022,0.1,5.0,1,True,0.0,
4VozWQ,94,84,Winner_2022,0.1,5.0,0,True,0.0,
4VozWQ,94,85,Winner_2022,0.1,5.0,1,True,0.0,
4VozWQ,94,86,Winner_2022,0.1,5.0,1,True,0.0,
4VozWQ,94,87,Winner_2022,0.1,5.0,1,True,0.0,
4VozWQ,94,88,Winner_2022,0.1,5.0,0,True,0.0,
4VozWQ,94,89,Winner_2022,0.1,5.0,0,True,0.0,
4VozWQ,94,90,Winner_2022,0.1,5.0,0,True,0.0,
4VozWQ,94,91,Winner_2022,0.1,5.0,0,True,0.0,
4VozWQ,94,92,Winner_2022,0.1,5.0,0,True,0.0,
4VozWQ,94,93,Winner_2022,0.1,5.0,0,True,0.0,
4VozWQ,94,94,Winner_2022,0.1,5.0,1,True,0.0,
4VozWQ,94,95,Winner_2022,0.1,5.0,0,True,0.0,
4VozWQ,94,96,Winner_2022,0.1,5.0,0,True,0.0,
4VozWQ,94,97,Winner_2022,0.1,5.0,2,True,0.0,
4VozWQ,94,98,Winner_2022,0.1,5.0,0,True,0.0,
4VozWQ,94,99,Winner_2022,0.1,5.0,2,True,0.0,
4VozWQ,94,100,Winner_2022,0.1,5.0,1,True,0.0,
4VozWQ,95,1,Winner_2022,3.4,79.0,0,True,0.0,
4VozWQ,95,2,Winner_2022,2.9,63.2,0,True,0.0,
4VozWQ,95,3,Winner_2022,2.4,50.6,0,True,0.0,
4VozWQ,95,4,Winner_2022,1.9,40.4,0,True,0.0,
4VozWQ,95,5,Winner_2022,1.4,32.4,0,True,0.0,
4VozWQ,95,6,Winner_2022,0.9,25.9,0,True,0.0,
4VozWQ,95,7,Winner_2022,0.4,20.7,0,True,0.0,
4VozWQ,95,8,Winner_2022,0.1,16.6,1,True,0.0,
4VozWQ,95,9,Winner_2022,0.1,14.1,0,True,0.0,
4VozWQ,95,10,Winner_2022,0.1,11.9,0,True,0.0,
4VozWQ,95,11,Winner_2022,0.1,10.0,1,True,0.0,
4VozWQ,95,12,Winner_2022,0.1,8.7,0,True,0.0,
4VozWQ,95,13,Winner_2022,0.1,7.6,0,True,0.0,
4VozWQ,95,14,Winner_2022,0.1,6.5,1,True,0.0,
4VozWQ,95,15,Winner_2022,0.1,5.7,0,True,0.0,
4VozWQ,95,16,Winner_2022,0.1,5.0,0,True,0.0,
4VozWQ,95,17,Winner_2022,0.1,5.0,0,True,0.0,
4VozWQ,95,18,Winner_2022,0.1,5.0,1,True,0.0,
4VozWQ,95,19,Winner_2022,0.1,5.0,0,True,0.0,
4VozWQ,95,20,Winner_2022,0.1,5.0,0,True,0.0,
4VozWQ,95,21,Winner_2022,0.1,5.0,0,True,0.0,
4VozWQ,95,22,Winner_2022,0.1,5.0,1,True,0.0,
4VozWQ,95,23,Winner_2022,0.1,5.0,0,True,0.0,
4VozWQ,95,24,Winner_2022,0.1,5.0,1,True,0.0,
4VozWQ,95,25,Winner_2022,0.1,5.0,1,True,0.0,
4VozWQ,95,26,Winner_2022,0.1,5.0,0,True,0.0,
4VozWQ,95,27,Winner_2022,0.1,5.0,0,True,0.0,
4VozWQ,95,28,Winner_2022,0.1,5.0,1,True,0.0,
4VozWQ,95,29,Winner_2022,0.1,5.0,0,True,0.0,
4VozWQ,95,30,Winner_2022,0.1,5.0,0,True,0.0,
4VozWQ,95,31,Winner_2022,0.1,5.0,0,True,0.0,
4VozWQ,95,32,Winner_2022,0.1,5.0,0,True,0.0,
4VozWQ,95,33,Winner_2022,0.1,5.0,0,True,0.0,
4VozWQ,95,34,Winner_2022,0.1,5.0,1,True,0.0,
4VozWQ,95,35,Winner_2022,0.1,5.0,1,True,0.0,
4VozWQ,95,36,Winner_2022,0.1,5.0,0,True,0.0,
4VozWQ,95,37,Winner_2022,0.1,5.0,0,True,0.0,
4VozWQ,95,38,Winner_2022,0.1,5.0,0,True,0.0,
4VozWQ,95,39,Winner_2022,0.1,5.0,0,True,0.0,
4VozWQ,95,40,Winner_2022,0.1,5.0,0,True,0.0,
4VozWQ,95,41,Winner_2022,0.1,5.0,1,True,0.0,
4VozWQ,95,42,Winner_2022,0.1,5.0,1,True,0.0,
4VozWQ,95,43,Winner_2022,0.1,5.0,0,True,0.0,
4VozWQ,95,44,Winner_2022,0.1,5.0,1,True,0.0,
4VozWQ,95,45,Winner_2022,0.1,5.0,1,True,0.0,
4VozWQ,95,46,Winner_2022,0.1,5.0,1,True,0.0,
4VozWQ,95,47,Winner_2022,0.1,5.0,0,True,0.0,
4VozWQ,95,48,Winner_2022,0.1,5.0,0,True,0.0,
4VozWQ,95,49,Winner_2022,0.1,5.0,0,True,0.0,
4VozWQ,95,50,Winner_2022,0.1,5.0,0,True,0.0,
4VozWQ,95,51,Winner_2022,0.1,5.0,0,True,0.0,
4VozWQ,95,52,Winner_2022,0.1,5.0,0,True,0.0,
4VozWQ,95,53,Winner_2022,0.1,5.0,0,True,0.0,
4VozWQ,95,54,Winner_2022,0.1,5.0,0,True,0.0,
4VozWQ,95,55,Winner_2022,0.1,5.0,1,True,0.0,
4VozWQ,95,56,Winner_2022,0.1,5.0,1,True,0.0,
4VozWQ,95,57,Winner_2022,0.1,5.0,0,True,0.0,
4VozWQ,95,58,Winner_2022,0.1,5.0,0,True,0.0,
4VozWQ,95,59,Winner_2022,0.1,5.0,3,True,0.0,
4VozWQ,95,60,Winner_2022,0.1,5.0,0,True,0.0,
4VozWQ,95,61,Winner_2022,0.1,5.0,1,True,0.0,
4VozWQ,95,62,Winner_2022,0.1,5.0,0,True,0.0,
4VozWQ,95,63,Winner_2022,0.1,5.0,2,True,0.0,
4VozWQ,95,64,Winner_2022,0.1,5.0,0,True,0.0,
4VozWQ,95,65,Winner_2022,0.1,5.0,2,True,0.0,
4VozWQ,95,66,Winner_2022,0.1,5.0,0,True,0.0,
4VozWQ,95,67,Winner_2022,0.1,5.0,0,True,0.0,
4VozWQ,95,68,Winner_2022,0.1,5.0,1,True,0.0,
4VozWQ,95,69,Winner_2022,0.1,5.0,1,True,0.0,
4VozWQ,95,70,Winner_2022,0.1,5.0,0,True,0.0,
4VozWQ,95,71,Winner_2022,0.1,5.0,1,True,0.0,
4VozWQ,95,72,Winner_2022,0.1,5.0,1,True,0.0,
4VozWQ,95,73,Winner_2022,0.1,5.0,0,True,0.0,
4VozWQ,95,74,Winner_2022,0.1,5.0,0,True,0.0,
4VozWQ,95,75,Winner_2022,0.1,5.0,1,True,0.0,
4VozWQ,95,76,Winner_2022,0.1,5.0,0,True,0.0,
4VozWQ,95,77,Winner_2022,0.1,5.0,1,True,0.0,
4VozWQ,95,78,Winner_2022,0.1,5.0,0,True,0.0,
4VozWQ,95,79,Winner_2022,0.1,5.0,0,True,0.001,
4VozWQ,95,80,Winner_2022,0.1,5.0,0,True,0.0,
4VozWQ,95,81,Winner_2022,0.1,5.0,0,True,0.0,
4VozWQ,95,82,Winner_2022,0.1,5.0,0,True,0.0,
4VozWQ,95,83,Winner_2022,0.1,5.0,0,True,0.0,
4VozWQ,95,84,Winner_2022,0.1,5.0,1,True,0.0,
4VozWQ,95,85,Winner_2022,0.1,5.0,0,True,0.0,
4VozWQ,95,86,Winner_2022,0.1,5.0,0,True,0.0,
4VozWQ,95,87,Winner_2022,0.1,5.0,0,True,0.0,
4VozWQ,95,88,Winner_2022,0.1,5.0,1,True,0.0,
4VozWQ,95,89,Winner_2022,0.1,5.0,1,True,0.0,
4VozWQ,95,90,Winner_2022,0.1,5.0,1,True,0.0,
4VozWQ,95,91,Winner_2022,0.1,5.0,1,True,0.0,
4VozWQ,95,92,Winner_2022,0.1,5.0,0,True,0.0,
4VozWQ,95,93,Winner_2022,0.1,5.0,1,True,0.0,
4VozWQ,95,94,Winner_2022,0.1,5.0,0,True,0.0,
4VozWQ,95,95,Winner_2022,0.1,5.0,2,True,0.0,
4VozWQ,95,96,Winner_2022,0.1,5.0,0,True,0.0,
4VozWQ,95,97,Winner_2022,0.1,5.0,1,True,0.0,
4VozWQ,95,98,Winner_2022,0.1,5.0,0,True,0.0,
4VozWQ,95,99,Winner_2022,0.1,5.0,0,True,0.0,
4VozWQ,95,100,Winner_2022,0.1,5.0,2,True,0.0,
4VozWQ,96,1,Winner_2022,1.7,81.0,0,True,0.0,
4VozWQ,96,2,Winner_2022,2.2,64.8,0,True,0.0,
4VozWQ,96,3,Winner_2022,2.7,51.8,0,True,0.0,
4VozWQ,96,4,Winner_2022,3.2,41.5,0,True,0.0,
4VozWQ,96,5,Winner_2022,3.7,33.2,0,True,0.0,
4VozWQ,96,6,Winner_2022,4.2,26.5,0,True,0.0,
4VozWQ,96,7,Winner_2022,3.7,21.2,0,True,0.0,
4VozWQ,96,8,Winner_2022,3.2,17.0,0,True,0.0,
4VozWQ,96,9,Winner_2022,3.7,13.6,1,True,0.0,
4VozWQ,96,10,Winner_2022,4.2,11.5,1,True,0.0,
4VozWQ,96,11,Winner_2022,4.7,10.1,0,True,0.0,
4VozWQ,96,12,Winner_2022,5.2,8.8,0,True,0.0,
4VozWQ,96,13,Winner_2022,5.7,7.7,0,True,0.0,
4VozWQ,96,14,Winner_2022,6.2,6.6,0,True,0.0,
4VozWQ,96,15,Winner_2022,6.4,5.6,0,True,0.0,
4VozWQ,96,16,Winner_2022,6.8,5.0,0,True,0.0,
4VozWQ,96,17,Winner_2022,6.3,5.0,0,True,0.0,
4VozWQ,96,18,Winner_2022,5.8,5.0,0,True,0.0,
4VozWQ,96,19,Winner_2022,5.4,5.0,0,True,0.0,
4VozWQ,96,20,Winner_2022,5.2,5.0,1,True,0.0,
4VozWQ,96,21,Winner_2022,5.1,5.0,1,True,0.0,
4VozWQ,96,22,Winner_2022,5.0,5.0,0,True,0.0,
4VozWQ,96,23,Winner_2022,5.0,5.0,0,True,0.0,
4VozWQ,96,24,Winner_2022,5.0,5.0,0,True,0.0,
4VozWQ,96,25,Winner_2022,5.0,5.0,0,True,0.0,
4VozWQ,96,26,Winner_2022,5.0,5.0,0,True,0.0,
4VozWQ,96,27,Winner_2022,5.0,5.0,0,True,0.0,
4VozWQ,96,28,Winner_2022,5.0,5.0,1,True,0.0,
4VozWQ,96,29,Winner_2022,5.0,5.0,0,True,0.0,
4VozWQ,96,30,Winner_2022,5.0,5.0,0,True,0.0,
4VozWQ,96,31,Winner_2022,5.0,5.0,0,True,0.0,
4VozWQ,96,32,Winner_2022,5.0,5.0,0,True,0.0,
4VozWQ,96,33,Winner_2022,5.0,5.0,0,True,0.0,
4VozWQ,96,34,Winner_2022,5.0,5.0,1,True,0.0,
4VozWQ,96,35,Winner_2022,5.0,5.0,0,True,0.0,
4VozWQ,96,36,Winner_2022,5.0,5.0,2,True,0.0,
4VozWQ,96,37,Winner_2022,5.0,5.0,1,True,0.0,
4VozWQ,96,38,Winner_2022,5.0,5.0,0,True,0.0,
4VozWQ,96,39,Winner_2022,5.0,5.0,1,True,0.0,
4VozWQ,96,40,Winner_2022,5.0,5.0,1,True,0.0,
4VozWQ,96,41,Winner_2022,5.0,5.0,1,True,0.0,
4VozWQ,96,42,Winner_2022,5.0,5.0,1,True,0.0,
4VozWQ,96,43,Winner_2022,5.0,5.0,0,True,0.0,
4VozWQ,96,44,Winner_2022,5.0,5.0,0,True,0.0,
4VozWQ,96,45,Winner_2022,5.0,5.0,0,True,0.0,
4VozWQ,96,46,Winner_2022,5.0,5.0,0,True,0.0,
4VozWQ,96,47,Winner_2022,5.0,5.0,0,True,0.0,
4VozWQ,96,48,Winner_2022,5.0,5.0,0,True,0.0,
4VozWQ,96,49,Winner_2022,5.0,5.0,2,True,0.0,
4VozWQ,96,50,Winner_2022,5.0,5.0,0,True,0.0,
4VozWQ,96,51,Winner_2022,5.0,5.0,0,True,0.0,
4VozWQ,96,52,Winner_2022,5.0,5.0,0,True,0.0,
4VozWQ,96,53,Winner_2022,5.0,5.0,1,True,0.0,
4VozWQ,96,54,Winner_2022,5.0,5.0,1,True,0.0,
4VozWQ,96,55,Winner_2022,5.0,5.0,0,True,0.0,
4VozWQ,96,56,Winner_2022,5.0,5.0,0,True,0.0,
4VozWQ,96,57,Winner_2022,5.0,5.0,0,True,0.0,
4VozWQ,96,58,Winner_2022,5.0,5.0,1,True,0.0,
4VozWQ,96,59,Winner_2022,5.0,5.0,0,True,0.0,
4VozWQ,96,60,Winner_2022,5.0,5.0,1,True,0.0,
4VozWQ,96,61,Winner_2022,5.0,5.0,1,True,0.0,
4VozWQ,96,62,Winner_2022,5.0,5.0,2,True,0.0,
4VozWQ,96,63,Winner_2022,5.0,5.0,4,True,0.0,
4VozWQ,96,64,Winner_2022,5.0,5.0,1,True,0.0,
4VozWQ,96,65,Winner_2022,5.0,5.0,0,True,0.0,
4VozWQ,96,66,Winner_2022,5.0,5.0,2,True,0.0,
4VozWQ,96,67,Winner_2022,5.0,5.0,3,True,0.0,
4VozWQ,96,68,Winner_2022,5.0,5.0,1,True,0.0,
4VozWQ,96,69,Winner_2022,5.0,5.0,2,True,0.0,
4VozWQ,96,70,Winner_2022,5.0,5.0,0,True,0.0,
4VozWQ,96,71,Winner_2022,5.0,5.0,1,True,0.0,
4VozWQ,96,72,Winner_2022,5.0,5.0,0,True,0.0,
4VozWQ,96,73,Winner_2022,5.0,5.0,0,True,0.0,
4VozWQ,96,74,Winner_2022,5.0,5.0,2,True,0.0,
4VozWQ,96,75,Winner_2022,5.0,5.0,0,True,0.0,
4VozWQ,96,76,Winner_2022,5.0,5.0,0,True,0.0,
4VozWQ,96,77,Winner_2022,5.0,5.0,0,True,0.0,
4VozWQ,96,78,Winner_2022,5.0,5.0,2,True,0.0,
4VozWQ,96,79,Winner_2022,5.0,5.0,0,True,0.0,
4VozWQ,96,80,Winner_2022,5.0,5.0,0,True,0.0,
4VozWQ,96,81,Winner_2022,5.0,5.0,0,True,0.0,
4VozWQ,96,82,Winner_2022,5.0,5.0,1,True,0.0,
4VozWQ,96,83,Winner_2022,5.0,5.0,3,True,0.0,
4VozWQ,96,84,Winner_2022,5.0,5.0,0,True,0.0,
4VozWQ,96,85,Winner_2022,5.0,5.0,1,True,0.0,
4VozWQ,96,86,Winner_2022,5.0,5.0,0,True,0.0,
4VozWQ,96,87,Winner_2022,5.0,5.0,0,True,0.0,
4VozWQ,96,88,Winner_2022,5.0,5.0,0,True,0.0,
4VozWQ,96,89,Winner_2022,5.0,5.0,2,True,0.0,
4VozWQ,96,90,Winner_2022,5.0,5.0,0,True,0.0,
4VozWQ,96,91,Winner_2022,5.0,5.0,1,True,0.0,
4VozWQ,96,92,Winner_2022,5.0,5.0,3,True,0.0,
4VozWQ,96,93,Winner_2022,5.0,5.0,0,True,0.0,
4VozWQ,96,94,Winner_2022,5.0,5.0,0,True,0.0,
4VozWQ,96,95,Winner_2022,5.0,5.0,0,True,0.0,
4VozWQ,96,96,Winner_2022,5.0,5.0,0,True,0.0,
4VozWQ,96,97,Winner_2022,5.0,5.0,0,True,0.0,
4VozWQ,96,98,Winner_2022,5.0,5.0,0,True,0.0,
4VozWQ,96,99,Winner_2022,5.0,5.0,0,True,0.0,
4VozWQ,96,100,Winner_2022,5.0,5.0,0,True,0.0,
4VozWQ,97,1,Winner_2022,2.6,83.0,0,True,0.0,
4VozWQ,97,2,Winner_2022,2.1,66.4,0,True,0.0,
4VozWQ,97,3,Winner_2022,1.6,53.1,0,True,0.0,
4VozWQ,97,4,Winner_2022,1.1,42.5,0,True,0.0,
4VozWQ,97,5,Winner_2022,0.6,34.0,0,True,0.0,
4VozWQ,97,6,Winner_2022,0.1,27.2,0,True,0.0,
4VozWQ,97,7,Winner_2022,0.1,21.8,0,True,0.0,
4VozWQ,97,8,Winner_2022,0.1,17.4,1,True,0.0,
4VozWQ,97,9,Winner_2022,0.1,14.8,0,True,0.0,
4VozWQ,97,10,Winner_2022,0.1,12.5,2,True,0.0,
4VozWQ,97,11,Winner_2022,0.1,11.5,0,True,0.0,
4VozWQ,97,12,Winner_2022,0.1,10.5,1,True,0.0,
4VozWQ,97,13,Winner_2022,0.1,9.8,0,True,0.0,
4VozWQ,97,14,Winner_2022,0.1,9.0,1,True,0.0,
4VozWQ,97,15,Winner_2022,0.1,8.4,0,True,0.0,
4VozWQ,97,16,Winner_2022,0.1,7.7,0,True,0.0,
4VozWQ,97,17,Winner_2022,0.1,7.1,1,True,0.0,
4VozWQ,97,18,Winner_2022,0.1,6.6,0,True,0.0,
4VozWQ,97,19,Winner_2022,0.1,6.1,1,True,0.0,
4VozWQ,97,20,Winner_2022,0.1,5.7,1,True,0.0,
4VozWQ,97,21,Winner_2022,0.1,5.4,1,True,0.0,
4VozWQ,97,22,Winner_2022,0.1,5.2,0,True,0.0,
4VozWQ,97,23,Winner_2022,0.1,5.0,1,True,0.0,
4VozWQ,97,24,Winner_2022,0.1,5.0,0,True,0.0,
4VozWQ,97,25,Winner_2022,0.1,5.0,0,True,0.0,
4VozWQ,97,26,Winner_2022,0.1,5.0,0,True,0.0,
4VozWQ,97,27,Winner_2022,0.1,5.0,0,True,0.0,
4VozWQ,97,28,Winner_2022,0.1,5.0,1,True,0.0,
4VozWQ,97,29,Winner_2022,0.1,5.0,0,True,0.0,
4VozWQ,97,30,Winner_2022,0.1,5.0,0,True,0.0,
4VozWQ,97,31,Winner_2022,0.1,5.0,0,True,0.0,
4VozWQ,97,32,Winner_2022,0.1,5.0,0,True,0.0,
4VozWQ,97,33,Winner_2022,0.1,5.0,0,True,0.0,
4VozWQ,97,34,Winner_2022,0.1,5.0,0,True,0.0,
4VozWQ,97,35,Winner_2022,0.1,5.0,0,True,0.0,
4VozWQ,97,36,Winner_2022,0.1,5.0,0,True,0.0,
4VozWQ,97,37,Winner_2022,0.1,5.0,0,True,0.0,
4VozWQ,97,38,Winner_2022,0.1,5.0,1,True,0.0,
4VozWQ,97,39,Winner_2022,0.1,5.0,0,True,0.0,
4VozWQ,97,40,Winner_2022,0.1,5.0,0,True,0.0,
4VozWQ,97,41,Winner_2022,0.1,5.0,1,True,0.0,
4VozWQ,97,42,Winner_2022,0.1,5.0,0,True,0.0,
4VozWQ,97,43,Winner_2022,0.1,5.0,0,True,0.0,
4VozWQ,97,44,Winner_2022,0.1,5.0,0,True,0.0,
4VozWQ,97,45,Winner_2022,0.1,5.0,1,True,0.0,
4VozWQ,97,46,Winner_2022,0.1,5.0,2,True,0.0,
4VozWQ,97,47,Winner_2022,0.1,5.0,0,True,0.0,
4VozWQ,97,48,Winner_2022,0.1,5.0,0,True,0.0,
4VozWQ,97,49,Winner_2022,0.1,5.0,0,True,0.0,
4VozWQ,97,50,Winner_2022,0.1,5.0,0,True,0.0,
4VozWQ,97,51,Winner_2022,0.1,5.0,1,True,0.0,
4VozWQ,97,52,Winner_2022,0.1,5.0,0,True,0.0,
4VozWQ,97,53,Winner_2022,0.1,5.0,0,True,0.0,
4VozWQ,97,54,Winner_2022,0.1,5.0,1,True,0.0,
4VozWQ,97,55,Winner_2022,0.1,5.0,0,True,0.0,
4VozWQ,97,56,Winner_2022,0.1,5.0,0,True,0.0,
4VozWQ,97,57,Winner_2022,0.1,5.0,1,True,0.0,
4VozWQ,97,58,Winner_2022,0.1,5.0,1,True,0.0,
4VozWQ,97,59,Winner_2022,0.1,5.0,0,True,0.0,
4VozWQ,97,60,Winner_2022,0.1,5.0,0,True,0.0,
4VozWQ,97,61,Winner_2022,0.1,5.0,1,True,0.0,
4VozWQ,97,62,Winner_2022,0.1,5.0,0,True,0.0,
4VozWQ,97,63,Winner_2022,0.1,5.0,0,True,0.0,
4VozWQ,97,64,Winner_2022,0.1,5.0,1,True,0.0,
4VozWQ,97,65,Winner_2022,0.1,5.0,1,True,0.0,
4VozWQ,97,66,Winner_2022,0.1,5.0,1,True,0.0,
4VozWQ,97,67,Winner_2022,0.1,5.0,0,True,0.0,
4VozWQ,97,68,Winner_2022,0.1,5.0,1,True,0.0,
4VozWQ,97,69,Winner_2022,0.1,5.0,1,True,0.0,
4VozWQ,97,70,Winner_2022,0.1,5.0,1,True,0.0,
4VozWQ,97,71,Winner_2022,0.1,5.0,2,True,0.0,
4VozWQ,97,72,Winner_2022,0.1,5.0,0,True,0.0,
4VozWQ,97,73,Winner_2022,0.1,5.0,0,True,0.0,
4VozWQ,97,74,Winner_2022,0.1,5.0,0,True,0.0,
4VozWQ,97,75,Winner_2022,0.1,5.0,1,True,0.0,
4VozWQ,97,76,Winner_2022,0.1,5.0,0,True,0.0,
4VozWQ,97,77,Winner_2022,0.1,5.0,1,True,0.0,
4VozWQ,97,78,Winner_2022,0.1,5.0,1,True,0.0,
4VozWQ,97,79,Winner_2022,0.1,5.0,0,True,0.0,
4VozWQ,97,80,Winner_2022,0.1,5.0,0,True,0.0,
4VozWQ,97,81,Winner_2022,0.1,5.0,0,True,0.0,
4VozWQ,97,82,Winner_2022,0.1,5.0,1,True,0.0,
4VozWQ,97,83,Winner_2022,0.1,5.0,0,True,0.0,
4VozWQ,97,84,Winner_2022,0.1,5.0,1,True,0.0,
4VozWQ,97,85,Winner_2022,0.1,5.0,1,True,0.0,
4VozWQ,97,86,Winner_2022,0.1,5.0,0,True,0.0,
4VozWQ,97,87,Winner_2022,0.1,5.0,0,True,0.0,
4VozWQ,97,88,Winner_2022,0.1,5.0,0,True,0.0,
4VozWQ,97,89,Winner_2022,0.1,5.0,2,True,0.0,
4VozWQ,97,90,Winner_2022,0.1,5.0,0,True,0.0,
4VozWQ,97,91,Winner_2022,0.1,5.0,0,True,0.0,
4VozWQ,97,92,Winner_2022,0.1,5.0,1,True,0.0,
4VozWQ,97,93,Winner_2022,0.1,5.0,0,True,0.0,
4VozWQ,97,94,Winner_2022,0.1,5.0,1,True,0.0,
4VozWQ,97,95,Winner_2022,0.1,5.0,0,True,0.0,
4VozWQ,97,96,Winner_2022,0.1,5.0,0,True,0.0,
4VozWQ,97,97,Winner_2022,0.1,5.0,0,True,0.0,
4VozWQ,97,98,Winner_2022,0.1,5.0,1,True,0.0,
4VozWQ,97,99,Winner_2022,0.1,5.0,1,True,0.0,
4VozWQ,97,100,Winner_2022,0.1,5.0,2,True,0.0,
4VozWQ,98,1,Winner_2022,2.5,82.0,0,True,0.0,
4VozWQ,98,2,Winner_2022,3.0,65.6,0,True,0.0,
4VozWQ,98,3,Winner_2022,3.5,52.5,0,True,0.0,
4VozWQ,98,4,Winner_2022,4.0,42.0,0,True,0.0,
4VozWQ,98,5,Winner_2022,4.5,33.6,0,True,0.0,
4VozWQ,98,6,Winner_2022,5.0,26.9,0,True,0.0,
4VozWQ,98,7,Winner_2022,5.5,21.5,0,True,0.0,
4VozWQ,98,8,Winner_2022,6.0,17.2,0,True,0.0,
4VozWQ,98,9,Winner_2022,6.5,13.8,0,True,0.0,
4VozWQ,98,10,Winner_2022,7.0,11.0,0,True,0.0,
4VozWQ,98,11,Winner_2022,6.5,8.8,0,True,0.0,
4VozWQ,98,12,Winner_2022,7.0,7.0,4,True,0.0,
4VozWQ,98,13,Winner_2022,7.0,6.6,2,True,0.0,
4VozWQ,98,14,Winner_2022,6.8,6.4,0,True,0.0,
4VozWQ,98,15,Winner_2022,6.6,6.2,1,True,0.0,
4VozWQ,98,16,Winner_2022,6.4,6.0,1,True,0.0,
4VozWQ,98,17,Winner_2022,6.2,5.9,1,True,0.0,
4VozWQ,98,18,Winner_2022,6.0,5.9,4,True,0.0,
4VozWQ,98,19,Winner_2022,6.0,6.3,0,True,0.0,
4VozWQ,98,20,Winner_2022,5.8,6.6,0,True,0.0,
4VozWQ,98,21,Winner_2022,5.4,6.9,1,True,0.0,
4VozWQ,98,22,Winner_2022,4.9,7.3,2,True,0.0,
4VozWQ,98,23,Winner_2022,4.4,7.9,2,True,0.0,
4VozWQ,98,24,Winner_2022,3.9,8.6,0,True,0.0,
4VozWQ,98,25,Winner_2022,3.4,9.3,0,True,0.0,
4VozWQ,98,26,Winner_2022,2.9,9.9,0,True,0.0,
4VozWQ,98,27,Winner_2022,2.4,10.5,0,True,0.0,
4VozWQ,98,28,Winner_2022,2.9,11.1,0,True,0.0,
4VozWQ,98,29,Winner_2022,3.4,11.5,1,True,0.0,
4VozWQ,98,30,Winner_2022,3.9,12.0,0,True,0.0,
4VozWQ,98,31,Winner_2022,4.4,12.4,0,True,0.0,
4VozWQ,98,32,Winner_2022,4.9,12.7,0,True,0.0,
4VozWQ,98,33,Winner_2022,4.4,13.0,0,True,0.0,
4VozWQ,98,34,Winner_2022,3.9,13.2,0,True,0.0,
4VozWQ,98,35,Winner_2022,3.4,13.3,0,True,0.0,
4VozWQ,98,36,Winner_2022,2.9,13.3,0,True,0.0,
4VozWQ,98,37,Winner_2022,2.4,13.3,0,True,0.0,
4VozWQ,98,38,Winner_2022,1.9,13.2,1,True,0.0,
4VozWQ,98,39,Winner_2022,1.4,13.2,0,True,0.0,
4VozWQ,98,40,Winner_2022,0.9,13.1,0,True,0.0,
4VozWQ,98,41,Winner_2022,0.4,12.9,0,True,0.0,
4VozWQ,98,42,Winner_2022,0.1,12.7,0,True,0.0,
4VozWQ,98,43,Winner_2022,0.1,12.5,1,True,0.0,
4VozWQ,98,44,Winner_2022,0.1,12.3,2,True,0.0,
4VozWQ,98,45,Winner_2022,0.1,12.3,0,True,0.0,
4VozWQ,98,46,Winner_2022,0.1,12.2,1,True,0.0,
4VozWQ,98,47,Winner_2022,0.1,12.2,0,True,0.0,
4VozWQ,98,48,Winner_2022,0.1,12.1,0,True,0.0,
4VozWQ,98,49,Winner_2022,0.1,12.1,0,True,0.0,
4VozWQ,98,50,Winner_2022,0.1,11.9,0,True,0.0,
4VozWQ,98,51,Winner_2022,0.1,11.7,0,True,0.0,
4VozWQ,98,52,Winner_2022,0.1,11.5,0,True,0.0,
4VozWQ,98,53,Winner_2022,0.1,11.2,0,True,0.0,
4VozWQ,98,54,Winner_2022,0.1,10.8,0,True,0.0,
4VozWQ,98,55,Winner_2022,0.1,10.4,0,True,0.0,
4VozWQ,98,56,Winner_2022,0.1,10.0,0,True,0.0,
4VozWQ,98,57,Winner_2022,0.1,9.6,0,True,0.0,
4VozWQ,98,58,Winner_2022,0.1,9.1,0,True,0.0,
4VozWQ,98,59,Winner_2022,0.1,8.7,0,True,0.0,
4VozWQ,98,60,Winner_2022,0.1,8.2,0,True,0.0,
4VozWQ,98,61,Winner_2022,0.1,7.7,0,True,0.0,
4VozWQ,98,62,Winner_2022,0.1,7.3,0,True,0.0,
4VozWQ,98,63,Winner_2022,0.1,6.8,1,True,0.0,
4VozWQ,98,64,Winner_2022,0.1,6.4,1,True,0.0,
4VozWQ,98,65,Winner_2022,0.1,6.0,0,True,0.0,
4VozWQ,98,66,Winner_2022,0.1,5.6,1,True,0.0,
4VozWQ,98,67,Winner_2022,0.1,5.2,1,True,0.0,
4VozWQ,98,68,Winner_2022,0.1,5.0,2,True,0.0,
4VozWQ,98,69,Winner_2022,0.1,5.0,1,True,0.0,
4VozWQ,98,70,Winner_2022,0.1,5.0,0,True,0.0,
4VozWQ,98,71,Winner_2022,0.1,5.0,0,True,0.0,
4VozWQ,98,72,Winner_2022,0.1,5.0,0,True,0.0,
4VozWQ,98,73,Winner_2022,0.1,5.0,0,True,0.0,
4VozWQ,98,74,Winner_2022,0.1,5.0,1,True,0.0,
4VozWQ,98,75,Winner_2022,0.1,5.0,0,True,0.0,
4VozWQ,98,76,Winner_2022,0.1,5.0,1,True,0.0,
4VozWQ,98,77,Winner_2022,0.1,5.0,0,True,0.0,
4VozWQ,98,78,Winner_2022,0.1,5.0,1,True,0.0,
4VozWQ,98,79,Winner_2022,0.1,5.0,0,True,0.0,
4VozWQ,98,80,Winner_2022,0.1,5.0,0,True,0.0,
4VozWQ,98,81,Winner_2022,0.1,5.0,0,True,0.0,
4VozWQ,98,82,Winner_2022,0.1,5.0,2,True,0.0,
4VozWQ,98,83,Winner_2022,0.1,5.0,0,True,0.0,
4VozWQ,98,84,Winner_2022,0.1,5.0,0,True,0.0,
4VozWQ,98,85,Winner_2022,0.1,5.0,0,True,0.0,
4VozWQ,98,86,Winner_2022,0.1,5.0,0,True,0.0,
4VozWQ,98,87,Winner_2022,0.1,5.0,0,True,0.0,
4VozWQ,98,88,Winner_2022,0.1,5.0,2,True,0.0,
4VozWQ,98,89,Winner_2022,0.1,5.0,0,True,0.0,
4VozWQ,98,90,Winner_2022,0.1,5.0,0,True,0.0,
4VozWQ,98,91,Winner_2022,0.1,5.0,0,True,0.0,
4VozWQ,98,92,Winner_2022,0.1,5.0,0,True,0.0,
4VozWQ,98,93,Winner_2022,0.1,5.0,2,True,0.0,
4VozWQ,98,94,Winner_2022,0.1,5.0,0,True,0.0,
4VozWQ,98,95,Winner_2022,0.1,5.0,1,True,0.0,
4VozWQ,98,96,Winner_2022,0.1,5.0,2,True,0.0,
4VozWQ,98,97,Winner_2022,0.1,5.0,2,True,0.0,
4VozWQ,98,98,Winner_2022,0.1,5.0,1,True,0.0,
4VozWQ,98,99,Winner_2022,0.1,5.0,0,True,0.0,
4VozWQ,98,100,Winner_2022,0.1,5.0,1,True,0.0,
4VozWQ,99,1,Winner_2022,1.0,89.0,0,True,0.0,
4VozWQ,99,2,Winner_2022,0.5,71.2,0,True,0.0,
4VozWQ,99,3,Winner_2022,0.1,57.0,0,True,0.0,
4VozWQ,99,4,Winner_2022,0.1,45.6,0,True,0.0,
4VozWQ,99,5,Winner_2022,0.1,36.5,0,True,0.0,
4VozWQ,99,6,Winner_2022,0.1,29.2,0,True,0.0,
4VozWQ,99,7,Winner_2022,0.1,23.3,0,True,0.0,
4VozWQ,99,8,Winner_2022,0.1,18.7,0,True,0.0,
4VozWQ,99,9,Winner_2022,0.1,14.9,0,True,0.0,
4VozWQ,99,10,Winner_2022,0.1,11.9,1,True,0.0,
4VozWQ,99,11,Winner_2022,0.1,10.0,0,True,0.0,
4VozWQ,99,12,Winner_2022,0.1,8.4,0,True,0.0,
4VozWQ,99,13,Winner_2022,0.1,7.0,0,True,0.0,
4VozWQ,99,14,Winner_2022,0.1,5.8,0,True,0.0,
4VozWQ,99,15,Winner_2022,0.1,5.0,0,True,0.0,
4VozWQ,99,16,Winner_2022,0.1,5.0,0,True,0.0,
4VozWQ,99,17,Winner_2022,0.1,5.0,0,True,0.0,
4VozWQ,99,18,Winner_2022,0.1,5.0,0,True,0.0,
4VozWQ,99,19,Winner_2022,0.1,5.0,0,True,0.0,
4VozWQ,99,20,Winner_2022,0.1,5.0,0,True,0.0,
4VozWQ,99,21,Winner_2022,0.1,5.0,2,True,0.0,
4VozWQ,99,22,Winner_2022,0.1,5.0,0,True,0.0,
4VozWQ,99,23,Winner_2022,0.1,5.0,1,True,0.0,
4VozWQ,99,24,Winner_2022,0.1,5.0,0,True,0.0,
4VozWQ,99,25,Winner_2022,0.1,5.0,0,True,0.0,
4VozWQ,99,26,Winner_2022,0.1,5.0,1,True,0.0,
4VozWQ,99,27,Winner_2022,0.1,5.0,0,True,0.0,
4VozWQ,99,28,Winner_2022,0.1,5.0,0,True,0.0,
4VozWQ,99,29,Winner_2022,0.1,5.0,1,True,0.0,
4VozWQ,99,30,Winner_2022,0.1,5.0,0,True,0.0,
4VozWQ,99,31,Winner_2022,0.1,5.0,0,True,0.0,
4VozWQ,99,32,Winner_2022,0.1,5.0,1,True,0.0,
4VozWQ,99,33,Winner_2022,0.1,5.0,0,True,0.0,
4VozWQ,99,34,Winner_2022,0.1,5.0,1,True,0.0,
4VozWQ,99,35,Winner_2022,0.1,5.0,0,True,0.0,
4VozWQ,99,36,Winner_2022,0.1,5.0,1,True,0.003,
4VozWQ,99,37,Winner_2022,0.1,5.0,0,True,0.0,
4VozWQ,99,38,Winner_2022,0.1,5.0,0,True,0.0,
4VozWQ,99,39,Winner_2022,0.1,5.0,1,True,0.0,
4VozWQ,99,40,Winner_2022,0.1,5.0,0,True,0.0,
4VozWQ,99,41,Winner_2022,0.1,5.0,0,True,0.0,
4VozWQ,99,42,Winner_2022,0.1,5.0,0,True,0.0,
4VozWQ,99,43,Winner_2022,0.1,5.0,1,True,0.0,
4VozWQ,99,44,Winner_2022,0.1,5.0,0,True,0.0,
4VozWQ,99,45,Winner_2022,0.1,5.0,1,True,0.0,
4VozWQ,99,46,Winner_2022,0.1,5.0,0,True,0.0,
4VozWQ,99,47,Winner_2022,0.1,5.0,0,True,0.0,
4VozWQ,99,48,Winner_2022,0.1,5.0,0,True,0.0,
4VozWQ,99,49,Winner_2022,0.1,5.0,0,True,0.0,
4VozWQ,99,50,Winner_2022,0.1,5.0,0,True,0.0,
4VozWQ,99,51,Winner_2022,0.1,5.0,0,True,0.0,
4VozWQ,99,52,Winner_2022,0.1,5.0,0,True,0.0,
4VozWQ,99,53,Winner_2022,0.1,5.0,1,True,0.0,
4VozWQ,99,54,Winner_2022,0.1,5.0,2,True,0.0,
4VozWQ,99,55,Winner_2022,0.1,5.0,0,True,0.0,
4VozWQ,99,56,Winner_2022,0.1,5.0,0,True,0.0,
4VozWQ,99,57,Winner_2022,0.1,5.0,0,True,0.0,
4VozWQ,99,58,Winner_2022,0.1,5.0,1,True,0.0,
4VozWQ,99,59,Winner_2022,0.1,5.0,0,True,0.0,
4VozWQ,99,60,Winner_2022,0.1,5.0,0,True,0.0,
4VozWQ,99,61,Winner_2022,0.1,5.0,0,True,0.0,
4VozWQ,99,62,Winner_2022,0.1,5.0,1,True,0.0,
4VozWQ,99,63,Winner_2022,0.1,5.0,1,True,0.0,
4VozWQ,99,64,Winner_2022,0.1,5.0,1,True,0.0,
4VozWQ,99,65,Winner_2022,0.1,5.0,1,True,0.0,
4VozWQ,99,66,Winner_2022,0.1,5.0,1,True,0.0,
4VozWQ,99,67,Winner_2022,0.6,5.0,2,True,0.0,
4VozWQ,99,68,Winner_2022,1.1,5.0,1,True,0.0,
4VozWQ,99,69,Winner_2022,1.6,5.0,0,True,0.0,
4VozWQ,99,70,Winner_2022,2.1,5.0,0,True,0.0,
4VozWQ,99,71,Winner_2022,2.6,5.0,0,True,0.0,
4VozWQ,99,72,Winner_2022,3.1,5.0,1,True,0.0,
4VozWQ,99,73,Winner_2022,3.6,5.0,1,True,0.0,
4VozWQ,99,74,Winner_2022,4.1,5.0,1,True,0.0,
4VozWQ,99,75,Winner_2022,4.5,5.0,1,True,0.0,
4VozWQ,99,76,Winner_2022,4.8,5.0,1,True,0.0,
4VozWQ,99,77,Winner_2022,4.9,5.0,0,True,0.0,
4VozWQ,99,78,Winner_2022,4.9,5.0,1,True,0.0,
4VozWQ,99,79,Winner_2022,5.0,5.0,0,True,0.0,
4VozWQ,99,80,Winner_2022,5.0,5.0,1,True,0.0,
4VozWQ,99,81,Winner_2022,5.0,5.0,0,True,0.0,
4VozWQ,99,82,Winner_2022,5.0,5.0,1,True,0.0,
4VozWQ,99,83,Winner_2022,5.0,5.0,1,True,0.0,
4VozWQ,99,84,Winner_2022,5.0,5.0,2,True,0.0,
4VozWQ,99,85,Winner_2022,5.0,5.0,1,True,0.0,
4VozWQ,99,86,Winner_2022,5.0,5.0,0,True,0.0,
4VozWQ,99,87,Winner_2022,5.0,5.0,0,True,0.0,
4VozWQ,99,88,Winner_2022,5.0,5.0,1,True,0.0,
4VozWQ,99,89,Winner_2022,5.0,5.0,0,True,0.0,
4VozWQ,99,90,Winner_2022,5.0,5.0,2,True,0.0,
4VozWQ,99,91,Winner_2022,5.0,5.0,0,True,0.0,
4VozWQ,99,92,Winner_2022,4.9,5.0,2,True,0.0,
4VozWQ,99,93,Winner_2022,4.9,5.0,1,True,0.0,
4VozWQ,99,94,Winner_2022,4.8,5.0,0,True,0.0,
4VozWQ,99,95,Winner_2022,4.8,5.0,0,True,0.0,
4VozWQ,99,96,Winner_2022,4.7,5.0,0,True,0.0,
4VozWQ,99,97,Winner_2022,4.5,5.0,1,True,0.0,
4VozWQ,99,98,Winner_2022,4.2,5.0,0,True,0.0,
4VozWQ,99,99,Winner_2022,3.8,5.0,4,True,0.0,
4VozWQ,99,100,Winner_2022,3.3,5.0,1,True,0.0,
4VozWQ,100,1,Winner_2022,1.7,41.0,0,True,0.0,
4VozWQ,100,2,Winner_2022,1.2,32.8,0,True,0.0,
4VozWQ,100,3,Winner_2022,0.7,26.2,0,True,0.0,
4VozWQ,100,4,Winner_2022,0.2,21.0,0,True,0.0,
4VozWQ,100,5,Winner_2022,0.1,16.8,0,True,0.0,
4VozWQ,100,6,Winner_2022,0.1,13.4,0,True,0.0,
4VozWQ,100,7,Winner_2022,0.1,10.7,0,True,0.0,
4VozWQ,100,8,Winner_2022,0.1,8.6,0,True,0.0,
4VozWQ,100,9,Winner_2022,0.1,6.9,0,True,0.0,
4VozWQ,100,10,Winner_2022,0.1,5.5,0,True,0.0,
4VozWQ,100,11,Winner_2022,0.1,5.0,1,True,0.0,
4VozWQ,100,12,Winner_2022,0.1,5.0,2,True,0.0,
4VozWQ,100,13,Winner_2022,0.1,5.0,0,True,0.0,
4VozWQ,100,14,Winner_2022,0.1,5.0,0,True,0.0,
4VozWQ,100,15,Winner_2022,0.1,5.0,0,True,0.0,
4VozWQ,100,16,Winner_2022,0.1,5.0,0,True,0.0,
4VozWQ,100,17,Winner_2022,0.1,5.0,0,True,0.0,
4VozWQ,100,18,Winner_2022,0.1,5.0,0,True,0.0,
4VozWQ,100,19,Winner_2022,0.1,5.0,0,True,0.0,
4VozWQ,100,20,Winner_2022,0.1,5.0,2,True,0.0,
4VozWQ,100,21,Winner_2022,0.1,5.0,0,True,0.0,
4VozWQ,100,22,Winner_2022,0.1,5.0,1,True,0.0,
4VozWQ,100,23,Winner_2022,0.1,5.0,0,True,0.0,
4VozWQ,100,24,Winner_2022,0.1,5.0,0,True,0.0,
4VozWQ,100,25,Winner_2022,0.1,5.0,1,True,0.0,
4VozWQ,100,26,Winner_2022,0.1,5.0,0,True,0.0,
4VozWQ,100,27,Winner_2022,0.1,5.0,0,True,0.0,
4VozWQ,100,28,Winner_2022,0.1,5.0,0,True,0.0,
4VozWQ,100,29,Winner_2022,0.1,5.0,0,True,0.0,
4VozWQ,100,30,Winner_2022,0.1,5.0,0,True,0.0,
4VozWQ,100,31,Winner_2022,0.1,5.0,0,True,0.0,
4VozWQ,100,32,Winner_2022,0.1,5.0,0,True,0.0,
4VozWQ,100,33,Winner_2022,0.1,5.0,0,True,0.0,
4VozWQ,100,34,Winner_2022,0.1,5.0,0,True,0.0,
4VozWQ,100,35,Winner_2022,0.1,5.0,1,True,0.0,
4VozWQ,100,36,Winner_2022,0.1,5.0,1,True,0.0,
4VozWQ,100,37,Winner_2022,0.1,5.0,1,True,0.0,
4VozWQ,100,38,Winner_2022,0.1,5.0,0,True,0.0,
4VozWQ,100,39,Winner_2022,0.1,5.0,0,True,0.0,
4VozWQ,100,40,Winner_2022,0.1,5.0,0,True,0.0,
4VozWQ,100,41,Winner_2022,0.1,5.0,2,True,0.0,
4VozWQ,100,42,Winner_2022,0.1,5.0,0,True,0.0,
4VozWQ,100,43,Winner_2022,0.1,5.0,0,True,0.0,
4VozWQ,100,44,Winner_2022,0.1,5.0,0,True,0.0,
4VozWQ,100,45,Winner_2022,0.1,5.0,0,True,0.0,
4VozWQ,100,46,Winner_2022,0.1,5.0,0,True,0.0,
4VozWQ,100,47,Winner_2022,0.1,5.0,0,True,0.0,
4VozWQ,100,48,Winner_2022,0.1,5.0,0,True,0.0,
4VozWQ,100,49,Winner_2022,0.1,5.0,2,True,0.0,
4VozWQ,100,50,Winner_2022,0.1,5.0,0,True,0.0,
4VozWQ,100,51,Winner_2022,0.1,5.0,0,True,0.0,
4VozWQ,100,52,Winner_2022,0.1,5.0,1,True,0.0,
4VozWQ,100,53,Winner_2022,0.1,5.0,0,True,0.0,
4VozWQ,100,54,Winner_2022,0.1,5.0,1,True,0.0,
4VozWQ,100,55,Winner_2022,0.1,5.0,0,True,0.0,
4VozWQ,100,56,Winner_2022,0.1,5.0,0,True,0.0,
4VozWQ,100,57,Winner_2022,0.1,5.0,2,True,0.0,
4VozWQ,100,58,Winner_2022,0.1,5.0,0,True,0.0,
4VozWQ,100,59,Winner_2022,0.1,5.0,2,True,0.0,
4VozWQ,100,60,Winner_2022,0.1,5.0,0,True,0.0,
4VozWQ,100,61,Winner_2022,0.1,5.0,1,True,0.0,
4VozWQ,100,62,Winner_2022,0.1,5.0,1,True,0.0,
4VozWQ,100,63,Winner_2022,0.1,5.0,0,True,0.0,
4VozWQ,100,64,Winner_2022,0.1,5.0,0,True,0.0,
4VozWQ,100,65,Winner_2022,0.1,5.0,0,True,0.0,
4VozWQ,100,66,Winner_2022,0.1,5.0,4,True,0.0,
4VozWQ,100,67,Winner_2022,0.1,5.0,0,True,0.0,
4VozWQ,100,68,Winner_2022,0.1,5.0,0,True,0.0,
4VozWQ,100,69,Winner_2022,0.1,5.0,1,True,0.0,
4VozWQ,100,70,Winner_2022,0.1,5.0,1,True,0.0,
4VozWQ,100,71,Winner_2022,0.1,5.0,1,True,0.0,
4VozWQ,100,72,Winner_2022,0.1,5.0,0,True,0.0,
4VozWQ,100,73,Winner_2022,0.1,5.0,1,True,0.0,
4VozWQ,100,74,Winner_2022,0.1,5.0,0,True,0.0,
4VozWQ,100,75,Winner_2022,0.1,5.0,1,True,0.0,
4VozWQ,100,76,Winner_2022,0.1,5.0,1,True,0.0,
4VozWQ,100,77,Winner_2022,0.1,5.0,0,True,0.0,
4VozWQ,100,78,Winner_2022,0.1,5.0,0,True,0.0,
4VozWQ,100,79,Winner_2022,0.1,5.0,0,True,0.0,
4VozWQ,100,80,Winner_2022,0.1,5.0,0,True,0.0,
4VozWQ,100,81,Winner_2022,0.1,5.0,0,True,0.0,
4VozWQ,100,82,Winner_2022,0.1,5.0,2,True,0.0,
4VozWQ,100,83,Winner_2022,0.1,5.0,0,True,0.0,
4VozWQ,100,84,Winner_2022,0.1,5.0,0,True,0.0,
4VozWQ,100,85,Winner_2022,0.1,5.0,3,True,0.0,
4VozWQ,100,86,Winner_2022,0.1,5.0,0,True,0.0,
4VozWQ,100,87,Winner_2022,0.1,5.0,0,True,0.0,
4VozWQ,100,88,Winner_2022,0.1,5.0,1,True,0.0,
4VozWQ,100,89,Winner_2022,0.1,5.0,1,True,0.0,
4VozWQ,100,90,Winner_2022,0.1,5.0,0,True,0.0,
4VozWQ,100,91,Winner_2022,0.1,5.0,0,True,0.0,
4VozWQ,100,92,Winner_2022,0.1,5.0,1,True,0.0,
4VozWQ,100,93,Winner_2022,0.1,5.0,1,True,0.0,
4VozWQ,100,94,Winner_2022,0.1,5.0,0,True,0.0,
4VozWQ,100,95,Winner_2022,0.1,5.0,0,True,0.0,
4VozWQ,100,96,Winner_2022,0.1,5.0,2,True,0.0,
4VozWQ,100,97,Winner_2022,0.1,5.0,0,True,0.0,
4VozWQ,100,98,Winner_2022,0.1,5.0,1,True,0.0,
4VozWQ,100,99,Winner_2022,0.1,5.0,0,True,0.0,
4VozWQ,100,100,Winner_2022,0.1,5.0,0,True,0.0,
